{
	"start":	{
		"connected":	[{
				"socket":	7,
				"local_host":	"172.16.0.10",
				"local_port":	41228,
				"remote_host":	"172.17.0.10",
				"remote_port":	5201
			}],
		"version":	"iperf 3.16",
		"system_info":	"Linux h1 6.8.0-63-generic #66-Ubuntu SMP PREEMPT_DYNAMIC Fri Jun 13 20:25:30 UTC 2025 x86_64",
		"timestamp":	{
			"time":	"Sat, 31 Jan 2026 21:28:31 GMT",
			"timesecs":	1769894911
		},
		"connecting_to":	{
			"host":	"172.17.0.10",
			"port":	5201
		},
		"cookie":	"mklzwbtpozib757g5edyin3huzftou7ydip4",
		"tcp_mss_default":	1448,
		"target_bitrate":	0,
		"fq_rate":	0,
		"sock_bufsize":	0,
		"sndbuf_actual":	1000000,
		"rcvbuf_actual":	1000000,
		"test_start":	{
			"protocol":	"TCP",
			"num_streams":	1,
			"blksize":	131072,
			"omit":	0,
			"duration":	120,
			"bytes":	0,
			"blocks":	0,
			"reverse":	0,
			"tos":	0,
			"target_bitrate":	0,
			"bidir":	0,
			"fqrate":	0
		}
	},
	"intervals":	[{
			"streams":	[{
					"socket":	7,
					"start":	0,
					"end":	1.000151,
					"seconds":	1.0001510381698608,
					"bytes":	311689216,
					"bits_per_second":	2493137169.1247635,
					"retransmits":	15288,
					"snd_cwnd":	63958160,
					"snd_wnd":	89661440,
					"rtt":	58610,
					"rttvar":	331,
					"pmtu":	1500,
					"omitted":	false,
					"sender":	true
				}],
			"sum":	{
				"start":	0,
				"end":	1.000151,
				"seconds":	1.0001510381698608,
				"bytes":	311689216,
				"bits_per_second":	2493137169.1247635,
				"retransmits":	15288,
				"omitted":	false,
				"sender":	true
			}
		}, {
			"streams":	[{
					"socket":	7,
					"start":	1.000151,
					"end":	2.00106,
					"seconds":	1.0009089708328247,
					"bytes":	284688384,
					"bits_per_second":	2275438764.5311623,
					"retransmits":	45910,
					"snd_cwnd":	18900744,
					"snd_wnd":	138620928,
					"rtt":	59371,
					"rttvar":	735,
					"pmtu":	1500,
					"omitted":	false,
					"sender":	true
				}],
			"sum":	{
				"start":	1.000151,
				"end":	2.00106,
				"seconds":	1.0009089708328247,
				"bytes":	284688384,
				"bits_per_second":	2275438764.5311623,
				"retransmits":	45910,
				"omitted":	false,
				"sender":	true
			}
		}, {
			"streams":	[{
					"socket":	7,
					"start":	2.00106,
					"end":	3.001043,
					"seconds":	0.999983012676239,
					"bytes":	238288896,
					"bits_per_second":	1906343551.675112,
					"retransmits":	30499,
					"snd_cwnd":	41462032,
					"snd_wnd":	106291200,
					"rtt":	58854,
					"rttvar":	235,
					"pmtu":	1500,
					"omitted":	false,
					"sender":	true
				}],
			"sum":	{
				"start":	2.00106,
				"end":	3.001043,
				"seconds":	0.999983012676239,
				"bytes":	238288896,
				"bits_per_second":	1906343551.675112,
				"retransmits":	30499,
				"omitted":	false,
				"sender":	true
			}
		}, {
			"streams":	[{
					"socket":	7,
					"start":	3.001043,
					"end":	4.001046,
					"seconds":	1.0000029802322388,
					"bytes":	289669120,
					"bits_per_second":	2317346053.7705822,
					"retransmits":	48179,
					"snd_cwnd":	41447552,
					"snd_wnd":	107937792,
					"rtt":	58774,
					"rttvar":	394,
					"pmtu":	1500,
					"omitted":	false,
					"sender":	true
				}],
			"sum":	{
				"start":	3.001043,
				"end":	4.001046,
				"seconds":	1.0000029802322388,
				"bytes":	289669120,
				"bits_per_second":	2317346053.7705822,
				"retransmits":	48179,
				"omitted":	false,
				"sender":	true
			}
		}, {
			"streams":	[{
					"socket":	7,
					"start":	4.001046,
					"end":	5.001038,
					"seconds":	0.9999920129776,
					"bytes":	226492416,
					"bits_per_second":	1811953800.1155891,
					"retransmits":	37391,
					"snd_cwnd":	32442440,
					"snd_wnd":	131190784,
					"rtt":	59502,
					"rttvar":	1514,
					"pmtu":	1500,
					"omitted":	false,
					"sender":	true
				}],
			"sum":	{
				"start":	4.001046,
				"end":	5.001038,
				"seconds":	0.9999920129776,
				"bytes":	226492416,
				"bits_per_second":	1811953800.1155891,
				"retransmits":	37391,
				"omitted":	false,
				"sender":	true
			}
		}, {
			"streams":	[{
					"socket":	7,
					"start":	5.001038,
					"end":	6.000221,
					"seconds":	0.99918299913406372,
					"bytes":	216268800,
					"bits_per_second":	1731565090.1781006,
					"retransmits":	20108,
					"snd_cwnd":	30257408,
					"snd_wnd":	129789952,
					"rtt":	58950,
					"rttvar":	229,
					"pmtu":	1500,
					"omitted":	false,
					"sender":	true
				}],
			"sum":	{
				"start":	5.001038,
				"end":	6.000221,
				"seconds":	0.99918299913406372,
				"bytes":	216268800,
				"bits_per_second":	1731565090.1781006,
				"retransmits":	20108,
				"omitted":	false,
				"sender":	true
			}
		}, {
			"streams":	[{
					"socket":	7,
					"start":	6.000221,
					"end":	7.000736,
					"seconds":	1.0005149841308594,
					"bytes":	258342912,
					"bits_per_second":	2065679503.8360829,
					"retransmits":	19589,
					"snd_cwnd":	30321120,
					"snd_wnd":	128851968,
					"rtt":	58518,
					"rttvar":	413,
					"pmtu":	1500,
					"omitted":	false,
					"sender":	true
				}],
			"sum":	{
				"start":	6.000221,
				"end":	7.000736,
				"seconds":	1.0005149841308594,
				"bytes":	258342912,
				"bits_per_second":	2065679503.8360829,
				"retransmits":	19589,
				"omitted":	false,
				"sender":	true
			}
		}, {
			"streams":	[{
					"socket":	7,
					"start":	7.000736,
					"end":	8.000086,
					"seconds":	0.99935001134872437,
					"bytes":	151912448,
					"bits_per_second":	1216090028.7175958,
					"retransmits":	24192,
					"snd_cwnd":	29901200,
					"snd_wnd":	125681664,
					"rtt":	59202,
					"rttvar":	404,
					"pmtu":	1500,
					"omitted":	false,
					"sender":	true
				}],
			"sum":	{
				"start":	7.000736,
				"end":	8.000086,
				"seconds":	0.99935001134872437,
				"bytes":	151912448,
				"bits_per_second":	1216090028.7175958,
				"retransmits":	24192,
				"omitted":	false,
				"sender":	true
			}
		}, {
			"streams":	[{
					"socket":	7,
					"start":	8.000086,
					"end":	9.000092,
					"seconds":	1.0000059604644775,
					"bytes":	227409920,
					"bits_per_second":	1819268516.3146334,
					"retransmits":	12869,
					"snd_cwnd":	23362032,
					"snd_wnd":	130891776,
					"rtt":	58561,
					"rttvar":	192,
					"pmtu":	1500,
					"omitted":	false,
					"sender":	true
				}],
			"sum":	{
				"start":	8.000086,
				"end":	9.000092,
				"seconds":	1.0000059604644775,
				"bytes":	227409920,
				"bits_per_second":	1819268516.3146334,
				"retransmits":	12869,
				"omitted":	false,
				"sender":	true
			}
		}, {
			"streams":	[{
					"socket":	7,
					"start":	9.000092,
					"end":	10.000701,
					"seconds":	1.0006090402603149,
					"bytes":	163184640,
					"bits_per_second":	1304682515.820936,
					"retransmits":	15137,
					"snd_cwnd":	23315696,
					"snd_wnd":	136818688,
					"rtt":	58422,
					"rttvar":	855,
					"pmtu":	1500,
					"omitted":	false,
					"sender":	true
				}],
			"sum":	{
				"start":	9.000092,
				"end":	10.000701,
				"seconds":	1.0006090402603149,
				"bytes":	163184640,
				"bits_per_second":	1304682515.820936,
				"retransmits":	15137,
				"omitted":	false,
				"sender":	true
			}
		}, {
			"streams":	[{
					"socket":	7,
					"start":	10.000701,
					"end":	11.001071,
					"seconds":	1.0003700256347656,
					"bytes":	225705984,
					"bits_per_second":	1804979983.1360009,
					"retransmits":	12439,
					"snd_cwnd":	5792,
					"snd_wnd":	138964992,
					"rtt":	58488,
					"rttvar":	73,
					"pmtu":	1500,
					"omitted":	false,
					"sender":	true
				}],
			"sum":	{
				"start":	10.000701,
				"end":	11.001071,
				"seconds":	1.0003700256347656,
				"bytes":	225705984,
				"bits_per_second":	1804979983.1360009,
				"retransmits":	12439,
				"omitted":	false,
				"sender":	true
			}
		}, {
			"streams":	[{
					"socket":	7,
					"start":	11.001071,
					"end":	12.000256,
					"seconds":	0.999185025691986,
					"bytes":	72220672,
					"bits_per_second":	578236623.99250662,
					"retransmits":	12396,
					"snd_cwnd":	22273136,
					"snd_wnd":	125517824,
					"rtt":	59448,
					"rttvar":	530,
					"pmtu":	1500,
					"omitted":	false,
					"sender":	true
				}],
			"sum":	{
				"start":	11.001071,
				"end":	12.000256,
				"seconds":	0.999185025691986,
				"bytes":	72220672,
				"bits_per_second":	578236623.99250662,
				"retransmits":	12396,
				"omitted":	false,
				"sender":	true
			}
		}, {
			"streams":	[{
					"socket":	7,
					"start":	12.000256,
					"end":	13.000125,
					"seconds":	0.99986898899078369,
					"bytes":	158203904,
					"bits_per_second":	1265797065.3509946,
					"retransmits":	16220,
					"snd_cwnd":	26011872,
					"snd_wnd":	124817408,
					"rtt":	59091,
					"rttvar":	254,
					"pmtu":	1500,
					"omitted":	false,
					"sender":	true
				}],
			"sum":	{
				"start":	12.000256,
				"end":	13.000125,
				"seconds":	0.99986898899078369,
				"bytes":	158203904,
				"bits_per_second":	1265797065.3509946,
				"retransmits":	16220,
				"omitted":	false,
				"sender":	true
			}
		}, {
			"streams":	[{
					"socket":	7,
					"start":	13.000125,
					"end":	14.000226,
					"seconds":	1.0001009702682495,
					"bytes":	168296448,
					"bits_per_second":	1346235654.2248659,
					"retransmits":	25122,
					"snd_cwnd":	26591072,
					"snd_wnd":	121806848,
					"rtt":	59064,
					"rttvar":	327,
					"pmtu":	1500,
					"omitted":	false,
					"sender":	true
				}],
			"sum":	{
				"start":	13.000125,
				"end":	14.000226,
				"seconds":	1.0001009702682495,
				"bytes":	168296448,
				"bits_per_second":	1346235654.2248659,
				"retransmits":	25122,
				"omitted":	false,
				"sender":	true
			}
		}, {
			"streams":	[{
					"socket":	7,
					"start":	14.000226,
					"end":	15.000206,
					"seconds":	0.99997997283935547,
					"bytes":	209059840,
					"bits_per_second":	1672512215.6708231,
					"retransmits":	14459,
					"snd_cwnd":	20932288,
					"snd_wnd":	128724992,
					"rtt":	58452,
					"rttvar":	224,
					"pmtu":	1500,
					"omitted":	false,
					"sender":	true
				}],
			"sum":	{
				"start":	14.000226,
				"end":	15.000206,
				"seconds":	0.99997997283935547,
				"bytes":	209059840,
				"bits_per_second":	1672512215.6708231,
				"retransmits":	14459,
				"omitted":	false,
				"sender":	true
			}
		}, {
			"streams":	[{
					"socket":	7,
					"start":	15.000206,
					"end":	16.001045,
					"seconds":	1.0008389949798584,
					"bytes":	135135232,
					"bits_per_second":	1080175594.0991852,
					"retransmits":	18425,
					"snd_cwnd":	20720880,
					"snd_wnd":	125652992,
					"rtt":	58800,
					"rttvar":	345,
					"pmtu":	1500,
					"omitted":	false,
					"sender":	true
				}],
			"sum":	{
				"start":	15.000206,
				"end":	16.001045,
				"seconds":	1.0008389949798584,
				"bytes":	135135232,
				"bits_per_second":	1080175594.0991852,
				"retransmits":	18425,
				"omitted":	false,
				"sender":	true
			}
		}, {
			"streams":	[{
					"socket":	7,
					"start":	16.001045,
					"end":	17.000134,
					"seconds":	0.999089002609253,
					"bytes":	136839168,
					"bits_per_second":	1095711534.3488033,
					"retransmits":	15481,
					"snd_cwnd":	20358880,
					"snd_wnd":	134766592,
					"rtt":	58944,
					"rttvar":	158,
					"pmtu":	1500,
					"omitted":	false,
					"sender":	true
				}],
			"sum":	{
				"start":	16.001045,
				"end":	17.000134,
				"seconds":	0.999089002609253,
				"bytes":	136839168,
				"bits_per_second":	1095711534.3488033,
				"retransmits":	15481,
				"omitted":	false,
				"sender":	true
			}
		}, {
			"streams":	[{
					"socket":	7,
					"start":	17.000134,
					"end":	18.000082,
					"seconds":	0.999948024749756,
					"bytes":	145489920,
					"bits_per_second":	1163979858.1444061,
					"retransmits":	12701,
					"snd_cwnd":	12855344,
					"snd_wnd":	137048064,
					"rtt":	60024,
					"rttvar":	2247,
					"pmtu":	1500,
					"omitted":	false,
					"sender":	true
				}],
			"sum":	{
				"start":	17.000134,
				"end":	18.000082,
				"seconds":	0.999948024749756,
				"bytes":	145489920,
				"bits_per_second":	1163979858.1444061,
				"retransmits":	12701,
				"omitted":	false,
				"sender":	true
			}
		}, {
			"streams":	[{
					"socket":	7,
					"start":	18.000082,
					"end":	19.000556,
					"seconds":	1.0004739761352539,
					"bytes":	143130624,
					"bits_per_second":	1144502525.1163571,
					"retransmits":	21567,
					"snd_cwnd":	20101136,
					"snd_wnd":	133648384,
					"rtt":	59130,
					"rttvar":	523,
					"pmtu":	1500,
					"omitted":	false,
					"sender":	true
				}],
			"sum":	{
				"start":	18.000082,
				"end":	19.000556,
				"seconds":	1.0004739761352539,
				"bytes":	143130624,
				"bits_per_second":	1144502525.1163571,
				"retransmits":	21567,
				"omitted":	false,
				"sender":	true
			}
		}, {
			"streams":	[{
					"socket":	7,
					"start":	19.000556,
					"end":	20.000205,
					"seconds":	0.99964898824691772,
					"bytes":	148766720,
					"bits_per_second":	1190551657.6244779,
					"retransmits":	8628,
					"snd_cwnd":	19443744,
					"snd_wnd":	135565312,
					"rtt":	58389,
					"rttvar":	493,
					"pmtu":	1500,
					"omitted":	false,
					"sender":	true
				}],
			"sum":	{
				"start":	19.000556,
				"end":	20.000205,
				"seconds":	0.99964898824691772,
				"bytes":	148766720,
				"bits_per_second":	1190551657.6244779,
				"retransmits":	8628,
				"omitted":	false,
				"sender":	true
			}
		}, {
			"streams":	[{
					"socket":	7,
					"start":	20.000205,
					"end":	21.000121,
					"seconds":	0.99991601705551147,
					"bytes":	142606336,
					"bits_per_second":	1140946508.04725,
					"retransmits":	14440,
					"snd_cwnd":	19429264,
					"snd_wnd":	122994688,
					"rtt":	58284,
					"rttvar":	331,
					"pmtu":	1500,
					"omitted":	false,
					"sender":	true
				}],
			"sum":	{
				"start":	20.000205,
				"end":	21.000121,
				"seconds":	0.99991601705551147,
				"bytes":	142606336,
				"bits_per_second":	1140946508.04725,
				"retransmits":	14440,
				"omitted":	false,
				"sender":	true
			}
		}, {
			"streams":	[{
					"socket":	7,
					"start":	21.000121,
					"end":	22.000747,
					"seconds":	1.0006259679794312,
					"bytes":	141819904,
					"bits_per_second":	1133849478.5329437,
					"retransmits":	9315,
					"snd_cwnd":	19154144,
					"snd_wnd":	140193792,
					"rtt":	59233,
					"rttvar":	668,
					"pmtu":	1500,
					"omitted":	false,
					"sender":	true
				}],
			"sum":	{
				"start":	21.000121,
				"end":	22.000747,
				"seconds":	1.0006259679794312,
				"bytes":	141819904,
				"bits_per_second":	1133849478.5329437,
				"retransmits":	9315,
				"omitted":	false,
				"sender":	true
			}
		}, {
			"streams":	[{
					"socket":	7,
					"start":	22.000747,
					"end":	23.000084,
					"seconds":	0.99933701753616333,
					"bytes":	141426688,
					"bits_per_second":	1132164108.9504194,
					"retransmits":	18273,
					"snd_cwnd":	23081120,
					"snd_wnd":	136101888,
					"rtt":	58744,
					"rttvar":	118,
					"pmtu":	1500,
					"omitted":	false,
					"sender":	true
				}],
			"sum":	{
				"start":	22.000747,
				"end":	23.000084,
				"seconds":	0.99933701753616333,
				"bytes":	141426688,
				"bits_per_second":	1132164108.9504194,
				"retransmits":	18273,
				"omitted":	false,
				"sender":	true
			}
		}, {
			"streams":	[{
					"socket":	7,
					"start":	23.000084,
					"end":	24.00013,
					"seconds":	1.0000460147857666,
					"bytes":	146669568,
					"bits_per_second":	1173302554.7343044,
					"retransmits":	21745,
					"snd_cwnd":	28777552,
					"snd_wnd":	118837248,
					"rtt":	58219,
					"rttvar":	364,
					"pmtu":	1500,
					"omitted":	false,
					"sender":	true
				}],
			"sum":	{
				"start":	23.000084,
				"end":	24.00013,
				"seconds":	1.0000460147857666,
				"bytes":	146669568,
				"bits_per_second":	1173302554.7343044,
				"retransmits":	21745,
				"omitted":	false,
				"sender":	true
			}
		}, {
			"streams":	[{
					"socket":	7,
					"start":	24.00013,
					"end":	25.001283,
					"seconds":	1.0011529922485352,
					"bytes":	233832448,
					"bits_per_second":	1868505211.9742463,
					"retransmits":	20527,
					"snd_cwnd":	30161840,
					"snd_wnd":	127864832,
					"rtt":	59301,
					"rttvar":	376,
					"pmtu":	1500,
					"omitted":	false,
					"sender":	true
				}],
			"sum":	{
				"start":	24.00013,
				"end":	25.001283,
				"seconds":	1.0011529922485352,
				"bytes":	233832448,
				"bits_per_second":	1868505211.9742463,
				"retransmits":	20527,
				"omitted":	false,
				"sender":	true
			}
		}, {
			"streams":	[{
					"socket":	7,
					"start":	25.001283,
					"end":	26.00178,
					"seconds":	1.0004969835281372,
					"bytes":	233046016,
					"bits_per_second":	1863442028.0064423,
					"retransmits":	21176,
					"snd_cwnd":	29423360,
					"snd_wnd":	125579264,
					"rtt":	59178,
					"rttvar":	760,
					"pmtu":	1500,
					"omitted":	false,
					"sender":	true
				}],
			"sum":	{
				"start":	25.001283,
				"end":	26.00178,
				"seconds":	1.0004969835281372,
				"bytes":	233046016,
				"bits_per_second":	1863442028.0064423,
				"retransmits":	21176,
				"omitted":	false,
				"sender":	true
			}
		}, {
			"streams":	[{
					"socket":	7,
					"start":	26.00178,
					"end":	27.001061,
					"seconds":	0.99928098917007446,
					"bytes":	156106752,
					"bits_per_second":	1249752601.6553178,
					"retransmits":	27110,
					"snd_cwnd":	35730848,
					"snd_wnd":	111362048,
					"rtt":	58864,
					"rttvar":	477,
					"pmtu":	1500,
					"omitted":	false,
					"sender":	true
				}],
			"sum":	{
				"start":	26.00178,
				"end":	27.001061,
				"seconds":	0.99928098917007446,
				"bytes":	156106752,
				"bits_per_second":	1249752601.6553178,
				"retransmits":	27110,
				"omitted":	false,
				"sender":	true
			}
		}, {
			"streams":	[{
					"socket":	7,
					"start":	27.001061,
					"end":	28.001086,
					"seconds":	1.0000250339508057,
					"bytes":	320733184,
					"bits_per_second":	2565801239.8579841,
					"retransmits":	22248,
					"snd_cwnd":	40526624,
					"snd_wnd":	120393728,
					"rtt":	58628,
					"rttvar":	183,
					"pmtu":	1500,
					"omitted":	false,
					"sender":	true
				}],
			"sum":	{
				"start":	27.001061,
				"end":	28.001086,
				"seconds":	1.0000250339508057,
				"bytes":	320733184,
				"bits_per_second":	2565801239.8579841,
				"retransmits":	22248,
				"omitted":	false,
				"sender":	true
			}
		}, {
			"streams":	[{
					"socket":	7,
					"start":	28.001086,
					"end":	29.000168,
					"seconds":	0.99908202886581421,
					"bytes":	221118464,
					"bits_per_second":	1770573046.9480658,
					"retransmits":	44074,
					"snd_cwnd":	29458112,
					"snd_wnd":	130158592,
					"rtt":	58767,
					"rttvar":	247,
					"pmtu":	1500,
					"omitted":	false,
					"sender":	true
				}],
			"sum":	{
				"start":	28.001086,
				"end":	29.000168,
				"seconds":	0.99908202886581421,
				"bytes":	221118464,
				"bits_per_second":	1770573046.9480658,
				"retransmits":	44074,
				"omitted":	false,
				"sender":	true
			}
		}, {
			"streams":	[{
					"socket":	7,
					"start":	29.000168,
					"end":	30.000186,
					"seconds":	1.0000180006027222,
					"bytes":	246153216,
					"bits_per_second":	1969190281.38806,
					"retransmits":	18302,
					"snd_cwnd":	29524720,
					"snd_wnd":	132374528,
					"rtt":	58251,
					"rttvar":	279,
					"pmtu":	1500,
					"omitted":	false,
					"sender":	true
				}],
			"sum":	{
				"start":	29.000168,
				"end":	30.000186,
				"seconds":	1.0000180006027222,
				"bytes":	246153216,
				"bits_per_second":	1969190281.38806,
				"retransmits":	18302,
				"omitted":	false,
				"sender":	true
			}
		}, {
			"streams":	[{
					"socket":	7,
					"start":	30.000186,
					"end":	31.000145,
					"seconds":	0.99995899200439453,
					"bytes":	135790592,
					"bits_per_second":	1086369285.8268991,
					"retransmits":	21511,
					"snd_cwnd":	29377024,
					"snd_wnd":	126414848,
					"rtt":	58786,
					"rttvar":	206,
					"pmtu":	1500,
					"omitted":	false,
					"sender":	true
				}],
			"sum":	{
				"start":	30.000186,
				"end":	31.000145,
				"seconds":	0.99995899200439453,
				"bytes":	135790592,
				"bits_per_second":	1086369285.8268991,
				"retransmits":	21511,
				"omitted":	false,
				"sender":	true
			}
		}, {
			"streams":	[{
					"socket":	7,
					"start":	31.000145,
					"end":	32.001067,
					"seconds":	1.0009219646453857,
					"bytes":	221642752,
					"bits_per_second":	1771508747.5657527,
					"retransmits":	12439,
					"snd_cwnd":	11793960,
					"snd_wnd":	141402112,
					"rtt":	59311,
					"rttvar":	453,
					"pmtu":	1500,
					"omitted":	false,
					"sender":	true
				}],
			"sum":	{
				"start":	31.000145,
				"end":	32.001067,
				"seconds":	1.0009219646453857,
				"bytes":	221642752,
				"bits_per_second":	1771508747.5657527,
				"retransmits":	12439,
				"omitted":	false,
				"sender":	true
			}
		}, {
			"streams":	[{
					"socket":	7,
					"start":	32.001067,
					"end":	33.000129,
					"seconds":	0.99906200170516968,
					"bytes":	133955584,
					"bits_per_second":	1072650816.6369538,
					"retransmits":	18116,
					"snd_cwnd":	22806000,
					"snd_wnd":	137601024,
					"rtt":	58989,
					"rttvar":	261,
					"pmtu":	1500,
					"omitted":	false,
					"sender":	true
				}],
			"sum":	{
				"start":	32.001067,
				"end":	33.000129,
				"seconds":	0.99906200170516968,
				"bytes":	133955584,
				"bits_per_second":	1072650816.6369538,
				"retransmits":	18116,
				"omitted":	false,
				"sender":	true
			}
		}, {
			"streams":	[{
					"socket":	7,
					"start":	33.000129,
					"end":	34.001087,
					"seconds":	1.00095796585083,
					"bytes":	209190912,
					"bits_per_second":	1671925648.3237789,
					"retransmits":	20736,
					"snd_cwnd":	22669888,
					"snd_wnd":	129081344,
					"rtt":	58869,
					"rttvar":	239,
					"pmtu":	1500,
					"omitted":	false,
					"sender":	true
				}],
			"sum":	{
				"start":	33.000129,
				"end":	34.001087,
				"seconds":	1.00095796585083,
				"bytes":	209190912,
				"bits_per_second":	1671925648.3237789,
				"retransmits":	20736,
				"omitted":	false,
				"sender":	true
			}
		}, {
			"streams":	[{
					"socket":	7,
					"start":	34.001087,
					"end":	35.000181,
					"seconds":	0.999094009399414,
					"bytes":	153354240,
					"bits_per_second":	1227946427.92172,
					"retransmits":	21079,
					"snd_cwnd":	22658304,
					"snd_wnd":	127451136,
					"rtt":	58625,
					"rttvar":	337,
					"pmtu":	1500,
					"omitted":	false,
					"sender":	true
				}],
			"sum":	{
				"start":	34.001087,
				"end":	35.000181,
				"seconds":	0.999094009399414,
				"bytes":	153354240,
				"bits_per_second":	1227946427.92172,
				"retransmits":	21079,
				"omitted":	false,
				"sender":	true
			}
		}, {
			"streams":	[{
					"socket":	7,
					"start":	35.000181,
					"end":	36.001003,
					"seconds":	1.0008219480514526,
					"bytes":	162791424,
					"bits_per_second":	1301261822.3806646,
					"retransmits":	19073,
					"snd_cwnd":	18592320,
					"snd_wnd":	137875456,
					"rtt":	58515,
					"rttvar":	123,
					"pmtu":	1500,
					"omitted":	false,
					"sender":	true
				}],
			"sum":	{
				"start":	35.000181,
				"end":	36.001003,
				"seconds":	1.0008219480514526,
				"bytes":	162791424,
				"bits_per_second":	1301261822.3806646,
				"retransmits":	19073,
				"omitted":	false,
				"sender":	true
			}
		}, {
			"streams":	[{
					"socket":	7,
					"start":	36.001003,
					"end":	37.001085,
					"seconds":	1.0000820159912109,
					"bytes":	75628544,
					"bits_per_second":	604978734.06946373,
					"retransmits":	13199,
					"snd_cwnd":	18745808,
					"snd_wnd":	128643072,
					"rtt":	58622,
					"rttvar":	298,
					"pmtu":	1500,
					"omitted":	false,
					"sender":	true
				}],
			"sum":	{
				"start":	36.001003,
				"end":	37.001085,
				"seconds":	1.0000820159912109,
				"bytes":	75628544,
				"bits_per_second":	604978734.06946373,
				"retransmits":	13199,
				"omitted":	false,
				"sender":	true
			}
		}, {
			"streams":	[{
					"socket":	7,
					"start":	37.001085,
					"end":	38.00029,
					"seconds":	0.999204993247986,
					"bytes":	132251648,
					"bits_per_second":	1058854980.8591869,
					"retransmits":	11721,
					"snd_cwnd":	18545984,
					"snd_wnd":	134242304,
					"rtt":	58568,
					"rttvar":	170,
					"pmtu":	1500,
					"omitted":	false,
					"sender":	true
				}],
			"sum":	{
				"start":	37.001085,
				"end":	38.00029,
				"seconds":	0.999204993247986,
				"bytes":	132251648,
				"bits_per_second":	1058854980.8591869,
				"retransmits":	11721,
				"omitted":	false,
				"sender":	true
			}
		}, {
			"streams":	[{
					"socket":	7,
					"start":	38.00029,
					"end":	39.000161,
					"seconds":	0.999871015548706,
					"bytes":	147849216,
					"bits_per_second":	1182946309.6806643,
					"retransmits":	12691,
					"snd_cwnd":	17714832,
					"snd_wnd":	133197824,
					"rtt":	59083,
					"rttvar":	278,
					"pmtu":	1500,
					"omitted":	false,
					"sender":	true
				}],
			"sum":	{
				"start":	38.00029,
				"end":	39.000161,
				"seconds":	0.999871015548706,
				"bytes":	147849216,
				"bits_per_second":	1182946309.6806643,
				"retransmits":	12691,
				"omitted":	false,
				"sender":	true
			}
		}, {
			"streams":	[{
					"socket":	7,
					"start":	39.000161,
					"end":	40.000356,
					"seconds":	1.0001950263977051,
					"bytes":	132513792,
					"bits_per_second":	1059903626.813748,
					"retransmits":	17743,
					"snd_cwnd":	19148352,
					"snd_wnd":	133906432,
					"rtt":	59440,
					"rttvar":	1007,
					"pmtu":	1500,
					"omitted":	false,
					"sender":	true
				}],
			"sum":	{
				"start":	39.000161,
				"end":	40.000356,
				"seconds":	1.0001950263977051,
				"bytes":	132513792,
				"bits_per_second":	1059903626.813748,
				"retransmits":	17743,
				"omitted":	false,
				"sender":	true
			}
		}, {
			"streams":	[{
					"socket":	7,
					"start":	40.000356,
					"end":	41.001758,
					"seconds":	1.0014020204544067,
					"bytes":	147587072,
					"bits_per_second":	1179043532.8503079,
					"retransmits":	8264,
					"snd_cwnd":	6718720,
					"snd_wnd":	141402112,
					"rtt":	58537,
					"rttvar":	275,
					"pmtu":	1500,
					"omitted":	false,
					"sender":	true
				}],
			"sum":	{
				"start":	40.000356,
				"end":	41.001758,
				"seconds":	1.0014020204544067,
				"bytes":	147587072,
				"bits_per_second":	1179043532.8503079,
				"retransmits":	8264,
				"omitted":	false,
				"sender":	true
			}
		}, {
			"streams":	[{
					"socket":	7,
					"start":	41.001758,
					"end":	42.000179,
					"seconds":	0.998421013355255,
					"bytes":	68943872,
					"bits_per_second":	552423244.92598474,
					"retransmits":	857,
					"snd_cwnd":	5792,
					"snd_wnd":	141410304,
					"rtt":	57293,
					"rttvar":	49,
					"pmtu":	1500,
					"omitted":	false,
					"sender":	true
				}],
			"sum":	{
				"start":	41.001758,
				"end":	42.000179,
				"seconds":	0.998421013355255,
				"bytes":	68943872,
				"bits_per_second":	552423244.92598474,
				"retransmits":	857,
				"omitted":	false,
				"sender":	true
			}
		}, {
			"streams":	[{
					"socket":	7,
					"start":	42.000179,
					"end":	43.000846,
					"seconds":	1.0006669759750366,
					"bytes":	68812800,
					"bits_per_second":	550135472.8565892,
					"retransmits":	2121,
					"snd_cwnd":	6517448,
					"snd_wnd":	141348864,
					"rtt":	58711,
					"rttvar":	219,
					"pmtu":	1500,
					"omitted":	false,
					"sender":	true
				}],
			"sum":	{
				"start":	42.000179,
				"end":	43.000846,
				"seconds":	1.0006669759750366,
				"bytes":	68812800,
				"bits_per_second":	550135472.8565892,
				"retransmits":	2121,
				"omitted":	false,
				"sender":	true
			}
		}, {
			"streams":	[{
					"socket":	7,
					"start":	43.000846,
					"end":	44.001997,
					"seconds":	1.0011509656906128,
					"bytes":	72482816,
					"bits_per_second":	579195893.39855444,
					"retransmits":	4506,
					"snd_cwnd":	13990576,
					"snd_wnd":	139759616,
					"rtt":	57949,
					"rttvar":	426,
					"pmtu":	1500,
					"omitted":	false,
					"sender":	true
				}],
			"sum":	{
				"start":	43.000846,
				"end":	44.001997,
				"seconds":	1.0011509656906128,
				"bytes":	72482816,
				"bits_per_second":	579195893.39855444,
				"retransmits":	4506,
				"omitted":	false,
				"sender":	true
			}
		}, {
			"streams":	[{
					"socket":	7,
					"start":	44.001997,
					"end":	45.000443,
					"seconds":	0.998445987701416,
					"bytes":	137494528,
					"bits_per_second":	1101668229.9783456,
					"retransmits":	10734,
					"snd_cwnd":	21262432,
					"snd_wnd":	135950336,
					"rtt":	58704,
					"rttvar":	489,
					"pmtu":	1500,
					"omitted":	false,
					"sender":	true
				}],
			"sum":	{
				"start":	44.001997,
				"end":	45.000443,
				"seconds":	0.998445987701416,
				"bytes":	137494528,
				"bits_per_second":	1101668229.9783456,
				"retransmits":	10734,
				"omitted":	false,
				"sender":	true
			}
		}, {
			"streams":	[{
					"socket":	7,
					"start":	45.000443,
					"end":	46.000156,
					"seconds":	0.99971300363540649,
					"bytes":	152174592,
					"bits_per_second":	1217746224.7394977,
					"retransmits":	15049,
					"snd_cwnd":	23608192,
					"snd_wnd":	127647744,
					"rtt":	59333,
					"rttvar":	371,
					"pmtu":	1500,
					"omitted":	false,
					"sender":	true
				}],
			"sum":	{
				"start":	45.000443,
				"end":	46.000156,
				"seconds":	0.99971300363540649,
				"bytes":	152174592,
				"bits_per_second":	1217746224.7394977,
				"retransmits":	15049,
				"omitted":	false,
				"sender":	true
			}
		}, {
			"streams":	[{
					"socket":	7,
					"start":	46.000156,
					"end":	47.001184,
					"seconds":	1.0010279417037964,
					"bytes":	217579520,
					"bits_per_second":	1738848724.8791037,
					"retransmits":	18256,
					"snd_cwnd":	25224160,
					"snd_wnd":	129474560,
					"rtt":	59086,
					"rttvar":	401,
					"pmtu":	1500,
					"omitted":	false,
					"sender":	true
				}],
			"sum":	{
				"start":	46.000156,
				"end":	47.001184,
				"seconds":	1.0010279417037964,
				"bytes":	217579520,
				"bits_per_second":	1738848724.8791037,
				"retransmits":	18256,
				"omitted":	false,
				"sender":	true
			}
		}, {
			"streams":	[{
					"socket":	7,
					"start":	47.001184,
					"end":	48.000101,
					"seconds":	0.998916983604431,
					"bytes":	162922496,
					"bits_per_second":	1304793080.2987883,
					"retransmits":	17797,
					"snd_cwnd":	34630368,
					"snd_wnd":	124854272,
					"rtt":	58973,
					"rttvar":	280,
					"pmtu":	1500,
					"omitted":	false,
					"sender":	true
				}],
			"sum":	{
				"start":	47.001184,
				"end":	48.000101,
				"seconds":	0.998916983604431,
				"bytes":	162922496,
				"bits_per_second":	1304793080.2987883,
				"retransmits":	17797,
				"omitted":	false,
				"sender":	true
			}
		}, {
			"streams":	[{
					"socket":	7,
					"start":	48.000101,
					"end":	49.001071,
					"seconds":	1.0009700059890747,
					"bytes":	287178752,
					"bits_per_second":	2295203654.7087865,
					"retransmits":	26733,
					"snd_cwnd":	38841152,
					"snd_wnd":	137678848,
					"rtt":	58677,
					"rttvar":	203,
					"pmtu":	1500,
					"omitted":	false,
					"sender":	true
				}],
			"sum":	{
				"start":	48.000101,
				"end":	49.001071,
				"seconds":	1.0009700059890747,
				"bytes":	287178752,
				"bits_per_second":	2295203654.7087865,
				"retransmits":	26733,
				"omitted":	false,
				"sender":	true
			}
		}, {
			"streams":	[{
					"socket":	7,
					"start":	49.001071,
					"end":	50.000074,
					"seconds":	0.999002993106842,
					"bytes":	203030528,
					"bits_per_second":	1625865222.8345118,
					"retransmits":	34953,
					"snd_cwnd":	31525856,
					"snd_wnd":	117448704,
					"rtt":	58187,
					"rttvar":	440,
					"pmtu":	1500,
					"omitted":	false,
					"sender":	true
				}],
			"sum":	{
				"start":	49.001071,
				"end":	50.000074,
				"seconds":	0.999002993106842,
				"bytes":	203030528,
				"bits_per_second":	1625865222.8345118,
				"retransmits":	34953,
				"omitted":	false,
				"sender":	true
			}
		}, {
			"streams":	[{
					"socket":	7,
					"start":	50.000074,
					"end":	51.000695,
					"seconds":	1.00062096118927,
					"bytes":	254541824,
					"bits_per_second":	2035070891.9586806,
					"retransmits":	13346,
					"snd_cwnd":	14498824,
					"snd_wnd":	140730368,
					"rtt":	59106,
					"rttvar":	325,
					"pmtu":	1500,
					"omitted":	false,
					"sender":	true
				}],
			"sum":	{
				"start":	50.000074,
				"end":	51.000695,
				"seconds":	1.00062096118927,
				"bytes":	254541824,
				"bits_per_second":	2035070891.9586806,
				"retransmits":	13346,
				"omitted":	false,
				"sender":	true
			}
		}, {
			"streams":	[{
					"socket":	7,
					"start":	51.000695,
					"end":	52.000372,
					"seconds":	0.999677002429962,
					"bytes":	276037632,
					"bits_per_second":	2209014562.3358126,
					"retransmits":	9865,
					"snd_cwnd":	30709184,
					"snd_wnd":	131354624,
					"rtt":	58748,
					"rttvar":	180,
					"pmtu":	1500,
					"omitted":	false,
					"sender":	true
				}],
			"sum":	{
				"start":	51.000695,
				"end":	52.000372,
				"seconds":	0.999677002429962,
				"bytes":	276037632,
				"bits_per_second":	2209014562.3358126,
				"retransmits":	9865,
				"omitted":	false,
				"sender":	true
			}
		}, {
			"streams":	[{
					"socket":	7,
					"start":	52.000372,
					"end":	53.000145,
					"seconds":	0.99977302551269531,
					"bytes":	146800640,
					"bits_per_second":	1174671740.5160549,
					"retransmits":	1209,
					"snd_cwnd":	30257408,
					"snd_wnd":	141357056,
					"rtt":	57265,
					"rttvar":	29,
					"pmtu":	1500,
					"omitted":	false,
					"sender":	true
				}],
			"sum":	{
				"start":	52.000372,
				"end":	53.000145,
				"seconds":	0.99977302551269531,
				"bytes":	146800640,
				"bits_per_second":	1174671740.5160549,
				"retransmits":	1209,
				"omitted":	false,
				"sender":	true
			}
		}, {
			"streams":	[{
					"socket":	7,
					"start":	53.000145,
					"end":	54.000507,
					"seconds":	1.0003620386123657,
					"bytes":	282984448,
					"bits_per_second":	2263056270.2482138,
					"retransmits":	14014,
					"snd_cwnd":	16714264,
					"snd_wnd":	141344768,
					"rtt":	58669,
					"rttvar":	191,
					"pmtu":	1500,
					"omitted":	false,
					"sender":	true
				}],
			"sum":	{
				"start":	53.000145,
				"end":	54.000507,
				"seconds":	1.0003620386123657,
				"bytes":	282984448,
				"bits_per_second":	2263056270.2482138,
				"retransmits":	14014,
				"omitted":	false,
				"sender":	true
			}
		}, {
			"streams":	[{
					"socket":	7,
					"start":	54.000507,
					"end":	55.000171,
					"seconds":	0.999664008617401,
					"bytes":	238157824,
					"bits_per_second":	1905902958.9702837,
					"retransmits":	27902,
					"snd_cwnd":	39353744,
					"snd_wnd":	119431168,
					"rtt":	58653,
					"rttvar":	566,
					"pmtu":	1500,
					"omitted":	false,
					"sender":	true
				}],
			"sum":	{
				"start":	54.000507,
				"end":	55.000171,
				"seconds":	0.999664008617401,
				"bytes":	238157824,
				"bits_per_second":	1905902958.9702837,
				"retransmits":	27902,
				"omitted":	false,
				"sender":	true
			}
		}, {
			"streams":	[{
					"socket":	7,
					"start":	55.000171,
					"end":	56.00045,
					"seconds":	1.0002789497375488,
					"bytes":	304218112,
					"bits_per_second":	2433066192.8240728,
					"retransmits":	36070,
					"snd_cwnd":	33984560,
					"snd_wnd":	123338752,
					"rtt":	58756,
					"rttvar":	234,
					"pmtu":	1500,
					"omitted":	false,
					"sender":	true
				}],
			"sum":	{
				"start":	55.000171,
				"end":	56.00045,
				"seconds":	1.0002789497375488,
				"bytes":	304218112,
				"bits_per_second":	2433066192.8240728,
				"retransmits":	36070,
				"omitted":	false,
				"sender":	true
			}
		}, {
			"streams":	[{
					"socket":	7,
					"start":	56.00045,
					"end":	57.000261,
					"seconds":	0.99981099367141724,
					"bytes":	227147776,
					"bits_per_second":	1817525731.8656847,
					"retransmits":	21909,
					"snd_cwnd":	34068544,
					"snd_wnd":	114544640,
					"rtt":	58574,
					"rttvar":	478,
					"pmtu":	1500,
					"omitted":	false,
					"sender":	true
				}],
			"sum":	{
				"start":	56.00045,
				"end":	57.000261,
				"seconds":	0.99981099367141724,
				"bytes":	227147776,
				"bits_per_second":	1817525731.8656847,
				"retransmits":	21909,
				"omitted":	false,
				"sender":	true
			}
		}, {
			"streams":	[{
					"socket":	7,
					"start":	57.000261,
					"end":	58.000116,
					"seconds":	0.99985498189926147,
					"bytes":	212467712,
					"bits_per_second":	1699988225.0636766,
					"retransmits":	16437,
					"snd_cwnd":	33990352,
					"snd_wnd":	127787008,
					"rtt":	57587,
					"rttvar":	520,
					"pmtu":	1500,
					"omitted":	false,
					"sender":	true
				}],
			"sum":	{
				"start":	57.000261,
				"end":	58.000116,
				"seconds":	0.99985498189926147,
				"bytes":	212467712,
				"bits_per_second":	1699988225.0636766,
				"retransmits":	16437,
				"omitted":	false,
				"sender":	true
			}
		}, {
			"streams":	[{
					"socket":	7,
					"start":	58.000116,
					"end":	59.001057,
					"seconds":	1.0009410381317139,
					"bytes":	252313600,
					"bits_per_second":	2016611092.0655291,
					"retransmits":	22861,
					"snd_cwnd":	35464416,
					"snd_wnd":	124145664,
					"rtt":	57971,
					"rttvar":	416,
					"pmtu":	1500,
					"omitted":	false,
					"sender":	true
				}],
			"sum":	{
				"start":	58.000116,
				"end":	59.001057,
				"seconds":	1.0009410381317139,
				"bytes":	252313600,
				"bits_per_second":	2016611092.0655291,
				"retransmits":	22861,
				"omitted":	false,
				"sender":	true
			}
		}, {
			"streams":	[{
					"socket":	7,
					"start":	59.001057,
					"end":	60.000697,
					"seconds":	0.99963998794555664,
					"bytes":	286654464,
					"bits_per_second":	2294061601.8302946,
					"retransmits":	33364,
					"snd_cwnd":	37248352,
					"snd_wnd":	132075520,
					"rtt":	58435,
					"rttvar":	281,
					"pmtu":	1500,
					"omitted":	false,
					"sender":	true
				}],
			"sum":	{
				"start":	59.001057,
				"end":	60.000697,
				"seconds":	0.99963998794555664,
				"bytes":	286654464,
				"bits_per_second":	2294061601.8302946,
				"retransmits":	33364,
				"omitted":	false,
				"sender":	true
			}
		}, {
			"streams":	[{
					"socket":	7,
					"start":	60.000697,
					"end":	61.000773,
					"seconds":	1.0000760555267334,
					"bytes":	218365952,
					"bits_per_second":	1746794762.6042349,
					"retransmits":	30509,
					"snd_cwnd":	41407008,
					"snd_wnd":	103804928,
					"rtt":	58966,
					"rttvar":	408,
					"pmtu":	1500,
					"omitted":	false,
					"sender":	true
				}],
			"sum":	{
				"start":	60.000697,
				"end":	61.000773,
				"seconds":	1.0000760555267334,
				"bytes":	218365952,
				"bits_per_second":	1746794762.6042349,
				"retransmits":	30509,
				"omitted":	false,
				"sender":	true
			}
		}, {
			"streams":	[{
					"socket":	7,
					"start":	61.000773,
					"end":	62.00012,
					"seconds":	0.99934697151184082,
					"bytes":	335937536,
					"bits_per_second":	2689256449.0732107,
					"retransmits":	28735,
					"snd_cwnd":	34143840,
					"snd_wnd":	126865408,
					"rtt":	58474,
					"rttvar":	230,
					"pmtu":	1500,
					"omitted":	false,
					"sender":	true
				}],
			"sum":	{
				"start":	61.000773,
				"end":	62.00012,
				"seconds":	0.99934697151184082,
				"bytes":	335937536,
				"bits_per_second":	2689256449.0732107,
				"retransmits":	28735,
				"omitted":	false,
				"sender":	true
			}
		}, {
			"streams":	[{
					"socket":	7,
					"start":	62.00012,
					"end":	63.000148,
					"seconds":	1.0000280141830444,
					"bytes":	146800640,
					"bits_per_second":	1174372220.9216409,
					"retransmits":	9184,
					"snd_cwnd":	1448,
					"snd_wnd":	141410304,
					"rtt":	57493,
					"rttvar":	272,
					"pmtu":	1500,
					"omitted":	false,
					"sender":	true
				}],
			"sum":	{
				"start":	62.00012,
				"end":	63.000148,
				"seconds":	1.0000280141830444,
				"bytes":	146800640,
				"bits_per_second":	1174372220.9216409,
				"retransmits":	9184,
				"omitted":	false,
				"sender":	true
			}
		}, {
			"streams":	[{
					"socket":	7,
					"start":	63.000148,
					"end":	64.000142,
					"seconds":	0.99999397993087769,
					"bytes":	70516736,
					"bits_per_second":	564137284.145445,
					"retransmits":	8544,
					"snd_cwnd":	34227824,
					"snd_wnd":	129105920,
					"rtt":	57986,
					"rttvar":	488,
					"pmtu":	1500,
					"omitted":	false,
					"sender":	true
				}],
			"sum":	{
				"start":	63.000148,
				"end":	64.000142,
				"seconds":	0.99999397993087769,
				"bytes":	70516736,
				"bits_per_second":	564137284.145445,
				"retransmits":	8544,
				"omitted":	false,
				"sender":	true
			}
		}, {
			"streams":	[{
					"socket":	7,
					"start":	64.000142,
					"end":	65.000173,
					"seconds":	1.0000309944152832,
					"bytes":	244711424,
					"bits_per_second":	1957630716.3806055,
					"retransmits":	28515,
					"snd_cwnd":	32189040,
					"snd_wnd":	108986368,
					"rtt":	58619,
					"rttvar":	226,
					"pmtu":	1500,
					"omitted":	false,
					"sender":	true
				}],
			"sum":	{
				"start":	64.000142,
				"end":	65.000173,
				"seconds":	1.0000309944152832,
				"bytes":	244711424,
				"bits_per_second":	1957630716.3806055,
				"retransmits":	28515,
				"omitted":	false,
				"sender":	true
			}
		}, {
			"streams":	[{
					"socket":	7,
					"start":	65.000173,
					"end":	66.000575,
					"seconds":	1.0004019737243652,
					"bytes":	250347520,
					"bits_per_second":	2001975418.4849439,
					"retransmits":	24825,
					"snd_cwnd":	33112864,
					"snd_wnd":	128147456,
					"rtt":	59165,
					"rttvar":	251,
					"pmtu":	1500,
					"omitted":	false,
					"sender":	true
				}],
			"sum":	{
				"start":	65.000173,
				"end":	66.000575,
				"seconds":	1.0004019737243652,
				"bytes":	250347520,
				"bits_per_second":	2001975418.4849439,
				"retransmits":	24825,
				"omitted":	false,
				"sender":	true
			}
		}, {
			"streams":	[{
					"socket":	7,
					"start":	66.000575,
					"end":	67.000071,
					"seconds":	0.9994959831237793,
					"bytes":	234356736,
					"bits_per_second":	1875799322.514951,
					"retransmits":	21205,
					"snd_cwnd":	27572816,
					"snd_wnd":	131219456,
					"rtt":	58502,
					"rttvar":	303,
					"pmtu":	1500,
					"omitted":	false,
					"sender":	true
				}],
			"sum":	{
				"start":	66.000575,
				"end":	67.000071,
				"seconds":	0.9994959831237793,
				"bytes":	234356736,
				"bits_per_second":	1875799322.514951,
				"retransmits":	21205,
				"omitted":	false,
				"sender":	true
			}
		}, {
			"streams":	[{
					"socket":	7,
					"start":	67.000071,
					"end":	68.000175,
					"seconds":	1.0001039505004883,
					"bytes":	143785984,
					"bits_per_second":	1150168311.4283812,
					"retransmits":	21317,
					"snd_cwnd":	27572816,
					"snd_wnd":	121233408,
					"rtt":	58680,
					"rttvar":	271,
					"pmtu":	1500,
					"omitted":	false,
					"sender":	true
				}],
			"sum":	{
				"start":	67.000071,
				"end":	68.000175,
				"seconds":	1.0001039505004883,
				"bytes":	143785984,
				"bits_per_second":	1150168311.4283812,
				"retransmits":	21317,
				"omitted":	false,
				"sender":	true
			}
		}, {
			"streams":	[{
					"socket":	7,
					"start":	68.000175,
					"end":	69.001045,
					"seconds":	1.0008699893951416,
					"bytes":	229769216,
					"bits_per_second":	1836555943.805305,
					"retransmits":	22617,
					"snd_cwnd":	27315072,
					"snd_wnd":	125997056,
					"rtt":	58902,
					"rttvar":	135,
					"pmtu":	1500,
					"omitted":	false,
					"sender":	true
				}],
			"sum":	{
				"start":	68.000175,
				"end":	69.001045,
				"seconds":	1.0008699893951416,
				"bytes":	229769216,
				"bits_per_second":	1836555943.805305,
				"retransmits":	22617,
				"omitted":	false,
				"sender":	true
			}
		}, {
			"streams":	[{
					"socket":	7,
					"start":	69.001045,
					"end":	70.000237,
					"seconds":	0.9991919994354248,
					"bytes":	140509184,
					"bits_per_second":	1124982458.4615741,
					"retransmits":	21109,
					"snd_cwnd":	21734480,
					"snd_wnd":	135200768,
					"rtt":	58779,
					"rttvar":	227,
					"pmtu":	1500,
					"omitted":	false,
					"sender":	true
				}],
			"sum":	{
				"start":	69.001045,
				"end":	70.000237,
				"seconds":	0.9991919994354248,
				"bytes":	140509184,
				"bits_per_second":	1124982458.4615741,
				"retransmits":	21109,
				"omitted":	false,
				"sender":	true
			}
		}, {
			"streams":	[{
					"socket":	7,
					"start":	70.000237,
					"end":	71.000117,
					"seconds":	0.999880015850067,
					"bytes":	146538496,
					"bits_per_second":	1172448643.2538006,
					"retransmits":	15465,
					"snd_cwnd":	21636016,
					"snd_wnd":	135344128,
					"rtt":	58697,
					"rttvar":	314,
					"pmtu":	1500,
					"omitted":	false,
					"sender":	true
				}],
			"sum":	{
				"start":	70.000237,
				"end":	71.000117,
				"seconds":	0.999880015850067,
				"bytes":	146538496,
				"bits_per_second":	1172448643.2538006,
				"retransmits":	15465,
				"omitted":	false,
				"sender":	true
			}
		}, {
			"streams":	[{
					"socket":	7,
					"start":	71.000117,
					"end":	72.000049,
					"seconds":	0.99993199110031128,
					"bytes":	155320320,
					"bits_per_second":	1242647071.0600042,
					"retransmits":	13218,
					"snd_cwnd":	21827152,
					"snd_wnd":	132743168,
					"rtt":	58721,
					"rttvar":	133,
					"pmtu":	1500,
					"omitted":	false,
					"sender":	true
				}],
			"sum":	{
				"start":	71.000117,
				"end":	72.000049,
				"seconds":	0.99993199110031128,
				"bytes":	155320320,
				"bits_per_second":	1242647071.0600042,
				"retransmits":	13218,
				"omitted":	false,
				"sender":	true
			}
		}, {
			"streams":	[{
					"socket":	7,
					"start":	72.000049,
					"end":	73.001041,
					"seconds":	1.0009919404983521,
					"bytes":	233963520,
					"bits_per_second":	1869853376.7096612,
					"retransmits":	11602,
					"snd_cwnd":	5792,
					"snd_wnd":	141344768,
					"rtt":	57300,
					"rttvar":	43,
					"pmtu":	1500,
					"omitted":	false,
					"sender":	true
				}],
			"sum":	{
				"start":	72.000049,
				"end":	73.001041,
				"seconds":	1.0009919404983521,
				"bytes":	233963520,
				"bits_per_second":	1869853376.7096612,
				"retransmits":	11602,
				"omitted":	false,
				"sender":	true
			}
		}, {
			"streams":	[{
					"socket":	7,
					"start":	73.001041,
					"end":	74.001039,
					"seconds":	0.99999797344207764,
					"bytes":	73138176,
					"bits_per_second":	585106593.752403,
					"retransmits":	15169,
					"snd_cwnd":	25334208,
					"snd_wnd":	122646528,
					"rtt":	57609,
					"rttvar":	408,
					"pmtu":	1500,
					"omitted":	false,
					"sender":	true
				}],
			"sum":	{
				"start":	73.001041,
				"end":	74.001039,
				"seconds":	0.99999797344207764,
				"bytes":	73138176,
				"bits_per_second":	585106593.752403,
				"retransmits":	15169,
				"omitted":	false,
				"sender":	true
			}
		}, {
			"streams":	[{
					"socket":	7,
					"start":	74.001039,
					"end":	75.001049,
					"seconds":	1.0000100135803223,
					"bytes":	231473152,
					"bits_per_second":	1851766673.18568,
					"retransmits":	20935,
					"snd_cwnd":	35588944,
					"snd_wnd":	124784640,
					"rtt":	57718,
					"rttvar":	404,
					"pmtu":	1500,
					"omitted":	false,
					"sender":	true
				}],
			"sum":	{
				"start":	74.001039,
				"end":	75.001049,
				"seconds":	1.0000100135803223,
				"bytes":	231473152,
				"bits_per_second":	1851766673.18568,
				"retransmits":	20935,
				"omitted":	false,
				"sender":	true
			}
		}, {
			"streams":	[{
					"socket":	7,
					"start":	75.001049,
					"end":	76.000086,
					"seconds":	0.99903702735900879,
					"bytes":	224919552,
					"bits_per_second":	1801090817.1808858,
					"retransmits":	32727,
					"snd_cwnd":	28528496,
					"snd_wnd":	129888256,
					"rtt":	58362,
					"rttvar":	200,
					"pmtu":	1500,
					"omitted":	false,
					"sender":	true
				}],
			"sum":	{
				"start":	75.001049,
				"end":	76.000086,
				"seconds":	0.99903702735900879,
				"bytes":	224919552,
				"bits_per_second":	1801090817.1808858,
				"retransmits":	32727,
				"omitted":	false,
				"sender":	true
			}
		}, {
			"streams":	[{
					"socket":	7,
					"start":	76.000086,
					"end":	77.001047,
					"seconds":	1.0009609460830688,
					"bytes":	218759168,
					"bits_per_second":	1748393232.3716884,
					"retransmits":	25787,
					"snd_cwnd":	30185008,
					"snd_wnd":	121303040,
					"rtt":	58579,
					"rttvar":	508,
					"pmtu":	1500,
					"omitted":	false,
					"sender":	true
				}],
			"sum":	{
				"start":	76.000086,
				"end":	77.001047,
				"seconds":	1.0009609460830688,
				"bytes":	218759168,
				"bits_per_second":	1748393232.3716884,
				"retransmits":	25787,
				"omitted":	false,
				"sender":	true
			}
		}, {
			"streams":	[{
					"socket":	7,
					"start":	77.001047,
					"end":	78.000318,
					"seconds":	0.9992709755897522,
					"bytes":	180355072,
					"bits_per_second":	1443893209.39544,
					"retransmits":	23030,
					"snd_cwnd":	28615376,
					"snd_wnd":	119115776,
					"rtt":	58389,
					"rttvar":	187,
					"pmtu":	1500,
					"omitted":	false,
					"sender":	true
				}],
			"sum":	{
				"start":	77.001047,
				"end":	78.000318,
				"seconds":	0.9992709755897522,
				"bytes":	180355072,
				"bits_per_second":	1443893209.39544,
				"retransmits":	23030,
				"omitted":	false,
				"sender":	true
			}
		}, {
			"streams":	[{
					"socket":	7,
					"start":	78.000318,
					"end":	79.001038,
					"seconds":	1.0007200241088867,
					"bytes":	225574912,
					"bits_per_second":	1803300875.89378,
					"retransmits":	17322,
					"snd_cwnd":	31033536,
					"snd_wnd":	122814464,
					"rtt":	58766,
					"rttvar":	829,
					"pmtu":	1500,
					"omitted":	false,
					"sender":	true
				}],
			"sum":	{
				"start":	78.000318,
				"end":	79.001038,
				"seconds":	1.0007200241088867,
				"bytes":	225574912,
				"bits_per_second":	1803300875.89378,
				"retransmits":	17322,
				"omitted":	false,
				"sender":	true
			}
		}, {
			"streams":	[{
					"socket":	7,
					"start":	79.001038,
					"end":	80.001048,
					"seconds":	1.0000100135803223,
					"bytes":	235798528,
					"bits_per_second":	1886369334.6891496,
					"retransmits":	32960,
					"snd_cwnd":	25192304,
					"snd_wnd":	124891136,
					"rtt":	58712,
					"rttvar":	200,
					"pmtu":	1500,
					"omitted":	false,
					"sender":	true
				}],
			"sum":	{
				"start":	79.001038,
				"end":	80.001048,
				"seconds":	1.0000100135803223,
				"bytes":	235798528,
				"bits_per_second":	1886369334.6891496,
				"retransmits":	32960,
				"omitted":	false,
				"sender":	true
			}
		}, {
			"streams":	[{
					"socket":	7,
					"start":	80.001048,
					"end":	81.00006,
					"seconds":	0.999011993408203,
					"bytes":	139853824,
					"bits_per_second":	1119937097.2344656,
					"retransmits":	8262,
					"snd_cwnd":	23680592,
					"snd_wnd":	133869568,
					"rtt":	58905,
					"rttvar":	257,
					"pmtu":	1500,
					"omitted":	false,
					"sender":	true
				}],
			"sum":	{
				"start":	80.001048,
				"end":	81.00006,
				"seconds":	0.999011993408203,
				"bytes":	139853824,
				"bits_per_second":	1119937097.2344656,
				"retransmits":	8262,
				"omitted":	false,
				"sender":	true
			}
		}, {
			"streams":	[{
					"socket":	7,
					"start":	81.00006,
					"end":	82.000159,
					"seconds":	1.0000989437103271,
					"bytes":	222298112,
					"bits_per_second":	1778208953.4084129,
					"retransmits":	9629,
					"snd_cwnd":	17332560,
					"snd_wnd":	134070272,
					"rtt":	57922,
					"rttvar":	498,
					"pmtu":	1500,
					"omitted":	false,
					"sender":	true
				}],
			"sum":	{
				"start":	81.00006,
				"end":	82.000159,
				"seconds":	1.0000989437103271,
				"bytes":	222298112,
				"bits_per_second":	1778208953.4084129,
				"retransmits":	9629,
				"omitted":	false,
				"sender":	true
			}
		}, {
			"streams":	[{
					"socket":	7,
					"start":	82.000159,
					"end":	83.001045,
					"seconds":	1.0008859634399414,
					"bytes":	155189248,
					"bits_per_second":	1240415021.6404724,
					"retransmits":	6878,
					"snd_cwnd":	11051136,
					"snd_wnd":	141221888,
					"rtt":	58541,
					"rttvar":	108,
					"pmtu":	1500,
					"omitted":	false,
					"sender":	true
				}],
			"sum":	{
				"start":	82.000159,
				"end":	83.001045,
				"seconds":	1.0008859634399414,
				"bytes":	155189248,
				"bits_per_second":	1240415021.6404724,
				"retransmits":	6878,
				"omitted":	false,
				"sender":	true
			}
		}, {
			"streams":	[{
					"socket":	7,
					"start":	83.001045,
					"end":	84.000586,
					"seconds":	0.99954098463058472,
					"bytes":	140771328,
					"bits_per_second":	1126687791.0126073,
					"retransmits":	4178,
					"snd_cwnd":	15781752,
					"snd_wnd":	119816192,
					"rtt":	58475,
					"rttvar":	911,
					"pmtu":	1500,
					"omitted":	false,
					"sender":	true
				}],
			"sum":	{
				"start":	83.001045,
				"end":	84.000586,
				"seconds":	0.99954098463058472,
				"bytes":	140771328,
				"bits_per_second":	1126687791.0126073,
				"retransmits":	4178,
				"omitted":	false,
				"sender":	true
			}
		}, {
			"streams":	[{
					"socket":	7,
					"start":	84.000586,
					"end":	85.000104,
					"seconds":	0.99951797723770142,
					"bytes":	214827008,
					"bits_per_second":	1719444875.5685418,
					"retransmits":	24210,
					"snd_cwnd":	32802992,
					"snd_wnd":	129454080,
					"rtt":	58554,
					"rttvar":	137,
					"pmtu":	1500,
					"omitted":	false,
					"sender":	true
				}],
			"sum":	{
				"start":	84.000586,
				"end":	85.000104,
				"seconds":	0.99951797723770142,
				"bytes":	214827008,
				"bits_per_second":	1719444875.5685418,
				"retransmits":	24210,
				"omitted":	false,
				"sender":	true
			}
		}, {
			"streams":	[{
					"socket":	7,
					"start":	85.000104,
					"end":	86.000098,
					"seconds":	0.99999397993087769,
					"bytes":	213647360,
					"bits_per_second":	1709189169.4369431,
					"retransmits":	34001,
					"snd_cwnd":	29411776,
					"snd_wnd":	128454656,
					"rtt":	58806,
					"rttvar":	204,
					"pmtu":	1500,
					"omitted":	false,
					"sender":	true
				}],
			"sum":	{
				"start":	85.000104,
				"end":	86.000098,
				"seconds":	0.99999397993087769,
				"bytes":	213647360,
				"bits_per_second":	1709189169.4369431,
				"retransmits":	34001,
				"omitted":	false,
				"sender":	true
			}
		}, {
			"streams":	[{
					"socket":	7,
					"start":	86.000098,
					"end":	87.000748,
					"seconds":	1.0006500482559204,
					"bytes":	161087488,
					"bits_per_second":	1287862731.0777979,
					"retransmits":	23466,
					"snd_cwnd":	26672160,
					"snd_wnd":	125206528,
					"rtt":	59001,
					"rttvar":	268,
					"pmtu":	1500,
					"omitted":	false,
					"sender":	true
				}],
			"sum":	{
				"start":	86.000098,
				"end":	87.000748,
				"seconds":	1.0006500482559204,
				"bytes":	161087488,
				"bits_per_second":	1287862731.0777979,
				"retransmits":	23466,
				"omitted":	false,
				"sender":	true
			}
		}, {
			"streams":	[{
					"socket":	7,
					"start":	87.000748,
					"end":	88.000144,
					"seconds":	0.999396026134491,
					"bytes":	228065280,
					"bits_per_second":	1825624869.709528,
					"retransmits":	17802,
					"snd_cwnd":	27375888,
					"snd_wnd":	123576320,
					"rtt":	59175,
					"rttvar":	1126,
					"pmtu":	1500,
					"omitted":	false,
					"sender":	true
				}],
			"sum":	{
				"start":	87.000748,
				"end":	88.000144,
				"seconds":	0.999396026134491,
				"bytes":	228065280,
				"bits_per_second":	1825624869.709528,
				"retransmits":	17802,
				"omitted":	false,
				"sender":	true
			}
		}, {
			"streams":	[{
					"socket":	7,
					"start":	88.000144,
					"end":	89.000067,
					"seconds":	0.9999229907989502,
					"bytes":	149028864,
					"bits_per_second":	1192322731.820971,
					"retransmits":	24122,
					"snd_cwnd":	26486816,
					"snd_wnd":	126251008,
					"rtt":	58672,
					"rttvar":	366,
					"pmtu":	1500,
					"omitted":	false,
					"sender":	true
				}],
			"sum":	{
				"start":	88.000144,
				"end":	89.000067,
				"seconds":	0.9999229907989502,
				"bytes":	149028864,
				"bits_per_second":	1192322731.820971,
				"retransmits":	24122,
				"omitted":	false,
				"sender":	true
			}
		}, {
			"streams":	[{
					"socket":	7,
					"start":	89.000067,
					"end":	90.000713,
					"seconds":	1.0006459951400757,
					"bytes":	211288064,
					"bits_per_second":	1689213288.4251261,
					"retransmits":	22537,
					"snd_cwnd":	34963408,
					"snd_wnd":	120258560,
					"rtt":	58987,
					"rttvar":	1709,
					"pmtu":	1500,
					"omitted":	false,
					"sender":	true
				}],
			"sum":	{
				"start":	89.000067,
				"end":	90.000713,
				"seconds":	1.0006459951400757,
				"bytes":	211288064,
				"bits_per_second":	1689213288.4251261,
				"retransmits":	22537,
				"omitted":	false,
				"sender":	true
			}
		}, {
			"streams":	[{
					"socket":	7,
					"start":	90.000713,
					"end":	91.000219,
					"seconds":	0.99950599670410156,
					"bytes":	217579520,
					"bits_per_second":	1741496464.9935024,
					"retransmits":	31661,
					"snd_cwnd":	28725424,
					"snd_wnd":	118140928,
					"rtt":	57809,
					"rttvar":	276,
					"pmtu":	1500,
					"omitted":	false,
					"sender":	true
				}],
			"sum":	{
				"start":	90.000713,
				"end":	91.000219,
				"seconds":	0.99950599670410156,
				"bytes":	217579520,
				"bits_per_second":	1741496464.9935024,
				"retransmits":	31661,
				"omitted":	false,
				"sender":	true
			}
		}, {
			"streams":	[{
					"socket":	7,
					"start":	91.000219,
					"end":	92.00039,
					"seconds":	1.0001709461212158,
					"bytes":	210108416,
					"bits_per_second":	1680580039.3608785,
					"retransmits":	18010,
					"snd_cwnd":	28322880,
					"snd_wnd":	129515520,
					"rtt":	58399,
					"rttvar":	247,
					"pmtu":	1500,
					"omitted":	false,
					"sender":	true
				}],
			"sum":	{
				"start":	91.000219,
				"end":	92.00039,
				"seconds":	1.0001709461212158,
				"bytes":	210108416,
				"bits_per_second":	1680580039.3608785,
				"retransmits":	18010,
				"omitted":	false,
				"sender":	true
			}
		}, {
			"streams":	[{
					"socket":	7,
					"start":	92.00039,
					"end":	93.001042,
					"seconds":	1.0006519556045532,
					"bytes":	285212672,
					"bits_per_second":	2280214777.1964216,
					"retransmits":	14153,
					"snd_cwnd":	11820024,
					"snd_wnd":	141053952,
					"rtt":	58596,
					"rttvar":	110,
					"pmtu":	1500,
					"omitted":	false,
					"sender":	true
				}],
			"sum":	{
				"start":	92.00039,
				"end":	93.001042,
				"seconds":	1.0006519556045532,
				"bytes":	285212672,
				"bits_per_second":	2280214777.1964216,
				"retransmits":	14153,
				"omitted":	false,
				"sender":	true
			}
		}, {
			"streams":	[{
					"socket":	7,
					"start":	93.001042,
					"end":	94.000232,
					"seconds":	0.99918997287750244,
					"bytes":	149684224,
					"bits_per_second":	1198444564.6021376,
					"retransmits":	12275,
					"snd_cwnd":	5792,
					"snd_wnd":	135196672,
					"rtt":	58537,
					"rttvar":	229,
					"pmtu":	1500,
					"omitted":	false,
					"sender":	true
				}],
			"sum":	{
				"start":	93.001042,
				"end":	94.000232,
				"seconds":	0.99918997287750244,
				"bytes":	149684224,
				"bits_per_second":	1198444564.6021376,
				"retransmits":	12275,
				"omitted":	false,
				"sender":	true
			}
		}, {
			"streams":	[{
					"socket":	7,
					"start":	94.000232,
					"end":	95.000689,
					"seconds":	1.0004570484161377,
					"bytes":	138149888,
					"bits_per_second":	1104694205.2631681,
					"retransmits":	25381,
					"snd_cwnd":	22609072,
					"snd_wnd":	133726208,
					"rtt":	59372,
					"rttvar":	1715,
					"pmtu":	1500,
					"omitted":	false,
					"sender":	true
				}],
			"sum":	{
				"start":	94.000232,
				"end":	95.000689,
				"seconds":	1.0004570484161377,
				"bytes":	138149888,
				"bits_per_second":	1104694205.2631681,
				"retransmits":	25381,
				"omitted":	false,
				"sender":	true
			}
		}, {
			"streams":	[{
					"socket":	7,
					"start":	95.000689,
					"end":	96.000061,
					"seconds":	0.99937200546264648,
					"bytes":	147849216,
					"bits_per_second":	1183536982.7599292,
					"retransmits":	6639,
					"snd_cwnd":	21682352,
					"snd_wnd":	133586944,
					"rtt":	59872,
					"rttvar":	1925,
					"pmtu":	1500,
					"omitted":	false,
					"sender":	true
				}],
			"sum":	{
				"start":	95.000689,
				"end":	96.000061,
				"seconds":	0.99937200546264648,
				"bytes":	147849216,
				"bits_per_second":	1183536982.7599292,
				"retransmits":	6639,
				"omitted":	false,
				"sender":	true
			}
		}, {
			"streams":	[{
					"socket":	7,
					"start":	96.000061,
					"end":	97.00104,
					"seconds":	1.000978946685791,
					"bytes":	147193856,
					"bits_per_second":	1176399215.8864408,
					"retransmits":	16942,
					"snd_cwnd":	21850320,
					"snd_wnd":	134778880,
					"rtt":	59118,
					"rttvar":	192,
					"pmtu":	1500,
					"omitted":	false,
					"sender":	true
				}],
			"sum":	{
				"start":	96.000061,
				"end":	97.00104,
				"seconds":	1.000978946685791,
				"bytes":	147193856,
				"bits_per_second":	1176399215.8864408,
				"retransmits":	16942,
				"omitted":	false,
				"sender":	true
			}
		}, {
			"streams":	[{
					"socket":	7,
					"start":	97.00104,
					"end":	98.000248,
					"seconds":	0.99920797348022461,
					"bytes":	219152384,
					"bits_per_second":	1754608768.6766224,
					"retransmits":	17731,
					"snd_cwnd":	21476736,
					"snd_wnd":	133226496,
					"rtt":	59326,
					"rttvar":	400,
					"pmtu":	1500,
					"omitted":	false,
					"sender":	true
				}],
			"sum":	{
				"start":	97.00104,
				"end":	98.000248,
				"seconds":	0.99920797348022461,
				"bytes":	219152384,
				"bits_per_second":	1754608768.6766224,
				"retransmits":	17731,
				"omitted":	false,
				"sender":	true
			}
		}, {
			"streams":	[{
					"socket":	7,
					"start":	98.000248,
					"end":	99.000431,
					"seconds":	1.0001829862594604,
					"bytes":	129630208,
					"bits_per_second":	1036851934.3429203,
					"retransmits":	13931,
					"snd_cwnd":	17790128,
					"snd_wnd":	135970816,
					"rtt":	58168,
					"rttvar":	849,
					"pmtu":	1500,
					"omitted":	false,
					"sender":	true
				}],
			"sum":	{
				"start":	98.000248,
				"end":	99.000431,
				"seconds":	1.0001829862594604,
				"bytes":	129630208,
				"bits_per_second":	1036851934.3429203,
				"retransmits":	13931,
				"omitted":	false,
				"sender":	true
			}
		}, {
			"streams":	[{
					"socket":	7,
					"start":	99.000431,
					"end":	100.000276,
					"seconds":	0.999845027923584,
					"bytes":	85065728,
					"bits_per_second":	680631302.84627581,
					"retransmits":	13558,
					"snd_cwnd":	17512112,
					"snd_wnd":	130527232,
					"rtt":	58988,
					"rttvar":	383,
					"pmtu":	1500,
					"omitted":	false,
					"sender":	true
				}],
			"sum":	{
				"start":	99.000431,
				"end":	100.000276,
				"seconds":	0.999845027923584,
				"bytes":	85065728,
				"bits_per_second":	680631302.84627581,
				"retransmits":	13558,
				"omitted":	false,
				"sender":	true
			}
		}, {
			"streams":	[{
					"socket":	7,
					"start":	100.000276,
					"end":	101.000154,
					"seconds":	0.99987798929214478,
					"bytes":	148242432,
					"bits_per_second":	1186084170.969276,
					"retransmits":	9377,
					"snd_cwnd":	18517024,
					"snd_wnd":	132128768,
					"rtt":	58774,
					"rttvar":	164,
					"pmtu":	1500,
					"omitted":	false,
					"sender":	true
				}],
			"sum":	{
				"start":	100.000276,
				"end":	101.000154,
				"seconds":	0.99987798929214478,
				"bytes":	148242432,
				"bits_per_second":	1186084170.969276,
				"retransmits":	9377,
				"omitted":	false,
				"sender":	true
			}
		}, {
			"streams":	[{
					"socket":	7,
					"start":	101.000154,
					"end":	102.000102,
					"seconds":	0.999948024749756,
					"bytes":	134217728,
					"bits_per_second":	1073797634.9007854,
					"retransmits":	14361,
					"snd_cwnd":	19490080,
					"snd_wnd":	130248704,
					"rtt":	58201,
					"rttvar":	632,
					"pmtu":	1500,
					"omitted":	false,
					"sender":	true
				}],
			"sum":	{
				"start":	101.000154,
				"end":	102.000102,
				"seconds":	0.999948024749756,
				"bytes":	134217728,
				"bits_per_second":	1073797634.9007854,
				"retransmits":	14361,
				"omitted":	false,
				"sender":	true
			}
		}, {
			"streams":	[{
					"socket":	7,
					"start":	102.000102,
					"end":	103.000058,
					"seconds":	0.99995601177215576,
					"bytes":	150339584,
					"bits_per_second":	1202769579.702316,
					"retransmits":	18509,
					"snd_cwnd":	23619776,
					"snd_wnd":	128475136,
					"rtt":	59853,
					"rttvar":	1044,
					"pmtu":	1500,
					"omitted":	false,
					"sender":	true
				}],
			"sum":	{
				"start":	102.000102,
				"end":	103.000058,
				"seconds":	0.99995601177215576,
				"bytes":	150339584,
				"bits_per_second":	1202769579.702316,
				"retransmits":	18509,
				"omitted":	false,
				"sender":	true
			}
		}, {
			"streams":	[{
					"socket":	7,
					"start":	103.000058,
					"end":	104.000822,
					"seconds":	1.000764012336731,
					"bytes":	155844608,
					"bits_per_second":	1245805053.5699108,
					"retransmits":	19735,
					"snd_cwnd":	25412400,
					"snd_wnd":	141344768,
					"rtt":	57455,
					"rttvar":	37,
					"pmtu":	1500,
					"omitted":	false,
					"sender":	true
				}],
			"sum":	{
				"start":	103.000058,
				"end":	104.000822,
				"seconds":	1.000764012336731,
				"bytes":	155844608,
				"bits_per_second":	1245805053.5699108,
				"retransmits":	19735,
				"omitted":	false,
				"sender":	true
			}
		}, {
			"streams":	[{
					"socket":	7,
					"start":	104.000822,
					"end":	105.000066,
					"seconds":	0.999243974685669,
					"bytes":	160694272,
					"bits_per_second":	1286526822.8456373,
					"retransmits":	12500,
					"snd_cwnd":	27037056,
					"snd_wnd":	119787520,
					"rtt":	57678,
					"rttvar":	414,
					"pmtu":	1500,
					"omitted":	false,
					"sender":	true
				}],
			"sum":	{
				"start":	104.000822,
				"end":	105.000066,
				"seconds":	0.999243974685669,
				"bytes":	160694272,
				"bits_per_second":	1286526822.8456373,
				"retransmits":	12500,
				"omitted":	false,
				"sender":	true
			}
		}, {
			"streams":	[{
					"socket":	7,
					"start":	105.000066,
					"end":	106.000125,
					"seconds":	1.0000590085983276,
					"bytes":	160563200,
					"bits_per_second":	1284429807.5974035,
					"retransmits":	10259,
					"snd_cwnd":	29078736,
					"snd_wnd":	129585152,
					"rtt":	59410,
					"rttvar":	381,
					"pmtu":	1500,
					"omitted":	false,
					"sender":	true
				}],
			"sum":	{
				"start":	105.000066,
				"end":	106.000125,
				"seconds":	1.0000590085983276,
				"bytes":	160563200,
				"bits_per_second":	1284429807.5974035,
				"retransmits":	10259,
				"omitted":	false,
				"sender":	true
			}
		}, {
			"streams":	[{
					"socket":	7,
					"start":	106.000125,
					"end":	107.000088,
					"seconds":	0.99996298551559448,
					"bytes":	231735296,
					"bits_per_second":	1853950991.0400465,
					"retransmits":	22152,
					"snd_cwnd":	33674688,
					"snd_wnd":	115011584,
					"rtt":	57919,
					"rttvar":	135,
					"pmtu":	1500,
					"omitted":	false,
					"sender":	true
				}],
			"sum":	{
				"start":	106.000125,
				"end":	107.000088,
				"seconds":	0.99996298551559448,
				"bytes":	231735296,
				"bits_per_second":	1853950991.0400465,
				"retransmits":	22152,
				"omitted":	false,
				"sender":	true
			}
		}, {
			"streams":	[{
					"socket":	7,
					"start":	107.000088,
					"end":	108.000111,
					"seconds":	1.0000230073928833,
					"bytes":	252575744,
					"bits_per_second":	2020559464.1945632,
					"retransmits":	23831,
					"snd_cwnd":	38438608,
					"snd_wnd":	115486720,
					"rtt":	58619,
					"rttvar":	653,
					"pmtu":	1500,
					"omitted":	false,
					"sender":	true
				}],
			"sum":	{
				"start":	107.000088,
				"end":	108.000111,
				"seconds":	1.0000230073928833,
				"bytes":	252575744,
				"bits_per_second":	2020559464.1945632,
				"retransmits":	23831,
				"omitted":	false,
				"sender":	true
			}
		}, {
			"streams":	[{
					"socket":	7,
					"start":	108.000111,
					"end":	109.000255,
					"seconds":	1.0001440048217773,
					"bytes":	311558144,
					"bits_per_second":	2492106276.6797767,
					"retransmits":	23708,
					"snd_cwnd":	38001312,
					"snd_wnd":	129060864,
					"rtt":	59635,
					"rttvar":	3115,
					"pmtu":	1500,
					"omitted":	false,
					"sender":	true
				}],
			"sum":	{
				"start":	108.000111,
				"end":	109.000255,
				"seconds":	1.0001440048217773,
				"bytes":	311558144,
				"bits_per_second":	2492106276.6797767,
				"retransmits":	23708,
				"omitted":	false,
				"sender":	true
			}
		}, {
			"streams":	[{
					"socket":	7,
					"start":	109.000255,
					"end":	110.000212,
					"seconds":	0.999957025051117,
					"bytes":	226885632,
					"bits_per_second":	1815163062.5398271,
					"retransmits":	33987,
					"snd_cwnd":	34059856,
					"snd_wnd":	86683648,
					"rtt":	57967,
					"rttvar":	260,
					"pmtu":	1500,
					"omitted":	false,
					"sender":	true
				}],
			"sum":	{
				"start":	109.000255,
				"end":	110.000212,
				"seconds":	0.999957025051117,
				"bytes":	226885632,
				"bits_per_second":	1815163062.5398271,
				"retransmits":	33987,
				"omitted":	false,
				"sender":	true
			}
		}, {
			"streams":	[{
					"socket":	7,
					"start":	110.000212,
					"end":	111.000117,
					"seconds":	0.999904990196228,
					"bytes":	252182528,
					"bits_per_second":	2017651920.7130671,
					"retransmits":	19789,
					"snd_cwnd":	31505584,
					"snd_wnd":	120143872,
					"rtt":	58126,
					"rttvar":	143,
					"pmtu":	1500,
					"omitted":	false,
					"sender":	true
				}],
			"sum":	{
				"start":	110.000212,
				"end":	111.000117,
				"seconds":	0.999904990196228,
				"bytes":	252182528,
				"bits_per_second":	2017651920.7130671,
				"retransmits":	19789,
				"omitted":	false,
				"sender":	true
			}
		}, {
			"streams":	[{
					"socket":	7,
					"start":	111.000117,
					"end":	112.000116,
					"seconds":	0.99999898672103882,
					"bytes":	240386048,
					"bits_per_second":	1923090332.6269746,
					"retransmits":	24676,
					"snd_cwnd":	31050912,
					"snd_wnd":	139378688,
					"rtt":	58348,
					"rttvar":	288,
					"pmtu":	1500,
					"omitted":	false,
					"sender":	true
				}],
			"sum":	{
				"start":	111.000117,
				"end":	112.000116,
				"seconds":	0.99999898672103882,
				"bytes":	240386048,
				"bits_per_second":	1923090332.6269746,
				"retransmits":	24676,
				"omitted":	false,
				"sender":	true
			}
		}, {
			"streams":	[{
					"socket":	7,
					"start":	112.000116,
					"end":	113.000705,
					"seconds":	1.0005890130996704,
					"bytes":	163315712,
					"bits_per_second":	1305756588.2645311,
					"retransmits":	25853,
					"snd_cwnd":	32113744,
					"snd_wnd":	121630720,
					"rtt":	59313,
					"rttvar":	1023,
					"pmtu":	1500,
					"omitted":	false,
					"sender":	true
				}],
			"sum":	{
				"start":	112.000116,
				"end":	113.000705,
				"seconds":	1.0005890130996704,
				"bytes":	163315712,
				"bits_per_second":	1305756588.2645311,
				"retransmits":	25853,
				"omitted":	false,
				"sender":	true
			}
		}, {
			"streams":	[{
					"socket":	7,
					"start":	113.000705,
					"end":	114.000075,
					"seconds":	0.999369978904724,
					"bytes":	228327424,
					"bits_per_second":	1827770926.2408636,
					"retransmits":	20809,
					"snd_cwnd":	25751232,
					"snd_wnd":	129916928,
					"rtt":	58986,
					"rttvar":	309,
					"pmtu":	1500,
					"omitted":	false,
					"sender":	true
				}],
			"sum":	{
				"start":	113.000705,
				"end":	114.000075,
				"seconds":	0.999369978904724,
				"bytes":	228327424,
				"bits_per_second":	1827770926.2408636,
				"retransmits":	20809,
				"omitted":	false,
				"sender":	true
			}
		}, {
			"streams":	[{
					"socket":	7,
					"start":	114.000075,
					"end":	115.000126,
					"seconds":	1.0000510215759277,
					"bytes":	151126016,
					"bits_per_second":	1208946445.647131,
					"retransmits":	10917,
					"snd_cwnd":	24155536,
					"snd_wnd":	134287360,
					"rtt":	59235,
					"rttvar":	289,
					"pmtu":	1500,
					"omitted":	false,
					"sender":	true
				}],
			"sum":	{
				"start":	114.000075,
				"end":	115.000126,
				"seconds":	1.0000510215759277,
				"bytes":	151126016,
				"bits_per_second":	1208946445.647131,
				"retransmits":	10917,
				"omitted":	false,
				"sender":	true
			}
		}, {
			"streams":	[{
					"socket":	7,
					"start":	115.000126,
					"end":	116.000209,
					"seconds":	1.0000829696655273,
					"bytes":	156499968,
					"bits_per_second":	1251895874.6180079,
					"retransmits":	17743,
					"snd_cwnd":	25476112,
					"snd_wnd":	141410304,
					"rtt":	57354,
					"rttvar":	73,
					"pmtu":	1500,
					"omitted":	false,
					"sender":	true
				}],
			"sum":	{
				"start":	115.000126,
				"end":	116.000209,
				"seconds":	1.0000829696655273,
				"bytes":	156499968,
				"bits_per_second":	1251895874.6180079,
				"retransmits":	17743,
				"omitted":	false,
				"sender":	true
			}
		}, {
			"streams":	[{
					"socket":	7,
					"start":	116.000209,
					"end":	117.000111,
					"seconds":	0.99990200996398926,
					"bytes":	210763776,
					"bits_per_second":	1686275446.1916964,
					"retransmits":	18948,
					"snd_cwnd":	25308144,
					"snd_wnd":	130232320,
					"rtt":	59195,
					"rttvar":	661,
					"pmtu":	1500,
					"omitted":	false,
					"sender":	true
				}],
			"sum":	{
				"start":	116.000209,
				"end":	117.000111,
				"seconds":	0.99990200996398926,
				"bytes":	210763776,
				"bits_per_second":	1686275446.1916964,
				"retransmits":	18948,
				"omitted":	false,
				"sender":	true
			}
		}, {
			"streams":	[{
					"socket":	7,
					"start":	117.000111,
					"end":	118.001055,
					"seconds":	1.0009440183639526,
					"bytes":	154796032,
					"bits_per_second":	1237200316.1816366,
					"retransmits":	17664,
					"snd_cwnd":	20211184,
					"snd_wnd":	133324800,
					"rtt":	58154,
					"rttvar":	183,
					"pmtu":	1500,
					"omitted":	false,
					"sender":	true
				}],
			"sum":	{
				"start":	117.000111,
				"end":	118.001055,
				"seconds":	1.0009440183639526,
				"bytes":	154796032,
				"bits_per_second":	1237200316.1816366,
				"retransmits":	17664,
				"omitted":	false,
				"sender":	true
			}
		}, {
			"streams":	[{
					"socket":	7,
					"start":	118.001055,
					"end":	119.000156,
					"seconds":	0.99910098314285278,
					"bytes":	82051072,
					"bits_per_second":	656999229.38234746,
					"retransmits":	11603,
					"snd_cwnd":	20072176,
					"snd_wnd":	128778240,
					"rtt":	59712,
					"rttvar":	1331,
					"pmtu":	1500,
					"omitted":	false,
					"sender":	true
				}],
			"sum":	{
				"start":	118.001055,
				"end":	119.000156,
				"seconds":	0.99910098314285278,
				"bytes":	82051072,
				"bits_per_second":	656999229.38234746,
				"retransmits":	11603,
				"omitted":	false,
				"sender":	true
			}
		}, {
			"streams":	[{
					"socket":	7,
					"start":	119.000156,
					"end":	120.001242,
					"seconds":	1.0010859966278076,
					"bytes":	149028864,
					"bits_per_second":	1190937557.828269,
					"retransmits":	16117,
					"snd_cwnd":	20286480,
					"snd_wnd":	131371008,
					"rtt":	59271,
					"rttvar":	129,
					"pmtu":	1500,
					"omitted":	false,
					"sender":	true
				}],
			"sum":	{
				"start":	119.000156,
				"end":	120.001242,
				"seconds":	1.0010859966278076,
				"bytes":	149028864,
				"bits_per_second":	1190937557.828269,
				"retransmits":	16117,
				"omitted":	false,
				"sender":	true
			}
		}],
	"end":	{
		"streams":	[{
				"sender":	{
					"socket":	7,
					"start":	0,
					"end":	120.001242,
					"seconds":	120.001242,
					"bytes":	22641770496,
					"bits_per_second":	1509435743.7400522,
					"retransmits":	2291044,
					"max_snd_cwnd":	63958160,
					"max_snd_wnd":	141410304,
					"max_rtt":	60024,
					"min_rtt":	57265,
					"mean_rtt":	58674,
					"sender":	true
				},
				"receiver":	{
					"socket":	7,
					"start":	0,
					"end":	120.061293,
					"seconds":	120.001242,
					"bytes":	22518824960,
					"bits_per_second":	1500488585.2761889,
					"sender":	true
				}
			}],
		"sum_sent":	{
			"start":	0,
			"end":	120.001242,
			"seconds":	120.001242,
			"bytes":	22641770496,
			"bits_per_second":	1509435743.7400522,
			"retransmits":	2291044,
			"sender":	true
		},
		"sum_received":	{
			"start":	0,
			"end":	120.061293,
			"seconds":	120.061293,
			"bytes":	22518824960,
			"bits_per_second":	1500488585.2761889,
			"sender":	true
		},
		"cpu_utilization_percent":	{
			"host_total":	7.2276026922186762,
			"host_user":	0.039901902479697111,
			"host_system":	7.18770577965988,
			"remote_total":	12.192411628628836,
			"remote_user":	0.068635766748137,
			"remote_system":	12.123777527696287
		},
		"sender_tcp_congestion":	"bbr",
		"receiver_tcp_congestion":	"cubic"
	}
}
