{
	"start":	{
		"connected":	[{
				"socket":	7,
				"local_host":	"172.16.0.11",
				"local_port":	58368,
				"remote_host":	"172.17.0.11",
				"remote_port":	5201
			}],
		"version":	"iperf 3.16",
		"system_info":	"Linux h1 6.8.0-63-generic #66-Ubuntu SMP PREEMPT_DYNAMIC Fri Jun 13 20:25:30 UTC 2025 x86_64",
		"timestamp":	{
			"time":	"Sat, 31 Jan 2026 21:28:31 GMT",
			"timesecs":	1769894911
		},
		"connecting_to":	{
			"host":	"172.17.0.11",
			"port":	5201
		},
		"cookie":	"7k72ekrijx2cd7geuqfyojsng4ddbluupb4y",
		"tcp_mss_default":	1448,
		"target_bitrate":	0,
		"fq_rate":	0,
		"sock_bufsize":	0,
		"sndbuf_actual":	1000000,
		"rcvbuf_actual":	1000000,
		"test_start":	{
			"protocol":	"TCP",
			"num_streams":	1,
			"blksize":	131072,
			"omit":	0,
			"duration":	120,
			"bytes":	0,
			"blocks":	0,
			"reverse":	0,
			"tos":	0,
			"target_bitrate":	0,
			"bidir":	0,
			"fqrate":	0
		}
	},
	"intervals":	[{
			"streams":	[{
					"socket":	7,
					"start":	0,
					"end":	1.001062,
					"seconds":	1.0010620355606079,
					"bytes":	161349632,
					"bits_per_second":	1289427637.9956181,
					"retransmits":	8122,
					"snd_cwnd":	41729912,
					"snd_wnd":	90931200,
					"rtt":	61620,
					"rttvar":	101,
					"pmtu":	1500,
					"omitted":	false,
					"sender":	true
				}],
			"sum":	{
				"start":	0,
				"end":	1.001062,
				"seconds":	1.0010620355606079,
				"bytes":	161349632,
				"bits_per_second":	1289427637.9956181,
				"retransmits":	8122,
				"omitted":	false,
				"sender":	true
			}
		}, {
			"streams":	[{
					"socket":	7,
					"start":	1.001062,
					"end":	2.001068,
					"seconds":	1.0000059604644775,
					"bytes":	502136832,
					"bits_per_second":	4017070712.392715,
					"retransmits":	116913,
					"snd_cwnd":	116096296,
					"snd_wnd":	139034624,
					"rtt":	61713,
					"rttvar":	104,
					"pmtu":	1500,
					"omitted":	false,
					"sender":	true
				}],
			"sum":	{
				"start":	1.001062,
				"end":	2.001068,
				"seconds":	1.0000059604644775,
				"bytes":	502136832,
				"bits_per_second":	4017070712.392715,
				"retransmits":	116913,
				"omitted":	false,
				"sender":	true
			}
		}, {
			"streams":	[{
					"socket":	7,
					"start":	2.001068,
					"end":	3.001071,
					"seconds":	1.0000029802322388,
					"bytes":	596901888,
					"bits_per_second":	4775200872.7924128,
					"retransmits":	41391,
					"snd_cwnd":	70026728,
					"snd_wnd":	118571008,
					"rtt":	61827,
					"rttvar":	117,
					"pmtu":	1500,
					"omitted":	false,
					"sender":	true
				}],
			"sum":	{
				"start":	2.001068,
				"end":	3.001071,
				"seconds":	1.0000029802322388,
				"bytes":	596901888,
				"bits_per_second":	4775200872.7924128,
				"retransmits":	41391,
				"omitted":	false,
				"sender":	true
			}
		}, {
			"streams":	[{
					"socket":	7,
					"start":	3.001071,
					"end":	4.001067,
					"seconds":	0.9999960064888,
					"bytes":	503709696,
					"bits_per_second":	4029693660.6267662,
					"retransmits":	23549,
					"snd_cwnd":	114458608,
					"snd_wnd":	107499520,
					"rtt":	61894,
					"rttvar":	148,
					"pmtu":	1500,
					"omitted":	false,
					"sender":	true
				}],
			"sum":	{
				"start":	3.001071,
				"end":	4.001067,
				"seconds":	0.9999960064888,
				"bytes":	503709696,
				"bits_per_second":	4029693660.6267662,
				"retransmits":	23549,
				"omitted":	false,
				"sender":	true
			}
		}, {
			"streams":	[{
					"socket":	7,
					"start":	4.001067,
					"end":	5.001063,
					"seconds":	0.9999960064888,
					"bytes":	906493952,
					"bits_per_second":	7251980576.8656559,
					"retransmits":	9480,
					"snd_cwnd":	166076912,
					"snd_wnd":	141344768,
					"rtt":	61014,
					"rttvar":	42,
					"pmtu":	1500,
					"omitted":	false,
					"sender":	true
				}],
			"sum":	{
				"start":	4.001067,
				"end":	5.001063,
				"seconds":	0.9999960064888,
				"bytes":	906493952,
				"bits_per_second":	7251980576.8656559,
				"retransmits":	9480,
				"omitted":	false,
				"sender":	true
			}
		}, {
			"streams":	[{
					"socket":	7,
					"start":	5.001063,
					"end":	6.001087,
					"seconds":	1.0000239610672,
					"bytes":	821297152,
					"bits_per_second":	6570219786.52218,
					"retransmits":	20714,
					"snd_cwnd":	147360064,
					"snd_wnd":	136306688,
					"rtt":	62214,
					"rttvar":	913,
					"pmtu":	1500,
					"omitted":	false,
					"sender":	true
				}],
			"sum":	{
				"start":	5.001063,
				"end":	6.001087,
				"seconds":	1.0000239610672,
				"bytes":	821297152,
				"bits_per_second":	6570219786.52218,
				"retransmits":	20714,
				"omitted":	false,
				"sender":	true
			}
		}, {
			"streams":	[{
					"socket":	7,
					"start":	6.001087,
					"end":	7.001061,
					"seconds":	0.999974012374878,
					"bytes":	666238976,
					"bits_per_second":	5330050323.3496847,
					"retransmits":	19675,
					"snd_cwnd":	149598672,
					"snd_wnd":	77754368,
					"rtt":	64340,
					"rttvar":	272,
					"pmtu":	1500,
					"omitted":	false,
					"sender":	true
				}],
			"sum":	{
				"start":	6.001087,
				"end":	7.001061,
				"seconds":	0.999974012374878,
				"bytes":	666238976,
				"bits_per_second":	5330050323.3496847,
				"retransmits":	19675,
				"omitted":	false,
				"sender":	true
			}
		}, {
			"streams":	[{
					"socket":	7,
					"start":	7.001061,
					"end":	8.000582,
					"seconds":	0.999521017074585,
					"bytes":	626262016,
					"bits_per_second":	5012497028.49034,
					"retransmits":	15771,
					"snd_cwnd":	70568280,
					"snd_wnd":	141410304,
					"rtt":	62301,
					"rttvar":	247,
					"pmtu":	1500,
					"omitted":	false,
					"sender":	true
				}],
			"sum":	{
				"start":	7.001061,
				"end":	8.000582,
				"seconds":	0.999521017074585,
				"bytes":	626262016,
				"bits_per_second":	5012497028.49034,
				"retransmits":	15771,
				"omitted":	false,
				"sender":	true
			}
		}, {
			"streams":	[{
					"socket":	7,
					"start":	8.000582,
					"end":	9.000068,
					"seconds":	0.99948602914810181,
					"bytes":	662568960,
					"bits_per_second":	5303277410.0082741,
					"retransmits":	24961,
					"snd_cwnd":	97244784,
					"snd_wnd":	133578752,
					"rtt":	62063,
					"rttvar":	433,
					"pmtu":	1500,
					"omitted":	false,
					"sender":	true
				}],
			"sum":	{
				"start":	8.000582,
				"end":	9.000068,
				"seconds":	0.99948602914810181,
				"bytes":	662568960,
				"bits_per_second":	5303277410.0082741,
				"retransmits":	24961,
				"omitted":	false,
				"sender":	true
			}
		}, {
			"streams":	[{
					"socket":	7,
					"start":	9.000068,
					"end":	10.00137,
					"seconds":	1.0013020038604736,
					"bytes":	572915712,
					"bits_per_second":	4577365947.86508,
					"retransmits":	33648,
					"snd_cwnd":	128014784,
					"snd_wnd":	40402944,
					"rtt":	62333,
					"rttvar":	767,
					"pmtu":	1500,
					"omitted":	false,
					"sender":	true
				}],
			"sum":	{
				"start":	9.000068,
				"end":	10.00137,
				"seconds":	1.0013020038604736,
				"bytes":	572915712,
				"bits_per_second":	4577365947.86508,
				"retransmits":	33648,
				"omitted":	false,
				"sender":	true
			}
		}, {
			"streams":	[{
					"socket":	7,
					"start":	10.00137,
					"end":	11.001032,
					"seconds":	0.99966198205947876,
					"bytes":	461635584,
					"bits_per_second":	3694333422.9752331,
					"retransmits":	27294,
					"snd_cwnd":	5792,
					"snd_wnd":	138059776,
					"rtt":	61381,
					"rttvar":	368,
					"pmtu":	1500,
					"omitted":	false,
					"sender":	true
				}],
			"sum":	{
				"start":	10.00137,
				"end":	11.001032,
				"seconds":	0.99966198205947876,
				"bytes":	461635584,
				"bits_per_second":	3694333422.9752331,
				"retransmits":	27294,
				"omitted":	false,
				"sender":	true
			}
		}, {
			"streams":	[{
					"socket":	7,
					"start":	11.001032,
					"end":	12.000096,
					"seconds":	0.999064028263092,
					"bytes":	559808512,
					"bits_per_second":	4482663742.5691071,
					"retransmits":	28553,
					"snd_cwnd":	117083832,
					"snd_wnd":	101543936,
					"rtt":	62199,
					"rttvar":	357,
					"pmtu":	1500,
					"omitted":	false,
					"sender":	true
				}],
			"sum":	{
				"start":	11.001032,
				"end":	12.000096,
				"seconds":	0.999064028263092,
				"bytes":	559808512,
				"bits_per_second":	4482663742.5691071,
				"retransmits":	28553,
				"omitted":	false,
				"sender":	true
			}
		}, {
			"streams":	[{
					"socket":	7,
					"start":	12.000096,
					"end":	13.001064,
					"seconds":	1.0009679794311523,
					"bytes":	644218880,
					"bits_per_second":	5148767139.3133516,
					"retransmits":	13843,
					"snd_cwnd":	88581400,
					"snd_wnd":	103895040,
					"rtt":	61261,
					"rttvar":	303,
					"pmtu":	1500,
					"omitted":	false,
					"sender":	true
				}],
			"sum":	{
				"start":	12.000096,
				"end":	13.001064,
				"seconds":	1.0009679794311523,
				"bytes":	644218880,
				"bits_per_second":	5148767139.3133516,
				"retransmits":	13843,
				"omitted":	false,
				"sender":	true
			}
		}, {
			"streams":	[{
					"socket":	7,
					"start":	13.001064,
					"end":	14.001031,
					"seconds":	0.99996697902679443,
					"bytes":	771096576,
					"bits_per_second":	6168976313.6015568,
					"retransmits":	8722,
					"snd_cwnd":	126511760,
					"snd_wnd":	141348864,
					"rtt":	60985,
					"rttvar":	29,
					"pmtu":	1500,
					"omitted":	false,
					"sender":	true
				}],
			"sum":	{
				"start":	13.001064,
				"end":	14.001031,
				"seconds":	0.99996697902679443,
				"bytes":	771096576,
				"bits_per_second":	6168976313.6015568,
				"retransmits":	8722,
				"omitted":	false,
				"sender":	true
			}
		}, {
			"streams":	[{
					"socket":	7,
					"start":	14.001031,
					"end":	15.000523,
					"seconds":	0.99949198961257935,
					"bytes":	815398912,
					"bits_per_second":	6526506829.2628374,
					"retransmits":	12755,
					"snd_cwnd":	124916064,
					"snd_wnd":	141410304,
					"rtt":	60958,
					"rttvar":	28,
					"pmtu":	1500,
					"omitted":	false,
					"sender":	true
				}],
			"sum":	{
				"start":	14.001031,
				"end":	15.000523,
				"seconds":	0.99949198961257935,
				"bytes":	815398912,
				"bits_per_second":	6526506829.2628374,
				"retransmits":	12755,
				"omitted":	false,
				"sender":	true
			}
		}, {
			"streams":	[{
					"socket":	7,
					"start":	15.000523,
					"end":	16.000221,
					"seconds":	0.999697983264923,
					"bytes":	684982272,
					"bits_per_second":	5481513684.8663826,
					"retransmits":	9778,
					"snd_cwnd":	112178008,
					"snd_wnd":	104243200,
					"rtt":	61204,
					"rttvar":	388,
					"pmtu":	1500,
					"omitted":	false,
					"sender":	true
				}],
			"sum":	{
				"start":	15.000523,
				"end":	16.000221,
				"seconds":	0.999697983264923,
				"bytes":	684982272,
				"bits_per_second":	5481513684.8663826,
				"retransmits":	9778,
				"omitted":	false,
				"sender":	true
			}
		}, {
			"streams":	[{
					"socket":	7,
					"start":	16.000221,
					"end":	17.000412,
					"seconds":	1.0001909732818604,
					"bytes":	786169856,
					"bits_per_second":	6288157977.8341169,
					"retransmits":	17713,
					"snd_cwnd":	147168928,
					"snd_wnd":	141348864,
					"rtt":	61321,
					"rttvar":	128,
					"pmtu":	1500,
					"omitted":	false,
					"sender":	true
				}],
			"sum":	{
				"start":	16.000221,
				"end":	17.000412,
				"seconds":	1.0001909732818604,
				"bytes":	786169856,
				"bits_per_second":	6288157977.8341169,
				"retransmits":	17713,
				"omitted":	false,
				"sender":	true
			}
		}, {
			"streams":	[{
					"socket":	7,
					"start":	17.000412,
					"end":	18.000387,
					"seconds":	0.999975025653839,
					"bytes":	602144768,
					"bits_per_second":	4817278452.3796234,
					"retransmits":	61640,
					"snd_cwnd":	90400088,
					"snd_wnd":	100384768,
					"rtt":	77502,
					"rttvar":	8913,
					"pmtu":	1500,
					"omitted":	false,
					"sender":	true
				}],
			"sum":	{
				"start":	17.000412,
				"end":	18.000387,
				"seconds":	0.999975025653839,
				"bytes":	602144768,
				"bits_per_second":	4817278452.3796234,
				"retransmits":	61640,
				"omitted":	false,
				"sender":	true
			}
		}, {
			"streams":	[{
					"socket":	7,
					"start":	18.000387,
					"end":	19.00006,
					"seconds":	0.99967300891876221,
					"bytes":	647364608,
					"bits_per_second":	5180610877.5523233,
					"retransmits":	13578,
					"snd_cwnd":	135923760,
					"snd_wnd":	141410304,
					"rtt":	61278,
					"rttvar":	18,
					"pmtu":	1500,
					"omitted":	false,
					"sender":	true
				}],
			"sum":	{
				"start":	18.000387,
				"end":	19.00006,
				"seconds":	0.99967300891876221,
				"bytes":	647364608,
				"bits_per_second":	5180610877.5523233,
				"retransmits":	13578,
				"omitted":	false,
				"sender":	true
			}
		}, {
			"streams":	[{
					"socket":	7,
					"start":	19.00006,
					"end":	20.000177,
					"seconds":	1.0001169443130493,
					"bytes":	666894336,
					"bits_per_second":	5334530844.954896,
					"retransmits":	23201,
					"snd_cwnd":	137093744,
					"snd_wnd":	35102720,
					"rtt":	61781,
					"rttvar":	1038,
					"pmtu":	1500,
					"omitted":	false,
					"sender":	true
				}],
			"sum":	{
				"start":	19.00006,
				"end":	20.000177,
				"seconds":	1.0001169443130493,
				"bytes":	666894336,
				"bits_per_second":	5334530844.954896,
				"retransmits":	23201,
				"omitted":	false,
				"sender":	true
			}
		}, {
			"streams":	[{
					"socket":	7,
					"start":	20.000177,
					"end":	21.000306,
					"seconds":	1.0001289844512939,
					"bytes":	666107904,
					"bits_per_second":	5328175980.144803,
					"retransmits":	14461,
					"snd_cwnd":	66534152,
					"snd_wnd":	85958656,
					"rtt":	62206,
					"rttvar":	225,
					"pmtu":	1500,
					"omitted":	false,
					"sender":	true
				}],
			"sum":	{
				"start":	20.000177,
				"end":	21.000306,
				"seconds":	1.0001289844512939,
				"bytes":	666107904,
				"bits_per_second":	5328175980.144803,
				"retransmits":	14461,
				"omitted":	false,
				"sender":	true
			}
		}, {
			"streams":	[{
					"socket":	7,
					"start":	21.000306,
					"end":	22.000111,
					"seconds":	0.999804973602295,
					"bytes":	486408192,
					"bits_per_second":	3892024583.5343065,
					"retransmits":	4869,
					"snd_cwnd":	85688296,
					"snd_wnd":	116314112,
					"rtt":	61652,
					"rttvar":	487,
					"pmtu":	1500,
					"omitted":	false,
					"sender":	true
				}],
			"sum":	{
				"start":	21.000306,
				"end":	22.000111,
				"seconds":	0.999804973602295,
				"bytes":	486408192,
				"bits_per_second":	3892024583.5343065,
				"retransmits":	4869,
				"omitted":	false,
				"sender":	true
			}
		}, {
			"streams":	[{
					"socket":	7,
					"start":	22.000111,
					"end":	23.000123,
					"seconds":	1.0000120401382446,
					"bytes":	811728896,
					"bits_per_second":	6493752982.3163662,
					"retransmits":	12959,
					"snd_cwnd":	140143232,
					"snd_wnd":	117063680,
					"rtt":	61168,
					"rttvar":	34,
					"pmtu":	1500,
					"omitted":	false,
					"sender":	true
				}],
			"sum":	{
				"start":	22.000111,
				"end":	23.000123,
				"seconds":	1.0000120401382446,
				"bytes":	811728896,
				"bits_per_second":	6493752982.3163662,
				"retransmits":	12959,
				"omitted":	false,
				"sender":	true
			}
		}, {
			"streams":	[{
					"socket":	7,
					"start":	23.000123,
					"end":	24.000133,
					"seconds":	1.0000100135803223,
					"bytes":	791412736,
					"bits_per_second":	6331238489.6348448,
					"retransmits":	6215,
					"snd_cwnd":	141110496,
					"snd_wnd":	81125376,
					"rtt":	61640,
					"rttvar":	234,
					"pmtu":	1500,
					"omitted":	false,
					"sender":	true
				}],
			"sum":	{
				"start":	23.000123,
				"end":	24.000133,
				"seconds":	1.0000100135803223,
				"bytes":	791412736,
				"bits_per_second":	6331238489.6348448,
				"retransmits":	6215,
				"omitted":	false,
				"sender":	true
			}
		}, {
			"streams":	[{
					"socket":	7,
					"start":	24.000133,
					"end":	25.000136,
					"seconds":	1.0000029802322388,
					"bytes":	548012032,
					"bits_per_second":	4384083190.4139385,
					"retransmits":	26031,
					"snd_cwnd":	126271392,
					"snd_wnd":	67444736,
					"rtt":	61670,
					"rttvar":	186,
					"pmtu":	1500,
					"omitted":	false,
					"sender":	true
				}],
			"sum":	{
				"start":	24.000133,
				"end":	25.000136,
				"seconds":	1.0000029802322388,
				"bytes":	548012032,
				"bits_per_second":	4384083190.4139385,
				"retransmits":	26031,
				"omitted":	false,
				"sender":	true
			}
		}, {
			"streams":	[{
					"socket":	7,
					"start":	25.000136,
					"end":	26.001054,
					"seconds":	1.0009180307388306,
					"bytes":	642646016,
					"bits_per_second":	5136452706.52686,
					"retransmits":	35077,
					"snd_cwnd":	107473456,
					"snd_wnd":	141365248,
					"rtt":	62048,
					"rttvar":	386,
					"pmtu":	1500,
					"omitted":	false,
					"sender":	true
				}],
			"sum":	{
				"start":	25.000136,
				"end":	26.001054,
				"seconds":	1.0009180307388306,
				"bytes":	642646016,
				"bits_per_second":	5136452706.52686,
				"retransmits":	35077,
				"omitted":	false,
				"sender":	true
			}
		}, {
			"streams":	[{
					"socket":	7,
					"start":	26.001054,
					"end":	27.000092,
					"seconds":	0.9990379810333252,
					"bytes":	610926592,
					"bits_per_second":	4892119047.3107443,
					"retransmits":	15941,
					"snd_cwnd":	114771376,
					"snd_wnd":	47759360,
					"rtt":	62166,
					"rttvar":	556,
					"pmtu":	1500,
					"omitted":	false,
					"sender":	true
				}],
			"sum":	{
				"start":	26.001054,
				"end":	27.000092,
				"seconds":	0.9990379810333252,
				"bytes":	610926592,
				"bits_per_second":	4892119047.3107443,
				"retransmits":	15941,
				"omitted":	false,
				"sender":	true
			}
		}, {
			"streams":	[{
					"socket":	7,
					"start":	27.000092,
					"end":	28.000107,
					"seconds":	1.0000150203704834,
					"bytes":	687341568,
					"bits_per_second":	5498649952.24056,
					"retransmits":	33526,
					"snd_cwnd":	60533640,
					"snd_wnd":	141348864,
					"rtt":	62343,
					"rttvar":	147,
					"pmtu":	1500,
					"omitted":	false,
					"sender":	true
				}],
			"sum":	{
				"start":	27.000092,
				"end":	28.000107,
				"seconds":	1.0000150203704834,
				"bytes":	687341568,
				"bits_per_second":	5498649952.24056,
				"retransmits":	33526,
				"omitted":	false,
				"sender":	true
			}
		}, {
			"streams":	[{
					"socket":	7,
					"start":	28.000107,
					"end":	29.001049,
					"seconds":	1.00094199180603,
					"bytes":	708444160,
					"bits_per_second":	5662219515.6123486,
					"retransmits":	20376,
					"snd_cwnd":	105449152,
					"snd_wnd":	92848128,
					"rtt":	61952,
					"rttvar":	235,
					"pmtu":	1500,
					"omitted":	false,
					"sender":	true
				}],
			"sum":	{
				"start":	28.000107,
				"end":	29.001049,
				"seconds":	1.00094199180603,
				"bytes":	708444160,
				"bits_per_second":	5662219515.6123486,
				"retransmits":	20376,
				"omitted":	false,
				"sender":	true
			}
		}, {
			"streams":	[{
					"socket":	7,
					"start":	29.001049,
					"end":	30.002896,
					"seconds":	1.0018470287323,
					"bytes":	507904000,
					"bits_per_second":	4055740929.9715781,
					"retransmits":	35237,
					"snd_cwnd":	105782192,
					"snd_wnd":	59961344,
					"rtt":	62394,
					"rttvar":	1356,
					"pmtu":	1500,
					"omitted":	false,
					"sender":	true
				}],
			"sum":	{
				"start":	29.001049,
				"end":	30.002896,
				"seconds":	1.0018470287323,
				"bytes":	507904000,
				"bits_per_second":	4055740929.9715781,
				"retransmits":	35237,
				"omitted":	false,
				"sender":	true
			}
		}, {
			"streams":	[{
					"socket":	7,
					"start":	30.002896,
					"end":	31.000052,
					"seconds":	0.997156023979187,
					"bytes":	592838656,
					"bits_per_second":	4756235868.7600842,
					"retransmits":	32829,
					"snd_cwnd":	48364648,
					"snd_wnd":	141410304,
					"rtt":	61912,
					"rttvar":	134,
					"pmtu":	1500,
					"omitted":	false,
					"sender":	true
				}],
			"sum":	{
				"start":	30.002896,
				"end":	31.000052,
				"seconds":	0.997156023979187,
				"bytes":	592838656,
				"bits_per_second":	4756235868.7600842,
				"retransmits":	32829,
				"omitted":	false,
				"sender":	true
			}
		}, {
			"streams":	[{
					"socket":	7,
					"start":	31.000052,
					"end":	32.000097,
					"seconds":	1.0000449419021606,
					"bytes":	566624256,
					"bits_per_second":	4532790335.7802143,
					"retransmits":	9996,
					"snd_cwnd":	5792,
					"snd_wnd":	125530112,
					"rtt":	61880,
					"rttvar":	143,
					"pmtu":	1500,
					"omitted":	false,
					"sender":	true
				}],
			"sum":	{
				"start":	31.000052,
				"end":	32.000097,
				"seconds":	1.0000449419021606,
				"bytes":	566624256,
				"bits_per_second":	4532790335.7802143,
				"retransmits":	9996,
				"omitted":	false,
				"sender":	true
			}
		}, {
			"streams":	[{
					"socket":	7,
					"start":	32.000097,
					"end":	33.000142,
					"seconds":	1.0000449419021606,
					"bytes":	528220160,
					"bits_per_second":	4225571374.7847018,
					"retransmits":	26788,
					"snd_cwnd":	72766344,
					"snd_wnd":	141373440,
					"rtt":	61726,
					"rttvar":	48,
					"pmtu":	1500,
					"omitted":	false,
					"sender":	true
				}],
			"sum":	{
				"start":	32.000097,
				"end":	33.000142,
				"seconds":	1.0000449419021606,
				"bytes":	528220160,
				"bits_per_second":	4225571374.7847018,
				"retransmits":	26788,
				"omitted":	false,
				"sender":	true
			}
		}, {
			"streams":	[{
					"socket":	7,
					"start":	33.000142,
					"end":	34.001378,
					"seconds":	1.0012359619140625,
					"bytes":	533463040,
					"bits_per_second":	4262436111.3053021,
					"retransmits":	25529,
					"snd_cwnd":	117251800,
					"snd_wnd":	48390144,
					"rtt":	62011,
					"rttvar":	716,
					"pmtu":	1500,
					"omitted":	false,
					"sender":	true
				}],
			"sum":	{
				"start":	33.000142,
				"end":	34.001378,
				"seconds":	1.0012359619140625,
				"bytes":	533463040,
				"bits_per_second":	4262436111.3053021,
				"retransmits":	25529,
				"omitted":	false,
				"sender":	true
			}
		}, {
			"streams":	[{
					"socket":	7,
					"start":	34.001378,
					"end":	35.000419,
					"seconds":	0.99904102087020874,
					"bytes":	779616256,
					"bits_per_second":	6242916874.99214,
					"retransmits":	6841,
					"snd_cwnd":	59210168,
					"snd_wnd":	119975936,
					"rtt":	61822,
					"rttvar":	77,
					"pmtu":	1500,
					"omitted":	false,
					"sender":	true
				}],
			"sum":	{
				"start":	34.001378,
				"end":	35.000419,
				"seconds":	0.99904102087020874,
				"bytes":	779616256,
				"bits_per_second":	6242916874.99214,
				"retransmits":	6841,
				"omitted":	false,
				"sender":	true
			}
		}, {
			"streams":	[{
					"socket":	7,
					"start":	35.000419,
					"end":	36.000103,
					"seconds":	0.999683976173401,
					"bytes":	689963008,
					"bits_per_second":	5521448973.4329557,
					"retransmits":	5245,
					"snd_cwnd":	104927872,
					"snd_wnd":	141344768,
					"rtt":	61036,
					"rttvar":	57,
					"pmtu":	1500,
					"omitted":	false,
					"sender":	true
				}],
			"sum":	{
				"start":	35.000419,
				"end":	36.000103,
				"seconds":	0.999683976173401,
				"bytes":	689963008,
				"bits_per_second":	5521448973.4329557,
				"retransmits":	5245,
				"omitted":	false,
				"sender":	true
			}
		}, {
			"streams":	[{
					"socket":	7,
					"start":	36.000103,
					"end":	37.00036,
					"seconds":	1.0002570152282715,
					"bytes":	711852032,
					"bits_per_second":	5693352977.584836,
					"retransmits":	7825,
					"snd_cwnd":	59656152,
					"snd_wnd":	130748416,
					"rtt":	61977,
					"rttvar":	104,
					"pmtu":	1500,
					"omitted":	false,
					"sender":	true
				}],
			"sum":	{
				"start":	36.000103,
				"end":	37.00036,
				"seconds":	1.0002570152282715,
				"bytes":	711852032,
				"bits_per_second":	5693352977.584836,
				"retransmits":	7825,
				"omitted":	false,
				"sender":	true
			}
		}, {
			"streams":	[{
					"socket":	7,
					"start":	37.00036,
					"end":	38.000904,
					"seconds":	1.00054395198822,
					"bytes":	656539648,
					"bits_per_second":	5249461728.8555031,
					"retransmits":	13807,
					"snd_cwnd":	64331744,
					"snd_wnd":	141402112,
					"rtt":	61931,
					"rttvar":	305,
					"pmtu":	1500,
					"omitted":	false,
					"sender":	true
				}],
			"sum":	{
				"start":	37.00036,
				"end":	38.000904,
				"seconds":	1.00054395198822,
				"bytes":	656539648,
				"bits_per_second":	5249461728.8555031,
				"retransmits":	13807,
				"omitted":	false,
				"sender":	true
			}
		}, {
			"streams":	[{
					"socket":	7,
					"start":	38.000904,
					"end":	39.000157,
					"seconds":	0.99925297498703,
					"bytes":	617086976,
					"bits_per_second":	4940386400.2146969,
					"retransmits":	15317,
					"snd_cwnd":	98035392,
					"snd_wnd":	129814528,
					"rtt":	62215,
					"rttvar":	100,
					"pmtu":	1500,
					"omitted":	false,
					"sender":	true
				}],
			"sum":	{
				"start":	38.000904,
				"end":	39.000157,
				"seconds":	0.99925297498703,
				"bytes":	617086976,
				"bits_per_second":	4940386400.2146969,
				"retransmits":	15317,
				"omitted":	false,
				"sender":	true
			}
		}, {
			"streams":	[{
					"socket":	7,
					"start":	39.000157,
					"end":	40.000118,
					"seconds":	0.999961018562317,
					"bytes":	701628416,
					"bits_per_second":	5613246140.4046221,
					"retransmits":	14793,
					"snd_cwnd":	58746808,
					"snd_wnd":	141348864,
					"rtt":	62262,
					"rttvar":	131,
					"pmtu":	1500,
					"omitted":	false,
					"sender":	true
				}],
			"sum":	{
				"start":	39.000157,
				"end":	40.000118,
				"seconds":	0.999961018562317,
				"bytes":	701628416,
				"bits_per_second":	5613246140.4046221,
				"retransmits":	14793,
				"omitted":	false,
				"sender":	true
			}
		}, {
			"streams":	[{
					"socket":	7,
					"start":	40.000118,
					"end":	41.000252,
					"seconds":	1.0001339912414551,
					"bytes":	741212160,
					"bits_per_second":	5928902858.9454632,
					"retransmits":	23710,
					"snd_cwnd":	55548176,
					"snd_wnd":	141410304,
					"rtt":	63833,
					"rttvar":	411,
					"pmtu":	1500,
					"omitted":	false,
					"sender":	true
				}],
			"sum":	{
				"start":	40.000118,
				"end":	41.000252,
				"seconds":	1.0001339912414551,
				"bytes":	741212160,
				"bits_per_second":	5928902858.9454632,
				"retransmits":	23710,
				"omitted":	false,
				"sender":	true
			}
		}, {
			"streams":	[{
					"socket":	7,
					"start":	41.000252,
					"end":	42.00046,
					"seconds":	1.0002080202102661,
					"bytes":	529530880,
					"bits_per_second":	4235365998.2744851,
					"retransmits":	24864,
					"snd_cwnd":	61676112,
					"snd_wnd":	132075520,
					"rtt":	61542,
					"rttvar":	173,
					"pmtu":	1500,
					"omitted":	false,
					"sender":	true
				}],
			"sum":	{
				"start":	41.000252,
				"end":	42.00046,
				"seconds":	1.0002080202102661,
				"bytes":	529530880,
				"bits_per_second":	4235365998.2744851,
				"retransmits":	24864,
				"omitted":	false,
				"sender":	true
			}
		}, {
			"streams":	[{
					"socket":	7,
					"start":	42.00046,
					"end":	43.000081,
					"seconds":	0.99962097406387329,
					"bytes":	470286336,
					"bits_per_second":	3763717234.448103,
					"retransmits":	32304,
					"snd_cwnd":	111383056,
					"snd_wnd":	141410304,
					"rtt":	62100,
					"rttvar":	14,
					"pmtu":	1500,
					"omitted":	false,
					"sender":	true
				}],
			"sum":	{
				"start":	42.00046,
				"end":	43.000081,
				"seconds":	0.99962097406387329,
				"bytes":	470286336,
				"bits_per_second":	3763717234.448103,
				"retransmits":	32304,
				"omitted":	false,
				"sender":	true
			}
		}, {
			"streams":	[{
					"socket":	7,
					"start":	43.000081,
					"end":	44.000093,
					"seconds":	1.0000120401382446,
					"bytes":	566886400,
					"bits_per_second":	4535036597.53242,
					"retransmits":	24915,
					"snd_cwnd":	74964408,
					"snd_wnd":	106409984,
					"rtt":	61143,
					"rttvar":	97,
					"pmtu":	1500,
					"omitted":	false,
					"sender":	true
				}],
			"sum":	{
				"start":	43.000081,
				"end":	44.000093,
				"seconds":	1.0000120401382446,
				"bytes":	566886400,
				"bits_per_second":	4535036597.53242,
				"retransmits":	24915,
				"omitted":	false,
				"sender":	true
			}
		}, {
			"streams":	[{
					"socket":	7,
					"start":	44.000093,
					"end":	45.000056,
					"seconds":	0.99996298551559448,
					"bytes":	664403968,
					"bits_per_second":	5315428491.84502,
					"retransmits":	12790,
					"snd_cwnd":	108284336,
					"snd_wnd":	141344768,
					"rtt":	60932,
					"rttvar":	32,
					"pmtu":	1500,
					"omitted":	false,
					"sender":	true
				}],
			"sum":	{
				"start":	44.000093,
				"end":	45.000056,
				"seconds":	0.99996298551559448,
				"bytes":	664403968,
				"bits_per_second":	5315428491.84502,
				"retransmits":	12790,
				"omitted":	false,
				"sender":	true
			}
		}, {
			"streams":	[{
					"socket":	7,
					"start":	45.000056,
					"end":	46.000138,
					"seconds":	1.0000820159912109,
					"bytes":	572522496,
					"bits_per_second":	4579804350.8066168,
					"retransmits":	33550,
					"snd_cwnd":	129691568,
					"snd_wnd":	106270720,
					"rtt":	61125,
					"rttvar":	324,
					"pmtu":	1500,
					"omitted":	false,
					"sender":	true
				}],
			"sum":	{
				"start":	45.000056,
				"end":	46.000138,
				"seconds":	1.0000820159912109,
				"bytes":	572522496,
				"bits_per_second":	4579804350.8066168,
				"retransmits":	33550,
				"omitted":	false,
				"sender":	true
			}
		}, {
			"streams":	[{
					"socket":	7,
					"start":	46.000138,
					"end":	47.001408,
					"seconds":	1.001270055770874,
					"bytes":	553123840,
					"bits_per_second":	4419377863.64061,
					"retransmits":	20800,
					"snd_cwnd":	112028864,
					"snd_wnd":	109887488,
					"rtt":	61602,
					"rttvar":	332,
					"pmtu":	1500,
					"omitted":	false,
					"sender":	true
				}],
			"sum":	{
				"start":	46.000138,
				"end":	47.001408,
				"seconds":	1.001270055770874,
				"bytes":	553123840,
				"bits_per_second":	4419377863.64061,
				"retransmits":	20800,
				"omitted":	false,
				"sender":	true
			}
		}, {
			"streams":	[{
					"socket":	7,
					"start":	47.001408,
					"end":	48.000098,
					"seconds":	0.99869000911712646,
					"bytes":	673710080,
					"bits_per_second":	5396750333.7343369,
					"retransmits":	38533,
					"snd_cwnd":	121296064,
					"snd_wnd":	39788544,
					"rtt":	62273,
					"rttvar":	989,
					"pmtu":	1500,
					"omitted":	false,
					"sender":	true
				}],
			"sum":	{
				"start":	47.001408,
				"end":	48.000098,
				"seconds":	0.99869000911712646,
				"bytes":	673710080,
				"bits_per_second":	5396750333.7343369,
				"retransmits":	38533,
				"omitted":	false,
				"sender":	true
			}
		}, {
			"streams":	[{
					"socket":	7,
					"start":	48.000098,
					"end":	49.000175,
					"seconds":	1.00007700920105,
					"bytes":	751435776,
					"bits_per_second":	6011023303.8978748,
					"retransmits":	23369,
					"snd_cwnd":	118738896,
					"snd_wnd":	141344768,
					"rtt":	60997,
					"rttvar":	45,
					"pmtu":	1500,
					"omitted":	false,
					"sender":	true
				}],
			"sum":	{
				"start":	48.000098,
				"end":	49.000175,
				"seconds":	1.00007700920105,
				"bytes":	751435776,
				"bits_per_second":	6011023303.8978748,
				"retransmits":	23369,
				"omitted":	false,
				"sender":	true
			}
		}, {
			"streams":	[{
					"socket":	7,
					"start":	49.000175,
					"end":	50.000818,
					"seconds":	1.0006430149078369,
					"bytes":	761004032,
					"bits_per_second":	6084120076.090004,
					"retransmits":	9075,
					"snd_cwnd":	108070032,
					"snd_wnd":	141344768,
					"rtt":	61181,
					"rttvar":	42,
					"pmtu":	1500,
					"omitted":	false,
					"sender":	true
				}],
			"sum":	{
				"start":	49.000175,
				"end":	50.000818,
				"seconds":	1.0006430149078369,
				"bytes":	761004032,
				"bits_per_second":	6084120076.090004,
				"retransmits":	9075,
				"omitted":	false,
				"sender":	true
			}
		}, {
			"streams":	[{
					"socket":	7,
					"start":	50.000818,
					"end":	51.000078,
					"seconds":	0.99926000833511353,
					"bytes":	648282112,
					"bits_per_second":	5190097524.90838,
					"retransmits":	6554,
					"snd_cwnd":	59482392,
					"snd_wnd":	141381632,
					"rtt":	61860,
					"rttvar":	259,
					"pmtu":	1500,
					"omitted":	false,
					"sender":	true
				}],
			"sum":	{
				"start":	50.000818,
				"end":	51.000078,
				"seconds":	0.99926000833511353,
				"bytes":	648282112,
				"bits_per_second":	5190097524.90838,
				"retransmits":	6554,
				"omitted":	false,
				"sender":	true
			}
		}, {
			"streams":	[{
					"socket":	7,
					"start":	51.000078,
					"end":	52.000658,
					"seconds":	1.0005799531936646,
					"bytes":	713555968,
					"bits_per_second":	5705139030.39902,
					"retransmits":	33376,
					"snd_cwnd":	119428144,
					"snd_wnd":	86667264,
					"rtt":	61044,
					"rttvar":	21,
					"pmtu":	1500,
					"omitted":	false,
					"sender":	true
				}],
			"sum":	{
				"start":	51.000078,
				"end":	52.000658,
				"seconds":	1.0005799531936646,
				"bytes":	713555968,
				"bits_per_second":	5705139030.39902,
				"retransmits":	33376,
				"omitted":	false,
				"sender":	true
			}
		}, {
			"streams":	[{
					"socket":	7,
					"start":	52.000658,
					"end":	53.00026,
					"seconds":	0.99960201978683472,
					"bytes":	580780032,
					"bits_per_second":	4648090103.890358,
					"retransmits":	17695,
					"snd_cwnd":	130305520,
					"snd_wnd":	141307904,
					"rtt":	62007,
					"rttvar":	193,
					"pmtu":	1500,
					"omitted":	false,
					"sender":	true
				}],
			"sum":	{
				"start":	52.000658,
				"end":	53.00026,
				"seconds":	0.99960201978683472,
				"bytes":	580780032,
				"bits_per_second":	4648090103.890358,
				"retransmits":	17695,
				"omitted":	false,
				"sender":	true
			}
		}, {
			"streams":	[{
					"socket":	7,
					"start":	53.00026,
					"end":	54.00014,
					"seconds":	0.999880015850067,
					"bytes":	414580736,
					"bits_per_second":	3317043880.6903148,
					"retransmits":	30858,
					"snd_cwnd":	61719552,
					"snd_wnd":	136232960,
					"rtt":	62728,
					"rttvar":	231,
					"pmtu":	1500,
					"omitted":	false,
					"sender":	true
				}],
			"sum":	{
				"start":	53.00026,
				"end":	54.00014,
				"seconds":	0.999880015850067,
				"bytes":	414580736,
				"bits_per_second":	3317043880.6903148,
				"retransmits":	30858,
				"omitted":	false,
				"sender":	true
			}
		}, {
			"streams":	[{
					"socket":	7,
					"start":	54.00014,
					"end":	55.000105,
					"seconds":	0.999965012073517,
					"bytes":	625213440,
					"bits_per_second":	5001882525.49808,
					"retransmits":	39950,
					"snd_cwnd":	99421128,
					"snd_wnd":	95727616,
					"rtt":	61447,
					"rttvar":	391,
					"pmtu":	1500,
					"omitted":	false,
					"sender":	true
				}],
			"sum":	{
				"start":	54.00014,
				"end":	55.000105,
				"seconds":	0.999965012073517,
				"bytes":	625213440,
				"bits_per_second":	5001882525.49808,
				"retransmits":	39950,
				"omitted":	false,
				"sender":	true
			}
		}, {
			"streams":	[{
					"socket":	7,
					"start":	55.000105,
					"end":	56.00012,
					"seconds":	1.0000150203704834,
					"bytes":	583139328,
					"bits_per_second":	4665044553.3024874,
					"retransmits":	35654,
					"snd_cwnd":	117050528,
					"snd_wnd":	132468736,
					"rtt":	62422,
					"rttvar":	211,
					"pmtu":	1500,
					"omitted":	false,
					"sender":	true
				}],
			"sum":	{
				"start":	55.000105,
				"end":	56.00012,
				"seconds":	1.0000150203704834,
				"bytes":	583139328,
				"bits_per_second":	4665044553.3024874,
				"retransmits":	35654,
				"omitted":	false,
				"sender":	true
			}
		}, {
			"streams":	[{
					"socket":	7,
					"start":	56.00012,
					"end":	57.000109,
					"seconds":	0.99998897314071655,
					"bytes":	497942528,
					"bits_per_second":	3983584150.42187,
					"retransmits":	54221,
					"snd_cwnd":	113175680,
					"snd_wnd":	76161024,
					"rtt":	63487,
					"rttvar":	1883,
					"pmtu":	1500,
					"omitted":	false,
					"sender":	true
				}],
			"sum":	{
				"start":	56.00012,
				"end":	57.000109,
				"seconds":	0.99998897314071655,
				"bytes":	497942528,
				"bits_per_second":	3983584150.42187,
				"retransmits":	54221,
				"omitted":	false,
				"sender":	true
			}
		}, {
			"streams":	[{
					"socket":	7,
					"start":	57.000109,
					"end":	58.000046,
					"seconds":	0.99993699789047241,
					"bytes":	433324032,
					"bits_per_second":	3466810672.3856931,
					"retransmits":	25057,
					"snd_cwnd":	4901480,
					"snd_wnd":	5435392,
					"rtt":	93433,
					"rttvar":	11443,
					"pmtu":	1500,
					"omitted":	false,
					"sender":	true
				}],
			"sum":	{
				"start":	57.000109,
				"end":	58.000046,
				"seconds":	0.99993699789047241,
				"bytes":	433324032,
				"bits_per_second":	3466810672.3856931,
				"retransmits":	25057,
				"omitted":	false,
				"sender":	true
			}
		}, {
			"streams":	[{
					"socket":	7,
					"start":	58.000046,
					"end":	59.000983,
					"seconds":	1.0009369850158691,
					"bytes":	50331648,
					"bits_per_second":	402276257.17478728,
					"retransmits":	900,
					"snd_cwnd":	29104800,
					"snd_wnd":	8974336,
					"rtt":	66253,
					"rttvar":	2798,
					"pmtu":	1500,
					"omitted":	false,
					"sender":	true
				}],
			"sum":	{
				"start":	58.000046,
				"end":	59.000983,
				"seconds":	1.0009369850158691,
				"bytes":	50331648,
				"bits_per_second":	402276257.17478728,
				"retransmits":	900,
				"omitted":	false,
				"sender":	true
			}
		}, {
			"streams":	[{
					"socket":	7,
					"start":	59.000983,
					"end":	60.001045,
					"seconds":	1.0000619888305664,
					"bytes":	48365568,
					"bits_per_second":	386900560.48671,
					"retransmits":	0,
					"snd_cwnd":	28073824,
					"snd_wnd":	303104,
					"rtt":	63610,
					"rttvar":	3415,
					"pmtu":	1500,
					"omitted":	false,
					"sender":	true
				}],
			"sum":	{
				"start":	59.000983,
				"end":	60.001045,
				"seconds":	1.0000619888305664,
				"bytes":	48365568,
				"bits_per_second":	386900560.48671,
				"retransmits":	0,
				"omitted":	false,
				"sender":	true
			}
		}, {
			"streams":	[{
					"socket":	7,
					"start":	60.001045,
					"end":	61.000227,
					"seconds":	0.99918198585510254,
					"bytes":	97910784,
					"bits_per_second":	783927535.81286955,
					"retransmits":	0,
					"snd_cwnd":	29669520,
					"snd_wnd":	128397312,
					"rtt":	60969,
					"rttvar":	62,
					"pmtu":	1500,
					"omitted":	false,
					"sender":	true
				}],
			"sum":	{
				"start":	60.001045,
				"end":	61.000227,
				"seconds":	0.99918198585510254,
				"bytes":	97910784,
				"bits_per_second":	783927535.81286955,
				"retransmits":	0,
				"omitted":	false,
				"sender":	true
			}
		}, {
			"streams":	[{
					"socket":	7,
					"start":	61.000227,
					"end":	62.000636,
					"seconds":	1.0004090070724487,
					"bytes":	349175808,
					"bits_per_second":	2792264408.1089368,
					"retransmits":	1773,
					"snd_cwnd":	52410360,
					"snd_wnd":	141389824,
					"rtt":	62019,
					"rttvar":	269,
					"pmtu":	1500,
					"omitted":	false,
					"sender":	true
				}],
			"sum":	{
				"start":	61.000227,
				"end":	62.000636,
				"seconds":	1.0004090070724487,
				"bytes":	349175808,
				"bits_per_second":	2792264408.1089368,
				"retransmits":	1773,
				"omitted":	false,
				"sender":	true
			}
		}, {
			"streams":	[{
					"socket":	7,
					"start":	62.000636,
					"end":	63.001038,
					"seconds":	1.0004019737243652,
					"bytes":	722337792,
					"bits_per_second":	5776380382.86415,
					"retransmits":	22229,
					"snd_cwnd":	117913536,
					"snd_wnd":	114913280,
					"rtt":	61646,
					"rttvar":	551,
					"pmtu":	1500,
					"omitted":	false,
					"sender":	true
				}],
			"sum":	{
				"start":	62.000636,
				"end":	63.001038,
				"seconds":	1.0004019737243652,
				"bytes":	722337792,
				"bits_per_second":	5776380382.86415,
				"retransmits":	22229,
				"omitted":	false,
				"sender":	true
			}
		}, {
			"streams":	[{
					"socket":	7,
					"start":	63.001038,
					"end":	64.000113,
					"seconds":	0.99907499551773071,
					"bytes":	384565248,
					"bits_per_second":	3079370415.4368467,
					"retransmits":	21670,
					"snd_cwnd":	5792,
					"snd_wnd":	106311680,
					"rtt":	61685,
					"rttvar":	421,
					"pmtu":	1500,
					"omitted":	false,
					"sender":	true
				}],
			"sum":	{
				"start":	63.001038,
				"end":	64.000113,
				"seconds":	0.99907499551773071,
				"bytes":	384565248,
				"bits_per_second":	3079370415.4368467,
				"retransmits":	21670,
				"omitted":	false,
				"sender":	true
			}
		}, {
			"streams":	[{
					"socket":	7,
					"start":	64.000113,
					"end":	65.000508,
					"seconds":	1.0003950595855713,
					"bytes":	474742784,
					"bits_per_second":	3796442451.0186553,
					"retransmits":	31018,
					"snd_cwnd":	111435184,
					"snd_wnd":	101425152,
					"rtt":	62546,
					"rttvar":	381,
					"pmtu":	1500,
					"omitted":	false,
					"sender":	true
				}],
			"sum":	{
				"start":	64.000113,
				"end":	65.000508,
				"seconds":	1.0003950595855713,
				"bytes":	474742784,
				"bits_per_second":	3796442451.0186553,
				"retransmits":	31018,
				"omitted":	false,
				"sender":	true
			}
		}, {
			"streams":	[{
					"socket":	7,
					"start":	65.000508,
					"end":	66.000099,
					"seconds":	0.99959099292755127,
					"bytes":	487194624,
					"bits_per_second":	3899151772.6515656,
					"retransmits":	37848,
					"snd_cwnd":	127554320,
					"snd_wnd":	93376512,
					"rtt":	62259,
					"rttvar":	324,
					"pmtu":	1500,
					"omitted":	false,
					"sender":	true
				}],
			"sum":	{
				"start":	65.000508,
				"end":	66.000099,
				"seconds":	0.99959099292755127,
				"bytes":	487194624,
				"bits_per_second":	3899151772.6515656,
				"retransmits":	37848,
				"omitted":	false,
				"sender":	true
			}
		}, {
			"streams":	[{
					"socket":	7,
					"start":	66.000099,
					"end":	67.000122,
					"seconds":	1.0000230073928833,
					"bytes":	542375936,
					"bits_per_second":	4338907661.0467577,
					"retransmits":	48361,
					"snd_cwnd":	91613512,
					"snd_wnd":	138104832,
					"rtt":	61894,
					"rttvar":	75,
					"pmtu":	1500,
					"omitted":	false,
					"sender":	true
				}],
			"sum":	{
				"start":	66.000099,
				"end":	67.000122,
				"seconds":	1.0000230073928833,
				"bytes":	542375936,
				"bits_per_second":	4338907661.0467577,
				"retransmits":	48361,
				"omitted":	false,
				"sender":	true
			}
		}, {
			"streams":	[{
					"socket":	7,
					"start":	67.000122,
					"end":	68.000349,
					"seconds":	1.0002269744873047,
					"bytes":	616562688,
					"bits_per_second":	4931382206.0520782,
					"retransmits":	26889,
					"snd_cwnd":	107681968,
					"snd_wnd":	107667456,
					"rtt":	62263,
					"rttvar":	157,
					"pmtu":	1500,
					"omitted":	false,
					"sender":	true
				}],
			"sum":	{
				"start":	67.000122,
				"end":	68.000349,
				"seconds":	1.0002269744873047,
				"bytes":	616562688,
				"bits_per_second":	4931382206.0520782,
				"retransmits":	26889,
				"omitted":	false,
				"sender":	true
			}
		}, {
			"streams":	[{
					"socket":	7,
					"start":	68.000349,
					"end":	69.001037,
					"seconds":	1.0006879568099976,
					"bytes":	510525440,
					"bits_per_second":	4081395696.0366168,
					"retransmits":	25179,
					"snd_cwnd":	98993968,
					"snd_wnd":	80437248,
					"rtt":	61882,
					"rttvar":	676,
					"pmtu":	1500,
					"omitted":	false,
					"sender":	true
				}],
			"sum":	{
				"start":	68.000349,
				"end":	69.001037,
				"seconds":	1.0006879568099976,
				"bytes":	510525440,
				"bits_per_second":	4081395696.0366168,
				"retransmits":	25179,
				"omitted":	false,
				"sender":	true
			}
		}, {
			"streams":	[{
					"socket":	7,
					"start":	69.001037,
					"end":	70.00007,
					"seconds":	0.999032974243164,
					"bytes":	470810624,
					"bits_per_second":	3770130805.5956516,
					"retransmits":	39807,
					"snd_cwnd":	99726656,
					"snd_wnd":	110014464,
					"rtt":	61765,
					"rttvar":	351,
					"pmtu":	1500,
					"omitted":	false,
					"sender":	true
				}],
			"sum":	{
				"start":	69.001037,
				"end":	70.00007,
				"seconds":	0.999032974243164,
				"bytes":	470810624,
				"bits_per_second":	3770130805.5956516,
				"retransmits":	39807,
				"omitted":	false,
				"sender":	true
			}
		}, {
			"streams":	[{
					"socket":	7,
					"start":	70.00007,
					"end":	71.000592,
					"seconds":	1.0005220174789429,
					"bytes":	407764992,
					"bits_per_second":	3260417940.84622,
					"retransmits":	41929,
					"snd_cwnd":	85038144,
					"snd_wnd":	111366144,
					"rtt":	62198,
					"rttvar":	163,
					"pmtu":	1500,
					"omitted":	false,
					"sender":	true
				}],
			"sum":	{
				"start":	70.00007,
				"end":	71.000592,
				"seconds":	1.0005220174789429,
				"bytes":	407764992,
				"bits_per_second":	3260417940.84622,
				"retransmits":	41929,
				"omitted":	false,
				"sender":	true
			}
		}, {
			"streams":	[{
					"socket":	7,
					"start":	71.000592,
					"end":	72.000152,
					"seconds":	0.999559998512268,
					"bytes":	462422016,
					"bits_per_second":	3701004575.519331,
					"retransmits":	38120,
					"snd_cwnd":	63487560,
					"snd_wnd":	112996352,
					"rtt":	61892,
					"rttvar":	180,
					"pmtu":	1500,
					"omitted":	false,
					"sender":	true
				}],
			"sum":	{
				"start":	71.000592,
				"end":	72.000152,
				"seconds":	0.999559998512268,
				"bytes":	462422016,
				"bits_per_second":	3701004575.519331,
				"retransmits":	38120,
				"omitted":	false,
				"sender":	true
			}
		}, {
			"streams":	[{
					"socket":	7,
					"start":	72.000152,
					"end":	73.000154,
					"seconds":	1.0000020265579224,
					"bytes":	544342016,
					"bits_per_second":	4354727302.8928843,
					"retransmits":	36706,
					"snd_cwnd":	79819552,
					"snd_wnd":	104820736,
					"rtt":	62309,
					"rttvar":	117,
					"pmtu":	1500,
					"omitted":	false,
					"sender":	true
				}],
			"sum":	{
				"start":	72.000152,
				"end":	73.000154,
				"seconds":	1.0000020265579224,
				"bytes":	544342016,
				"bits_per_second":	4354727302.8928843,
				"retransmits":	36706,
				"omitted":	false,
				"sender":	true
			}
		}, {
			"streams":	[{
					"socket":	7,
					"start":	73.000154,
					"end":	74.000097,
					"seconds":	0.99994301795959473,
					"bytes":	467795968,
					"bits_per_second":	3742581003.9019842,
					"retransmits":	28426,
					"snd_cwnd":	88507552,
					"snd_wnd":	71733248,
					"rtt":	61051,
					"rttvar":	106,
					"pmtu":	1500,
					"omitted":	false,
					"sender":	true
				}],
			"sum":	{
				"start":	73.000154,
				"end":	74.000097,
				"seconds":	0.99994301795959473,
				"bytes":	467795968,
				"bits_per_second":	3742581003.9019842,
				"retransmits":	28426,
				"omitted":	false,
				"sender":	true
			}
		}, {
			"streams":	[{
					"socket":	7,
					"start":	74.000097,
					"end":	75.000136,
					"seconds":	1.0000389814376831,
					"bytes":	378667008,
					"bits_per_second":	3029217980.7280555,
					"retransmits":	6336,
					"snd_cwnd":	50804528,
					"snd_wnd":	117415936,
					"rtt":	62355,
					"rttvar":	210,
					"pmtu":	1500,
					"omitted":	false,
					"sender":	true
				}],
			"sum":	{
				"start":	74.000097,
				"end":	75.000136,
				"seconds":	1.0000389814376831,
				"bytes":	378667008,
				"bits_per_second":	3029217980.7280555,
				"retransmits":	6336,
				"omitted":	false,
				"sender":	true
			}
		}, {
			"streams":	[{
					"socket":	7,
					"start":	75.000136,
					"end":	76.001114,
					"seconds":	1.0009779930114746,
					"bytes":	607387648,
					"bits_per_second":	4854353660.04525,
					"retransmits":	20828,
					"snd_cwnd":	89321328,
					"snd_wnd":	94887936,
					"rtt":	61573,
					"rttvar":	532,
					"pmtu":	1500,
					"omitted":	false,
					"sender":	true
				}],
			"sum":	{
				"start":	75.000136,
				"end":	76.001114,
				"seconds":	1.0009779930114746,
				"bytes":	607387648,
				"bits_per_second":	4854353660.04525,
				"retransmits":	20828,
				"omitted":	false,
				"sender":	true
			}
		}, {
			"streams":	[{
					"socket":	7,
					"start":	76.001114,
					"end":	77.000179,
					"seconds":	0.99906498193740845,
					"bytes":	509870080,
					"bits_per_second":	4082778111.2796,
					"retransmits":	21447,
					"snd_cwnd":	46133280,
					"snd_wnd":	129753088,
					"rtt":	62470,
					"rttvar":	276,
					"pmtu":	1500,
					"omitted":	false,
					"sender":	true
				}],
			"sum":	{
				"start":	76.001114,
				"end":	77.000179,
				"seconds":	0.99906498193740845,
				"bytes":	509870080,
				"bits_per_second":	4082778111.2796,
				"retransmits":	21447,
				"omitted":	false,
				"sender":	true
			}
		}, {
			"streams":	[{
					"socket":	7,
					"start":	77.000179,
					"end":	78.000157,
					"seconds":	0.999978005886078,
					"bytes":	505544704,
					"bits_per_second":	4044446586.0189648,
					"retransmits":	13241,
					"snd_cwnd":	42940440,
					"snd_wnd":	141156352,
					"rtt":	62457,
					"rttvar":	173,
					"pmtu":	1500,
					"omitted":	false,
					"sender":	true
				}],
			"sum":	{
				"start":	77.000179,
				"end":	78.000157,
				"seconds":	0.999978005886078,
				"bytes":	505544704,
				"bits_per_second":	4044446586.0189648,
				"retransmits":	13241,
				"omitted":	false,
				"sender":	true
			}
		}, {
			"streams":	[{
					"socket":	7,
					"start":	78.000157,
					"end":	79.000123,
					"seconds":	0.999966025352478,
					"bytes":	363593728,
					"bits_per_second":	2908848651.1076159,
					"retransmits":	33801,
					"snd_cwnd":	83207872,
					"snd_wnd":	104169472,
					"rtt":	62175,
					"rttvar":	396,
					"pmtu":	1500,
					"omitted":	false,
					"sender":	true
				}],
			"sum":	{
				"start":	78.000157,
				"end":	79.000123,
				"seconds":	0.999966025352478,
				"bytes":	363593728,
				"bits_per_second":	2908848651.1076159,
				"retransmits":	33801,
				"omitted":	false,
				"sender":	true
			}
		}, {
			"streams":	[{
					"socket":	7,
					"start":	79.000123,
					"end":	80.000092,
					"seconds":	0.9999690055847168,
					"bytes":	517210112,
					"bits_per_second":	4137809144.9750018,
					"retransmits":	22223,
					"snd_cwnd":	79689232,
					"snd_wnd":	96481280,
					"rtt":	62328,
					"rttvar":	114,
					"pmtu":	1500,
					"omitted":	false,
					"sender":	true
				}],
			"sum":	{
				"start":	79.000123,
				"end":	80.000092,
				"seconds":	0.9999690055847168,
				"bytes":	517210112,
				"bits_per_second":	4137809144.9750018,
				"retransmits":	22223,
				"omitted":	false,
				"sender":	true
			}
		}, {
			"streams":	[{
					"socket":	7,
					"start":	80.000092,
					"end":	81.000134,
					"seconds":	1.0000419616699219,
					"bytes":	493486080,
					"bits_per_second":	3947722986.9510784,
					"retransmits":	21804,
					"snd_cwnd":	42097704,
					"snd_wnd":	140713984,
					"rtt":	62589,
					"rttvar":	409,
					"pmtu":	1500,
					"omitted":	false,
					"sender":	true
				}],
			"sum":	{
				"start":	80.000092,
				"end":	81.000134,
				"seconds":	1.0000419616699219,
				"bytes":	493486080,
				"bits_per_second":	3947722986.9510784,
				"retransmits":	21804,
				"omitted":	false,
				"sender":	true
			}
		}, {
			"streams":	[{
					"socket":	7,
					"start":	81.000134,
					"end":	82.000145,
					"seconds":	1.0000109672546387,
					"bytes":	469106688,
					"bits_per_second":	3752812345.9513907,
					"retransmits":	26966,
					"snd_cwnd":	73882752,
					"snd_wnd":	99737600,
					"rtt":	62318,
					"rttvar":	438,
					"pmtu":	1500,
					"omitted":	false,
					"sender":	true
				}],
			"sum":	{
				"start":	81.000134,
				"end":	82.000145,
				"seconds":	1.0000109672546387,
				"bytes":	469106688,
				"bits_per_second":	3752812345.9513907,
				"retransmits":	26966,
				"omitted":	false,
				"sender":	true
			}
		}, {
			"streams":	[{
					"socket":	7,
					"start":	82.000145,
					"end":	83.001048,
					"seconds":	1.0009030103683472,
					"bytes":	298975232,
					"bits_per_second":	2389643982.7069573,
					"retransmits":	44274,
					"snd_cwnd":	62820032,
					"snd_wnd":	94957568,
					"rtt":	62121,
					"rttvar":	346,
					"pmtu":	1500,
					"omitted":	false,
					"sender":	true
				}],
			"sum":	{
				"start":	82.000145,
				"end":	83.001048,
				"seconds":	1.0009030103683472,
				"bytes":	298975232,
				"bits_per_second":	2389643982.7069573,
				"retransmits":	44274,
				"omitted":	false,
				"sender":	true
			}
		}, {
			"streams":	[{
					"socket":	7,
					"start":	83.001048,
					"end":	84.001043,
					"seconds":	0.999994993209839,
					"bytes":	481034240,
					"bits_per_second":	3848293187.5964689,
					"retransmits":	23797,
					"snd_cwnd":	77502752,
					"snd_wnd":	90484736,
					"rtt":	61981,
					"rttvar":	297,
					"pmtu":	1500,
					"omitted":	false,
					"sender":	true
				}],
			"sum":	{
				"start":	83.001048,
				"end":	84.001043,
				"seconds":	0.999994993209839,
				"bytes":	481034240,
				"bits_per_second":	3848293187.5964689,
				"retransmits":	23797,
				"omitted":	false,
				"sender":	true
			}
		}, {
			"streams":	[{
					"socket":	7,
					"start":	84.001043,
					"end":	85.0001,
					"seconds":	0.99905699491500854,
					"bytes":	560070656,
					"bits_per_second":	4484794431.9544744,
					"retransmits":	23790,
					"snd_cwnd":	108637648,
					"snd_wnd":	128303104,
					"rtt":	62141,
					"rttvar":	142,
					"pmtu":	1500,
					"omitted":	false,
					"sender":	true
				}],
			"sum":	{
				"start":	84.001043,
				"end":	85.0001,
				"seconds":	0.99905699491500854,
				"bytes":	560070656,
				"bits_per_second":	4484794431.9544744,
				"retransmits":	23790,
				"omitted":	false,
				"sender":	true
			}
		}, {
			"streams":	[{
					"socket":	7,
					"start":	85.0001,
					"end":	86.000887,
					"seconds":	1.0007870197296143,
					"bytes":	474742784,
					"bits_per_second":	3794955567.0956864,
					"retransmits":	35637,
					"snd_cwnd":	5792,
					"snd_wnd":	141344768,
					"rtt":	62270,
					"rttvar":	192,
					"pmtu":	1500,
					"omitted":	false,
					"sender":	true
				}],
			"sum":	{
				"start":	85.0001,
				"end":	86.000887,
				"seconds":	1.0007870197296143,
				"bytes":	474742784,
				"bits_per_second":	3794955567.0956864,
				"retransmits":	35637,
				"omitted":	false,
				"sender":	true
			}
		}, {
			"streams":	[{
					"socket":	7,
					"start":	86.000887,
					"end":	87.00023,
					"seconds":	0.999342978000641,
					"bytes":	302645248,
					"bits_per_second":	2422753786.5367851,
					"retransmits":	45991,
					"snd_cwnd":	49957448,
					"snd_wnd":	141357056,
					"rtt":	62427,
					"rttvar":	65,
					"pmtu":	1500,
					"omitted":	false,
					"sender":	true
				}],
			"sum":	{
				"start":	86.000887,
				"end":	87.00023,
				"seconds":	0.999342978000641,
				"bytes":	302645248,
				"bits_per_second":	2422753786.5367851,
				"retransmits":	45991,
				"omitted":	false,
				"sender":	true
			}
		}, {
			"streams":	[{
					"socket":	7,
					"start":	87.00023,
					"end":	88.001185,
					"seconds":	1.0009549856185913,
					"bytes":	366477312,
					"bits_per_second":	2929021322.7602167,
					"retransmits":	44048,
					"snd_cwnd":	51256304,
					"snd_wnd":	141344768,
					"rtt":	60974,
					"rttvar":	60,
					"pmtu":	1500,
					"omitted":	false,
					"sender":	true
				}],
			"sum":	{
				"start":	87.00023,
				"end":	88.001185,
				"seconds":	1.0009549856185913,
				"bytes":	366477312,
				"bits_per_second":	2929021322.7602167,
				"retransmits":	44048,
				"omitted":	false,
				"sender":	true
			}
		}, {
			"streams":	[{
					"socket":	7,
					"start":	88.001185,
					"end":	89.001078,
					"seconds":	0.99989300966262817,
					"bytes":	350355456,
					"bits_per_second":	2803143557.2748947,
					"retransmits":	9928,
					"snd_cwnd":	46614016,
					"snd_wnd":	141344768,
					"rtt":	60959,
					"rttvar":	62,
					"pmtu":	1500,
					"omitted":	false,
					"sender":	true
				}],
			"sum":	{
				"start":	88.001185,
				"end":	89.001078,
				"seconds":	0.99989300966262817,
				"bytes":	350355456,
				"bits_per_second":	2803143557.2748947,
				"retransmits":	9928,
				"omitted":	false,
				"sender":	true
			}
		}, {
			"streams":	[{
					"socket":	7,
					"start":	89.001078,
					"end":	90.001064,
					"seconds":	0.99998599290847778,
					"bytes":	291241984,
					"bits_per_second":	2329968508.0821366,
					"retransmits":	3765,
					"snd_cwnd":	45849472,
					"snd_wnd":	117190656,
					"rtt":	61372,
					"rttvar":	338,
					"pmtu":	1500,
					"omitted":	false,
					"sender":	true
				}],
			"sum":	{
				"start":	89.001078,
				"end":	90.001064,
				"seconds":	0.99998599290847778,
				"bytes":	291241984,
				"bits_per_second":	2329968508.0821366,
				"retransmits":	3765,
				"omitted":	false,
				"sender":	true
			}
		}, {
			"streams":	[{
					"socket":	7,
					"start":	90.001064,
					"end":	91.000321,
					"seconds":	0.99925702810287476,
					"bytes":	357564416,
					"bits_per_second":	2862642190.6992145,
					"retransmits":	12671,
					"snd_cwnd":	46648768,
					"snd_wnd":	108838912,
					"rtt":	61633,
					"rttvar":	60,
					"pmtu":	1500,
					"omitted":	false,
					"sender":	true
				}],
			"sum":	{
				"start":	90.001064,
				"end":	91.000321,
				"seconds":	0.99925702810287476,
				"bytes":	357564416,
				"bits_per_second":	2862642190.6992145,
				"retransmits":	12671,
				"omitted":	false,
				"sender":	true
			}
		}, {
			"streams":	[{
					"socket":	7,
					"start":	91.000321,
					"end":	92.000214,
					"seconds":	0.99989300966262817,
					"bytes":	364904448,
					"bits_per_second":	2919547947.4198675,
					"retransmits":	9241,
					"snd_cwnd":	54774944,
					"snd_wnd":	97054720,
					"rtt":	62739,
					"rttvar":	1115,
					"pmtu":	1500,
					"omitted":	false,
					"sender":	true
				}],
			"sum":	{
				"start":	91.000321,
				"end":	92.000214,
				"seconds":	0.99989300966262817,
				"bytes":	364904448,
				"bits_per_second":	2919547947.4198675,
				"retransmits":	9241,
				"omitted":	false,
				"sender":	true
			}
		}, {
			"streams":	[{
					"socket":	7,
					"start":	92.000214,
					"end":	93.000169,
					"seconds":	0.99995499849319458,
					"bytes":	403570688,
					"bits_per_second":	3228710800.8510771,
					"retransmits":	27263,
					"snd_cwnd":	70340944,
					"snd_wnd":	131530752,
					"rtt":	63354,
					"rttvar":	462,
					"pmtu":	1500,
					"omitted":	false,
					"sender":	true
				}],
			"sum":	{
				"start":	92.000214,
				"end":	93.000169,
				"seconds":	0.99995499849319458,
				"bytes":	403570688,
				"bits_per_second":	3228710800.8510771,
				"retransmits":	27263,
				"omitted":	false,
				"sender":	true
			}
		}, {
			"streams":	[{
					"socket":	7,
					"start":	93.000169,
					"end":	94.000213,
					"seconds":	1.0000439882278442,
					"bytes":	383516672,
					"bits_per_second":	3067998420.1864672,
					"retransmits":	33230,
					"snd_cwnd":	38322768,
					"snd_wnd":	138153984,
					"rtt":	62501,
					"rttvar":	113,
					"pmtu":	1500,
					"omitted":	false,
					"sender":	true
				}],
			"sum":	{
				"start":	93.000169,
				"end":	94.000213,
				"seconds":	1.0000439882278442,
				"bytes":	383516672,
				"bits_per_second":	3067998420.1864672,
				"retransmits":	33230,
				"omitted":	false,
				"sender":	true
			}
		}, {
			"streams":	[{
					"socket":	7,
					"start":	94.000213,
					"end":	95.0001,
					"seconds":	0.999886989593506,
					"bytes":	522452992,
					"bits_per_second":	4180096330.3854814,
					"retransmits":	21970,
					"snd_cwnd":	77381120,
					"snd_wnd":	141393920,
					"rtt":	60887,
					"rttvar":	65,
					"pmtu":	1500,
					"omitted":	false,
					"sender":	true
				}],
			"sum":	{
				"start":	94.000213,
				"end":	95.0001,
				"seconds":	0.999886989593506,
				"bytes":	522452992,
				"bits_per_second":	4180096330.3854814,
				"retransmits":	21970,
				"omitted":	false,
				"sender":	true
			}
		}, {
			"streams":	[{
					"socket":	7,
					"start":	95.0001,
					"end":	96.000175,
					"seconds":	1.0000749826431274,
					"bytes":	408158208,
					"bits_per_second":	3265020844.1072426,
					"retransmits":	21753,
					"snd_cwnd":	88545200,
					"snd_wnd":	125591552,
					"rtt":	63206,
					"rttvar":	451,
					"pmtu":	1500,
					"omitted":	false,
					"sender":	true
				}],
			"sum":	{
				"start":	95.0001,
				"end":	96.000175,
				"seconds":	1.0000749826431274,
				"bytes":	408158208,
				"bits_per_second":	3265020844.1072426,
				"retransmits":	21753,
				"omitted":	false,
				"sender":	true
			}
		}, {
			"streams":	[{
					"socket":	7,
					"start":	96.000175,
					"end":	97.003342,
					"seconds":	1.0031670331954956,
					"bytes":	243269632,
					"bits_per_second":	1940012970.5226626,
					"retransmits":	20625,
					"snd_cwnd":	85159776,
					"snd_wnd":	99299328,
					"rtt":	61942,
					"rttvar":	217,
					"pmtu":	1500,
					"omitted":	false,
					"sender":	true
				}],
			"sum":	{
				"start":	96.000175,
				"end":	97.003342,
				"seconds":	1.0031670331954956,
				"bytes":	243269632,
				"bits_per_second":	1940012970.5226626,
				"retransmits":	20625,
				"omitted":	false,
				"sender":	true
			}
		}, {
			"streams":	[{
					"socket":	7,
					"start":	97.003342,
					"end":	98.00012,
					"seconds":	0.99677801132202148,
					"bytes":	436994048,
					"bits_per_second":	3507252712.5305829,
					"retransmits":	39253,
					"snd_cwnd":	70921592,
					"snd_wnd":	102383616,
					"rtt":	62751,
					"rttvar":	173,
					"pmtu":	1500,
					"omitted":	false,
					"sender":	true
				}],
			"sum":	{
				"start":	97.003342,
				"end":	98.00012,
				"seconds":	0.99677801132202148,
				"bytes":	436994048,
				"bits_per_second":	3507252712.5305829,
				"retransmits":	39253,
				"omitted":	false,
				"sender":	true
			}
		}, {
			"streams":	[{
					"socket":	7,
					"start":	98.00012,
					"end":	99.000112,
					"seconds":	0.9999920129776,
					"bytes":	387448832,
					"bits_per_second":	3099615412.6977324,
					"retransmits":	25020,
					"snd_cwnd":	43201080,
					"snd_wnd":	141357056,
					"rtt":	62581,
					"rttvar":	228,
					"pmtu":	1500,
					"omitted":	false,
					"sender":	true
				}],
			"sum":	{
				"start":	98.00012,
				"end":	99.000112,
				"seconds":	0.9999920129776,
				"bytes":	387448832,
				"bits_per_second":	3099615412.6977324,
				"retransmits":	25020,
				"omitted":	false,
				"sender":	true
			}
		}, {
			"streams":	[{
					"socket":	7,
					"start":	99.000112,
					"end":	100.000122,
					"seconds":	1.0000100135803223,
					"bytes":	357957632,
					"bits_per_second":	2863632380.7871413,
					"retransmits":	31778,
					"snd_cwnd":	77094416,
					"snd_wnd":	43237376,
					"rtt":	62162,
					"rttvar":	403,
					"pmtu":	1500,
					"omitted":	false,
					"sender":	true
				}],
			"sum":	{
				"start":	99.000112,
				"end":	100.000122,
				"seconds":	1.0000100135803223,
				"bytes":	357957632,
				"bits_per_second":	2863632380.7871413,
				"retransmits":	31778,
				"omitted":	false,
				"sender":	true
			}
		}, {
			"streams":	[{
					"socket":	7,
					"start":	100.000122,
					"end":	101.0001,
					"seconds":	0.999978005886078,
					"bytes":	661913600,
					"bits_per_second":	5295425268.186615,
					"retransmits":	14133,
					"snd_cwnd":	45700328,
					"snd_wnd":	141344768,
					"rtt":	62283,
					"rttvar":	250,
					"pmtu":	1500,
					"omitted":	false,
					"sender":	true
				}],
			"sum":	{
				"start":	100.000122,
				"end":	101.0001,
				"seconds":	0.999978005886078,
				"bytes":	661913600,
				"bits_per_second":	5295425268.186615,
				"retransmits":	14133,
				"omitted":	false,
				"sender":	true
			}
		}, {
			"streams":	[{
					"socket":	7,
					"start":	101.0001,
					"end":	102.000189,
					"seconds":	1.0000890493392944,
					"bytes":	419168256,
					"bits_per_second":	3353047461.3389449,
					"retransmits":	34425,
					"snd_cwnd":	94832416,
					"snd_wnd":	73580544,
					"rtt":	62412,
					"rttvar":	592,
					"pmtu":	1500,
					"omitted":	false,
					"sender":	true
				}],
			"sum":	{
				"start":	101.0001,
				"end":	102.000189,
				"seconds":	1.0000890493392944,
				"bytes":	419168256,
				"bits_per_second":	3353047461.3389449,
				"retransmits":	34425,
				"omitted":	false,
				"sender":	true
			}
		}, {
			"streams":	[{
					"socket":	7,
					"start":	102.000189,
					"end":	103.000083,
					"seconds":	0.99989402294158936,
					"bytes":	413925376,
					"bits_per_second":	3311753977.9447622,
					"retransmits":	29906,
					"snd_cwnd":	84279392,
					"snd_wnd":	107188224,
					"rtt":	62022,
					"rttvar":	152,
					"pmtu":	1500,
					"omitted":	false,
					"sender":	true
				}],
			"sum":	{
				"start":	102.000189,
				"end":	103.000083,
				"seconds":	0.99989402294158936,
				"bytes":	413925376,
				"bits_per_second":	3311753977.9447622,
				"retransmits":	29906,
				"omitted":	false,
				"sender":	true
			}
		}, {
			"streams":	[{
					"socket":	7,
					"start":	103.000083,
					"end":	104.001399,
					"seconds":	1.0013159513473511,
					"bytes":	491520000,
					"bits_per_second":	3926992269.2322664,
					"retransmits":	34095,
					"snd_cwnd":	44876416,
					"snd_wnd":	114753536,
					"rtt":	61078,
					"rttvar":	139,
					"pmtu":	1500,
					"omitted":	false,
					"sender":	true
				}],
			"sum":	{
				"start":	103.000083,
				"end":	104.001399,
				"seconds":	1.0013159513473511,
				"bytes":	491520000,
				"bits_per_second":	3926992269.2322664,
				"retransmits":	34095,
				"omitted":	false,
				"sender":	true
			}
		}, {
			"streams":	[{
					"socket":	7,
					"start":	104.001399,
					"end":	105.000248,
					"seconds":	0.99884897470474243,
					"bytes":	459014144,
					"bits_per_second":	3676344717.7642331,
					"retransmits":	34317,
					"snd_cwnd":	78145664,
					"snd_wnd":	140451840,
					"rtt":	61903,
					"rttvar":	351,
					"pmtu":	1500,
					"omitted":	false,
					"sender":	true
				}],
			"sum":	{
				"start":	104.001399,
				"end":	105.000248,
				"seconds":	0.99884897470474243,
				"bytes":	459014144,
				"bits_per_second":	3676344717.7642331,
				"retransmits":	34317,
				"omitted":	false,
				"sender":	true
			}
		}, {
			"streams":	[{
					"socket":	7,
					"start":	105.000248,
					"end":	106.000197,
					"seconds":	0.99994897842407227,
					"bytes":	463994880,
					"bits_per_second":	3712148439.66347,
					"retransmits":	42456,
					"snd_cwnd":	69679208,
					"snd_wnd":	137166848,
					"rtt":	61645,
					"rttvar":	167,
					"pmtu":	1500,
					"omitted":	false,
					"sender":	true
				}],
			"sum":	{
				"start":	105.000248,
				"end":	106.000197,
				"seconds":	0.99994897842407227,
				"bytes":	463994880,
				"bits_per_second":	3712148439.66347,
				"retransmits":	42456,
				"omitted":	false,
				"sender":	true
			}
		}, {
			"streams":	[{
					"socket":	7,
					"start":	106.000197,
					"end":	107.00073,
					"seconds":	1.0005329847335815,
					"bytes":	341966848,
					"bits_per_second":	2734277455.8586512,
					"retransmits":	16665,
					"snd_cwnd":	52999696,
					"snd_wnd":	140808192,
					"rtt":	61726,
					"rttvar":	225,
					"pmtu":	1500,
					"omitted":	false,
					"sender":	true
				}],
			"sum":	{
				"start":	106.000197,
				"end":	107.00073,
				"seconds":	1.0005329847335815,
				"bytes":	341966848,
				"bits_per_second":	2734277455.8586512,
				"retransmits":	16665,
				"omitted":	false,
				"sender":	true
			}
		}, {
			"streams":	[{
					"socket":	7,
					"start":	107.00073,
					"end":	108.000074,
					"seconds":	0.999343991279602,
					"bytes":	309067776,
					"bits_per_second":	2474165282.0006981,
					"retransmits":	19057,
					"snd_cwnd":	53266128,
					"snd_wnd":	134340608,
					"rtt":	62355,
					"rttvar":	145,
					"pmtu":	1500,
					"omitted":	false,
					"sender":	true
				}],
			"sum":	{
				"start":	107.00073,
				"end":	108.000074,
				"seconds":	0.999343991279602,
				"bytes":	309067776,
				"bits_per_second":	2474165282.0006981,
				"retransmits":	19057,
				"omitted":	false,
				"sender":	true
			}
		}, {
			"streams":	[{
					"socket":	7,
					"start":	108.000074,
					"end":	109.002827,
					"seconds":	1.0027530193328857,
					"bytes":	389545984,
					"bits_per_second":	3107812005.4659777,
					"retransmits":	15720,
					"snd_cwnd":	26258032,
					"snd_wnd":	141398016,
					"rtt":	62104,
					"rttvar":	77,
					"pmtu":	1500,
					"omitted":	false,
					"sender":	true
				}],
			"sum":	{
				"start":	108.000074,
				"end":	109.002827,
				"seconds":	1.0027530193328857,
				"bytes":	389545984,
				"bits_per_second":	3107812005.4659777,
				"retransmits":	15720,
				"omitted":	false,
				"sender":	true
			}
		}, {
			"streams":	[{
					"socket":	7,
					"start":	109.002827,
					"end":	110.001042,
					"seconds":	0.99821501970291138,
					"bytes":	385220608,
					"bits_per_second":	3087275590.1000113,
					"retransmits":	15163,
					"snd_cwnd":	52211984,
					"snd_wnd":	77778944,
					"rtt":	61204,
					"rttvar":	38,
					"pmtu":	1500,
					"omitted":	false,
					"sender":	true
				}],
			"sum":	{
				"start":	109.002827,
				"end":	110.001042,
				"seconds":	0.99821501970291138,
				"bytes":	385220608,
				"bits_per_second":	3087275590.1000113,
				"retransmits":	15163,
				"omitted":	false,
				"sender":	true
			}
		}, {
			"streams":	[{
					"socket":	7,
					"start":	110.001042,
					"end":	111.001036,
					"seconds":	0.99999397993087769,
					"bytes":	366084096,
					"bits_per_second":	2928690398.9186392,
					"retransmits":	17836,
					"snd_cwnd":	51818128,
					"snd_wnd":	141348864,
					"rtt":	61024,
					"rttvar":	33,
					"pmtu":	1500,
					"omitted":	false,
					"sender":	true
				}],
			"sum":	{
				"start":	110.001042,
				"end":	111.001036,
				"seconds":	0.99999397993087769,
				"bytes":	366084096,
				"bits_per_second":	2928690398.9186392,
				"retransmits":	17836,
				"omitted":	false,
				"sender":	true
			}
		}, {
			"streams":	[{
					"socket":	7,
					"start":	111.001036,
					"end":	112.000067,
					"seconds":	0.99903100728988647,
					"bytes":	343408640,
					"bits_per_second":	2749933785.7917271,
					"retransmits":	13455,
					"snd_cwnd":	50978288,
					"snd_wnd":	130805760,
					"rtt":	61365,
					"rttvar":	185,
					"pmtu":	1500,
					"omitted":	false,
					"sender":	true
				}],
			"sum":	{
				"start":	111.001036,
				"end":	112.000067,
				"seconds":	0.99903100728988647,
				"bytes":	343408640,
				"bits_per_second":	2749933785.7917271,
				"retransmits":	13455,
				"omitted":	false,
				"sender":	true
			}
		}, {
			"streams":	[{
					"socket":	7,
					"start":	112.000067,
					"end":	113.001113,
					"seconds":	1.0010459423065186,
					"bytes":	356122624,
					"bits_per_second":	2846004235.7652822,
					"retransmits":	11185,
					"snd_cwnd":	28658816,
					"snd_wnd":	116080640,
					"rtt":	63048,
					"rttvar":	242,
					"pmtu":	1500,
					"omitted":	false,
					"sender":	true
				}],
			"sum":	{
				"start":	112.000067,
				"end":	113.001113,
				"seconds":	1.0010459423065186,
				"bytes":	356122624,
				"bits_per_second":	2846004235.7652822,
				"retransmits":	11185,
				"omitted":	false,
				"sender":	true
			}
		}, {
			"streams":	[{
					"socket":	7,
					"start":	113.001113,
					"end":	114.000363,
					"seconds":	0.99924999475479126,
					"bytes":	418775040,
					"bits_per_second":	3352714873.7409949,
					"retransmits":	29722,
					"snd_cwnd":	34599960,
					"snd_wnd":	141365248,
					"rtt":	62445,
					"rttvar":	114,
					"pmtu":	1500,
					"omitted":	false,
					"sender":	true
				}],
			"sum":	{
				"start":	113.001113,
				"end":	114.000363,
				"seconds":	0.99924999475479126,
				"bytes":	418775040,
				"bits_per_second":	3352714873.7409949,
				"retransmits":	29722,
				"omitted":	false,
				"sender":	true
			}
		}, {
			"streams":	[{
					"socket":	7,
					"start":	114.000363,
					"end":	115.00011,
					"seconds":	0.99974697828292847,
					"bytes":	401473536,
					"bits_per_second":	3212601145.858191,
					"retransmits":	26294,
					"snd_cwnd":	58271864,
					"snd_wnd":	124751872,
					"rtt":	62585,
					"rttvar":	235,
					"pmtu":	1500,
					"omitted":	false,
					"sender":	true
				}],
			"sum":	{
				"start":	114.000363,
				"end":	115.00011,
				"seconds":	0.99974697828292847,
				"bytes":	401473536,
				"bits_per_second":	3212601145.858191,
				"retransmits":	26294,
				"omitted":	false,
				"sender":	true
			}
		}, {
			"streams":	[{
					"socket":	7,
					"start":	115.00011,
					"end":	116.000255,
					"seconds":	1.0001449584960938,
					"bytes":	472383488,
					"bits_per_second":	3778520175.3979144,
					"retransmits":	16911,
					"snd_cwnd":	69466352,
					"snd_wnd":	95559680,
					"rtt":	63584,
					"rttvar":	117,
					"pmtu":	1500,
					"omitted":	false,
					"sender":	true
				}],
			"sum":	{
				"start":	115.00011,
				"end":	116.000255,
				"seconds":	1.0001449584960938,
				"bytes":	472383488,
				"bits_per_second":	3778520175.3979144,
				"retransmits":	16911,
				"omitted":	false,
				"sender":	true
			}
		}, {
			"streams":	[{
					"socket":	7,
					"start":	116.000255,
					"end":	117.000195,
					"seconds":	0.99993997812271118,
					"bytes":	473300992,
					"bits_per_second":	3786635216.95433,
					"retransmits":	25974,
					"snd_cwnd":	5792,
					"snd_wnd":	117293056,
					"rtt":	61289,
					"rttvar":	258,
					"pmtu":	1500,
					"omitted":	false,
					"sender":	true
				}],
			"sum":	{
				"start":	116.000255,
				"end":	117.000195,
				"seconds":	0.99993997812271118,
				"bytes":	473300992,
				"bits_per_second":	3786635216.95433,
				"retransmits":	25974,
				"omitted":	false,
				"sender":	true
			}
		}, {
			"streams":	[{
					"socket":	7,
					"start":	117.000195,
					"end":	118.000158,
					"seconds":	0.99996298551559448,
					"bytes":	341442560,
					"bits_per_second":	2731641590.3050456,
					"retransmits":	26303,
					"snd_cwnd":	79886160,
					"snd_wnd":	86867968,
					"rtt":	62316,
					"rttvar":	368,
					"pmtu":	1500,
					"omitted":	false,
					"sender":	true
				}],
			"sum":	{
				"start":	117.000195,
				"end":	118.000158,
				"seconds":	0.99996298551559448,
				"bytes":	341442560,
				"bits_per_second":	2731641590.3050456,
				"retransmits":	26303,
				"omitted":	false,
				"sender":	true
			}
		}, {
			"streams":	[{
					"socket":	7,
					"start":	118.000158,
					"end":	119.000069,
					"seconds":	0.99991101026535034,
					"bytes":	356646912,
					"bits_per_second":	2853429221.9093,
					"retransmits":	43005,
					"snd_cwnd":	74230272,
					"snd_wnd":	85032960,
					"rtt":	61863,
					"rttvar":	279,
					"pmtu":	1500,
					"omitted":	false,
					"sender":	true
				}],
			"sum":	{
				"start":	118.000158,
				"end":	119.000069,
				"seconds":	0.99991101026535034,
				"bytes":	356646912,
				"bits_per_second":	2853429221.9093,
				"retransmits":	43005,
				"omitted":	false,
				"sender":	true
			}
		}, {
			"streams":	[{
					"socket":	7,
					"start":	119.000069,
					"end":	120.000917,
					"seconds":	1.0008480548858643,
					"bytes":	478937088,
					"bits_per_second":	3828250137.7663569,
					"retransmits":	26859,
					"snd_cwnd":	96827760,
					"snd_wnd":	101871616,
					"rtt":	61716,
					"rttvar":	347,
					"pmtu":	1500,
					"omitted":	false,
					"sender":	true
				}],
			"sum":	{
				"start":	119.000069,
				"end":	120.000917,
				"seconds":	1.0008480548858643,
				"bytes":	478937088,
				"bits_per_second":	3828250137.7663569,
				"retransmits":	26859,
				"omitted":	false,
				"sender":	true
			}
		}],
	"end":	{
		"streams":	[{
				"sender":	{
					"socket":	7,
					"start":	0,
					"end":	120.000917,
					"seconds":	120.000917,
					"bytes":	62141890560,
					"bits_per_second":	4142761046.4010038,
					"retransmits":	2917254,
					"max_snd_cwnd":	166076912,
					"max_snd_wnd":	141410304,
					"max_rtt":	93433,
					"min_rtt":	60887,
					"mean_rtt":	62390,
					"sender":	true
				},
				"receiver":	{
					"socket":	7,
					"start":	0,
					"end":	120.063602,
					"seconds":	120.000917,
					"bytes":	61972938752,
					"bits_per_second":	4129340630.7766776,
					"sender":	true
				}
			}],
		"sum_sent":	{
			"start":	0,
			"end":	120.000917,
			"seconds":	120.000917,
			"bytes":	62141890560,
			"bits_per_second":	4142761046.4010038,
			"retransmits":	2917254,
			"sender":	true
		},
		"sum_received":	{
			"start":	0,
			"end":	120.063602,
			"seconds":	120.063602,
			"bytes":	61972938752,
			"bits_per_second":	4129340630.7766776,
			"sender":	true
		},
		"cpu_utilization_percent":	{
			"host_total":	22.898061278017078,
			"host_user":	0.1679450645467889,
			"host_system":	22.730127025348622,
			"remote_total":	34.077573178234339,
			"remote_user":	0.17506481047721942,
			"remote_system":	33.902573333360543
		},
		"sender_tcp_congestion":	"bbr",
		"receiver_tcp_congestion":	"cubic"
	}
}
