{
	"start":	{
		"connected":	[{
				"socket":	7,
				"local_host":	"172.16.0.12",
				"local_port":	46836,
				"remote_host":	"172.17.0.12",
				"remote_port":	5201
			}],
		"version":	"iperf 3.16",
		"system_info":	"Linux h1 6.8.0-63-generic #66-Ubuntu SMP PREEMPT_DYNAMIC Fri Jun 13 20:25:30 UTC 2025 x86_64",
		"timestamp":	{
			"time":	"Sat, 31 Jan 2026 21:28:31 GMT",
			"timesecs":	1769894911
		},
		"connecting_to":	{
			"host":	"172.17.0.12",
			"port":	5201
		},
		"cookie":	"y4fb4ydc62iuxo4jcf4ogbcgoaxrcatbenby",
		"tcp_mss_default":	1448,
		"target_bitrate":	0,
		"fq_rate":	0,
		"sock_bufsize":	0,
		"sndbuf_actual":	1000000,
		"rcvbuf_actual":	1000000,
		"test_start":	{
			"protocol":	"TCP",
			"num_streams":	1,
			"blksize":	131072,
			"omit":	0,
			"duration":	120,
			"bytes":	0,
			"blocks":	0,
			"reverse":	0,
			"tos":	0,
			"target_bitrate":	0,
			"bidir":	0,
			"fqrate":	0
		}
	},
	"intervals":	[{
			"streams":	[{
					"socket":	7,
					"start":	0,
					"end":	1.000215,
					"seconds":	1.0002150535583496,
					"bytes":	212860928,
					"bits_per_second":	1702521290.7382607,
					"retransmits":	3800,
					"snd_cwnd":	53292192,
					"snd_wnd":	87523328,
					"rtt":	61986,
					"rttvar":	126,
					"pmtu":	1500,
					"omitted":	false,
					"sender":	true
				}],
			"sum":	{
				"start":	0,
				"end":	1.000215,
				"seconds":	1.0002150535583496,
				"bytes":	212860928,
				"bits_per_second":	1702521290.7382607,
				"retransmits":	3800,
				"omitted":	false,
				"sender":	true
			}
		}, {
			"streams":	[{
					"socket":	7,
					"start":	1.000215,
					"end":	2.000186,
					"seconds":	0.99997097253799438,
					"bytes":	527302656,
					"bits_per_second":	4218543701.6170177,
					"retransmits":	57868,
					"snd_cwnd":	145652872,
					"snd_wnd":	131502080,
					"rtt":	61898,
					"rttvar":	151,
					"pmtu":	1500,
					"omitted":	false,
					"sender":	true
				}],
			"sum":	{
				"start":	1.000215,
				"end":	2.000186,
				"seconds":	0.99997097253799438,
				"bytes":	527302656,
				"bits_per_second":	4218543701.6170177,
				"retransmits":	57868,
				"omitted":	false,
				"sender":	true
			}
		}, {
			"streams":	[{
					"socket":	7,
					"start":	2.000186,
					"end":	3.000124,
					"seconds":	0.99993801116943359,
					"bytes":	437649408,
					"bits_per_second":	3501412312.45458,
					"retransmits":	64897,
					"snd_cwnd":	43495024,
					"snd_wnd":	141283328,
					"rtt":	61950,
					"rttvar":	90,
					"pmtu":	1500,
					"omitted":	false,
					"sender":	true
				}],
			"sum":	{
				"start":	2.000186,
				"end":	3.000124,
				"seconds":	0.99993801116943359,
				"bytes":	437649408,
				"bits_per_second":	3501412312.45458,
				"retransmits":	64897,
				"omitted":	false,
				"sender":	true
			}
		}, {
			"streams":	[{
					"socket":	7,
					"start":	3.000124,
					"end":	4.000192,
					"seconds":	1.0000679492950439,
					"bytes":	401211392,
					"bits_per_second":	3209473054.56848,
					"retransmits":	44643,
					"snd_cwnd":	99529728,
					"snd_wnd":	97464320,
					"rtt":	62142,
					"rttvar":	437,
					"pmtu":	1500,
					"omitted":	false,
					"sender":	true
				}],
			"sum":	{
				"start":	3.000124,
				"end":	4.000192,
				"seconds":	1.0000679492950439,
				"bytes":	401211392,
				"bits_per_second":	3209473054.56848,
				"retransmits":	44643,
				"omitted":	false,
				"sender":	true
			}
		}, {
			"streams":	[{
					"socket":	7,
					"start":	4.000192,
					"end":	5.001066,
					"seconds":	1.0008740425109863,
					"bytes":	432144384,
					"bits_per_second":	3454136010.28828,
					"retransmits":	41280,
					"snd_cwnd":	96349920,
					"snd_wnd":	87678976,
					"rtt":	63828,
					"rttvar":	1782,
					"pmtu":	1500,
					"omitted":	false,
					"sender":	true
				}],
			"sum":	{
				"start":	4.000192,
				"end":	5.001066,
				"seconds":	1.0008740425109863,
				"bytes":	432144384,
				"bits_per_second":	3454136010.28828,
				"retransmits":	41280,
				"omitted":	false,
				"sender":	true
			}
		}, {
			"streams":	[{
					"socket":	7,
					"start":	5.001066,
					"end":	6.001048,
					"seconds":	0.99998199939727783,
					"bytes":	336855040,
					"bits_per_second":	2694888829.6232023,
					"retransmits":	30954,
					"snd_cwnd":	34059856,
					"snd_wnd":	124383232,
					"rtt":	61720,
					"rttvar":	363,
					"pmtu":	1500,
					"omitted":	false,
					"sender":	true
				}],
			"sum":	{
				"start":	5.001066,
				"end":	6.001048,
				"seconds":	0.99998199939727783,
				"bytes":	336855040,
				"bits_per_second":	2694888829.6232023,
				"retransmits":	30954,
				"omitted":	false,
				"sender":	true
			}
		}, {
			"streams":	[{
					"socket":	7,
					"start":	6.001048,
					"end":	7.000121,
					"seconds":	0.999073028564453,
					"bytes":	302383104,
					"bits_per_second":	2421309316.5730867,
					"retransmits":	16455,
					"snd_cwnd":	20460240,
					"snd_wnd":	134344704,
					"rtt":	62239,
					"rttvar":	533,
					"pmtu":	1500,
					"omitted":	false,
					"sender":	true
				}],
			"sum":	{
				"start":	6.001048,
				"end":	7.000121,
				"seconds":	0.999073028564453,
				"bytes":	302383104,
				"bits_per_second":	2421309316.5730867,
				"retransmits":	16455,
				"omitted":	false,
				"sender":	true
			}
		}, {
			"streams":	[{
					"socket":	7,
					"start":	7.000121,
					"end":	8.000351,
					"seconds":	1.0002299547195435,
					"bytes":	276168704,
					"bits_per_second":	2208841698.4267225,
					"retransmits":	8843,
					"snd_cwnd":	24699984,
					"snd_wnd":	119062528,
					"rtt":	61981,
					"rttvar":	213,
					"pmtu":	1500,
					"omitted":	false,
					"sender":	true
				}],
			"sum":	{
				"start":	7.000121,
				"end":	8.000351,
				"seconds":	1.0002299547195435,
				"bytes":	276168704,
				"bits_per_second":	2208841698.4267225,
				"retransmits":	8843,
				"omitted":	false,
				"sender":	true
			}
		}, {
			"streams":	[{
					"socket":	7,
					"start":	8.000351,
					"end":	9.0001,
					"seconds":	0.99974900484085083,
					"bytes":	302776320,
					"bits_per_second":	2422818675.7591119,
					"retransmits":	20042,
					"snd_cwnd":	45661232,
					"snd_wnd":	112062464,
					"rtt":	62225,
					"rttvar":	109,
					"pmtu":	1500,
					"omitted":	false,
					"sender":	true
				}],
			"sum":	{
				"start":	8.000351,
				"end":	9.0001,
				"seconds":	0.99974900484085083,
				"bytes":	302776320,
				"bits_per_second":	2422818675.7591119,
				"retransmits":	20042,
				"omitted":	false,
				"sender":	true
			}
		}, {
			"streams":	[{
					"socket":	7,
					"start":	9.0001,
					"end":	10.000163,
					"seconds":	1.0000629425048828,
					"bytes":	343670784,
					"bits_per_second":	2749193230.89164,
					"retransmits":	16193,
					"snd_cwnd":	57914208,
					"snd_wnd":	116862976,
					"rtt":	61856,
					"rttvar":	540,
					"pmtu":	1500,
					"omitted":	false,
					"sender":	true
				}],
			"sum":	{
				"start":	9.0001,
				"end":	10.000163,
				"seconds":	1.0000629425048828,
				"bytes":	343670784,
				"bits_per_second":	2749193230.89164,
				"retransmits":	16193,
				"omitted":	false,
				"sender":	true
			}
		}, {
			"streams":	[{
					"socket":	7,
					"start":	10.000163,
					"end":	11.00105,
					"seconds":	1.0008870363235474,
					"bytes":	391380992,
					"bits_per_second":	3128273044.1798382,
					"retransmits":	16499,
					"snd_cwnd":	5792,
					"snd_wnd":	119443456,
					"rtt":	61482,
					"rttvar":	310,
					"pmtu":	1500,
					"omitted":	false,
					"sender":	true
				}],
			"sum":	{
				"start":	10.000163,
				"end":	11.00105,
				"seconds":	1.0008870363235474,
				"bytes":	391380992,
				"bits_per_second":	3128273044.1798382,
				"retransmits":	16499,
				"omitted":	false,
				"sender":	true
			}
		}, {
			"streams":	[{
					"socket":	7,
					"start":	11.00105,
					"end":	12.000876,
					"seconds":	0.99982601404190063,
					"bytes":	393609216,
					"bits_per_second":	3149421683.1490016,
					"retransmits":	23581,
					"snd_cwnd":	79480720,
					"snd_wnd":	105975808,
					"rtt":	62153,
					"rttvar":	80,
					"pmtu":	1500,
					"omitted":	false,
					"sender":	true
				}],
			"sum":	{
				"start":	11.00105,
				"end":	12.000876,
				"seconds":	0.99982601404190063,
				"bytes":	393609216,
				"bits_per_second":	3149421683.1490016,
				"retransmits":	23581,
				"omitted":	false,
				"sender":	true
			}
		}, {
			"streams":	[{
					"socket":	7,
					"start":	12.000876,
					"end":	13.001003,
					"seconds":	1.0001269578933716,
					"bytes":	325451776,
					"bits_per_second":	2603283700.585525,
					"retransmits":	30333,
					"snd_cwnd":	72857568,
					"snd_wnd":	95277056,
					"rtt":	62282,
					"rttvar":	234,
					"pmtu":	1500,
					"omitted":	false,
					"sender":	true
				}],
			"sum":	{
				"start":	12.000876,
				"end":	13.001003,
				"seconds":	1.0001269578933716,
				"bytes":	325451776,
				"bits_per_second":	2603283700.585525,
				"retransmits":	30333,
				"omitted":	false,
				"sender":	true
			}
		}, {
			"streams":	[{
					"socket":	7,
					"start":	13.001003,
					"end":	14.000217,
					"seconds":	0.999213993549347,
					"bytes":	408289280,
					"bits_per_second":	3268883603.5988626,
					"retransmits":	29658,
					"snd_cwnd":	71777360,
					"snd_wnd":	98271232,
					"rtt":	61963,
					"rttvar":	212,
					"pmtu":	1500,
					"omitted":	false,
					"sender":	true
				}],
			"sum":	{
				"start":	13.001003,
				"end":	14.000217,
				"seconds":	0.999213993549347,
				"bytes":	408289280,
				"bits_per_second":	3268883603.5988626,
				"retransmits":	29658,
				"omitted":	false,
				"sender":	true
			}
		}, {
			"streams":	[{
					"socket":	7,
					"start":	14.000217,
					"end":	15.000893,
					"seconds":	1.0006760358810425,
					"bytes":	329777152,
					"bits_per_second":	2636434891.4153709,
					"retransmits":	34267,
					"snd_cwnd":	64763248,
					"snd_wnd":	129437696,
					"rtt":	61736,
					"rttvar":	198,
					"pmtu":	1500,
					"omitted":	false,
					"sender":	true
				}],
			"sum":	{
				"start":	14.000217,
				"end":	15.000893,
				"seconds":	1.0006760358810425,
				"bytes":	329777152,
				"bits_per_second":	2636434891.4153709,
				"retransmits":	34267,
				"omitted":	false,
				"sender":	true
			}
		}, {
			"streams":	[{
					"socket":	7,
					"start":	15.000893,
					"end":	16.000163,
					"seconds":	0.99927002191543579,
					"bytes":	374341632,
					"bits_per_second":	2996920742.4631739,
					"retransmits":	26875,
					"snd_cwnd":	66767280,
					"snd_wnd":	99782656,
					"rtt":	61872,
					"rttvar":	106,
					"pmtu":	1500,
					"omitted":	false,
					"sender":	true
				}],
			"sum":	{
				"start":	15.000893,
				"end":	16.000163,
				"seconds":	0.99927002191543579,
				"bytes":	374341632,
				"bits_per_second":	2996920742.4631739,
				"retransmits":	26875,
				"omitted":	false,
				"sender":	true
			}
		}, {
			"streams":	[{
					"socket":	7,
					"start":	16.000163,
					"end":	17.000212,
					"seconds":	1.0000489950180054,
					"bytes":	471597056,
					"bits_per_second":	3772591609.80615,
					"retransmits":	24952,
					"snd_cwnd":	72880736,
					"snd_wnd":	125493248,
					"rtt":	62101,
					"rttvar":	135,
					"pmtu":	1500,
					"omitted":	false,
					"sender":	true
				}],
			"sum":	{
				"start":	16.000163,
				"end":	17.000212,
				"seconds":	1.0000489950180054,
				"bytes":	471597056,
				"bits_per_second":	3772591609.80615,
				"retransmits":	24952,
				"omitted":	false,
				"sender":	true
			}
		}, {
			"streams":	[{
					"socket":	7,
					"start":	17.000212,
					"end":	18.000168,
					"seconds":	0.99995601177215576,
					"bytes":	229113856,
					"bits_per_second":	1832991478.046773,
					"retransmits":	13098,
					"snd_cwnd":	202720,
					"snd_wnd":	103161856,
					"rtt":	61901,
					"rttvar":	1000,
					"pmtu":	1500,
					"omitted":	false,
					"sender":	true
				}],
			"sum":	{
				"start":	17.000212,
				"end":	18.000168,
				"seconds":	0.99995601177215576,
				"bytes":	229113856,
				"bits_per_second":	1832991478.046773,
				"retransmits":	13098,
				"omitted":	false,
				"sender":	true
			}
		}, {
			"streams":	[{
					"socket":	7,
					"start":	18.000168,
					"end":	19.000082,
					"seconds":	0.999913990497589,
					"bytes":	324009984,
					"bits_per_second":	2592302834.676909,
					"retransmits":	31331,
					"snd_cwnd":	68771312,
					"snd_wnd":	80318464,
					"rtt":	62129,
					"rttvar":	576,
					"pmtu":	1500,
					"omitted":	false,
					"sender":	true
				}],
			"sum":	{
				"start":	18.000168,
				"end":	19.000082,
				"seconds":	0.999913990497589,
				"bytes":	324009984,
				"bits_per_second":	2592302834.676909,
				"retransmits":	31331,
				"omitted":	false,
				"sender":	true
			}
		}, {
			"streams":	[{
					"socket":	7,
					"start":	19.000082,
					"end":	20.000461,
					"seconds":	1.0003789663314819,
					"bytes":	309067776,
					"bits_per_second":	2471605552.7108188,
					"retransmits":	22037,
					"snd_cwnd":	76914864,
					"snd_wnd":	103424000,
					"rtt":	62790,
					"rttvar":	279,
					"pmtu":	1500,
					"omitted":	false,
					"sender":	true
				}],
			"sum":	{
				"start":	19.000082,
				"end":	20.000461,
				"seconds":	1.0003789663314819,
				"bytes":	309067776,
				"bits_per_second":	2471605552.7108188,
				"retransmits":	22037,
				"omitted":	false,
				"sender":	true
			}
		}, {
			"streams":	[{
					"socket":	7,
					"start":	20.000461,
					"end":	21.000136,
					"seconds":	0.99967497587203979,
					"bytes":	351666176,
					"bits_per_second":	2814244105.2361717,
					"retransmits":	38529,
					"snd_cwnd":	63874176,
					"snd_wnd":	130633728,
					"rtt":	62476,
					"rttvar":	319,
					"pmtu":	1500,
					"omitted":	false,
					"sender":	true
				}],
			"sum":	{
				"start":	20.000461,
				"end":	21.000136,
				"seconds":	0.99967497587203979,
				"bytes":	351666176,
				"bits_per_second":	2814244105.2361717,
				"retransmits":	38529,
				"omitted":	false,
				"sender":	true
			}
		}, {
			"streams":	[{
					"socket":	7,
					"start":	21.000136,
					"end":	22.001053,
					"seconds":	1.0009169578552246,
					"bytes":	245104640,
					"bits_per_second":	1959040762.18441,
					"retransmits":	27848,
					"snd_cwnd":	62440656,
					"snd_wnd":	140828672,
					"rtt":	61468,
					"rttvar":	248,
					"pmtu":	1500,
					"omitted":	false,
					"sender":	true
				}],
			"sum":	{
				"start":	21.000136,
				"end":	22.001053,
				"seconds":	1.0009169578552246,
				"bytes":	245104640,
				"bits_per_second":	1959040762.18441,
				"retransmits":	27848,
				"omitted":	false,
				"sender":	true
			}
		}, {
			"streams":	[{
					"socket":	7,
					"start":	22.001053,
					"end":	23.000081,
					"seconds":	0.99902802705764771,
					"bytes":	488636416,
					"bits_per_second":	3912894555.6343541,
					"retransmits":	20208,
					"snd_cwnd":	85944592,
					"snd_wnd":	141344768,
					"rtt":	61188,
					"rttvar":	40,
					"pmtu":	1500,
					"omitted":	false,
					"sender":	true
				}],
			"sum":	{
				"start":	22.001053,
				"end":	23.000081,
				"seconds":	0.99902802705764771,
				"bytes":	488636416,
				"bits_per_second":	3912894555.6343541,
				"retransmits":	20208,
				"omitted":	false,
				"sender":	true
			}
		}, {
			"streams":	[{
					"socket":	7,
					"start":	23.000081,
					"end":	24.000101,
					"seconds":	1.0000200271606445,
					"bytes":	374210560,
					"bits_per_second":	2993624526.2007046,
					"retransmits":	49566,
					"snd_cwnd":	82527312,
					"snd_wnd":	77008896,
					"rtt":	61299,
					"rttvar":	459,
					"pmtu":	1500,
					"omitted":	false,
					"sender":	true
				}],
			"sum":	{
				"start":	23.000081,
				"end":	24.000101,
				"seconds":	1.0000200271606445,
				"bytes":	374210560,
				"bits_per_second":	2993624526.2007046,
				"retransmits":	49566,
				"omitted":	false,
				"sender":	true
			}
		}, {
			"streams":	[{
					"socket":	7,
					"start":	24.000101,
					"end":	25.000087,
					"seconds":	0.99998599290847778,
					"bytes":	416153600,
					"bits_per_second":	3329275433.4656992,
					"retransmits":	35250,
					"snd_cwnd":	87783552,
					"snd_wnd":	88829952,
					"rtt":	61772,
					"rttvar":	884,
					"pmtu":	1500,
					"omitted":	false,
					"sender":	true
				}],
			"sum":	{
				"start":	24.000101,
				"end":	25.000087,
				"seconds":	0.99998599290847778,
				"bytes":	416153600,
				"bits_per_second":	3329275433.4656992,
				"retransmits":	35250,
				"omitted":	false,
				"sender":	true
			}
		}, {
			"streams":	[{
					"socket":	7,
					"start":	25.000087,
					"end":	26.000173,
					"seconds":	1.0000859498977661,
					"bytes":	246677504,
					"bits_per_second":	1973250431.3271606,
					"retransmits":	57065,
					"snd_cwnd":	82463600,
					"snd_wnd":	135634944,
					"rtt":	61822,
					"rttvar":	271,
					"pmtu":	1500,
					"omitted":	false,
					"sender":	true
				}],
			"sum":	{
				"start":	25.000087,
				"end":	26.000173,
				"seconds":	1.0000859498977661,
				"bytes":	246677504,
				"bits_per_second":	1973250431.3271606,
				"retransmits":	57065,
				"omitted":	false,
				"sender":	true
			}
		}, {
			"streams":	[{
					"socket":	7,
					"start":	26.000173,
					"end":	27.000481,
					"seconds":	1.0003080368041992,
					"bytes":	449052672,
					"bits_per_second":	3591315118.7679424,
					"retransmits":	29535,
					"snd_cwnd":	79118720,
					"snd_wnd":	118550528,
					"rtt":	62328,
					"rttvar":	267,
					"pmtu":	1500,
					"omitted":	false,
					"sender":	true
				}],
			"sum":	{
				"start":	26.000173,
				"end":	27.000481,
				"seconds":	1.0003080368041992,
				"bytes":	449052672,
				"bits_per_second":	3591315118.7679424,
				"retransmits":	29535,
				"omitted":	false,
				"sender":	true
			}
		}, {
			"streams":	[{
					"socket":	7,
					"start":	27.000481,
					"end":	28.000067,
					"seconds":	0.99958598613739,
					"bytes":	326107136,
					"bits_per_second":	2609937638.36283,
					"retransmits":	44247,
					"snd_cwnd":	66564560,
					"snd_wnd":	96342016,
					"rtt":	62133,
					"rttvar":	257,
					"pmtu":	1500,
					"omitted":	false,
					"sender":	true
				}],
			"sum":	{
				"start":	27.000481,
				"end":	28.000067,
				"seconds":	0.99958598613739,
				"bytes":	326107136,
				"bits_per_second":	2609937638.36283,
				"retransmits":	44247,
				"omitted":	false,
				"sender":	true
			}
		}, {
			"streams":	[{
					"socket":	7,
					"start":	28.000067,
					"end":	29.00017,
					"seconds":	1.0001029968261719,
					"bytes":	436994048,
					"bits_per_second":	3495592349.0824537,
					"retransmits":	22002,
					"snd_cwnd":	70445200,
					"snd_wnd":	106995712,
					"rtt":	62047,
					"rttvar":	358,
					"pmtu":	1500,
					"omitted":	false,
					"sender":	true
				}],
			"sum":	{
				"start":	28.000067,
				"end":	29.00017,
				"seconds":	1.0001029968261719,
				"bytes":	436994048,
				"bits_per_second":	3495592349.0824537,
				"retransmits":	22002,
				"omitted":	false,
				"sender":	true
			}
		}, {
			"streams":	[{
					"socket":	7,
					"start":	29.00017,
					"end":	30.000259,
					"seconds":	1.0000890493392944,
					"bytes":	410255360,
					"bits_per_second":	3281750642.2735763,
					"retransmits":	32772,
					"snd_cwnd":	75924432,
					"snd_wnd":	90705920,
					"rtt":	61330,
					"rttvar":	328,
					"pmtu":	1500,
					"omitted":	false,
					"sender":	true
				}],
			"sum":	{
				"start":	29.00017,
				"end":	30.000259,
				"seconds":	1.0000890493392944,
				"bytes":	410255360,
				"bits_per_second":	3281750642.2735763,
				"retransmits":	32772,
				"omitted":	false,
				"sender":	true
			}
		}, {
			"streams":	[{
					"socket":	7,
					"start":	30.000259,
					"end":	31.00007,
					"seconds":	0.99981099367141724,
					"bytes":	468975616,
					"bits_per_second":	3752514176.927536,
					"retransmits":	32797,
					"snd_cwnd":	73402016,
					"snd_wnd":	129445888,
					"rtt":	61933,
					"rttvar":	210,
					"pmtu":	1500,
					"omitted":	false,
					"sender":	true
				}],
			"sum":	{
				"start":	30.000259,
				"end":	31.00007,
				"seconds":	0.99981099367141724,
				"bytes":	468975616,
				"bits_per_second":	3752514176.927536,
				"retransmits":	32797,
				"omitted":	false,
				"sender":	true
			}
		}, {
			"streams":	[{
					"socket":	7,
					"start":	31.00007,
					"end":	32.000241,
					"seconds":	1.0001709461212158,
					"bytes":	216530944,
					"bits_per_second":	1731951481.6120844,
					"retransmits":	24182,
					"snd_cwnd":	67925680,
					"snd_wnd":	109432832,
					"rtt":	61547,
					"rttvar":	540,
					"pmtu":	1500,
					"omitted":	false,
					"sender":	true
				}],
			"sum":	{
				"start":	31.00007,
				"end":	32.000241,
				"seconds":	1.0001709461212158,
				"bytes":	216530944,
				"bits_per_second":	1731951481.6120844,
				"retransmits":	24182,
				"omitted":	false,
				"sender":	true
			}
		}, {
			"streams":	[{
					"socket":	7,
					"start":	32.000241,
					"end":	33.000177,
					"seconds":	0.99993598461151123,
					"bytes":	368836608,
					"bits_per_second":	2950881765.8426247,
					"retransmits":	29180,
					"snd_cwnd":	74997712,
					"snd_wnd":	117133312,
					"rtt":	62042,
					"rttvar":	292,
					"pmtu":	1500,
					"omitted":	false,
					"sender":	true
				}],
			"sum":	{
				"start":	32.000241,
				"end":	33.000177,
				"seconds":	0.99993598461151123,
				"bytes":	368836608,
				"bits_per_second":	2950881765.8426247,
				"retransmits":	29180,
				"omitted":	false,
				"sender":	true
			}
		}, {
			"streams":	[{
					"socket":	7,
					"start":	33.000177,
					"end":	34.00113,
					"seconds":	1.0009529590606689,
					"bytes":	321257472,
					"bits_per_second":	2567612945.9788384,
					"retransmits":	39136,
					"snd_cwnd":	76586168,
					"snd_wnd":	129392640,
					"rtt":	61792,
					"rttvar":	352,
					"pmtu":	1500,
					"omitted":	false,
					"sender":	true
				}],
			"sum":	{
				"start":	33.000177,
				"end":	34.00113,
				"seconds":	1.0009529590606689,
				"bytes":	321257472,
				"bits_per_second":	2567612945.9788384,
				"retransmits":	39136,
				"omitted":	false,
				"sender":	true
			}
		}, {
			"streams":	[{
					"socket":	7,
					"start":	34.00113,
					"end":	35.000107,
					"seconds":	0.99897700548172,
					"bytes":	369885184,
					"bits_per_second":	2962111696.02757,
					"retransmits":	44004,
					"snd_cwnd":	69825456,
					"snd_wnd":	97087488,
					"rtt":	62239,
					"rttvar":	178,
					"pmtu":	1500,
					"omitted":	false,
					"sender":	true
				}],
			"sum":	{
				"start":	34.00113,
				"end":	35.000107,
				"seconds":	0.99897700548172,
				"bytes":	369885184,
				"bits_per_second":	2962111696.02757,
				"retransmits":	44004,
				"omitted":	false,
				"sender":	true
			}
		}, {
			"streams":	[{
					"socket":	7,
					"start":	35.000107,
					"end":	36.000125,
					"seconds":	1.0000180006027222,
					"bytes":	401866752,
					"bits_per_second":	3214876146.29169,
					"retransmits":	28014,
					"snd_cwnd":	65284528,
					"snd_wnd":	73617408,
					"rtt":	61835,
					"rttvar":	455,
					"pmtu":	1500,
					"omitted":	false,
					"sender":	true
				}],
			"sum":	{
				"start":	35.000107,
				"end":	36.000125,
				"seconds":	1.0000180006027222,
				"bytes":	401866752,
				"bits_per_second":	3214876146.29169,
				"retransmits":	28014,
				"omitted":	false,
				"sender":	true
			}
		}, {
			"streams":	[{
					"socket":	7,
					"start":	36.000125,
					"end":	37.000047,
					"seconds":	0.999921977519989,
					"bytes":	397148160,
					"bits_per_second":	3177433191.217648,
					"retransmits":	26639,
					"snd_cwnd":	73239840,
					"snd_wnd":	112132096,
					"rtt":	61175,
					"rttvar":	302,
					"pmtu":	1500,
					"omitted":	false,
					"sender":	true
				}],
			"sum":	{
				"start":	36.000125,
				"end":	37.000047,
				"seconds":	0.999921977519989,
				"bytes":	397148160,
				"bits_per_second":	3177433191.217648,
				"retransmits":	26639,
				"omitted":	false,
				"sender":	true
			}
		}, {
			"streams":	[{
					"socket":	7,
					"start":	37.000047,
					"end":	38.000107,
					"seconds":	1.000059962272644,
					"bytes":	439484416,
					"bits_per_second":	3515664520.765481,
					"retransmits":	20207,
					"snd_cwnd":	79220080,
					"snd_wnd":	120844288,
					"rtt":	62320,
					"rttvar":	404,
					"pmtu":	1500,
					"omitted":	false,
					"sender":	true
				}],
			"sum":	{
				"start":	37.000047,
				"end":	38.000107,
				"seconds":	1.000059962272644,
				"bytes":	439484416,
				"bits_per_second":	3515664520.765481,
				"retransmits":	20207,
				"omitted":	false,
				"sender":	true
			}
		}, {
			"streams":	[{
					"socket":	7,
					"start":	38.000107,
					"end":	39.000109,
					"seconds":	1.0000020265579224,
					"bytes":	355860480,
					"bits_per_second":	2846878070.636692,
					"retransmits":	35762,
					"snd_cwnd":	66361840,
					"snd_wnd":	141377536,
					"rtt":	62003,
					"rttvar":	236,
					"pmtu":	1500,
					"omitted":	false,
					"sender":	true
				}],
			"sum":	{
				"start":	38.000107,
				"end":	39.000109,
				"seconds":	1.0000020265579224,
				"bytes":	355860480,
				"bits_per_second":	2846878070.636692,
				"retransmits":	35762,
				"omitted":	false,
				"sender":	true
			}
		}, {
			"streams":	[{
					"socket":	7,
					"start":	39.000109,
					"end":	40.000195,
					"seconds":	1.0000859498977661,
					"bytes":	443285504,
					"bits_per_second":	3545979255.4455137,
					"retransmits":	48163,
					"snd_cwnd":	97163696,
					"snd_wnd":	111804416,
					"rtt":	61948,
					"rttvar":	135,
					"pmtu":	1500,
					"omitted":	false,
					"sender":	true
				}],
			"sum":	{
				"start":	39.000109,
				"end":	40.000195,
				"seconds":	1.0000859498977661,
				"bytes":	443285504,
				"bits_per_second":	3545979255.4455137,
				"retransmits":	48163,
				"omitted":	false,
				"sender":	true
			}
		}, {
			"streams":	[{
					"socket":	7,
					"start":	40.000195,
					"end":	41.000279,
					"seconds":	1.0000840425491333,
					"bytes":	391774208,
					"bits_per_second":	3133930280.51042,
					"retransmits":	47445,
					"snd_cwnd":	93300432,
					"snd_wnd":	97566720,
					"rtt":	62628,
					"rttvar":	204,
					"pmtu":	1500,
					"omitted":	false,
					"sender":	true
				}],
			"sum":	{
				"start":	40.000195,
				"end":	41.000279,
				"seconds":	1.0000840425491333,
				"bytes":	391774208,
				"bits_per_second":	3133930280.51042,
				"retransmits":	47445,
				"omitted":	false,
				"sender":	true
			}
		}, {
			"streams":	[{
					"socket":	7,
					"start":	41.000279,
					"end":	42.000105,
					"seconds":	0.99982601404190063,
					"bytes":	479199232,
					"bits_per_second":	3834260963.56735,
					"retransmits":	23366,
					"snd_cwnd":	5792,
					"snd_wnd":	141406208,
					"rtt":	61260,
					"rttvar":	624,
					"pmtu":	1500,
					"omitted":	false,
					"sender":	true
				}],
			"sum":	{
				"start":	41.000279,
				"end":	42.000105,
				"seconds":	0.99982601404190063,
				"bytes":	479199232,
				"bits_per_second":	3834260963.56735,
				"retransmits":	23366,
				"omitted":	false,
				"sender":	true
			}
		}, {
			"streams":	[{
					"socket":	7,
					"start":	42.000105,
					"end":	43.000131,
					"seconds":	1.0000259876251221,
					"bytes":	323878912,
					"bits_per_second":	2590963962.999825,
					"retransmits":	37808,
					"snd_cwnd":	39702712,
					"snd_wnd":	141238272,
					"rtt":	62334,
					"rttvar":	295,
					"pmtu":	1500,
					"omitted":	false,
					"sender":	true
				}],
			"sum":	{
				"start":	42.000105,
				"end":	43.000131,
				"seconds":	1.0000259876251221,
				"bytes":	323878912,
				"bits_per_second":	2590963962.999825,
				"retransmits":	37808,
				"omitted":	false,
				"sender":	true
			}
		}, {
			"streams":	[{
					"socket":	7,
					"start":	43.000131,
					"end":	44.002456,
					"seconds":	1.0023250579833984,
					"bytes":	544997376,
					"bits_per_second":	4349865318.9135523,
					"retransmits":	22387,
					"snd_cwnd":	85356704,
					"snd_wnd":	106156032,
					"rtt":	61926,
					"rttvar":	134,
					"pmtu":	1500,
					"omitted":	false,
					"sender":	true
				}],
			"sum":	{
				"start":	43.000131,
				"end":	44.002456,
				"seconds":	1.0023250579833984,
				"bytes":	544997376,
				"bits_per_second":	4349865318.9135523,
				"retransmits":	22387,
				"omitted":	false,
				"sender":	true
			}
		}, {
			"streams":	[{
					"socket":	7,
					"start":	44.002456,
					"end":	45.000089,
					"seconds":	0.99763298034667969,
					"bytes":	330301440,
					"bits_per_second":	2648680999.9823341,
					"retransmits":	27182,
					"snd_cwnd":	81872816,
					"snd_wnd":	120819712,
					"rtt":	61380,
					"rttvar":	442,
					"pmtu":	1500,
					"omitted":	false,
					"sender":	true
				}],
			"sum":	{
				"start":	44.002456,
				"end":	45.000089,
				"seconds":	0.99763298034667969,
				"bytes":	330301440,
				"bits_per_second":	2648680999.9823341,
				"retransmits":	27182,
				"omitted":	false,
				"sender":	true
			}
		}, {
			"streams":	[{
					"socket":	7,
					"start":	45.000089,
					"end":	46.000193,
					"seconds":	1.0001039505004883,
					"bytes":	540278784,
					"bits_per_second":	4321781020.6998978,
					"retransmits":	18653,
					"snd_cwnd":	38175072,
					"snd_wnd":	141410304,
					"rtt":	61837,
					"rttvar":	133,
					"pmtu":	1500,
					"omitted":	false,
					"sender":	true
				}],
			"sum":	{
				"start":	45.000089,
				"end":	46.000193,
				"seconds":	1.0001039505004883,
				"bytes":	540278784,
				"bits_per_second":	4321781020.6998978,
				"retransmits":	18653,
				"omitted":	false,
				"sender":	true
			}
		}, {
			"streams":	[{
					"socket":	7,
					"start":	46.000193,
					"end":	47.001284,
					"seconds":	1.0010910034179688,
					"bytes":	366215168,
					"bits_per_second":	2926528491.4130855,
					"retransmits":	58340,
					"snd_cwnd":	86858280,
					"snd_wnd":	95232000,
					"rtt":	61560,
					"rttvar":	259,
					"pmtu":	1500,
					"omitted":	false,
					"sender":	true
				}],
			"sum":	{
				"start":	46.000193,
				"end":	47.001284,
				"seconds":	1.0010910034179688,
				"bytes":	366215168,
				"bits_per_second":	2926528491.4130855,
				"retransmits":	58340,
				"omitted":	false,
				"sender":	true
			}
		}, {
			"streams":	[{
					"socket":	7,
					"start":	47.001284,
					"end":	48.000632,
					"seconds":	0.999347984790802,
					"bytes":	447873024,
					"bits_per_second":	3585321876.3932786,
					"retransmits":	25722,
					"snd_cwnd":	86926336,
					"snd_wnd":	128442368,
					"rtt":	62089,
					"rttvar":	394,
					"pmtu":	1500,
					"omitted":	false,
					"sender":	true
				}],
			"sum":	{
				"start":	47.001284,
				"end":	48.000632,
				"seconds":	0.999347984790802,
				"bytes":	447873024,
				"bits_per_second":	3585321876.3932786,
				"retransmits":	25722,
				"omitted":	false,
				"sender":	true
			}
		}, {
			"streams":	[{
					"socket":	7,
					"start":	48.000632,
					"end":	49.000127,
					"seconds":	0.999495029449463,
					"bytes":	377356288,
					"bits_per_second":	3020375504.681428,
					"retransmits":	34520,
					"snd_cwnd":	84149072,
					"snd_wnd":	113004544,
					"rtt":	61711,
					"rttvar":	316,
					"pmtu":	1500,
					"omitted":	false,
					"sender":	true
				}],
			"sum":	{
				"start":	48.000632,
				"end":	49.000127,
				"seconds":	0.999495029449463,
				"bytes":	377356288,
				"bits_per_second":	3020375504.681428,
				"retransmits":	34520,
				"omitted":	false,
				"sender":	true
			}
		}, {
			"streams":	[{
					"socket":	7,
					"start":	49.000127,
					"end":	50.000157,
					"seconds":	1.0000300407409668,
					"bytes":	432144384,
					"bits_per_second":	3457051219.6198025,
					"retransmits":	27239,
					"snd_cwnd":	84499488,
					"snd_wnd":	125743104,
					"rtt":	61896,
					"rttvar":	245,
					"pmtu":	1500,
					"omitted":	false,
					"sender":	true
				}],
			"sum":	{
				"start":	49.000127,
				"end":	50.000157,
				"seconds":	1.0000300407409668,
				"bytes":	432144384,
				"bits_per_second":	3457051219.6198025,
				"retransmits":	27239,
				"omitted":	false,
				"sender":	true
			}
		}, {
			"streams":	[{
					"socket":	7,
					"start":	50.000157,
					"end":	51.000104,
					"seconds":	0.99994701147079468,
					"bytes":	405929984,
					"bits_per_second":	3247611958.1810937,
					"retransmits":	47050,
					"snd_cwnd":	76946720,
					"snd_wnd":	118939648,
					"rtt":	62242,
					"rttvar":	76,
					"pmtu":	1500,
					"omitted":	false,
					"sender":	true
				}],
			"sum":	{
				"start":	50.000157,
				"end":	51.000104,
				"seconds":	0.99994701147079468,
				"bytes":	405929984,
				"bits_per_second":	3247611958.1810937,
				"retransmits":	47050,
				"omitted":	false,
				"sender":	true
			}
		}, {
			"streams":	[{
					"socket":	7,
					"start":	51.000104,
					"end":	52.001643,
					"seconds":	1.0015389919281006,
					"bytes":	299499520,
					"bits_per_second":	2392314407.4374752,
					"retransmits":	50732,
					"snd_cwnd":	65424984,
					"snd_wnd":	126050304,
					"rtt":	62017,
					"rttvar":	231,
					"pmtu":	1500,
					"omitted":	false,
					"sender":	true
				}],
			"sum":	{
				"start":	51.000104,
				"end":	52.001643,
				"seconds":	1.0015389919281006,
				"bytes":	299499520,
				"bits_per_second":	2392314407.4374752,
				"retransmits":	50732,
				"omitted":	false,
				"sender":	true
			}
		}, {
			"streams":	[{
					"socket":	7,
					"start":	52.001643,
					"end":	53.000134,
					"seconds":	0.99849098920822144,
					"bytes":	333971456,
					"bits_per_second":	2675809473.3720617,
					"retransmits":	19376,
					"snd_cwnd":	77178400,
					"snd_wnd":	83931136,
					"rtt":	62360,
					"rttvar":	470,
					"pmtu":	1500,
					"omitted":	false,
					"sender":	true
				}],
			"sum":	{
				"start":	52.001643,
				"end":	53.000134,
				"seconds":	0.99849098920822144,
				"bytes":	333971456,
				"bits_per_second":	2675809473.3720617,
				"retransmits":	19376,
				"omitted":	false,
				"sender":	true
			}
		}, {
			"streams":	[{
					"socket":	7,
					"start":	53.000134,
					"end":	54.00104,
					"seconds":	1.0009059906005859,
					"bytes":	313786368,
					"bits_per_second":	2508018702.629324,
					"retransmits":	40288,
					"snd_cwnd":	74887664,
					"snd_wnd":	99340288,
					"rtt":	62277,
					"rttvar":	311,
					"pmtu":	1500,
					"omitted":	false,
					"sender":	true
				}],
			"sum":	{
				"start":	53.000134,
				"end":	54.00104,
				"seconds":	1.0009059906005859,
				"bytes":	313786368,
				"bits_per_second":	2508018702.629324,
				"retransmits":	40288,
				"omitted":	false,
				"sender":	true
			}
		}, {
			"streams":	[{
					"socket":	7,
					"start":	54.00104,
					"end":	55.000983,
					"seconds":	0.99994301795959473,
					"bytes":	421527552,
					"bits_per_second":	3372412582.9500651,
					"retransmits":	31928,
					"snd_cwnd":	36974680,
					"snd_wnd":	141369344,
					"rtt":	62716,
					"rttvar":	241,
					"pmtu":	1500,
					"omitted":	false,
					"sender":	true
				}],
			"sum":	{
				"start":	54.00104,
				"end":	55.000983,
				"seconds":	0.99994301795959473,
				"bytes":	421527552,
				"bits_per_second":	3372412582.9500651,
				"retransmits":	31928,
				"omitted":	false,
				"sender":	true
			}
		}, {
			"streams":	[{
					"socket":	7,
					"start":	55.000983,
					"end":	56.000116,
					"seconds":	0.99913299083709717,
					"bytes":	366870528,
					"bits_per_second":	2937511073.0164337,
					"retransmits":	45890,
					"snd_cwnd":	82350656,
					"snd_wnd":	130686976,
					"rtt":	61257,
					"rttvar":	325,
					"pmtu":	1500,
					"omitted":	false,
					"sender":	true
				}],
			"sum":	{
				"start":	55.000983,
				"end":	56.000116,
				"seconds":	0.99913299083709717,
				"bytes":	366870528,
				"bits_per_second":	2937511073.0164337,
				"retransmits":	45890,
				"omitted":	false,
				"sender":	true
			}
		}, {
			"streams":	[{
					"socket":	7,
					"start":	56.000116,
					"end":	57.001087,
					"seconds":	1.0009709596633911,
					"bytes":	474218496,
					"bits_per_second":	3790067964.8845863,
					"retransmits":	23661,
					"snd_cwnd":	100357984,
					"snd_wnd":	126947328,
					"rtt":	61290,
					"rttvar":	256,
					"pmtu":	1500,
					"omitted":	false,
					"sender":	true
				}],
			"sum":	{
				"start":	56.000116,
				"end":	57.001087,
				"seconds":	1.0009709596633911,
				"bytes":	474218496,
				"bits_per_second":	3790067964.8845863,
				"retransmits":	23661,
				"omitted":	false,
				"sender":	true
			}
		}, {
			"streams":	[{
					"socket":	7,
					"start":	57.001087,
					"end":	58.000086,
					"seconds":	0.998998999595642,
					"bytes":	483786752,
					"bits_per_second":	3874172063.8024182,
					"retransmits":	41780,
					"snd_cwnd":	89938176,
					"snd_wnd":	113168384,
					"rtt":	62365,
					"rttvar":	231,
					"pmtu":	1500,
					"omitted":	false,
					"sender":	true
				}],
			"sum":	{
				"start":	57.001087,
				"end":	58.000086,
				"seconds":	0.998998999595642,
				"bytes":	483786752,
				"bits_per_second":	3874172063.8024182,
				"retransmits":	41780,
				"omitted":	false,
				"sender":	true
			}
		}, {
			"streams":	[{
					"socket":	7,
					"start":	58.000086,
					"end":	59.000385,
					"seconds":	1.0002989768981934,
					"bytes":	481165312,
					"bits_per_second":	3848171981.4772635,
					"retransmits":	34727,
					"snd_cwnd":	92683584,
					"snd_wnd":	129409024,
					"rtt":	61935,
					"rttvar":	123,
					"pmtu":	1500,
					"omitted":	false,
					"sender":	true
				}],
			"sum":	{
				"start":	58.000086,
				"end":	59.000385,
				"seconds":	1.0002989768981934,
				"bytes":	481165312,
				"bits_per_second":	3848171981.4772635,
				"retransmits":	34727,
				"omitted":	false,
				"sender":	true
			}
		}, {
			"streams":	[{
					"socket":	7,
					"start":	59.000385,
					"end":	60.000114,
					"seconds":	0.9997289776802063,
					"bytes":	411435008,
					"bits_per_second":	3292372370.39745,
					"retransmits":	32334,
					"snd_cwnd":	88581400,
					"snd_wnd":	115499008,
					"rtt":	61821,
					"rttvar":	89,
					"pmtu":	1500,
					"omitted":	false,
					"sender":	true
				}],
			"sum":	{
				"start":	59.000385,
				"end":	60.000114,
				"seconds":	0.9997289776802063,
				"bytes":	411435008,
				"bits_per_second":	3292372370.39745,
				"retransmits":	32334,
				"omitted":	false,
				"sender":	true
			}
		}, {
			"streams":	[{
					"socket":	7,
					"start":	60.000114,
					"end":	61.000241,
					"seconds":	1.0001269578933716,
					"bytes":	393871360,
					"bits_per_second":	3150570890.156868,
					"retransmits":	28137,
					"snd_cwnd":	84056400,
					"snd_wnd":	128397312,
					"rtt":	61403,
					"rttvar":	232,
					"pmtu":	1500,
					"omitted":	false,
					"sender":	true
				}],
			"sum":	{
				"start":	60.000114,
				"end":	61.000241,
				"seconds":	1.0001269578933716,
				"bytes":	393871360,
				"bits_per_second":	3150570890.156868,
				"retransmits":	28137,
				"omitted":	false,
				"sender":	true
			}
		}, {
			"streams":	[{
					"socket":	7,
					"start":	61.000241,
					"end":	62.000167,
					"seconds":	0.999925971031189,
					"bytes":	387579904,
					"bits_per_second":	3100868786.1186547,
					"retransmits":	33650,
					"snd_cwnd":	94652864,
					"snd_wnd":	104865792,
					"rtt":	61395,
					"rttvar":	230,
					"pmtu":	1500,
					"omitted":	false,
					"sender":	true
				}],
			"sum":	{
				"start":	61.000241,
				"end":	62.000167,
				"seconds":	0.999925971031189,
				"bytes":	387579904,
				"bits_per_second":	3100868786.1186547,
				"retransmits":	33650,
				"omitted":	false,
				"sender":	true
			}
		}, {
			"streams":	[{
					"socket":	7,
					"start":	62.000167,
					"end":	63.000167,
					"seconds":	1,
					"bytes":	267517952,
					"bits_per_second":	2140143616,
					"retransmits":	29137,
					"snd_cwnd":	85295888,
					"snd_wnd":	127299584,
					"rtt":	61966,
					"rttvar":	266,
					"pmtu":	1500,
					"omitted":	false,
					"sender":	true
				}],
			"sum":	{
				"start":	62.000167,
				"end":	63.000167,
				"seconds":	1,
				"bytes":	267517952,
				"bits_per_second":	2140143616,
				"retransmits":	29137,
				"omitted":	false,
				"sender":	true
			}
		}, {
			"streams":	[{
					"socket":	7,
					"start":	63.000167,
					"end":	64.000315,
					"seconds":	1.0001480579376221,
					"bytes":	468582400,
					"bits_per_second":	3748104263.4127665,
					"retransmits":	41893,
					"snd_cwnd":	80517488,
					"snd_wnd":	100446208,
					"rtt":	61192,
					"rttvar":	328,
					"pmtu":	1500,
					"omitted":	false,
					"sender":	true
				}],
			"sum":	{
				"start":	63.000167,
				"end":	64.000315,
				"seconds":	1.0001480579376221,
				"bytes":	468582400,
				"bits_per_second":	3748104263.4127665,
				"retransmits":	41893,
				"omitted":	false,
				"sender":	true
			}
		}, {
			"streams":	[{
					"socket":	7,
					"start":	64.000315,
					"end":	65.000663,
					"seconds":	1.0003479719161987,
					"bytes":	345374720,
					"bits_per_second":	2762036648.8147,
					"retransmits":	29046,
					"snd_cwnd":	74980336,
					"snd_wnd":	61931520,
					"rtt":	61756,
					"rttvar":	317,
					"pmtu":	1500,
					"omitted":	false,
					"sender":	true
				}],
			"sum":	{
				"start":	64.000315,
				"end":	65.000663,
				"seconds":	1.0003479719161987,
				"bytes":	345374720,
				"bits_per_second":	2762036648.8147,
				"retransmits":	29046,
				"omitted":	false,
				"sender":	true
			}
		}, {
			"streams":	[{
					"socket":	7,
					"start":	65.000663,
					"end":	66.000107,
					"seconds":	0.999444007873535,
					"bytes":	402653184,
					"bits_per_second":	3223017444.3225021,
					"retransmits":	45256,
					"snd_cwnd":	73940672,
					"snd_wnd":	65540096,
					"rtt":	62248,
					"rttvar":	485,
					"pmtu":	1500,
					"omitted":	false,
					"sender":	true
				}],
			"sum":	{
				"start":	65.000663,
				"end":	66.000107,
				"seconds":	0.999444007873535,
				"bytes":	402653184,
				"bits_per_second":	3223017444.3225021,
				"retransmits":	45256,
				"omitted":	false,
				"sender":	true
			}
		}, {
			"streams":	[{
					"socket":	7,
					"start":	66.000107,
					"end":	67.000244,
					"seconds":	1.0001369714736938,
					"bytes":	366084096,
					"bits_per_second":	2928271678.3128457,
					"retransmits":	39664,
					"snd_cwnd":	73051600,
					"snd_wnd":	44769280,
					"rtt":	61888,
					"rttvar":	259,
					"pmtu":	1500,
					"omitted":	false,
					"sender":	true
				}],
			"sum":	{
				"start":	66.000107,
				"end":	67.000244,
				"seconds":	1.0001369714736938,
				"bytes":	366084096,
				"bits_per_second":	2928271678.3128457,
				"retransmits":	39664,
				"omitted":	false,
				"sender":	true
			}
		}, {
			"streams":	[{
					"socket":	7,
					"start":	67.000244,
					"end":	68.000198,
					"seconds":	0.9999539852142334,
					"bytes":	394919936,
					"bits_per_second":	3159504871.9398108,
					"retransmits":	34675,
					"snd_cwnd":	68939280,
					"snd_wnd":	107909120,
					"rtt":	61924,
					"rttvar":	299,
					"pmtu":	1500,
					"omitted":	false,
					"sender":	true
				}],
			"sum":	{
				"start":	67.000244,
				"end":	68.000198,
				"seconds":	0.9999539852142334,
				"bytes":	394919936,
				"bits_per_second":	3159504871.9398108,
				"retransmits":	34675,
				"omitted":	false,
				"sender":	true
			}
		}, {
			"streams":	[{
					"socket":	7,
					"start":	68.000198,
					"end":	69.00028,
					"seconds":	1.0000820159912109,
					"bytes":	302383104,
					"bits_per_second":	2418866446.270802,
					"retransmits":	37143,
					"snd_cwnd":	76796128,
					"snd_wnd":	70844416,
					"rtt":	62753,
					"rttvar":	528,
					"pmtu":	1500,
					"omitted":	false,
					"sender":	true
				}],
			"sum":	{
				"start":	68.000198,
				"end":	69.00028,
				"seconds":	1.0000820159912109,
				"bytes":	302383104,
				"bits_per_second":	2418866446.270802,
				"retransmits":	37143,
				"omitted":	false,
				"sender":	true
			}
		}, {
			"streams":	[{
					"socket":	7,
					"start":	69.00028,
					"end":	70.000146,
					"seconds":	0.999866008758545,
					"bytes":	306970624,
					"bits_per_second":	2456094087.09586,
					"retransmits":	16381,
					"snd_cwnd":	36863184,
					"snd_wnd":	121929728,
					"rtt":	61880,
					"rttvar":	111,
					"pmtu":	1500,
					"omitted":	false,
					"sender":	true
				}],
			"sum":	{
				"start":	69.00028,
				"end":	70.000146,
				"seconds":	0.999866008758545,
				"bytes":	306970624,
				"bits_per_second":	2456094087.09586,
				"retransmits":	16381,
				"omitted":	false,
				"sender":	true
			}
		}, {
			"streams":	[{
					"socket":	7,
					"start":	70.000146,
					"end":	71.000109,
					"seconds":	0.99996298551559448,
					"bytes":	257294336,
					"bits_per_second":	2058430879.7576985,
					"retransmits":	19569,
					"snd_cwnd":	36889248,
					"snd_wnd":	123736064,
					"rtt":	62118,
					"rttvar":	324,
					"pmtu":	1500,
					"omitted":	false,
					"sender":	true
				}],
			"sum":	{
				"start":	70.000146,
				"end":	71.000109,
				"seconds":	0.99996298551559448,
				"bytes":	257294336,
				"bits_per_second":	2058430879.7576985,
				"retransmits":	19569,
				"omitted":	false,
				"sender":	true
			}
		}, {
			"streams":	[{
					"socket":	7,
					"start":	71.000109,
					"end":	72.000251,
					"seconds":	1.000141978263855,
					"bytes":	236847104,
					"bits_per_second":	1894507853.0641623,
					"retransmits":	21966,
					"snd_cwnd":	37338128,
					"snd_wnd":	120639488,
					"rtt":	62885,
					"rttvar":	394,
					"pmtu":	1500,
					"omitted":	false,
					"sender":	true
				}],
			"sum":	{
				"start":	71.000109,
				"end":	72.000251,
				"seconds":	1.000141978263855,
				"bytes":	236847104,
				"bits_per_second":	1894507853.0641623,
				"retransmits":	21966,
				"omitted":	false,
				"sender":	true
			}
		}, {
			"streams":	[{
					"socket":	7,
					"start":	72.000251,
					"end":	73.00053,
					"seconds":	1.0002789497375488,
					"bytes":	280756224,
					"bits_per_second":	2245423431.7230349,
					"retransmits":	9897,
					"snd_cwnd":	44806912,
					"snd_wnd":	141410304,
					"rtt":	61006,
					"rttvar":	49,
					"pmtu":	1500,
					"omitted":	false,
					"sender":	true
				}],
			"sum":	{
				"start":	72.000251,
				"end":	73.00053,
				"seconds":	1.0002789497375488,
				"bytes":	280756224,
				"bits_per_second":	2245423431.7230349,
				"retransmits":	9897,
				"omitted":	false,
				"sender":	true
			}
		}, {
			"streams":	[{
					"socket":	7,
					"start":	73.00053,
					"end":	74.000179,
					"seconds":	0.99964898824691772,
					"bytes":	224264192,
					"bits_per_second":	1794743512.0665035,
					"retransmits":	10291,
					"snd_cwnd":	46573472,
					"snd_wnd":	141398016,
					"rtt":	62126,
					"rttvar":	124,
					"pmtu":	1500,
					"omitted":	false,
					"sender":	true
				}],
			"sum":	{
				"start":	73.00053,
				"end":	74.000179,
				"seconds":	0.99964898824691772,
				"bytes":	224264192,
				"bits_per_second":	1794743512.0665035,
				"retransmits":	10291,
				"omitted":	false,
				"sender":	true
			}
		}, {
			"streams":	[{
					"socket":	7,
					"start":	74.000179,
					"end":	75.000244,
					"seconds":	1.0000649690628052,
					"bytes":	246153216,
					"bits_per_second":	1969097797.5615206,
					"retransmits":	28000,
					"snd_cwnd":	61030304,
					"snd_wnd":	59441152,
					"rtt":	61892,
					"rttvar":	100,
					"pmtu":	1500,
					"omitted":	false,
					"sender":	true
				}],
			"sum":	{
				"start":	74.000179,
				"end":	75.000244,
				"seconds":	1.0000649690628052,
				"bytes":	246153216,
				"bits_per_second":	1969097797.5615206,
				"retransmits":	28000,
				"omitted":	false,
				"sender":	true
			}
		}, {
			"streams":	[{
					"socket":	7,
					"start":	75.000244,
					"end":	76.001045,
					"seconds":	1.0008009672164917,
					"bytes":	302645248,
					"bits_per_second":	2419224264.6746545,
					"retransmits":	22233,
					"snd_cwnd":	60839168,
					"snd_wnd":	81813504,
					"rtt":	62204,
					"rttvar":	249,
					"pmtu":	1500,
					"omitted":	false,
					"sender":	true
				}],
			"sum":	{
				"start":	75.000244,
				"end":	76.001045,
				"seconds":	1.0008009672164917,
				"bytes":	302645248,
				"bits_per_second":	2419224264.6746545,
				"retransmits":	22233,
				"omitted":	false,
				"sender":	true
			}
		}, {
			"streams":	[{
					"socket":	7,
					"start":	76.001045,
					"end":	77.001042,
					"seconds":	0.99999701976776123,
					"bytes":	312999936,
					"bits_per_second":	2504006950.52224,
					"retransmits":	31614,
					"snd_cwnd":	68881360,
					"snd_wnd":	121761792,
					"rtt":	61858,
					"rttvar":	170,
					"pmtu":	1500,
					"omitted":	false,
					"sender":	true
				}],
			"sum":	{
				"start":	76.001045,
				"end":	77.001042,
				"seconds":	0.99999701976776123,
				"bytes":	312999936,
				"bits_per_second":	2504006950.52224,
				"retransmits":	31614,
				"omitted":	false,
				"sender":	true
			}
		}, {
			"streams":	[{
					"socket":	7,
					"start":	77.001042,
					"end":	78.002,
					"seconds":	1.00095796585083,
					"bytes":	353107968,
					"bits_per_second":	2822160210.8923936,
					"retransmits":	33927,
					"snd_cwnd":	66008528,
					"snd_wnd":	91103232,
					"rtt":	62129,
					"rttvar":	671,
					"pmtu":	1500,
					"omitted":	false,
					"sender":	true
				}],
			"sum":	{
				"start":	77.001042,
				"end":	78.002,
				"seconds":	1.00095796585083,
				"bytes":	353107968,
				"bits_per_second":	2822160210.8923936,
				"retransmits":	33927,
				"omitted":	false,
				"sender":	true
			}
		}, {
			"streams":	[{
					"socket":	7,
					"start":	78.002,
					"end":	79.000703,
					"seconds":	0.9987030029296875,
					"bytes":	296878080,
					"bits_per_second":	2378109040.4583583,
					"retransmits":	40071,
					"snd_cwnd":	63824944,
					"snd_wnd":	110886912,
					"rtt":	62665,
					"rttvar":	368,
					"pmtu":	1500,
					"omitted":	false,
					"sender":	true
				}],
			"sum":	{
				"start":	78.002,
				"end":	79.000703,
				"seconds":	0.9987030029296875,
				"bytes":	296878080,
				"bits_per_second":	2378109040.4583583,
				"retransmits":	40071,
				"omitted":	false,
				"sender":	true
			}
		}, {
			"streams":	[{
					"socket":	7,
					"start":	79.000703,
					"end":	80.000069,
					"seconds":	0.99936598539352417,
					"bytes":	435421184,
					"bits_per_second":	3485579380.2391024,
					"retransmits":	29697,
					"snd_cwnd":	64378080,
					"snd_wnd":	106913792,
					"rtt":	61755,
					"rttvar":	207,
					"pmtu":	1500,
					"omitted":	false,
					"sender":	true
				}],
			"sum":	{
				"start":	79.000703,
				"end":	80.000069,
				"seconds":	0.99936598539352417,
				"bytes":	435421184,
				"bits_per_second":	3485579380.2391024,
				"retransmits":	29697,
				"omitted":	false,
				"sender":	true
			}
		}, {
			"streams":	[{
					"socket":	7,
					"start":	80.000069,
					"end":	81.000457,
					"seconds":	1.0003880262374878,
					"bytes":	303955968,
					"bits_per_second":	2430704566.85248,
					"retransmits":	34868,
					"snd_cwnd":	69683552,
					"snd_wnd":	137482240,
					"rtt":	61983,
					"rttvar":	185,
					"pmtu":	1500,
					"omitted":	false,
					"sender":	true
				}],
			"sum":	{
				"start":	80.000069,
				"end":	81.000457,
				"seconds":	1.0003880262374878,
				"bytes":	303955968,
				"bits_per_second":	2430704566.85248,
				"retransmits":	34868,
				"omitted":	false,
				"sender":	true
			}
		}, {
			"streams":	[{
					"socket":	7,
					"start":	81.000457,
					"end":	82.000086,
					"seconds":	0.999629020690918,
					"bytes":	344326144,
					"bits_per_second":	2755631434.2455611,
					"retransmits":	24824,
					"snd_cwnd":	66321296,
					"snd_wnd":	110272512,
					"rtt":	62304,
					"rttvar":	375,
					"pmtu":	1500,
					"omitted":	false,
					"sender":	true
				}],
			"sum":	{
				"start":	81.000457,
				"end":	82.000086,
				"seconds":	0.999629020690918,
				"bytes":	344326144,
				"bits_per_second":	2755631434.2455611,
				"retransmits":	24824,
				"omitted":	false,
				"sender":	true
			}
		}, {
			"streams":	[{
					"socket":	7,
					"start":	82.000086,
					"end":	83.000126,
					"seconds":	1.0000400543212891,
					"bytes":	366346240,
					"bits_per_second":	2930652534.7017884,
					"retransmits":	40119,
					"snd_cwnd":	61667424,
					"snd_wnd":	128880640,
					"rtt":	61873,
					"rttvar":	200,
					"pmtu":	1500,
					"omitted":	false,
					"sender":	true
				}],
			"sum":	{
				"start":	82.000086,
				"end":	83.000126,
				"seconds":	1.0000400543212891,
				"bytes":	366346240,
				"bits_per_second":	2930652534.7017884,
				"retransmits":	40119,
				"omitted":	false,
				"sender":	true
			}
		}, {
			"streams":	[{
					"socket":	7,
					"start":	83.000126,
					"end":	84.000192,
					"seconds":	1.0000660419464111,
					"bytes":	364118016,
					"bits_per_second":	2912751764.20408,
					"retransmits":	5996,
					"snd_cwnd":	74725488,
					"snd_wnd":	120549376,
					"rtt":	62326,
					"rttvar":	203,
					"pmtu":	1500,
					"omitted":	false,
					"sender":	true
				}],
			"sum":	{
				"start":	83.000126,
				"end":	84.000192,
				"seconds":	1.0000660419464111,
				"bytes":	364118016,
				"bits_per_second":	2912751764.20408,
				"retransmits":	5996,
				"omitted":	false,
				"sender":	true
			}
		}, {
			"streams":	[{
					"socket":	7,
					"start":	84.000192,
					"end":	85.00013,
					"seconds":	0.99993801116943359,
					"bytes":	427819008,
					"bits_per_second":	3422764237.1523657,
					"retransmits":	23382,
					"snd_cwnd":	84592160,
					"snd_wnd":	123613184,
					"rtt":	63085,
					"rttvar":	965,
					"pmtu":	1500,
					"omitted":	false,
					"sender":	true
				}],
			"sum":	{
				"start":	84.000192,
				"end":	85.00013,
				"seconds":	0.99993801116943359,
				"bytes":	427819008,
				"bits_per_second":	3422764237.1523657,
				"retransmits":	23382,
				"omitted":	false,
				"sender":	true
			}
		}, {
			"streams":	[{
					"socket":	7,
					"start":	85.00013,
					"end":	86.000132,
					"seconds":	1.0000020265579224,
					"bytes":	448135168,
					"bits_per_second":	3585074078.6397238,
					"retransmits":	31051,
					"snd_cwnd":	84008616,
					"snd_wnd":	125202432,
					"rtt":	62047,
					"rttvar":	283,
					"pmtu":	1500,
					"omitted":	false,
					"sender":	true
				}],
			"sum":	{
				"start":	85.00013,
				"end":	86.000132,
				"seconds":	1.0000020265579224,
				"bytes":	448135168,
				"bits_per_second":	3585074078.6397238,
				"retransmits":	31051,
				"omitted":	false,
				"sender":	true
			}
		}, {
			"streams":	[{
					"socket":	7,
					"start":	86.000132,
					"end":	87.000207,
					"seconds":	1.0000749826431274,
					"bytes":	556138496,
					"bits_per_second":	4448774387.1377745,
					"retransmits":	27863,
					"snd_cwnd":	83332400,
					"snd_wnd":	111599616,
					"rtt":	61976,
					"rttvar":	319,
					"pmtu":	1500,
					"omitted":	false,
					"sender":	true
				}],
			"sum":	{
				"start":	86.000132,
				"end":	87.000207,
				"seconds":	1.0000749826431274,
				"bytes":	556138496,
				"bits_per_second":	4448774387.1377745,
				"retransmits":	27863,
				"omitted":	false,
				"sender":	true
			}
		}, {
			"streams":	[{
					"socket":	7,
					"start":	87.000207,
					"end":	88.001267,
					"seconds":	1.0010600090026855,
					"bytes":	424935424,
					"bits_per_second":	3395883724.6797662,
					"retransmits":	39561,
					"snd_cwnd":	80876592,
					"snd_wnd":	134377472,
					"rtt":	61816,
					"rttvar":	290,
					"pmtu":	1500,
					"omitted":	false,
					"sender":	true
				}],
			"sum":	{
				"start":	87.000207,
				"end":	88.001267,
				"seconds":	1.0010600090026855,
				"bytes":	424935424,
				"bits_per_second":	3395883724.6797662,
				"retransmits":	39561,
				"omitted":	false,
				"sender":	true
			}
		}, {
			"streams":	[{
					"socket":	7,
					"start":	88.001267,
					"end":	89.000574,
					"seconds":	0.99930697679519653,
					"bytes":	403963904,
					"bits_per_second":	3233952436.0814352,
					"retransmits":	40427,
					"snd_cwnd":	78015344,
					"snd_wnd":	118951936,
					"rtt":	61512,
					"rttvar":	125,
					"pmtu":	1500,
					"omitted":	false,
					"sender":	true
				}],
			"sum":	{
				"start":	88.001267,
				"end":	89.000574,
				"seconds":	0.99930697679519653,
				"bytes":	403963904,
				"bits_per_second":	3233952436.0814352,
				"retransmits":	40427,
				"omitted":	false,
				"sender":	true
			}
		}, {
			"streams":	[{
					"socket":	7,
					"start":	89.000574,
					"end":	90.000171,
					"seconds":	0.99959701299667358,
					"bytes":	415891456,
					"bits_per_second":	3328472979.3516021,
					"retransmits":	46630,
					"snd_cwnd":	77362296,
					"snd_wnd":	109989888,
					"rtt":	62105,
					"rttvar":	204,
					"pmtu":	1500,
					"omitted":	false,
					"sender":	true
				}],
			"sum":	{
				"start":	89.000574,
				"end":	90.000171,
				"seconds":	0.99959701299667358,
				"bytes":	415891456,
				"bits_per_second":	3328472979.3516021,
				"retransmits":	46630,
				"omitted":	false,
				"sender":	true
			}
		}, {
			"streams":	[{
					"socket":	7,
					"start":	90.000171,
					"end":	91.000135,
					"seconds":	0.99996399879455566,
					"bytes":	368705536,
					"bits_per_second":	2949750482.5731325,
					"retransmits":	32217,
					"snd_cwnd":	70882496,
					"snd_wnd":	103014400,
					"rtt":	61942,
					"rttvar":	339,
					"pmtu":	1500,
					"omitted":	false,
					"sender":	true
				}],
			"sum":	{
				"start":	90.000171,
				"end":	91.000135,
				"seconds":	0.99996399879455566,
				"bytes":	368705536,
				"bits_per_second":	2949750482.5731325,
				"retransmits":	32217,
				"omitted":	false,
				"sender":	true
			}
		}, {
			"streams":	[{
					"socket":	7,
					"start":	91.000135,
					"end":	92.001987,
					"seconds":	1.0018520355224609,
					"bytes":	387973120,
					"bits_per_second":	3098047266.4123411,
					"retransmits":	38974,
					"snd_cwnd":	74919520,
					"snd_wnd":	89792512,
					"rtt":	61658,
					"rttvar":	439,
					"pmtu":	1500,
					"omitted":	false,
					"sender":	true
				}],
			"sum":	{
				"start":	91.000135,
				"end":	92.001987,
				"seconds":	1.0018520355224609,
				"bytes":	387973120,
				"bits_per_second":	3098047266.4123411,
				"retransmits":	38974,
				"omitted":	false,
				"sender":	true
			}
		}, {
			"streams":	[{
					"socket":	7,
					"start":	92.001987,
					"end":	93.000121,
					"seconds":	0.99813401699066162,
					"bytes":	321519616,
					"bits_per_second":	2576965501.8420887,
					"retransmits":	49609,
					"snd_cwnd":	78154352,
					"snd_wnd":	129269760,
					"rtt":	62362,
					"rttvar":	266,
					"pmtu":	1500,
					"omitted":	false,
					"sender":	true
				}],
			"sum":	{
				"start":	92.001987,
				"end":	93.000121,
				"seconds":	0.99813401699066162,
				"bytes":	321519616,
				"bits_per_second":	2576965501.8420887,
				"retransmits":	49609,
				"omitted":	false,
				"sender":	true
			}
		}, {
			"streams":	[{
					"socket":	7,
					"start":	93.000121,
					"end":	94.000175,
					"seconds":	1.0000540018081665,
					"bytes":	505806848,
					"bits_per_second":	4046236279.9246154,
					"retransmits":	35667,
					"snd_cwnd":	86853936,
					"snd_wnd":	113676288,
					"rtt":	61546,
					"rttvar":	354,
					"pmtu":	1500,
					"omitted":	false,
					"sender":	true
				}],
			"sum":	{
				"start":	93.000121,
				"end":	94.000175,
				"seconds":	1.0000540018081665,
				"bytes":	505806848,
				"bits_per_second":	4046236279.9246154,
				"retransmits":	35667,
				"omitted":	false,
				"sender":	true
			}
		}, {
			"streams":	[{
					"socket":	7,
					"start":	94.000175,
					"end":	95.00017,
					"seconds":	0.999994993209839,
					"bytes":	411041792,
					"bits_per_second":	3288350800.0824323,
					"retransmits":	46521,
					"snd_cwnd":	77792352,
					"snd_wnd":	84783104,
					"rtt":	62297,
					"rttvar":	1468,
					"pmtu":	1500,
					"omitted":	false,
					"sender":	true
				}],
			"sum":	{
				"start":	94.000175,
				"end":	95.00017,
				"seconds":	0.999994993209839,
				"bytes":	411041792,
				"bits_per_second":	3288350800.0824323,
				"retransmits":	46521,
				"omitted":	false,
				"sender":	true
			}
		}, {
			"streams":	[{
					"socket":	7,
					"start":	95.00017,
					"end":	96.000128,
					"seconds":	0.99995797872543335,
					"bytes":	177209344,
					"bits_per_second":	1417734327.0034175,
					"retransmits":	23457,
					"snd_cwnd":	54323168,
					"snd_wnd":	97370112,
					"rtt":	63106,
					"rttvar":	430,
					"pmtu":	1500,
					"omitted":	false,
					"sender":	true
				}],
			"sum":	{
				"start":	95.00017,
				"end":	96.000128,
				"seconds":	0.99995797872543335,
				"bytes":	177209344,
				"bits_per_second":	1417734327.0034175,
				"retransmits":	23457,
				"omitted":	false,
				"sender":	true
			}
		}, {
			"streams":	[{
					"socket":	7,
					"start":	96.000128,
					"end":	97.002029,
					"seconds":	1.0019010305404663,
					"bytes":	414580736,
					"bits_per_second":	3310352806.2156658,
					"retransmits":	19197,
					"snd_cwnd":	58270416,
					"snd_wnd":	140541952,
					"rtt":	62348,
					"rttvar":	178,
					"pmtu":	1500,
					"omitted":	false,
					"sender":	true
				}],
			"sum":	{
				"start":	96.000128,
				"end":	97.002029,
				"seconds":	1.0019010305404663,
				"bytes":	414580736,
				"bits_per_second":	3310352806.2156658,
				"retransmits":	19197,
				"omitted":	false,
				"sender":	true
			}
		}, {
			"streams":	[{
					"socket":	7,
					"start":	97.002029,
					"end":	98.001386,
					"seconds":	0.999356985092163,
					"bytes":	350355456,
					"bits_per_second":	2804647077.8823,
					"retransmits":	29364,
					"snd_cwnd":	65857936,
					"snd_wnd":	65372160,
					"rtt":	62178,
					"rttvar":	748,
					"pmtu":	1500,
					"omitted":	false,
					"sender":	true
				}],
			"sum":	{
				"start":	97.002029,
				"end":	98.001386,
				"seconds":	0.999356985092163,
				"bytes":	350355456,
				"bits_per_second":	2804647077.8823,
				"retransmits":	29364,
				"omitted":	false,
				"sender":	true
			}
		}, {
			"streams":	[{
					"socket":	7,
					"start":	98.001386,
					"end":	99.000232,
					"seconds":	0.99884599447250366,
					"bytes":	419430400,
					"bits_per_second":	3359319873.7028813,
					"retransmits":	38412,
					"snd_cwnd":	56884680,
					"snd_wnd":	139845632,
					"rtt":	62048,
					"rttvar":	405,
					"pmtu":	1500,
					"omitted":	false,
					"sender":	true
				}],
			"sum":	{
				"start":	98.001386,
				"end":	99.000232,
				"seconds":	0.99884599447250366,
				"bytes":	419430400,
				"bits_per_second":	3359319873.7028813,
				"retransmits":	38412,
				"omitted":	false,
				"sender":	true
			}
		}, {
			"streams":	[{
					"socket":	7,
					"start":	99.000232,
					"end":	100.000199,
					"seconds":	0.99996697902679443,
					"bytes":	370409472,
					"bits_per_second":	2963373629.4812174,
					"retransmits":	40820,
					"snd_cwnd":	60720432,
					"snd_wnd":	133586944,
					"rtt":	62249,
					"rttvar":	538,
					"pmtu":	1500,
					"omitted":	false,
					"sender":	true
				}],
			"sum":	{
				"start":	99.000232,
				"end":	100.000199,
				"seconds":	0.99996697902679443,
				"bytes":	370409472,
				"bits_per_second":	2963373629.4812174,
				"retransmits":	40820,
				"omitted":	false,
				"sender":	true
			}
		}, {
			"streams":	[{
					"socket":	7,
					"start":	100.000199,
					"end":	101.00014,
					"seconds":	0.99994099140167236,
					"bytes":	355467264,
					"bits_per_second":	2843905926.9025221,
					"retransmits":	22772,
					"snd_cwnd":	68759728,
					"snd_wnd":	124534784,
					"rtt":	62526,
					"rttvar":	350,
					"pmtu":	1500,
					"omitted":	false,
					"sender":	true
				}],
			"sum":	{
				"start":	100.000199,
				"end":	101.00014,
				"seconds":	0.99994099140167236,
				"bytes":	355467264,
				"bits_per_second":	2843905926.9025221,
				"retransmits":	22772,
				"omitted":	false,
				"sender":	true
			}
		}, {
			"streams":	[{
					"socket":	7,
					"start":	101.00014,
					"end":	102.000242,
					"seconds":	1.0001020431518555,
					"bytes":	385220608,
					"bits_per_second":	3081450423.0865417,
					"retransmits":	30330,
					"snd_cwnd":	73358576,
					"snd_wnd":	132341760,
					"rtt":	62102,
					"rttvar":	464,
					"pmtu":	1500,
					"omitted":	false,
					"sender":	true
				}],
			"sum":	{
				"start":	101.00014,
				"end":	102.000242,
				"seconds":	1.0001020431518555,
				"bytes":	385220608,
				"bits_per_second":	3081450423.0865417,
				"retransmits":	30330,
				"omitted":	false,
				"sender":	true
			}
		}, {
			"streams":	[{
					"socket":	7,
					"start":	102.000242,
					"end":	103.000237,
					"seconds":	0.999994993209839,
					"bytes":	447873024,
					"bits_per_second":	3583002131.3398185,
					"retransmits":	31771,
					"snd_cwnd":	78197792,
					"snd_wnd":	83611648,
					"rtt":	61984,
					"rttvar":	434,
					"pmtu":	1500,
					"omitted":	false,
					"sender":	true
				}],
			"sum":	{
				"start":	102.000242,
				"end":	103.000237,
				"seconds":	0.999994993209839,
				"bytes":	447873024,
				"bits_per_second":	3583002131.3398185,
				"retransmits":	31771,
				"omitted":	false,
				"sender":	true
			}
		}, {
			"streams":	[{
					"socket":	7,
					"start":	103.000237,
					"end":	104.001452,
					"seconds":	1.0012149810791016,
					"bytes":	417464320,
					"bits_per_second":	3335661794.0339665,
					"retransmits":	38589,
					"snd_cwnd":	38251816,
					"snd_wnd":	141348864,
					"rtt":	62400,
					"rttvar":	157,
					"pmtu":	1500,
					"omitted":	false,
					"sender":	true
				}],
			"sum":	{
				"start":	103.000237,
				"end":	104.001452,
				"seconds":	1.0012149810791016,
				"bytes":	417464320,
				"bits_per_second":	3335661794.0339665,
				"retransmits":	38589,
				"omitted":	false,
				"sender":	true
			}
		}, {
			"streams":	[{
					"socket":	7,
					"start":	104.001452,
					"end":	105.000081,
					"seconds":	0.99862897396087646,
					"bytes":	382730240,
					"bits_per_second":	3066045548.2838359,
					"retransmits":	25581,
					"snd_cwnd":	85414624,
					"snd_wnd":	101720064,
					"rtt":	61422,
					"rttvar":	326,
					"pmtu":	1500,
					"omitted":	false,
					"sender":	true
				}],
			"sum":	{
				"start":	104.001452,
				"end":	105.000081,
				"seconds":	0.99862897396087646,
				"bytes":	382730240,
				"bits_per_second":	3066045548.2838359,
				"retransmits":	25581,
				"omitted":	false,
				"sender":	true
			}
		}, {
			"streams":	[{
					"socket":	7,
					"start":	105.000081,
					"end":	106.000217,
					"seconds":	1.0001360177993774,
					"bytes":	367525888,
					"bits_per_second":	2939807237.8889084,
					"retransmits":	16236,
					"snd_cwnd":	85782416,
					"snd_wnd":	141324288,
					"rtt":	61523,
					"rttvar":	376,
					"pmtu":	1500,
					"omitted":	false,
					"sender":	true
				}],
			"sum":	{
				"start":	105.000081,
				"end":	106.000217,
				"seconds":	1.0001360177993774,
				"bytes":	367525888,
				"bits_per_second":	2939807237.8889084,
				"retransmits":	16236,
				"omitted":	false,
				"sender":	true
			}
		}, {
			"streams":	[{
					"socket":	7,
					"start":	106.000217,
					"end":	107.000626,
					"seconds":	1.0004090070724487,
					"bytes":	378535936,
					"bits_per_second":	3027049403.3853636,
					"retransmits":	31742,
					"snd_cwnd":	76057648,
					"snd_wnd":	101834752,
					"rtt":	62083,
					"rttvar":	216,
					"pmtu":	1500,
					"omitted":	false,
					"sender":	true
				}],
			"sum":	{
				"start":	106.000217,
				"end":	107.000626,
				"seconds":	1.0004090070724487,
				"bytes":	378535936,
				"bits_per_second":	3027049403.3853636,
				"retransmits":	31742,
				"omitted":	false,
				"sender":	true
			}
		}, {
			"streams":	[{
					"socket":	7,
					"start":	107.000626,
					"end":	108.000156,
					"seconds":	0.999530017375946,
					"bytes":	309460992,
					"bits_per_second":	2476852013.4086552,
					"retransmits":	46340,
					"snd_cwnd":	64780624,
					"snd_wnd":	122507264,
					"rtt":	61624,
					"rttvar":	356,
					"pmtu":	1500,
					"omitted":	false,
					"sender":	true
				}],
			"sum":	{
				"start":	107.000626,
				"end":	108.000156,
				"seconds":	0.999530017375946,
				"bytes":	309460992,
				"bits_per_second":	2476852013.4086552,
				"retransmits":	46340,
				"omitted":	false,
				"sender":	true
			}
		}, {
			"streams":	[{
					"socket":	7,
					"start":	108.000156,
					"end":	109.001044,
					"seconds":	1.0008879899978638,
					"bytes":	461635584,
					"bits_per_second":	3689808159.26054,
					"retransmits":	38292,
					"snd_cwnd":	62782384,
					"snd_wnd":	133206016,
					"rtt":	61269,
					"rttvar":	271,
					"pmtu":	1500,
					"omitted":	false,
					"sender":	true
				}],
			"sum":	{
				"start":	108.000156,
				"end":	109.001044,
				"seconds":	1.0008879899978638,
				"bytes":	461635584,
				"bits_per_second":	3689808159.26054,
				"retransmits":	38292,
				"omitted":	false,
				"sender":	true
			}
		}, {
			"streams":	[{
					"socket":	7,
					"start":	109.001044,
					"end":	110.001041,
					"seconds":	0.99999701976776123,
					"bytes":	268566528,
					"bits_per_second":	2148538627.144083,
					"retransmits":	31775,
					"snd_cwnd":	70581312,
					"snd_wnd":	114212864,
					"rtt":	61779,
					"rttvar":	351,
					"pmtu":	1500,
					"omitted":	false,
					"sender":	true
				}],
			"sum":	{
				"start":	109.001044,
				"end":	110.001041,
				"seconds":	0.99999701976776123,
				"bytes":	268566528,
				"bits_per_second":	2148538627.144083,
				"retransmits":	31775,
				"omitted":	false,
				"sender":	true
			}
		}, {
			"streams":	[{
					"socket":	7,
					"start":	110.001041,
					"end":	111.001048,
					"seconds":	1.0000070333480835,
					"bytes":	411172864,
					"bits_per_second":	3289359776.7877178,
					"retransmits":	38684,
					"snd_cwnd":	68154464,
					"snd_wnd":	109473792,
					"rtt":	61315,
					"rttvar":	233,
					"pmtu":	1500,
					"omitted":	false,
					"sender":	true
				}],
			"sum":	{
				"start":	110.001041,
				"end":	111.001048,
				"seconds":	1.0000070333480835,
				"bytes":	411172864,
				"bits_per_second":	3289359776.7877178,
				"retransmits":	38684,
				"omitted":	false,
				"sender":	true
			}
		}, {
			"streams":	[{
					"socket":	7,
					"start":	111.001048,
					"end":	112.000109,
					"seconds":	0.9990609884262085,
					"bytes":	352321536,
					"bits_per_second":	2821221447.5915174,
					"retransmits":	35885,
					"snd_cwnd":	64780624,
					"snd_wnd":	137003008,
					"rtt":	61790,
					"rttvar":	310,
					"pmtu":	1500,
					"omitted":	false,
					"sender":	true
				}],
			"sum":	{
				"start":	111.001048,
				"end":	112.000109,
				"seconds":	0.9990609884262085,
				"bytes":	352321536,
				"bits_per_second":	2821221447.5915174,
				"retransmits":	35885,
				"omitted":	false,
				"sender":	true
			}
		}, {
			"streams":	[{
					"socket":	7,
					"start":	112.000109,
					"end":	113.001442,
					"seconds":	1.0013329982757568,
					"bytes":	251789312,
					"bits_per_second":	2011632992.6892896,
					"retransmits":	44375,
					"snd_cwnd":	68496192,
					"snd_wnd":	114089984,
					"rtt":	61757,
					"rttvar":	195,
					"pmtu":	1500,
					"omitted":	false,
					"sender":	true
				}],
			"sum":	{
				"start":	112.000109,
				"end":	113.001442,
				"seconds":	1.0013329982757568,
				"bytes":	251789312,
				"bits_per_second":	2011632992.6892896,
				"retransmits":	44375,
				"omitted":	false,
				"sender":	true
			}
		}, {
			"streams":	[{
					"socket":	7,
					"start":	113.001442,
					"end":	114.001044,
					"seconds":	0.99960201978683472,
					"bytes":	355467264,
					"bits_per_second":	2844870314.0940309,
					"retransmits":	36325,
					"snd_cwnd":	69266528,
					"snd_wnd":	104869888,
					"rtt":	61973,
					"rttvar":	190,
					"pmtu":	1500,
					"omitted":	false,
					"sender":	true
				}],
			"sum":	{
				"start":	113.001442,
				"end":	114.001044,
				"seconds":	0.99960201978683472,
				"bytes":	355467264,
				"bits_per_second":	2844870314.0940309,
				"retransmits":	36325,
				"omitted":	false,
				"sender":	true
			}
		}, {
			"streams":	[{
					"socket":	7,
					"start":	114.001044,
					"end":	115.000152,
					"seconds":	0.99910801649093628,
					"bytes":	399376384,
					"bits_per_second":	3197863513.5182948,
					"retransmits":	30867,
					"snd_cwnd":	40972608,
					"snd_wnd":	133763072,
					"rtt":	62636,
					"rttvar":	343,
					"pmtu":	1500,
					"omitted":	false,
					"sender":	true
				}],
			"sum":	{
				"start":	114.001044,
				"end":	115.000152,
				"seconds":	0.99910801649093628,
				"bytes":	399376384,
				"bits_per_second":	3197863513.5182948,
				"retransmits":	30867,
				"omitted":	false,
				"sender":	true
			}
		}, {
			"streams":	[{
					"socket":	7,
					"start":	115.000152,
					"end":	116.000541,
					"seconds":	1.0003889799118042,
					"bytes":	225705984,
					"bits_per_second":	1804945784.3479929,
					"retransmits":	19842,
					"snd_cwnd":	5792,
					"snd_wnd":	125890560,
					"rtt":	63660,
					"rttvar":	1093,
					"pmtu":	1500,
					"omitted":	false,
					"sender":	true
				}],
			"sum":	{
				"start":	115.000152,
				"end":	116.000541,
				"seconds":	1.0003889799118042,
				"bytes":	225705984,
				"bits_per_second":	1804945784.3479929,
				"retransmits":	19842,
				"omitted":	false,
				"sender":	true
			}
		}, {
			"streams":	[{
					"socket":	7,
					"start":	116.000541,
					"end":	117.000122,
					"seconds":	0.999580979347229,
					"bytes":	185335808,
					"bits_per_second":	1483308000.6867082,
					"retransmits":	16199,
					"snd_cwnd":	40425264,
					"snd_wnd":	118390784,
					"rtt":	62435,
					"rttvar":	289,
					"pmtu":	1500,
					"omitted":	false,
					"sender":	true
				}],
			"sum":	{
				"start":	116.000541,
				"end":	117.000122,
				"seconds":	0.999580979347229,
				"bytes":	185335808,
				"bits_per_second":	1483308000.6867082,
				"retransmits":	16199,
				"omitted":	false,
				"sender":	true
			}
		}, {
			"streams":	[{
					"socket":	7,
					"start":	117.000122,
					"end":	118.000125,
					"seconds":	1.0000029802322388,
					"bytes":	325451776,
					"bits_per_second":	2603606448.6481247,
					"retransmits":	13865,
					"snd_cwnd":	39947424,
					"snd_wnd":	116588544,
					"rtt":	62445,
					"rttvar":	320,
					"pmtu":	1500,
					"omitted":	false,
					"sender":	true
				}],
			"sum":	{
				"start":	117.000122,
				"end":	118.000125,
				"seconds":	1.0000029802322388,
				"bytes":	325451776,
				"bits_per_second":	2603606448.6481247,
				"retransmits":	13865,
				"omitted":	false,
				"sender":	true
			}
		}, {
			"streams":	[{
					"socket":	7,
					"start":	118.000125,
					"end":	119.000294,
					"seconds":	1.000169038772583,
					"bytes":	283639808,
					"bits_per_second":	2268734959.8270745,
					"retransmits":	25547,
					"snd_cwnd":	46886240,
					"snd_wnd":	108814336,
					"rtt":	62759,
					"rttvar":	279,
					"pmtu":	1500,
					"omitted":	false,
					"sender":	true
				}],
			"sum":	{
				"start":	118.000125,
				"end":	119.000294,
				"seconds":	1.000169038772583,
				"bytes":	283639808,
				"bits_per_second":	2268734959.8270745,
				"retransmits":	25547,
				"omitted":	false,
				"sender":	true
			}
		}, {
			"streams":	[{
					"socket":	7,
					"start":	119.000294,
					"end":	120.001951,
					"seconds":	1.0016570091247559,
					"bytes":	368312320,
					"bits_per_second":	2941624261.7566662,
					"retransmits":	23724,
					"snd_cwnd":	66147536,
					"snd_wnd":	111828992,
					"rtt":	61901,
					"rttvar":	327,
					"pmtu":	1500,
					"omitted":	false,
					"sender":	true
				}],
			"sum":	{
				"start":	119.000294,
				"end":	120.001951,
				"seconds":	1.0016570091247559,
				"bytes":	368312320,
				"bits_per_second":	2941624261.7566662,
				"retransmits":	23724,
				"omitted":	false,
				"sender":	true
			}
		}],
	"end":	{
		"streams":	[{
				"sender":	{
					"socket":	7,
					"start":	0,
					"end":	120.001951,
					"seconds":	120.001951,
					"bytes":	44234964992,
					"bits_per_second":	2948949721.1257839,
					"retransmits":	3783087,
					"max_snd_cwnd":	145652872,
					"max_snd_wnd":	141410304,
					"max_rtt":	63828,
					"min_rtt":	61006,
					"mean_rtt":	62008,
					"sender":	true
				},
				"receiver":	{
					"socket":	7,
					"start":	0,
					"end":	120.057485,
					"seconds":	120.001951,
					"bytes":	44081479680,
					"bits_per_second":	2937358195.0346537,
					"sender":	true
				}
			}],
		"sum_sent":	{
			"start":	0,
			"end":	120.001951,
			"seconds":	120.001951,
			"bytes":	44234964992,
			"bits_per_second":	2948949721.1257839,
			"retransmits":	3783087,
			"sender":	true
		},
		"sum_received":	{
			"start":	0,
			"end":	120.057485,
			"seconds":	120.057485,
			"bytes":	44081479680,
			"bits_per_second":	2937358195.0346537,
			"sender":	true
		},
		"cpu_utilization_percent":	{
			"host_total":	14.996640155036323,
			"host_user":	0.076551587232644033,
			"host_system":	14.920088567803678,
			"remote_total":	20.68385252152606,
			"remote_user":	0.0982129445413878,
			"remote_system":	20.5856412428532
		},
		"sender_tcp_congestion":	"bbr",
		"receiver_tcp_congestion":	"cubic"
	}
}
