{
	"start":	{
		"connected":	[{
				"socket":	7,
				"local_host":	"172.16.0.13",
				"local_port":	57078,
				"remote_host":	"172.17.0.13",
				"remote_port":	5201
			}],
		"version":	"iperf 3.16",
		"system_info":	"Linux h1 6.8.0-63-generic #66-Ubuntu SMP PREEMPT_DYNAMIC Fri Jun 13 20:25:30 UTC 2025 x86_64",
		"timestamp":	{
			"time":	"Sat, 31 Jan 2026 21:28:31 GMT",
			"timesecs":	1769894911
		},
		"connecting_to":	{
			"host":	"172.17.0.13",
			"port":	5201
		},
		"cookie":	"jelrcbpzanjlpqmyombsh66rpfemgu7im6ru",
		"tcp_mss_default":	1448,
		"target_bitrate":	0,
		"fq_rate":	0,
		"sock_bufsize":	0,
		"sndbuf_actual":	1000000,
		"rcvbuf_actual":	1000000,
		"test_start":	{
			"protocol":	"TCP",
			"num_streams":	1,
			"blksize":	131072,
			"omit":	0,
			"duration":	120,
			"bytes":	0,
			"blocks":	0,
			"reverse":	0,
			"tos":	0,
			"target_bitrate":	0,
			"bidir":	0,
			"fqrate":	0
		}
	},
	"intervals":	[{
			"streams":	[{
					"socket":	7,
					"start":	0,
					"end":	1.001049,
					"seconds":	1.0010490417480469,
					"bytes":	251133952,
					"bits_per_second":	2006966224.643429,
					"retransmits":	7387,
					"snd_cwnd":	33434320,
					"snd_wnd":	41721856,
					"rtt":	62663,
					"rttvar":	459,
					"pmtu":	1500,
					"omitted":	false,
					"sender":	true
				}],
			"sum":	{
				"start":	0,
				"end":	1.001049,
				"seconds":	1.0010490417480469,
				"bytes":	251133952,
				"bits_per_second":	2006966224.643429,
				"retransmits":	7387,
				"omitted":	false,
				"sender":	true
			}
		}, {
			"streams":	[{
					"socket":	7,
					"start":	1.001049,
					"end":	2.001044,
					"seconds":	0.999994993209839,
					"bytes":	147587072,
					"bits_per_second":	1180702487.5295978,
					"retransmits":	33595,
					"snd_cwnd":	28131744,
					"snd_wnd":	128868352,
					"rtt":	62848,
					"rttvar":	327,
					"pmtu":	1500,
					"omitted":	false,
					"sender":	true
				}],
			"sum":	{
				"start":	1.001049,
				"end":	2.001044,
				"seconds":	0.999994993209839,
				"bytes":	147587072,
				"bits_per_second":	1180702487.5295978,
				"retransmits":	33595,
				"omitted":	false,
				"sender":	true
			}
		}, {
			"streams":	[{
					"socket":	7,
					"start":	2.001044,
					"end":	3.001041,
					"seconds":	0.99999701976776123,
					"bytes":	166199296,
					"bits_per_second":	1329598330.5118091,
					"retransmits":	18747,
					"snd_cwnd":	26472336,
					"snd_wnd":	109756416,
					"rtt":	62101,
					"rttvar":	372,
					"pmtu":	1500,
					"omitted":	false,
					"sender":	true
				}],
			"sum":	{
				"start":	2.001044,
				"end":	3.001041,
				"seconds":	0.99999701976776123,
				"bytes":	166199296,
				"bits_per_second":	1329598330.5118091,
				"retransmits":	18747,
				"omitted":	false,
				"sender":	true
			}
		}, {
			"streams":	[{
					"socket":	7,
					"start":	3.001041,
					"end":	4.001037,
					"seconds":	0.9999960064888,
					"bytes":	155582464,
					"bits_per_second":	1244664682.58235,
					"retransmits":	30191,
					"snd_cwnd":	26538944,
					"snd_wnd":	121077760,
					"rtt":	61965,
					"rttvar":	396,
					"pmtu":	1500,
					"omitted":	false,
					"sender":	true
				}],
			"sum":	{
				"start":	3.001041,
				"end":	4.001037,
				"seconds":	0.9999960064888,
				"bytes":	155582464,
				"bits_per_second":	1244664682.58235,
				"retransmits":	30191,
				"omitted":	false,
				"sender":	true
			}
		}, {
			"streams":	[{
					"socket":	7,
					"start":	4.001037,
					"end":	5.001063,
					"seconds":	1.0000259876251221,
					"bytes":	164626432,
					"bits_per_second":	1316977230.8894293,
					"retransmits":	25115,
					"snd_cwnd":	26394144,
					"snd_wnd":	128536576,
					"rtt":	62525,
					"rttvar":	522,
					"pmtu":	1500,
					"omitted":	false,
					"sender":	true
				}],
			"sum":	{
				"start":	4.001037,
				"end":	5.001063,
				"seconds":	1.0000259876251221,
				"bytes":	164626432,
				"bits_per_second":	1316977230.8894293,
				"retransmits":	25115,
				"omitted":	false,
				"sender":	true
			}
		}, {
			"streams":	[{
					"socket":	7,
					"start":	5.001063,
					"end":	6.001054,
					"seconds":	0.999990999698639,
					"bytes":	170917888,
					"bits_per_second":	1367355410.6107633,
					"retransmits":	16769,
					"snd_cwnd":	25855488,
					"snd_wnd":	121802752,
					"rtt":	62390,
					"rttvar":	649,
					"pmtu":	1500,
					"omitted":	false,
					"sender":	true
				}],
			"sum":	{
				"start":	5.001063,
				"end":	6.001054,
				"seconds":	0.999990999698639,
				"bytes":	170917888,
				"bits_per_second":	1367355410.6107633,
				"retransmits":	16769,
				"omitted":	false,
				"sender":	true
			}
		}, {
			"streams":	[{
					"socket":	7,
					"start":	6.001054,
					"end":	7.001055,
					"seconds":	1.0000009536743164,
					"bytes":	192413696,
					"bits_per_second":	1539308100.0014,
					"retransmits":	18233,
					"snd_cwnd":	27303488,
					"snd_wnd":	115507200,
					"rtt":	62007,
					"rttvar":	259,
					"pmtu":	1500,
					"omitted":	false,
					"sender":	true
				}],
			"sum":	{
				"start":	6.001054,
				"end":	7.001055,
				"seconds":	1.0000009536743164,
				"bytes":	192413696,
				"bits_per_second":	1539308100.0014,
				"retransmits":	18233,
				"omitted":	false,
				"sender":	true
			}
		}, {
			"streams":	[{
					"socket":	7,
					"start":	7.001055,
					"end":	8.001976,
					"seconds":	1.0009210109710693,
					"bytes":	203030528,
					"bits_per_second":	1622749653.765583,
					"retransmits":	26223,
					"snd_cwnd":	24728944,
					"snd_wnd":	104558592,
					"rtt":	62862,
					"rttvar":	306,
					"pmtu":	1500,
					"omitted":	false,
					"sender":	true
				}],
			"sum":	{
				"start":	7.001055,
				"end":	8.001976,
				"seconds":	1.0009210109710693,
				"bytes":	203030528,
				"bits_per_second":	1622749653.765583,
				"retransmits":	26223,
				"omitted":	false,
				"sender":	true
			}
		}, {
			"streams":	[{
					"socket":	7,
					"start":	8.001976,
					"end":	9.000103,
					"seconds":	0.998126983642578,
					"bytes":	168689664,
					"bits_per_second":	1352049723.2476907,
					"retransmits":	11769,
					"snd_cwnd":	23315696,
					"snd_wnd":	122662912,
					"rtt":	63136,
					"rttvar":	1930,
					"pmtu":	1500,
					"omitted":	false,
					"sender":	true
				}],
			"sum":	{
				"start":	8.001976,
				"end":	9.000103,
				"seconds":	0.998126983642578,
				"bytes":	168689664,
				"bits_per_second":	1352049723.2476907,
				"retransmits":	11769,
				"omitted":	false,
				"sender":	true
			}
		}, {
			"streams":	[{
					"socket":	7,
					"start":	9.000103,
					"end":	10.000949,
					"seconds":	1.0008460283279419,
					"bytes":	141033472,
					"bits_per_second":	1127314036.390727,
					"retransmits":	17362,
					"snd_cwnd":	23350448,
					"snd_wnd":	113102848,
					"rtt":	62017,
					"rttvar":	173,
					"pmtu":	1500,
					"omitted":	false,
					"sender":	true
				}],
			"sum":	{
				"start":	9.000103,
				"end":	10.000949,
				"seconds":	1.0008460283279419,
				"bytes":	141033472,
				"bits_per_second":	1127314036.390727,
				"retransmits":	17362,
				"omitted":	false,
				"sender":	true
			}
		}, {
			"streams":	[{
					"socket":	7,
					"start":	10.000949,
					"end":	11.00105,
					"seconds":	1.0001009702682495,
					"bytes":	149684224,
					"bits_per_second":	1197352894.9570069,
					"retransmits":	18441,
					"snd_cwnd":	25953952,
					"snd_wnd":	126758912,
					"rtt":	60941,
					"rttvar":	93,
					"pmtu":	1500,
					"omitted":	false,
					"sender":	true
				}],
			"sum":	{
				"start":	10.000949,
				"end":	11.00105,
				"seconds":	1.0001009702682495,
				"bytes":	149684224,
				"bits_per_second":	1197352894.9570069,
				"retransmits":	18441,
				"omitted":	false,
				"sender":	true
			}
		}, {
			"streams":	[{
					"socket":	7,
					"start":	11.00105,
					"end":	12.000964,
					"seconds":	0.999913990497589,
					"bytes":	209321984,
					"bits_per_second":	1674719913.8264658,
					"retransmits":	15876,
					"snd_cwnd":	23666112,
					"snd_wnd":	127578112,
					"rtt":	62966,
					"rttvar":	254,
					"pmtu":	1500,
					"omitted":	false,
					"sender":	true
				}],
			"sum":	{
				"start":	11.00105,
				"end":	12.000964,
				"seconds":	0.999913990497589,
				"bytes":	209321984,
				"bits_per_second":	1674719913.8264658,
				"retransmits":	15876,
				"omitted":	false,
				"sender":	true
			}
		}, {
			"streams":	[{
					"socket":	7,
					"start":	12.000964,
					"end":	13.000365,
					"seconds":	0.99940097332000732,
					"bytes":	73924608,
					"bits_per_second":	591751338.83988643,
					"retransmits":	13293,
					"snd_cwnd":	21618640,
					"snd_wnd":	128253952,
					"rtt":	62560,
					"rttvar":	378,
					"pmtu":	1500,
					"omitted":	false,
					"sender":	true
				}],
			"sum":	{
				"start":	12.000964,
				"end":	13.000365,
				"seconds":	0.99940097332000732,
				"bytes":	73924608,
				"bits_per_second":	591751338.83988643,
				"retransmits":	13293,
				"omitted":	false,
				"sender":	true
			}
		}, {
			"streams":	[{
					"socket":	7,
					"start":	13.000365,
					"end":	14.000111,
					"seconds":	0.999746024608612,
					"bytes":	145096704,
					"bits_per_second":	1161068514.8304822,
					"retransmits":	18378,
					"snd_cwnd":	17179072,
					"snd_wnd":	131096576,
					"rtt":	63657,
					"rttvar":	453,
					"pmtu":	1500,
					"omitted":	false,
					"sender":	true
				}],
			"sum":	{
				"start":	13.000365,
				"end":	14.000111,
				"seconds":	0.999746024608612,
				"bytes":	145096704,
				"bits_per_second":	1161068514.8304822,
				"retransmits":	18378,
				"omitted":	false,
				"sender":	true
			}
		}, {
			"streams":	[{
					"socket":	7,
					"start":	14.000111,
					"end":	15.000248,
					"seconds":	1.0001369714736938,
					"bytes":	74317824,
					"bits_per_second":	594461167.77779567,
					"retransmits":	11781,
					"snd_cwnd":	17367312,
					"snd_wnd":	134365184,
					"rtt":	62586,
					"rttvar":	519,
					"pmtu":	1500,
					"omitted":	false,
					"sender":	true
				}],
			"sum":	{
				"start":	14.000111,
				"end":	15.000248,
				"seconds":	1.0001369714736938,
				"bytes":	74317824,
				"bits_per_second":	594461167.77779567,
				"retransmits":	11781,
				"omitted":	false,
				"sender":	true
			}
		}, {
			"streams":	[{
					"socket":	7,
					"start":	15.000248,
					"end":	16.001048,
					"seconds":	1.0008000135421753,
					"bytes":	135266304,
					"bits_per_second":	1081265405.0332878,
					"retransmits":	14984,
					"snd_cwnd":	17239888,
					"snd_wnd":	129740800,
					"rtt":	62900,
					"rttvar":	462,
					"pmtu":	1500,
					"omitted":	false,
					"sender":	true
				}],
			"sum":	{
				"start":	15.000248,
				"end":	16.001048,
				"seconds":	1.0008000135421753,
				"bytes":	135266304,
				"bits_per_second":	1081265405.0332878,
				"retransmits":	14984,
				"omitted":	false,
				"sender":	true
			}
		}, {
			"streams":	[{
					"socket":	7,
					"start":	16.001048,
					"end":	17.001293,
					"seconds":	1.0002449750900269,
					"bytes":	137625600,
					"bits_per_second":	1100735147.3081925,
					"retransmits":	12127,
					"snd_cwnd":	18618384,
					"snd_wnd":	128663552,
					"rtt":	61948,
					"rttvar":	310,
					"pmtu":	1500,
					"omitted":	false,
					"sender":	true
				}],
			"sum":	{
				"start":	16.001048,
				"end":	17.001293,
				"seconds":	1.0002449750900269,
				"bytes":	137625600,
				"bits_per_second":	1100735147.3081925,
				"retransmits":	12127,
				"omitted":	false,
				"sender":	true
			}
		}, {
			"streams":	[{
					"socket":	7,
					"start":	17.001293,
					"end":	18.00022,
					"seconds":	0.99892699718475342,
					"bytes":	139329536,
					"bits_per_second":	1115833580.5733018,
					"retransmits":	14425,
					"snd_cwnd":	18612592,
					"snd_wnd":	140451840,
					"rtt":	65315,
					"rttvar":	1305,
					"pmtu":	1500,
					"omitted":	false,
					"sender":	true
				}],
			"sum":	{
				"start":	17.001293,
				"end":	18.00022,
				"seconds":	0.99892699718475342,
				"bytes":	139329536,
				"bits_per_second":	1115833580.5733018,
				"retransmits":	14425,
				"omitted":	false,
				"sender":	true
			}
		}, {
			"streams":	[{
					"socket":	7,
					"start":	18.00022,
					"end":	19.000993,
					"seconds":	1.0007729530334473,
					"bytes":	142082048,
					"bits_per_second":	1135778480.5781131,
					"retransmits":	17606,
					"snd_cwnd":	22403456,
					"snd_wnd":	134234112,
					"rtt":	63092,
					"rttvar":	364,
					"pmtu":	1500,
					"omitted":	false,
					"sender":	true
				}],
			"sum":	{
				"start":	18.00022,
				"end":	19.000993,
				"seconds":	1.0007729530334473,
				"bytes":	142082048,
				"bits_per_second":	1135778480.5781131,
				"retransmits":	17606,
				"omitted":	false,
				"sender":	true
			}
		}, {
			"streams":	[{
					"socket":	7,
					"start":	19.000993,
					"end":	20.000217,
					"seconds":	0.99922400712966919,
					"bytes":	146276352,
					"bits_per_second":	1171119596.4571555,
					"retransmits":	12744,
					"snd_cwnd":	25357376,
					"snd_wnd":	132358144,
					"rtt":	62335,
					"rttvar":	744,
					"pmtu":	1500,
					"omitted":	false,
					"sender":	true
				}],
			"sum":	{
				"start":	19.000993,
				"end":	20.000217,
				"seconds":	0.99922400712966919,
				"bytes":	146276352,
				"bits_per_second":	1171119596.4571555,
				"retransmits":	12744,
				"omitted":	false,
				"sender":	true
			}
		}, {
			"streams":	[{
					"socket":	7,
					"start":	20.000217,
					"end":	21.00083,
					"seconds":	1.00061297416687,
					"bytes":	168427520,
					"bits_per_second":	1346594732.2159083,
					"retransmits":	23047,
					"snd_cwnd":	29695584,
					"snd_wnd":	118292480,
					"rtt":	62424,
					"rttvar":	629,
					"pmtu":	1500,
					"omitted":	false,
					"sender":	true
				}],
			"sum":	{
				"start":	20.000217,
				"end":	21.00083,
				"seconds":	1.00061297416687,
				"bytes":	168427520,
				"bits_per_second":	1346594732.2159083,
				"retransmits":	23047,
				"omitted":	false,
				"sender":	true
			}
		}, {
			"streams":	[{
					"socket":	7,
					"start":	21.00083,
					"end":	22.001548,
					"seconds":	1.0007179975509644,
					"bytes":	152305664,
					"bits_per_second":	1217571098.9328413,
					"retransmits":	13421,
					"snd_cwnd":	23460496,
					"snd_wnd":	133009408,
					"rtt":	62911,
					"rttvar":	197,
					"pmtu":	1500,
					"omitted":	false,
					"sender":	true
				}],
			"sum":	{
				"start":	21.00083,
				"end":	22.001548,
				"seconds":	1.0007179975509644,
				"bytes":	152305664,
				"bits_per_second":	1217571098.9328413,
				"retransmits":	13421,
				"omitted":	false,
				"sender":	true
			}
		}, {
			"streams":	[{
					"socket":	7,
					"start":	22.001548,
					"end":	23.000224,
					"seconds":	0.99867600202560425,
					"bytes":	158203904,
					"bits_per_second":	1267309146.7432213,
					"retransmits":	17276,
					"snd_cwnd":	23521312,
					"snd_wnd":	131047424,
					"rtt":	61912,
					"rttvar":	170,
					"pmtu":	1500,
					"omitted":	false,
					"sender":	true
				}],
			"sum":	{
				"start":	22.001548,
				"end":	23.000224,
				"seconds":	0.99867600202560425,
				"bytes":	158203904,
				"bits_per_second":	1267309146.7432213,
				"retransmits":	17276,
				"omitted":	false,
				"sender":	true
			}
		}, {
			"streams":	[{
					"socket":	7,
					"start":	23.000224,
					"end":	24.001128,
					"seconds":	1.0009039640426636,
					"bytes":	145489920,
					"bits_per_second":	1162868168.9888761,
					"retransmits":	18989,
					"snd_cwnd":	23451808,
					"snd_wnd":	129908736,
					"rtt":	62556,
					"rttvar":	458,
					"pmtu":	1500,
					"omitted":	false,
					"sender":	true
				}],
			"sum":	{
				"start":	23.000224,
				"end":	24.001128,
				"seconds":	1.0009039640426636,
				"bytes":	145489920,
				"bits_per_second":	1162868168.9888761,
				"retransmits":	18989,
				"omitted":	false,
				"sender":	true
			}
		}, {
			"streams":	[{
					"socket":	7,
					"start":	24.001128,
					"end":	25.000128,
					"seconds":	0.99900001287460327,
					"bytes":	226623488,
					"bits_per_second":	1814802683.3184538,
					"retransmits":	15081,
					"snd_cwnd":	26675056,
					"snd_wnd":	130027520,
					"rtt":	63061,
					"rttvar":	168,
					"pmtu":	1500,
					"omitted":	false,
					"sender":	true
				}],
			"sum":	{
				"start":	24.001128,
				"end":	25.000128,
				"seconds":	0.99900001287460327,
				"bytes":	226623488,
				"bits_per_second":	1814802683.3184538,
				"retransmits":	15081,
				"omitted":	false,
				"sender":	true
			}
		}, {
			"streams":	[{
					"socket":	7,
					"start":	25.000128,
					"end":	26.0001,
					"seconds":	0.99997198581695557,
					"bytes":	144310272,
					"bits_per_second":	1154514518.7810566,
					"retransmits":	18251,
					"snd_cwnd":	33503824,
					"snd_wnd":	127512576,
					"rtt":	62743,
					"rttvar":	283,
					"pmtu":	1500,
					"omitted":	false,
					"sender":	true
				}],
			"sum":	{
				"start":	25.000128,
				"end":	26.0001,
				"seconds":	0.99997198581695557,
				"bytes":	144310272,
				"bits_per_second":	1154514518.7810566,
				"retransmits":	18251,
				"omitted":	false,
				"sender":	true
			}
		}, {
			"streams":	[{
					"socket":	7,
					"start":	26.0001,
					"end":	27.000418,
					"seconds":	1.0003180503845215,
					"bytes":	236322816,
					"bits_per_second":	1889981418.6830494,
					"retransmits":	24478,
					"snd_cwnd":	34641952,
					"snd_wnd":	117268480,
					"rtt":	62491,
					"rttvar":	356,
					"pmtu":	1500,
					"omitted":	false,
					"sender":	true
				}],
			"sum":	{
				"start":	26.0001,
				"end":	27.000418,
				"seconds":	1.0003180503845215,
				"bytes":	236322816,
				"bits_per_second":	1889981418.6830494,
				"retransmits":	24478,
				"omitted":	false,
				"sender":	true
			}
		}, {
			"streams":	[{
					"socket":	7,
					"start":	27.000418,
					"end":	28.000157,
					"seconds":	0.99973899126052856,
					"bytes":	73531392,
					"bits_per_second":	588404714.772902,
					"retransmits":	11105,
					"snd_cwnd":	34569552,
					"snd_wnd":	124801024,
					"rtt":	61905,
					"rttvar":	298,
					"pmtu":	1500,
					"omitted":	false,
					"sender":	true
				}],
			"sum":	{
				"start":	27.000418,
				"end":	28.000157,
				"seconds":	0.99973899126052856,
				"bytes":	73531392,
				"bits_per_second":	588404714.772902,
				"retransmits":	11105,
				"omitted":	false,
				"sender":	true
			}
		}, {
			"streams":	[{
					"socket":	7,
					"start":	28.000157,
					"end":	29.000123,
					"seconds":	0.999966025352478,
					"bytes":	178651136,
					"bits_per_second":	1429257646.5247588,
					"retransmits":	33393,
					"snd_cwnd":	25261808,
					"snd_wnd":	126881792,
					"rtt":	61840,
					"rttvar":	453,
					"pmtu":	1500,
					"omitted":	false,
					"sender":	true
				}],
			"sum":	{
				"start":	28.000157,
				"end":	29.000123,
				"seconds":	0.999966025352478,
				"bytes":	178651136,
				"bits_per_second":	1429257646.5247588,
				"retransmits":	33393,
				"omitted":	false,
				"sender":	true
			}
		}, {
			"streams":	[{
					"socket":	7,
					"start":	29.000123,
					"end":	30.000988,
					"seconds":	1.0008649826049805,
					"bytes":	208666624,
					"bits_per_second":	1667890295.9070246,
					"retransmits":	15554,
					"snd_cwnd":	25357376,
					"snd_wnd":	133746688,
					"rtt":	62804,
					"rttvar":	368,
					"pmtu":	1500,
					"omitted":	false,
					"sender":	true
				}],
			"sum":	{
				"start":	29.000123,
				"end":	30.000988,
				"seconds":	1.0008649826049805,
				"bytes":	208666624,
				"bits_per_second":	1667890295.9070246,
				"retransmits":	15554,
				"omitted":	false,
				"sender":	true
			}
		}, {
			"streams":	[{
					"socket":	7,
					"start":	30.000988,
					"end":	31.000251,
					"seconds":	0.99926298856735229,
					"bytes":	161742848,
					"bits_per_second":	1294897137.9948049,
					"retransmits":	16262,
					"snd_cwnd":	25001168,
					"snd_wnd":	129536000,
					"rtt":	62551,
					"rttvar":	168,
					"pmtu":	1500,
					"omitted":	false,
					"sender":	true
				}],
			"sum":	{
				"start":	30.000988,
				"end":	31.000251,
				"seconds":	0.99926298856735229,
				"bytes":	161742848,
				"bits_per_second":	1294897137.9948049,
				"retransmits":	16262,
				"omitted":	false,
				"sender":	true
			}
		}, {
			"streams":	[{
					"socket":	7,
					"start":	31.000251,
					"end":	32.000136,
					"seconds":	0.99988502264022827,
					"bytes":	222167040,
					"bits_per_second":	1777540696.9362204,
					"retransmits":	10162,
					"snd_cwnd":	12971184,
					"snd_wnd":	141348864,
					"rtt":	62570,
					"rttvar":	277,
					"pmtu":	1500,
					"omitted":	false,
					"sender":	true
				}],
			"sum":	{
				"start":	31.000251,
				"end":	32.000136,
				"seconds":	0.99988502264022827,
				"bytes":	222167040,
				"bits_per_second":	1777540696.9362204,
				"retransmits":	10162,
				"omitted":	false,
				"sender":	true
			}
		}, {
			"streams":	[{
					"socket":	7,
					"start":	32.000136,
					"end":	33.000312,
					"seconds":	1.000175952911377,
					"bytes":	178257920,
					"bits_per_second":	1425812484.1423376,
					"retransmits":	18765,
					"snd_cwnd":	28981720,
					"snd_wnd":	133566464,
					"rtt":	63281,
					"rttvar":	968,
					"pmtu":	1500,
					"omitted":	false,
					"sender":	true
				}],
			"sum":	{
				"start":	32.000136,
				"end":	33.000312,
				"seconds":	1.000175952911377,
				"bytes":	178257920,
				"bits_per_second":	1425812484.1423376,
				"retransmits":	18765,
				"omitted":	false,
				"sender":	true
			}
		}, {
			"streams":	[{
					"socket":	7,
					"start":	33.000312,
					"end":	34.000645,
					"seconds":	1.0003329515457153,
					"bytes":	159383552,
					"bits_per_second":	1274644021.3028705,
					"retransmits":	28801,
					"snd_cwnd":	31262320,
					"snd_wnd":	107270144,
					"rtt":	62191,
					"rttvar":	245,
					"pmtu":	1500,
					"omitted":	false,
					"sender":	true
				}],
			"sum":	{
				"start":	33.000312,
				"end":	34.000645,
				"seconds":	1.0003329515457153,
				"bytes":	159383552,
				"bits_per_second":	1274644021.3028705,
				"retransmits":	28801,
				"omitted":	false,
				"sender":	true
			}
		}, {
			"streams":	[{
					"socket":	7,
					"start":	34.000645,
					"end":	35.000107,
					"seconds":	0.99946200847625732,
					"bytes":	225574912,
					"bits_per_second":	1805570677.7201316,
					"retransmits":	23269,
					"snd_cwnd":	25163344,
					"snd_wnd":	124620800,
					"rtt":	62407,
					"rttvar":	275,
					"pmtu":	1500,
					"omitted":	false,
					"sender":	true
				}],
			"sum":	{
				"start":	34.000645,
				"end":	35.000107,
				"seconds":	0.99946200847625732,
				"bytes":	225574912,
				"bits_per_second":	1805570677.7201316,
				"retransmits":	23269,
				"omitted":	false,
				"sender":	true
			}
		}, {
			"streams":	[{
					"socket":	7,
					"start":	35.000107,
					"end":	36.00008,
					"seconds":	0.99997299909591675,
					"bytes":	145358848,
					"bits_per_second":	1162902183.4103124,
					"retransmits":	20660,
					"snd_cwnd":	25134384,
					"snd_wnd":	122601472,
					"rtt":	61840,
					"rttvar":	601,
					"pmtu":	1500,
					"omitted":	false,
					"sender":	true
				}],
			"sum":	{
				"start":	35.000107,
				"end":	36.00008,
				"seconds":	0.99997299909591675,
				"bytes":	145358848,
				"bits_per_second":	1162902183.4103124,
				"retransmits":	20660,
				"omitted":	false,
				"sender":	true
			}
		}, {
			"streams":	[{
					"socket":	7,
					"start":	36.00008,
					"end":	37.00104,
					"seconds":	1.0009599924087524,
					"bytes":	138149888,
					"bits_per_second":	1104139138.8085372,
					"retransmits":	17580,
					"snd_cwnd":	25562992,
					"snd_wnd":	102465536,
					"rtt":	62564,
					"rttvar":	249,
					"pmtu":	1500,
					"omitted":	false,
					"sender":	true
				}],
			"sum":	{
				"start":	36.00008,
				"end":	37.00104,
				"seconds":	1.0009599924087524,
				"bytes":	138149888,
				"bits_per_second":	1104139138.8085372,
				"retransmits":	17580,
				"omitted":	false,
				"sender":	true
			}
		}, {
			"streams":	[{
					"socket":	7,
					"start":	37.00104,
					"end":	38.001294,
					"seconds":	1.0002540349960327,
					"bytes":	243007488,
					"bits_per_second":	1943566170.17567,
					"retransmits":	17620,
					"snd_cwnd":	29712960,
					"snd_wnd":	113254400,
					"rtt":	62238,
					"rttvar":	85,
					"pmtu":	1500,
					"omitted":	false,
					"sender":	true
				}],
			"sum":	{
				"start":	37.00104,
				"end":	38.001294,
				"seconds":	1.0002540349960327,
				"bytes":	243007488,
				"bits_per_second":	1943566170.17567,
				"retransmits":	17620,
				"omitted":	false,
				"sender":	true
			}
		}, {
			"streams":	[{
					"socket":	7,
					"start":	38.001294,
					"end":	39.000189,
					"seconds":	0.998894989490509,
					"bytes":	161480704,
					"bits_per_second":	1293274714.1507955,
					"retransmits":	21350,
					"snd_cwnd":	36194208,
					"snd_wnd":	105025536,
					"rtt":	62421,
					"rttvar":	436,
					"pmtu":	1500,
					"omitted":	false,
					"sender":	true
				}],
			"sum":	{
				"start":	38.001294,
				"end":	39.000189,
				"seconds":	0.998894989490509,
				"bytes":	161480704,
				"bits_per_second":	1293274714.1507955,
				"retransmits":	21350,
				"omitted":	false,
				"sender":	true
			}
		}, {
			"streams":	[{
					"socket":	7,
					"start":	39.000189,
					"end":	40.000209,
					"seconds":	1.0000200271606445,
					"bytes":	192282624,
					"bits_per_second":	1538230185.6169643,
					"retransmits":	31710,
					"snd_cwnd":	37662480,
					"snd_wnd":	98947072,
					"rtt":	62038,
					"rttvar":	295,
					"pmtu":	1500,
					"omitted":	false,
					"sender":	true
				}],
			"sum":	{
				"start":	39.000189,
				"end":	40.000209,
				"seconds":	1.0000200271606445,
				"bytes":	192282624,
				"bits_per_second":	1538230185.6169643,
				"retransmits":	31710,
				"omitted":	false,
				"sender":	true
			}
		}, {
			"streams":	[{
					"socket":	7,
					"start":	40.000209,
					"end":	41.000201,
					"seconds":	0.9999920129776,
					"bytes":	87556096,
					"bits_per_second":	700454362.54468369,
					"retransmits":	6262,
					"snd_cwnd":	17376,
					"snd_wnd":	108302336,
					"rtt":	61781,
					"rttvar":	763,
					"pmtu":	1500,
					"omitted":	false,
					"sender":	true
				}],
			"sum":	{
				"start":	40.000209,
				"end":	41.000201,
				"seconds":	0.9999920129776,
				"bytes":	87556096,
				"bits_per_second":	700454362.54468369,
				"retransmits":	6262,
				"omitted":	false,
				"sender":	true
			}
		}, {
			"streams":	[{
					"socket":	7,
					"start":	41.000201,
					"end":	42.001059,
					"seconds":	1.000857949256897,
					"bytes":	0,
					"bits_per_second":	0,
					"retransmits":	290,
					"snd_cwnd":	107152,
					"snd_wnd":	118284288,
					"rtt":	60833,
					"rttvar":	227,
					"pmtu":	1500,
					"omitted":	false,
					"sender":	true
				}],
			"sum":	{
				"start":	41.000201,
				"end":	42.001059,
				"seconds":	1.000857949256897,
				"bytes":	0,
				"bits_per_second":	0,
				"retransmits":	290,
				"omitted":	false,
				"sender":	true
			}
		}, {
			"streams":	[{
					"socket":	7,
					"start":	42.001059,
					"end":	43.001059,
					"seconds":	1,
					"bytes":	0,
					"bits_per_second":	0,
					"retransmits":	721,
					"snd_cwnd":	156384,
					"snd_wnd":	129212416,
					"rtt":	61156,
					"rttvar":	281,
					"pmtu":	1500,
					"omitted":	false,
					"sender":	true
				}],
			"sum":	{
				"start":	42.001059,
				"end":	43.001059,
				"seconds":	1,
				"bytes":	0,
				"bits_per_second":	0,
				"retransmits":	721,
				"omitted":	false,
				"sender":	true
			}
		}, {
			"streams":	[{
					"socket":	7,
					"start":	43.001059,
					"end":	44.00018,
					"seconds":	0.99912101030349731,
					"bytes":	0,
					"bits_per_second":	0,
					"retransmits":	965,
					"snd_cwnd":	228784,
					"snd_wnd":	131612672,
					"rtt":	61546,
					"rttvar":	539,
					"pmtu":	1500,
					"omitted":	false,
					"sender":	true
				}],
			"sum":	{
				"start":	43.001059,
				"end":	44.00018,
				"seconds":	0.99912101030349731,
				"bytes":	0,
				"bits_per_second":	0,
				"retransmits":	965,
				"omitted":	false,
				"sender":	true
			}
		}, {
			"streams":	[{
					"socket":	7,
					"start":	44.00018,
					"end":	45.00281,
					"seconds":	1.0026299953460693,
					"bytes":	0,
					"bits_per_second":	0,
					"retransmits":	1355,
					"snd_cwnd":	309872,
					"snd_wnd":	136687616,
					"rtt":	61679,
					"rttvar":	460,
					"pmtu":	1500,
					"omitted":	false,
					"sender":	true
				}],
			"sum":	{
				"start":	44.00018,
				"end":	45.00281,
				"seconds":	1.0026299953460693,
				"bytes":	0,
				"bits_per_second":	0,
				"retransmits":	1355,
				"omitted":	false,
				"sender":	true
			}
		}, {
			"streams":	[{
					"socket":	7,
					"start":	45.00281,
					"end":	46.000186,
					"seconds":	0.997376024723053,
					"bytes":	66584576,
					"bits_per_second":	534078015.50865567,
					"retransmits":	941,
					"snd_cwnd":	309872,
					"snd_wnd":	141271040,
					"rtt":	62306,
					"rttvar":	250,
					"pmtu":	1500,
					"omitted":	false,
					"sender":	true
				}],
			"sum":	{
				"start":	45.00281,
				"end":	46.000186,
				"seconds":	0.997376024723053,
				"bytes":	66584576,
				"bits_per_second":	534078015.50865567,
				"retransmits":	941,
				"omitted":	false,
				"sender":	true
			}
		}, {
			"streams":	[{
					"socket":	7,
					"start":	46.000186,
					"end":	47.000218,
					"seconds":	1.0000319480895996,
					"bytes":	0,
					"bits_per_second":	0,
					"retransmits":	204,
					"snd_cwnd":	341728,
					"snd_wnd":	141266944,
					"rtt":	62761,
					"rttvar":	368,
					"pmtu":	1500,
					"omitted":	false,
					"sender":	true
				}],
			"sum":	{
				"start":	46.000186,
				"end":	47.000218,
				"seconds":	1.0000319480895996,
				"bytes":	0,
				"bits_per_second":	0,
				"retransmits":	204,
				"omitted":	false,
				"sender":	true
			}
		}, {
			"streams":	[{
					"socket":	7,
					"start":	47.000218,
					"end":	48.000655,
					"seconds":	1.0004370212554932,
					"bytes":	0,
					"bits_per_second":	0,
					"retransmits":	202,
					"snd_cwnd":	390960,
					"snd_wnd":	141373440,
					"rtt":	62667,
					"rttvar":	319,
					"pmtu":	1500,
					"omitted":	false,
					"sender":	true
				}],
			"sum":	{
				"start":	47.000218,
				"end":	48.000655,
				"seconds":	1.0004370212554932,
				"bytes":	0,
				"bits_per_second":	0,
				"retransmits":	202,
				"omitted":	false,
				"sender":	true
			}
		}, {
			"streams":	[{
					"socket":	7,
					"start":	48.000655,
					"end":	49.001049,
					"seconds":	1.0003939867019653,
					"bytes":	0,
					"bits_per_second":	0,
					"retransmits":	270,
					"snd_cwnd":	443088,
					"snd_wnd":	140972032,
					"rtt":	62667,
					"rttvar":	486,
					"pmtu":	1500,
					"omitted":	false,
					"sender":	true
				}],
			"sum":	{
				"start":	48.000655,
				"end":	49.001049,
				"seconds":	1.0003939867019653,
				"bytes":	0,
				"bits_per_second":	0,
				"retransmits":	270,
				"omitted":	false,
				"sender":	true
			}
		}, {
			"streams":	[{
					"socket":	7,
					"start":	49.001049,
					"end":	50.000158,
					"seconds":	0.99910902976989746,
					"bytes":	0,
					"bits_per_second":	0,
					"retransmits":	410,
					"snd_cwnd":	373584,
					"snd_wnd":	141185024,
					"rtt":	62385,
					"rttvar":	1155,
					"pmtu":	1500,
					"omitted":	false,
					"sender":	true
				}],
			"sum":	{
				"start":	49.001049,
				"end":	50.000158,
				"seconds":	0.99910902976989746,
				"bytes":	0,
				"bits_per_second":	0,
				"retransmits":	410,
				"omitted":	false,
				"sender":	true
			}
		}, {
			"streams":	[{
					"socket":	7,
					"start":	50.000158,
					"end":	51.000632,
					"seconds":	1.0004739761352539,
					"bytes":	0,
					"bits_per_second":	0,
					"retransmits":	143,
					"snd_cwnd":	298288,
					"snd_wnd":	141398016,
					"rtt":	62823,
					"rttvar":	381,
					"pmtu":	1500,
					"omitted":	false,
					"sender":	true
				}],
			"sum":	{
				"start":	50.000158,
				"end":	51.000632,
				"seconds":	1.0004739761352539,
				"bytes":	0,
				"bits_per_second":	0,
				"retransmits":	143,
				"omitted":	false,
				"sender":	true
			}
		}, {
			"streams":	[{
					"socket":	7,
					"start":	51.000632,
					"end":	52.001051,
					"seconds":	1.000419020652771,
					"bytes":	0,
					"bits_per_second":	0,
					"retransmits":	100,
					"snd_cwnd":	359104,
					"snd_wnd":	141287424,
					"rtt":	62339,
					"rttvar":	657,
					"pmtu":	1500,
					"omitted":	false,
					"sender":	true
				}],
			"sum":	{
				"start":	51.000632,
				"end":	52.001051,
				"seconds":	1.000419020652771,
				"bytes":	0,
				"bits_per_second":	0,
				"retransmits":	100,
				"omitted":	false,
				"sender":	true
			}
		}, {
			"streams":	[{
					"socket":	7,
					"start":	52.001051,
					"end":	53.000411,
					"seconds":	0.99936002492904663,
					"bytes":	0,
					"bits_per_second":	0,
					"retransmits":	17,
					"snd_cwnd":	353312,
					"snd_wnd":	141410304,
					"rtt":	60904,
					"rttvar":	55,
					"pmtu":	1500,
					"omitted":	false,
					"sender":	true
				}],
			"sum":	{
				"start":	52.001051,
				"end":	53.000411,
				"seconds":	0.99936002492904663,
				"bytes":	0,
				"bits_per_second":	0,
				"retransmits":	17,
				"omitted":	false,
				"sender":	true
			}
		}, {
			"streams":	[{
					"socket":	7,
					"start":	53.000411,
					"end":	54.000121,
					"seconds":	0.99971002340316772,
					"bytes":	0,
					"bits_per_second":	0,
					"retransmits":	166,
					"snd_cwnd":	419920,
					"snd_wnd":	141406208,
					"rtt":	62248,
					"rttvar":	147,
					"pmtu":	1500,
					"omitted":	false,
					"sender":	true
				}],
			"sum":	{
				"start":	53.000411,
				"end":	54.000121,
				"seconds":	0.99971002340316772,
				"bytes":	0,
				"bits_per_second":	0,
				"retransmits":	166,
				"omitted":	false,
				"sender":	true
			}
		}, {
			"streams":	[{
					"socket":	7,
					"start":	54.000121,
					"end":	55.001026,
					"seconds":	1.0009050369262695,
					"bytes":	0,
					"bits_per_second":	0,
					"retransmits":	351,
					"snd_cwnd":	388064,
					"snd_wnd":	141201408,
					"rtt":	62542,
					"rttvar":	566,
					"pmtu":	1500,
					"omitted":	false,
					"sender":	true
				}],
			"sum":	{
				"start":	54.000121,
				"end":	55.001026,
				"seconds":	1.0009050369262695,
				"bytes":	0,
				"bits_per_second":	0,
				"retransmits":	351,
				"omitted":	false,
				"sender":	true
			}
		}, {
			"streams":	[{
					"socket":	7,
					"start":	55.001026,
					"end":	56.001066,
					"seconds":	1.0000400543212891,
					"bytes":	0,
					"bits_per_second":	0,
					"retransmits":	313,
					"snd_cwnd":	373584,
					"snd_wnd":	141172736,
					"rtt":	63538,
					"rttvar":	1691,
					"pmtu":	1500,
					"omitted":	false,
					"sender":	true
				}],
			"sum":	{
				"start":	55.001026,
				"end":	56.001066,
				"seconds":	1.0000400543212891,
				"bytes":	0,
				"bits_per_second":	0,
				"retransmits":	313,
				"omitted":	false,
				"sender":	true
			}
		}, {
			"streams":	[{
					"socket":	7,
					"start":	56.001066,
					"end":	57.00324,
					"seconds":	1.0021740198135376,
					"bytes":	0,
					"bits_per_second":	0,
					"retransmits":	224,
					"snd_cwnd":	376480,
					"snd_wnd":	141328384,
					"rtt":	62464,
					"rttvar":	325,
					"pmtu":	1500,
					"omitted":	false,
					"sender":	true
				}],
			"sum":	{
				"start":	56.001066,
				"end":	57.00324,
				"seconds":	1.0021740198135376,
				"bytes":	0,
				"bits_per_second":	0,
				"retransmits":	224,
				"omitted":	false,
				"sender":	true
			}
		}, {
			"streams":	[{
					"socket":	7,
					"start":	57.00324,
					"end":	58.000292,
					"seconds":	0.997052013874054,
					"bytes":	0,
					"bits_per_second":	0,
					"retransmits":	198,
					"snd_cwnd":	382272,
					"snd_wnd":	141336576,
					"rtt":	61370,
					"rttvar":	341,
					"pmtu":	1500,
					"omitted":	false,
					"sender":	true
				}],
			"sum":	{
				"start":	57.00324,
				"end":	58.000292,
				"seconds":	0.997052013874054,
				"bytes":	0,
				"bits_per_second":	0,
				"retransmits":	198,
				"omitted":	false,
				"sender":	true
			}
		}, {
			"streams":	[{
					"socket":	7,
					"start":	58.000292,
					"end":	59.00105,
					"seconds":	1.0007580518722534,
					"bytes":	0,
					"bits_per_second":	0,
					"retransmits":	285,
					"snd_cwnd":	460464,
					"snd_wnd":	141234176,
					"rtt":	62398,
					"rttvar":	515,
					"pmtu":	1500,
					"omitted":	false,
					"sender":	true
				}],
			"sum":	{
				"start":	58.000292,
				"end":	59.00105,
				"seconds":	1.0007580518722534,
				"bytes":	0,
				"bits_per_second":	0,
				"retransmits":	285,
				"omitted":	false,
				"sender":	true
			}
		}, {
			"streams":	[{
					"socket":	7,
					"start":	59.00105,
					"end":	60.000114,
					"seconds":	0.999064028263092,
					"bytes":	0,
					"bits_per_second":	0,
					"retransmits":	367,
					"snd_cwnd":	402544,
					"snd_wnd":	141266944,
					"rtt":	61706,
					"rttvar":	375,
					"pmtu":	1500,
					"omitted":	false,
					"sender":	true
				}],
			"sum":	{
				"start":	59.00105,
				"end":	60.000114,
				"seconds":	0.999064028263092,
				"bytes":	0,
				"bits_per_second":	0,
				"retransmits":	367,
				"omitted":	false,
				"sender":	true
			}
		}, {
			"streams":	[{
					"socket":	7,
					"start":	60.000114,
					"end":	61.001049,
					"seconds":	1.0009349584579468,
					"bytes":	0,
					"bits_per_second":	0,
					"retransmits":	320,
					"snd_cwnd":	399648,
					"snd_wnd":	141242368,
					"rtt":	62707,
					"rttvar":	390,
					"pmtu":	1500,
					"omitted":	false,
					"sender":	true
				}],
			"sum":	{
				"start":	60.000114,
				"end":	61.001049,
				"seconds":	1.0009349584579468,
				"bytes":	0,
				"bits_per_second":	0,
				"retransmits":	320,
				"omitted":	false,
				"sender":	true
			}
		}, {
			"streams":	[{
					"socket":	7,
					"start":	61.001049,
					"end":	62.000143,
					"seconds":	0.999094009399414,
					"bytes":	0,
					"bits_per_second":	0,
					"retransmits":	242,
					"snd_cwnd":	5792,
					"snd_wnd":	141307904,
					"rtt":	62227,
					"rttvar":	989,
					"pmtu":	1500,
					"omitted":	false,
					"sender":	true
				}],
			"sum":	{
				"start":	61.001049,
				"end":	62.000143,
				"seconds":	0.999094009399414,
				"bytes":	0,
				"bits_per_second":	0,
				"retransmits":	242,
				"omitted":	false,
				"sender":	true
			}
		}, {
			"streams":	[{
					"socket":	7,
					"start":	62.000143,
					"end":	63.000107,
					"seconds":	0.99996399879455566,
					"bytes":	0,
					"bits_per_second":	0,
					"retransmits":	122,
					"snd_cwnd":	377928,
					"snd_wnd":	141406208,
					"rtt":	62450,
					"rttvar":	270,
					"pmtu":	1500,
					"omitted":	false,
					"sender":	true
				}],
			"sum":	{
				"start":	62.000143,
				"end":	63.000107,
				"seconds":	0.99996399879455566,
				"bytes":	0,
				"bits_per_second":	0,
				"retransmits":	122,
				"omitted":	false,
				"sender":	true
			}
		}, {
			"streams":	[{
					"socket":	7,
					"start":	63.000107,
					"end":	64.001046,
					"seconds":	1.0009390115737915,
					"bytes":	0,
					"bits_per_second":	0,
					"retransmits":	175,
					"snd_cwnd":	556032,
					"snd_wnd":	141230080,
					"rtt":	62248,
					"rttvar":	676,
					"pmtu":	1500,
					"omitted":	false,
					"sender":	true
				}],
			"sum":	{
				"start":	63.000107,
				"end":	64.001046,
				"seconds":	1.0009390115737915,
				"bytes":	0,
				"bits_per_second":	0,
				"retransmits":	175,
				"omitted":	false,
				"sender":	true
			}
		}, {
			"streams":	[{
					"socket":	7,
					"start":	64.001046,
					"end":	65.000137,
					"seconds":	0.99909102916717529,
					"bytes":	0,
					"bits_per_second":	0,
					"retransmits":	468,
					"snd_cwnd":	483632,
					"snd_wnd":	141021184,
					"rtt":	62425,
					"rttvar":	397,
					"pmtu":	1500,
					"omitted":	false,
					"sender":	true
				}],
			"sum":	{
				"start":	64.001046,
				"end":	65.000137,
				"seconds":	0.99909102916717529,
				"bytes":	0,
				"bits_per_second":	0,
				"retransmits":	468,
				"omitted":	false,
				"sender":	true
			}
		}, {
			"streams":	[{
					"socket":	7,
					"start":	65.000137,
					"end":	66.000935,
					"seconds":	1.0007979869842529,
					"bytes":	0,
					"bits_per_second":	0,
					"retransmits":	348,
					"snd_cwnd":	474944,
					"snd_wnd":	141279232,
					"rtt":	62388,
					"rttvar":	181,
					"pmtu":	1500,
					"omitted":	false,
					"sender":	true
				}],
			"sum":	{
				"start":	65.000137,
				"end":	66.000935,
				"seconds":	1.0007979869842529,
				"bytes":	0,
				"bits_per_second":	0,
				"retransmits":	348,
				"omitted":	false,
				"sender":	true
			}
		}, {
			"streams":	[{
					"socket":	7,
					"start":	66.000935,
					"end":	67.001582,
					"seconds":	1.0006469488143921,
					"bytes":	0,
					"bits_per_second":	0,
					"retransmits":	299,
					"snd_cwnd":	477840,
					"snd_wnd":	141242368,
					"rtt":	62887,
					"rttvar":	926,
					"pmtu":	1500,
					"omitted":	false,
					"sender":	true
				}],
			"sum":	{
				"start":	66.000935,
				"end":	67.001582,
				"seconds":	1.0006469488143921,
				"bytes":	0,
				"bits_per_second":	0,
				"retransmits":	299,
				"omitted":	false,
				"sender":	true
			}
		}, {
			"streams":	[{
					"socket":	7,
					"start":	67.001582,
					"end":	68.000118,
					"seconds":	0.998535990715027,
					"bytes":	0,
					"bits_per_second":	0,
					"retransmits":	352,
					"snd_cwnd":	451776,
					"snd_wnd":	141262848,
					"rtt":	62455,
					"rttvar":	434,
					"pmtu":	1500,
					"omitted":	false,
					"sender":	true
				}],
			"sum":	{
				"start":	67.001582,
				"end":	68.000118,
				"seconds":	0.998535990715027,
				"bytes":	0,
				"bits_per_second":	0,
				"retransmits":	352,
				"omitted":	false,
				"sender":	true
			}
		}, {
			"streams":	[{
					"socket":	7,
					"start":	68.000118,
					"end":	69.000111,
					"seconds":	0.99999302625656128,
					"bytes":	0,
					"bits_per_second":	0,
					"retransmits":	414,
					"snd_cwnd":	564720,
					"snd_wnd":	141152256,
					"rtt":	63165,
					"rttvar":	468,
					"pmtu":	1500,
					"omitted":	false,
					"sender":	true
				}],
			"sum":	{
				"start":	68.000118,
				"end":	69.000111,
				"seconds":	0.99999302625656128,
				"bytes":	0,
				"bits_per_second":	0,
				"retransmits":	414,
				"omitted":	false,
				"sender":	true
			}
		}, {
			"streams":	[{
					"socket":	7,
					"start":	69.000111,
					"end":	70.000173,
					"seconds":	1.0000619888305664,
					"bytes":	66453504,
					"bits_per_second":	531595079.04271531,
					"retransmits":	403,
					"snd_cwnd":	445984,
					"snd_wnd":	141348864,
					"rtt":	62467,
					"rttvar":	153,
					"pmtu":	1500,
					"omitted":	false,
					"sender":	true
				}],
			"sum":	{
				"start":	69.000111,
				"end":	70.000173,
				"seconds":	1.0000619888305664,
				"bytes":	66453504,
				"bits_per_second":	531595079.04271531,
				"retransmits":	403,
				"omitted":	false,
				"sender":	true
			}
		}, {
			"streams":	[{
					"socket":	7,
					"start":	70.000173,
					"end":	71.001981,
					"seconds":	1.0018080472946167,
					"bytes":	0,
					"bits_per_second":	0,
					"retransmits":	305,
					"snd_cwnd":	448880,
					"snd_wnd":	141312000,
					"rtt":	62249,
					"rttvar":	174,
					"pmtu":	1500,
					"omitted":	false,
					"sender":	true
				}],
			"sum":	{
				"start":	70.000173,
				"end":	71.001981,
				"seconds":	1.0018080472946167,
				"bytes":	0,
				"bits_per_second":	0,
				"retransmits":	305,
				"omitted":	false,
				"sender":	true
			}
		}, {
			"streams":	[{
					"socket":	7,
					"start":	71.001981,
					"end":	72.001069,
					"seconds":	0.99908798933029175,
					"bytes":	0,
					"bits_per_second":	0,
					"retransmits":	239,
					"snd_cwnd":	451776,
					"snd_wnd":	141221888,
					"rtt":	62634,
					"rttvar":	436,
					"pmtu":	1500,
					"omitted":	false,
					"sender":	true
				}],
			"sum":	{
				"start":	71.001981,
				"end":	72.001069,
				"seconds":	0.99908798933029175,
				"bytes":	0,
				"bits_per_second":	0,
				"retransmits":	239,
				"omitted":	false,
				"sender":	true
			}
		}, {
			"streams":	[{
					"socket":	7,
					"start":	72.001069,
					"end":	73.000275,
					"seconds":	0.999206006526947,
					"bytes":	0,
					"bits_per_second":	0,
					"retransmits":	192,
					"snd_cwnd":	483632,
					"snd_wnd":	141410304,
					"rtt":	60903,
					"rttvar":	46,
					"pmtu":	1500,
					"omitted":	false,
					"sender":	true
				}],
			"sum":	{
				"start":	72.001069,
				"end":	73.000275,
				"seconds":	0.999206006526947,
				"bytes":	0,
				"bits_per_second":	0,
				"retransmits":	192,
				"omitted":	false,
				"sender":	true
			}
		}, {
			"streams":	[{
					"socket":	7,
					"start":	73.000275,
					"end":	74.001101,
					"seconds":	1.0008260011672974,
					"bytes":	0,
					"bits_per_second":	0,
					"retransmits":	250,
					"snd_cwnd":	506800,
					"snd_wnd":	141053952,
					"rtt":	61821,
					"rttvar":	718,
					"pmtu":	1500,
					"omitted":	false,
					"sender":	true
				}],
			"sum":	{
				"start":	73.000275,
				"end":	74.001101,
				"seconds":	1.0008260011672974,
				"bytes":	0,
				"bits_per_second":	0,
				"retransmits":	250,
				"omitted":	false,
				"sender":	true
			}
		}, {
			"streams":	[{
					"socket":	7,
					"start":	74.001101,
					"end":	75.000328,
					"seconds":	0.999226987361908,
					"bytes":	0,
					"bits_per_second":	0,
					"retransmits":	346,
					"snd_cwnd":	538656,
					"snd_wnd":	140820480,
					"rtt":	62266,
					"rttvar":	781,
					"pmtu":	1500,
					"omitted":	false,
					"sender":	true
				}],
			"sum":	{
				"start":	74.001101,
				"end":	75.000328,
				"seconds":	0.999226987361908,
				"bytes":	0,
				"bits_per_second":	0,
				"retransmits":	346,
				"omitted":	false,
				"sender":	true
			}
		}, {
			"streams":	[{
					"socket":	7,
					"start":	75.000328,
					"end":	76.000139,
					"seconds":	0.99981099367141724,
					"bytes":	0,
					"bits_per_second":	0,
					"retransmits":	448,
					"snd_cwnd":	443088,
					"snd_wnd":	141312000,
					"rtt":	62008,
					"rttvar":	804,
					"pmtu":	1500,
					"omitted":	false,
					"sender":	true
				}],
			"sum":	{
				"start":	75.000328,
				"end":	76.000139,
				"seconds":	0.99981099367141724,
				"bytes":	0,
				"bits_per_second":	0,
				"retransmits":	448,
				"omitted":	false,
				"sender":	true
			}
		}, {
			"streams":	[{
					"socket":	7,
					"start":	76.000139,
					"end":	77.000451,
					"seconds":	1.0003119707107544,
					"bytes":	0,
					"bits_per_second":	0,
					"retransmits":	381,
					"snd_cwnd":	463360,
					"snd_wnd":	141254656,
					"rtt":	62133,
					"rttvar":	728,
					"pmtu":	1500,
					"omitted":	false,
					"sender":	true
				}],
			"sum":	{
				"start":	76.000139,
				"end":	77.000451,
				"seconds":	1.0003119707107544,
				"bytes":	0,
				"bits_per_second":	0,
				"retransmits":	381,
				"omitted":	false,
				"sender":	true
			}
		}, {
			"streams":	[{
					"socket":	7,
					"start":	77.000451,
					"end":	78.000192,
					"seconds":	0.999741017818451,
					"bytes":	0,
					"bits_per_second":	0,
					"retransmits":	294,
					"snd_cwnd":	440192,
					"snd_wnd":	141180928,
					"rtt":	62602,
					"rttvar":	719,
					"pmtu":	1500,
					"omitted":	false,
					"sender":	true
				}],
			"sum":	{
				"start":	77.000451,
				"end":	78.000192,
				"seconds":	0.999741017818451,
				"bytes":	0,
				"bits_per_second":	0,
				"retransmits":	294,
				"omitted":	false,
				"sender":	true
			}
		}, {
			"streams":	[{
					"socket":	7,
					"start":	78.000192,
					"end":	79.000123,
					"seconds":	0.99993097782135,
					"bytes":	0,
					"bits_per_second":	0,
					"retransmits":	285,
					"snd_cwnd":	430056,
					"snd_wnd":	141344768,
					"rtt":	62265,
					"rttvar":	260,
					"pmtu":	1500,
					"omitted":	false,
					"sender":	true
				}],
			"sum":	{
				"start":	78.000192,
				"end":	79.000123,
				"seconds":	0.99993097782135,
				"bytes":	0,
				"bits_per_second":	0,
				"retransmits":	285,
				"omitted":	false,
				"sender":	true
			}
		}, {
			"streams":	[{
					"socket":	7,
					"start":	79.000123,
					"end":	80.001039,
					"seconds":	1.0009160041809082,
					"bytes":	0,
					"bits_per_second":	0,
					"retransmits":	407,
					"snd_cwnd":	356208,
					"snd_wnd":	141328384,
					"rtt":	62642,
					"rttvar":	506,
					"pmtu":	1500,
					"omitted":	false,
					"sender":	true
				}],
			"sum":	{
				"start":	79.000123,
				"end":	80.001039,
				"seconds":	1.0009160041809082,
				"bytes":	0,
				"bits_per_second":	0,
				"retransmits":	407,
				"omitted":	false,
				"sender":	true
			}
		}, {
			"streams":	[{
					"socket":	7,
					"start":	80.001039,
					"end":	81.000132,
					"seconds":	0.999092996120453,
					"bytes":	0,
					"bits_per_second":	0,
					"retransmits":	131,
					"snd_cwnd":	356208,
					"snd_wnd":	141275136,
					"rtt":	62467,
					"rttvar":	411,
					"pmtu":	1500,
					"omitted":	false,
					"sender":	true
				}],
			"sum":	{
				"start":	80.001039,
				"end":	81.000132,
				"seconds":	0.999092996120453,
				"bytes":	0,
				"bits_per_second":	0,
				"retransmits":	131,
				"omitted":	false,
				"sender":	true
			}
		}, {
			"streams":	[{
					"socket":	7,
					"start":	81.000132,
					"end":	82.000193,
					"seconds":	1.00006103515625,
					"bytes":	0,
					"bits_per_second":	0,
					"retransmits":	149,
					"snd_cwnd":	172312,
					"snd_wnd":	141377536,
					"rtt":	61883,
					"rttvar":	326,
					"pmtu":	1500,
					"omitted":	false,
					"sender":	true
				}],
			"sum":	{
				"start":	81.000132,
				"end":	82.000193,
				"seconds":	1.00006103515625,
				"bytes":	0,
				"bits_per_second":	0,
				"retransmits":	149,
				"omitted":	false,
				"sender":	true
			}
		}, {
			"streams":	[{
					"socket":	7,
					"start":	82.000193,
					"end":	83.00106,
					"seconds":	1.0008670091629028,
					"bytes":	0,
					"bits_per_second":	0,
					"retransmits":	98,
					"snd_cwnd":	302632,
					"snd_wnd":	141373440,
					"rtt":	62296,
					"rttvar":	362,
					"pmtu":	1500,
					"omitted":	false,
					"sender":	true
				}],
			"sum":	{
				"start":	82.000193,
				"end":	83.00106,
				"seconds":	1.0008670091629028,
				"bytes":	0,
				"bits_per_second":	0,
				"retransmits":	98,
				"omitted":	false,
				"sender":	true
			}
		}, {
			"streams":	[{
					"socket":	7,
					"start":	83.00106,
					"end":	84.000275,
					"seconds":	0.999215006828308,
					"bytes":	0,
					"bits_per_second":	0,
					"retransmits":	32,
					"snd_cwnd":	5792,
					"snd_wnd":	141283328,
					"rtt":	62195,
					"rttvar":	508,
					"pmtu":	1500,
					"omitted":	false,
					"sender":	true
				}],
			"sum":	{
				"start":	83.00106,
				"end":	84.000275,
				"seconds":	0.999215006828308,
				"bytes":	0,
				"bits_per_second":	0,
				"retransmits":	32,
				"omitted":	false,
				"sender":	true
			}
		}, {
			"streams":	[{
					"socket":	7,
					"start":	84.000275,
					"end":	85.000168,
					"seconds":	0.99989300966262817,
					"bytes":	0,
					"bits_per_second":	0,
					"retransmits":	483,
					"snd_cwnd":	839840,
					"snd_wnd":	141131776,
					"rtt":	61767,
					"rttvar":	303,
					"pmtu":	1500,
					"omitted":	false,
					"sender":	true
				}],
			"sum":	{
				"start":	84.000275,
				"end":	85.000168,
				"seconds":	0.99989300966262817,
				"bytes":	0,
				"bits_per_second":	0,
				"retransmits":	483,
				"omitted":	false,
				"sender":	true
			}
		}, {
			"streams":	[{
					"socket":	7,
					"start":	85.000168,
					"end":	86.000134,
					"seconds":	0.999966025352478,
					"bytes":	0,
					"bits_per_second":	0,
					"retransmits":	693,
					"snd_cwnd":	729792,
					"snd_wnd":	141152256,
					"rtt":	62318,
					"rttvar":	284,
					"pmtu":	1500,
					"omitted":	false,
					"sender":	true
				}],
			"sum":	{
				"start":	85.000168,
				"end":	86.000134,
				"seconds":	0.999966025352478,
				"bytes":	0,
				"bits_per_second":	0,
				"retransmits":	693,
				"omitted":	false,
				"sender":	true
			}
		}, {
			"streams":	[{
					"socket":	7,
					"start":	86.000134,
					"end":	87.001035,
					"seconds":	1.0009009838104248,
					"bytes":	0,
					"bits_per_second":	0,
					"retransmits":	592,
					"snd_cwnd":	738480,
					"snd_wnd":	141225984,
					"rtt":	62373,
					"rttvar":	396,
					"pmtu":	1500,
					"omitted":	false,
					"sender":	true
				}],
			"sum":	{
				"start":	86.000134,
				"end":	87.001035,
				"seconds":	1.0009009838104248,
				"bytes":	0,
				"bits_per_second":	0,
				"retransmits":	592,
				"omitted":	false,
				"sender":	true
			}
		}, {
			"streams":	[{
					"socket":	7,
					"start":	87.001035,
					"end":	88.000058,
					"seconds":	0.99902302026748657,
					"bytes":	0,
					"bits_per_second":	0,
					"retransmits":	437,
					"snd_cwnd":	697936,
					"snd_wnd":	141180928,
					"rtt":	62155,
					"rttvar":	306,
					"pmtu":	1500,
					"omitted":	false,
					"sender":	true
				}],
			"sum":	{
				"start":	87.001035,
				"end":	88.000058,
				"seconds":	0.99902302026748657,
				"bytes":	0,
				"bits_per_second":	0,
				"retransmits":	437,
				"omitted":	false,
				"sender":	true
			}
		}, {
			"streams":	[{
					"socket":	7,
					"start":	88.000058,
					"end":	89.000209,
					"seconds":	1.0001510381698608,
					"bytes":	0,
					"bits_per_second":	0,
					"retransmits":	621,
					"snd_cwnd":	700832,
					"snd_wnd":	141148160,
					"rtt":	62146,
					"rttvar":	419,
					"pmtu":	1500,
					"omitted":	false,
					"sender":	true
				}],
			"sum":	{
				"start":	88.000058,
				"end":	89.000209,
				"seconds":	1.0001510381698608,
				"bytes":	0,
				"bits_per_second":	0,
				"retransmits":	621,
				"omitted":	false,
				"sender":	true
			}
		}, {
			"streams":	[{
					"socket":	7,
					"start":	89.000209,
					"end":	90.001183,
					"seconds":	1.0009740591049194,
					"bytes":	65798144,
					"bits_per_second":	525872920.69356787,
					"retransmits":	494,
					"snd_cwnd":	779024,
					"snd_wnd":	141189120,
					"rtt":	62274,
					"rttvar":	612,
					"pmtu":	1500,
					"omitted":	false,
					"sender":	true
				}],
			"sum":	{
				"start":	89.000209,
				"end":	90.001183,
				"seconds":	1.0009740591049194,
				"bytes":	65798144,
				"bits_per_second":	525872920.69356787,
				"retransmits":	494,
				"omitted":	false,
				"sender":	true
			}
		}, {
			"streams":	[{
					"socket":	7,
					"start":	90.001183,
					"end":	91.000676,
					"seconds":	0.99949300289154053,
					"bytes":	0,
					"bits_per_second":	0,
					"retransmits":	752,
					"snd_cwnd":	770336,
					"snd_wnd":	141017088,
					"rtt":	62549,
					"rttvar":	552,
					"pmtu":	1500,
					"omitted":	false,
					"sender":	true
				}],
			"sum":	{
				"start":	90.001183,
				"end":	91.000676,
				"seconds":	0.99949300289154053,
				"bytes":	0,
				"bits_per_second":	0,
				"retransmits":	752,
				"omitted":	false,
				"sender":	true
			}
		}, {
			"streams":	[{
					"socket":	7,
					"start":	91.000676,
					"end":	92.000859,
					"seconds":	1.0001829862594604,
					"bytes":	0,
					"bits_per_second":	0,
					"retransmits":	453,
					"snd_cwnd":	677664,
					"snd_wnd":	141086720,
					"rtt":	62292,
					"rttvar":	165,
					"pmtu":	1500,
					"omitted":	false,
					"sender":	true
				}],
			"sum":	{
				"start":	91.000676,
				"end":	92.000859,
				"seconds":	1.0001829862594604,
				"bytes":	0,
				"bits_per_second":	0,
				"retransmits":	453,
				"omitted":	false,
				"sender":	true
			}
		}, {
			"streams":	[{
					"socket":	7,
					"start":	92.000859,
					"end":	93.001041,
					"seconds":	1.000182032585144,
					"bytes":	0,
					"bits_per_second":	0,
					"retransmits":	342,
					"snd_cwnd":	680560,
					"snd_wnd":	141369344,
					"rtt":	62176,
					"rttvar":	310,
					"pmtu":	1500,
					"omitted":	false,
					"sender":	true
				}],
			"sum":	{
				"start":	92.000859,
				"end":	93.001041,
				"seconds":	1.000182032585144,
				"bytes":	0,
				"bits_per_second":	0,
				"retransmits":	342,
				"omitted":	false,
				"sender":	true
			}
		}, {
			"streams":	[{
					"socket":	7,
					"start":	93.001041,
					"end":	94.001034,
					"seconds":	0.99999302625656128,
					"bytes":	0,
					"bits_per_second":	0,
					"retransmits":	259,
					"snd_cwnd":	408336,
					"snd_wnd":	141352960,
					"rtt":	62819,
					"rttvar":	888,
					"pmtu":	1500,
					"omitted":	false,
					"sender":	true
				}],
			"sum":	{
				"start":	93.001041,
				"end":	94.001034,
				"seconds":	0.99999302625656128,
				"bytes":	0,
				"bits_per_second":	0,
				"retransmits":	259,
				"omitted":	false,
				"sender":	true
			}
		}, {
			"streams":	[{
					"socket":	7,
					"start":	94.001034,
					"end":	95.00014,
					"seconds":	0.999105989933014,
					"bytes":	0,
					"bits_per_second":	0,
					"retransmits":	559,
					"snd_cwnd":	5792,
					"snd_wnd":	141004800,
					"rtt":	62182,
					"rttvar":	297,
					"pmtu":	1500,
					"omitted":	false,
					"sender":	true
				}],
			"sum":	{
				"start":	94.001034,
				"end":	95.00014,
				"seconds":	0.999105989933014,
				"bytes":	0,
				"bits_per_second":	0,
				"retransmits":	559,
				"omitted":	false,
				"sender":	true
			}
		}, {
			"streams":	[{
					"socket":	7,
					"start":	95.00014,
					"end":	96.00104,
					"seconds":	1.0009000301361084,
					"bytes":	0,
					"bits_per_second":	0,
					"retransmits":	171,
					"snd_cwnd":	541552,
					"snd_wnd":	141275136,
					"rtt":	62657,
					"rttvar":	746,
					"pmtu":	1500,
					"omitted":	false,
					"sender":	true
				}],
			"sum":	{
				"start":	95.00014,
				"end":	96.00104,
				"seconds":	1.0009000301361084,
				"bytes":	0,
				"bits_per_second":	0,
				"retransmits":	171,
				"omitted":	false,
				"sender":	true
			}
		}, {
			"streams":	[{
					"socket":	7,
					"start":	96.00104,
					"end":	97.001025,
					"seconds":	0.9999849796295166,
					"bytes":	0,
					"bits_per_second":	0,
					"retransmits":	389,
					"snd_cwnd":	532864,
					"snd_wnd":	141205504,
					"rtt":	63561,
					"rttvar":	822,
					"pmtu":	1500,
					"omitted":	false,
					"sender":	true
				}],
			"sum":	{
				"start":	96.00104,
				"end":	97.001025,
				"seconds":	0.9999849796295166,
				"bytes":	0,
				"bits_per_second":	0,
				"retransmits":	389,
				"omitted":	false,
				"sender":	true
			}
		}, {
			"streams":	[{
					"socket":	7,
					"start":	97.001025,
					"end":	98.000108,
					"seconds":	0.99908298254013062,
					"bytes":	0,
					"bits_per_second":	0,
					"retransmits":	363,
					"snd_cwnd":	532864,
					"snd_wnd":	141168640,
					"rtt":	63274,
					"rttvar":	272,
					"pmtu":	1500,
					"omitted":	false,
					"sender":	true
				}],
			"sum":	{
				"start":	97.001025,
				"end":	98.000108,
				"seconds":	0.99908298254013062,
				"bytes":	0,
				"bits_per_second":	0,
				"retransmits":	363,
				"omitted":	false,
				"sender":	true
			}
		}, {
			"streams":	[{
					"socket":	7,
					"start":	98.000108,
					"end":	99.000277,
					"seconds":	1.000169038772583,
					"bytes":	0,
					"bits_per_second":	0,
					"retransmits":	397,
					"snd_cwnd":	579200,
					"snd_wnd":	141107200,
					"rtt":	62888,
					"rttvar":	334,
					"pmtu":	1500,
					"omitted":	false,
					"sender":	true
				}],
			"sum":	{
				"start":	98.000108,
				"end":	99.000277,
				"seconds":	1.000169038772583,
				"bytes":	0,
				"bits_per_second":	0,
				"retransmits":	397,
				"omitted":	false,
				"sender":	true
			}
		}, {
			"streams":	[{
					"socket":	7,
					"start":	99.000277,
					"end":	100.000174,
					"seconds":	0.999897003173828,
					"bytes":	0,
					"bits_per_second":	0,
					"retransmits":	505,
					"snd_cwnd":	547344,
					"snd_wnd":	141053952,
					"rtt":	62049,
					"rttvar":	306,
					"pmtu":	1500,
					"omitted":	false,
					"sender":	true
				}],
			"sum":	{
				"start":	99.000277,
				"end":	100.000174,
				"seconds":	0.999897003173828,
				"bytes":	0,
				"bits_per_second":	0,
				"retransmits":	505,
				"omitted":	false,
				"sender":	true
			}
		}, {
			"streams":	[{
					"socket":	7,
					"start":	100.000174,
					"end":	101.00033,
					"seconds":	1.000156044960022,
					"bytes":	0,
					"bits_per_second":	0,
					"retransmits":	304,
					"snd_cwnd":	582096,
					"snd_wnd":	141217792,
					"rtt":	64423,
					"rttvar":	3122,
					"pmtu":	1500,
					"omitted":	false,
					"sender":	true
				}],
			"sum":	{
				"start":	100.000174,
				"end":	101.00033,
				"seconds":	1.000156044960022,
				"bytes":	0,
				"bits_per_second":	0,
				"retransmits":	304,
				"omitted":	false,
				"sender":	true
			}
		}, {
			"streams":	[{
					"socket":	7,
					"start":	101.00033,
					"end":	102.000066,
					"seconds":	0.99973601102828979,
					"bytes":	0,
					"bits_per_second":	0,
					"retransmits":	393,
					"snd_cwnd":	521280,
					"snd_wnd":	140992512,
					"rtt":	61984,
					"rttvar":	496,
					"pmtu":	1500,
					"omitted":	false,
					"sender":	true
				}],
			"sum":	{
				"start":	101.00033,
				"end":	102.000066,
				"seconds":	0.99973601102828979,
				"bytes":	0,
				"bits_per_second":	0,
				"retransmits":	393,
				"omitted":	false,
				"sender":	true
			}
		}, {
			"streams":	[{
					"socket":	7,
					"start":	102.000066,
					"end":	103.000132,
					"seconds":	1.0000660419464111,
					"bytes":	0,
					"bits_per_second":	0,
					"retransmits":	478,
					"snd_cwnd":	532864,
					"snd_wnd":	141189120,
					"rtt":	62307,
					"rttvar":	538,
					"pmtu":	1500,
					"omitted":	false,
					"sender":	true
				}],
			"sum":	{
				"start":	102.000066,
				"end":	103.000132,
				"seconds":	1.0000660419464111,
				"bytes":	0,
				"bits_per_second":	0,
				"retransmits":	478,
				"omitted":	false,
				"sender":	true
			}
		}, {
			"streams":	[{
					"socket":	7,
					"start":	103.000132,
					"end":	104.000986,
					"seconds":	1.0008540153503418,
					"bytes":	0,
					"bits_per_second":	0,
					"retransmits":	370,
					"snd_cwnd":	654496,
					"snd_wnd":	141410304,
					"rtt":	61657,
					"rttvar":	324,
					"pmtu":	1500,
					"omitted":	false,
					"sender":	true
				}],
			"sum":	{
				"start":	103.000132,
				"end":	104.000986,
				"seconds":	1.0008540153503418,
				"bytes":	0,
				"bits_per_second":	0,
				"retransmits":	370,
				"omitted":	false,
				"sender":	true
			}
		}, {
			"streams":	[{
					"socket":	7,
					"start":	104.000986,
					"end":	105.00005,
					"seconds":	0.999064028263092,
					"bytes":	0,
					"bits_per_second":	0,
					"retransmits":	333,
					"snd_cwnd":	770336,
					"snd_wnd":	140984320,
					"rtt":	61846,
					"rttvar":	475,
					"pmtu":	1500,
					"omitted":	false,
					"sender":	true
				}],
			"sum":	{
				"start":	104.000986,
				"end":	105.00005,
				"seconds":	0.999064028263092,
				"bytes":	0,
				"bits_per_second":	0,
				"retransmits":	333,
				"omitted":	false,
				"sender":	true
			}
		}, {
			"streams":	[{
					"socket":	7,
					"start":	105.00005,
					"end":	106.000107,
					"seconds":	1.0000569820404053,
					"bytes":	66322432,
					"bits_per_second":	530549224.22266835,
					"retransmits":	255,
					"snd_cwnd":	805088,
					"snd_wnd":	141348864,
					"rtt":	63056,
					"rttvar":	428,
					"pmtu":	1500,
					"omitted":	false,
					"sender":	true
				}],
			"sum":	{
				"start":	105.00005,
				"end":	106.000107,
				"seconds":	1.0000569820404053,
				"bytes":	66322432,
				"bits_per_second":	530549224.22266835,
				"retransmits":	255,
				"omitted":	false,
				"sender":	true
			}
		}, {
			"streams":	[{
					"socket":	7,
					"start":	106.000107,
					"end":	107.001685,
					"seconds":	1.0015779733657837,
					"bytes":	0,
					"bits_per_second":	0,
					"retransmits":	535,
					"snd_cwnd":	990432,
					"snd_wnd":	141037568,
					"rtt":	62915,
					"rttvar":	1669,
					"pmtu":	1500,
					"omitted":	false,
					"sender":	true
				}],
			"sum":	{
				"start":	106.000107,
				"end":	107.001685,
				"seconds":	1.0015779733657837,
				"bytes":	0,
				"bits_per_second":	0,
				"retransmits":	535,
				"omitted":	false,
				"sender":	true
			}
		}, {
			"streams":	[{
					"socket":	7,
					"start":	107.001685,
					"end":	108.000139,
					"seconds":	0.998453974723816,
					"bytes":	0,
					"bits_per_second":	0,
					"retransmits":	650,
					"snd_cwnd":	1054144,
					"snd_wnd":	141152256,
					"rtt":	62534,
					"rttvar":	264,
					"pmtu":	1500,
					"omitted":	false,
					"sender":	true
				}],
			"sum":	{
				"start":	107.001685,
				"end":	108.000139,
				"seconds":	0.998453974723816,
				"bytes":	0,
				"bits_per_second":	0,
				"retransmits":	650,
				"omitted":	false,
				"sender":	true
			}
		}, {
			"streams":	[{
					"socket":	7,
					"start":	108.000139,
					"end":	109.000134,
					"seconds":	0.999994993209839,
					"bytes":	0,
					"bits_per_second":	0,
					"retransmits":	808,
					"snd_cwnd":	1155504,
					"snd_wnd":	140701696,
					"rtt":	62659,
					"rttvar":	796,
					"pmtu":	1500,
					"omitted":	false,
					"sender":	true
				}],
			"sum":	{
				"start":	108.000139,
				"end":	109.000134,
				"seconds":	0.999994993209839,
				"bytes":	0,
				"bits_per_second":	0,
				"retransmits":	808,
				"omitted":	false,
				"sender":	true
			}
		}, {
			"streams":	[{
					"socket":	7,
					"start":	109.000134,
					"end":	110.001085,
					"seconds":	1.0009510517120361,
					"bytes":	0,
					"bits_per_second":	0,
					"retransmits":	1000,
					"snd_cwnd":	1193152,
					"snd_wnd":	140783616,
					"rtt":	62461,
					"rttvar":	477,
					"pmtu":	1500,
					"omitted":	false,
					"sender":	true
				}],
			"sum":	{
				"start":	109.000134,
				"end":	110.001085,
				"seconds":	1.0009510517120361,
				"bytes":	0,
				"bits_per_second":	0,
				"retransmits":	1000,
				"omitted":	false,
				"sender":	true
			}
		}, {
			"streams":	[{
					"socket":	7,
					"start":	110.001085,
					"end":	111.000075,
					"seconds":	0.998989999294281,
					"bytes":	0,
					"bits_per_second":	0,
					"retransmits":	780,
					"snd_cwnd":	1416144,
					"snd_wnd":	140943360,
					"rtt":	62192,
					"rttvar":	214,
					"pmtu":	1500,
					"omitted":	false,
					"sender":	true
				}],
			"sum":	{
				"start":	110.001085,
				"end":	111.000075,
				"seconds":	0.998989999294281,
				"bytes":	0,
				"bits_per_second":	0,
				"retransmits":	780,
				"omitted":	false,
				"sender":	true
			}
		}, {
			"streams":	[{
					"socket":	7,
					"start":	111.000075,
					"end":	112.001083,
					"seconds":	1.0010080337524414,
					"bytes":	0,
					"bits_per_second":	0,
					"retransmits":	1030,
					"snd_cwnd":	1601488,
					"snd_wnd":	141287424,
					"rtt":	63152,
					"rttvar":	612,
					"pmtu":	1500,
					"omitted":	false,
					"sender":	true
				}],
			"sum":	{
				"start":	111.000075,
				"end":	112.001083,
				"seconds":	1.0010080337524414,
				"bytes":	0,
				"bits_per_second":	0,
				"retransmits":	1030,
				"omitted":	false,
				"sender":	true
			}
		}, {
			"streams":	[{
					"socket":	7,
					"start":	112.001083,
					"end":	113.001076,
					"seconds":	0.99999302625656128,
					"bytes":	0,
					"bits_per_second":	0,
					"retransmits":	1280,
					"snd_cwnd":	1989552,
					"snd_wnd":	140763136,
					"rtt":	62849,
					"rttvar":	376,
					"pmtu":	1500,
					"omitted":	false,
					"sender":	true
				}],
			"sum":	{
				"start":	112.001083,
				"end":	113.001076,
				"seconds":	0.99999302625656128,
				"bytes":	0,
				"bits_per_second":	0,
				"retransmits":	1280,
				"omitted":	false,
				"sender":	true
			}
		}, {
			"streams":	[{
					"socket":	7,
					"start":	113.001076,
					"end":	114.001083,
					"seconds":	1.0000070333480835,
					"bytes":	66322432,
					"bits_per_second":	530575724.27624649,
					"retransmits":	1348,
					"snd_cwnd":	2539792,
					"snd_wnd":	139190272,
					"rtt":	62819,
					"rttvar":	268,
					"pmtu":	1500,
					"omitted":	false,
					"sender":	true
				}],
			"sum":	{
				"start":	113.001076,
				"end":	114.001083,
				"seconds":	1.0000070333480835,
				"bytes":	66322432,
				"bits_per_second":	530575724.27624649,
				"retransmits":	1348,
				"omitted":	false,
				"sender":	true
			}
		}, {
			"streams":	[{
					"socket":	7,
					"start":	114.001083,
					"end":	115.001059,
					"seconds":	0.99997597932815552,
					"bytes":	0,
					"bits_per_second":	0,
					"retransmits":	1057,
					"snd_cwnd":	5117232,
					"snd_wnd":	141099008,
					"rtt":	62812,
					"rttvar":	105,
					"pmtu":	1500,
					"omitted":	false,
					"sender":	true
				}],
			"sum":	{
				"start":	114.001083,
				"end":	115.001059,
				"seconds":	0.99997597932815552,
				"bytes":	0,
				"bits_per_second":	0,
				"retransmits":	1057,
				"omitted":	false,
				"sender":	true
			}
		}, {
			"streams":	[{
					"socket":	7,
					"start":	115.001059,
					"end":	116.001067,
					"seconds":	1.0000079870224,
					"bytes":	0,
					"bits_per_second":	0,
					"retransmits":	2776,
					"snd_cwnd":	1448,
					"snd_wnd":	139960320,
					"rtt":	63779,
					"rttvar":	3218,
					"pmtu":	1500,
					"omitted":	false,
					"sender":	true
				}],
			"sum":	{
				"start":	115.001059,
				"end":	116.001067,
				"seconds":	1.0000079870224,
				"bytes":	0,
				"bits_per_second":	0,
				"retransmits":	2776,
				"omitted":	false,
				"sender":	true
			}
		}, {
			"streams":	[{
					"socket":	7,
					"start":	116.001067,
					"end":	117.001094,
					"seconds":	1.0000269412994385,
					"bytes":	0,
					"bits_per_second":	0,
					"retransmits":	2182,
					"snd_cwnd":	5450272,
					"snd_wnd":	137547776,
					"rtt":	62957,
					"rttvar":	564,
					"pmtu":	1500,
					"omitted":	false,
					"sender":	true
				}],
			"sum":	{
				"start":	116.001067,
				"end":	117.001094,
				"seconds":	1.0000269412994385,
				"bytes":	0,
				"bits_per_second":	0,
				"retransmits":	2182,
				"omitted":	false,
				"sender":	true
			}
		}, {
			"streams":	[{
					"socket":	7,
					"start":	117.001094,
					"end":	118.000136,
					"seconds":	0.999041974544525,
					"bytes":	65929216,
					"bits_per_second":	527939507.48712355,
					"retransmits":	3738,
					"snd_cwnd":	4271600,
					"snd_wnd":	140054528,
					"rtt":	62971,
					"rttvar":	1512,
					"pmtu":	1500,
					"omitted":	false,
					"sender":	true
				}],
			"sum":	{
				"start":	117.001094,
				"end":	118.000136,
				"seconds":	0.999041974544525,
				"bytes":	65929216,
				"bits_per_second":	527939507.48712355,
				"retransmits":	3738,
				"omitted":	false,
				"sender":	true
			}
		}, {
			"streams":	[{
					"socket":	7,
					"start":	118.000136,
					"end":	119.001072,
					"seconds":	1.0009360313415527,
					"bytes":	0,
					"bits_per_second":	0,
					"retransmits":	2113,
					"snd_cwnd":	4564096,
					"snd_wnd":	139030528,
					"rtt":	62164,
					"rttvar":	239,
					"pmtu":	1500,
					"omitted":	false,
					"sender":	true
				}],
			"sum":	{
				"start":	118.000136,
				"end":	119.001072,
				"seconds":	1.0009360313415527,
				"bytes":	0,
				"bits_per_second":	0,
				"retransmits":	2113,
				"omitted":	false,
				"sender":	true
			}
		}, {
			"streams":	[{
					"socket":	7,
					"start":	119.001072,
					"end":	120.001805,
					"seconds":	1.0007330179214478,
					"bytes":	68288512,
					"bits_per_second":	545907935.69967163,
					"retransmits":	3275,
					"snd_cwnd":	4291872,
					"snd_wnd":	138694656,
					"rtt":	62900,
					"rttvar":	232,
					"pmtu":	1500,
					"omitted":	false,
					"sender":	true
				}],
			"sum":	{
				"start":	119.001072,
				"end":	120.001805,
				"seconds":	1.0007330179214478,
				"bytes":	68288512,
				"bits_per_second":	545907935.69967163,
				"retransmits":	3275,
				"omitted":	false,
				"sender":	true
			}
		}],
	"end":	{
		"streams":	[{
				"sender":	{
					"socket":	7,
					"start":	0,
					"end":	120.001805,
					"seconds":	120.001805,
					"bytes":	7194804224,
					"bits_per_second":	479646400.25206286,
					"retransmits":	804519,
					"max_snd_cwnd":	37662480,
					"max_snd_wnd":	141410304,
					"max_rtt":	65315,
					"min_rtt":	60833,
					"mean_rtt":	62444,
					"sender":	true
				},
				"receiver":	{
					"socket":	7,
					"start":	0,
					"end":	120.058136,
					"seconds":	120.001805,
					"bytes":	7015366656,
					"bits_per_second":	467464639.36438257,
					"sender":	true
				}
			}],
		"sum_sent":	{
			"start":	0,
			"end":	120.001805,
			"seconds":	120.001805,
			"bytes":	7194804224,
			"bits_per_second":	479646400.25206286,
			"retransmits":	804519,
			"sender":	true
		},
		"sum_received":	{
			"start":	0,
			"end":	120.058136,
			"seconds":	120.058136,
			"bytes":	7015366656,
			"bits_per_second":	467464639.36438257,
			"sender":	true
		},
		"cpu_utilization_percent":	{
			"host_total":	2.4728405135775287,
			"host_user":	0.013344223284076973,
			"host_system":	2.4594971219683215,
			"remote_total":	3.7299400953611244,
			"remote_user":	0.0314114457271155,
			"remote_system":	3.69853114842318
		},
		"sender_tcp_congestion":	"bbr",
		"receiver_tcp_congestion":	"cubic"
	}
}
