{
	"start":	{
		"connected":	[{
				"socket":	7,
				"local_host":	"172.16.0.14",
				"local_port":	33200,
				"remote_host":	"172.17.0.14",
				"remote_port":	5201
			}],
		"version":	"iperf 3.16",
		"system_info":	"Linux h1 6.8.0-63-generic #66-Ubuntu SMP PREEMPT_DYNAMIC Fri Jun 13 20:25:30 UTC 2025 x86_64",
		"timestamp":	{
			"time":	"Sat, 31 Jan 2026 21:28:31 GMT",
			"timesecs":	1769894911
		},
		"connecting_to":	{
			"host":	"172.17.0.14",
			"port":	5201
		},
		"cookie":	"zqgevspt75r4fsy3osche4gkmzsn3qq4krnw",
		"tcp_mss_default":	1448,
		"target_bitrate":	0,
		"fq_rate":	0,
		"sock_bufsize":	0,
		"sndbuf_actual":	1000000,
		"rcvbuf_actual":	1000000,
		"test_start":	{
			"protocol":	"TCP",
			"num_streams":	1,
			"blksize":	131072,
			"omit":	0,
			"duration":	120,
			"bytes":	0,
			"blocks":	0,
			"reverse":	0,
			"tos":	0,
			"target_bitrate":	0,
			"bidir":	0,
			"fqrate":	0
		}
	},
	"intervals":	[{
			"streams":	[{
					"socket":	7,
					"start":	0,
					"end":	1.000241,
					"seconds":	1.0002410411834717,
					"bytes":	301596672,
					"bits_per_second":	2412191938.4004073,
					"retransmits":	26208,
					"snd_cwnd":	85549288,
					"snd_wnd":	102178816,
					"rtt":	77396,
					"rttvar":	658,
					"pmtu":	1500,
					"omitted":	false,
					"sender":	true
				}],
			"sum":	{
				"start":	0,
				"end":	1.000241,
				"seconds":	1.0002410411834717,
				"bytes":	301596672,
				"bits_per_second":	2412191938.4004073,
				"retransmits":	26208,
				"omitted":	false,
				"sender":	true
			}
		}, {
			"streams":	[{
					"socket":	7,
					"start":	1.000241,
					"end":	2.000212,
					"seconds":	0.99997097253799438,
					"bytes":	593887232,
					"bits_per_second":	4751235772.31586,
					"retransmits":	35352,
					"snd_cwnd":	118420336,
					"snd_wnd":	60002304,
					"rtt":	57427,
					"rttvar":	471,
					"pmtu":	1500,
					"omitted":	false,
					"sender":	true
				}],
			"sum":	{
				"start":	1.000241,
				"end":	2.000212,
				"seconds":	0.99997097253799438,
				"bytes":	593887232,
				"bits_per_second":	4751235772.31586,
				"retransmits":	35352,
				"omitted":	false,
				"sender":	true
			}
		}, {
			"streams":	[{
					"socket":	7,
					"start":	2.000212,
					"end":	3.000127,
					"seconds":	0.99991500377655029,
					"bytes":	660209664,
					"bits_per_second":	5282126272.78497,
					"retransmits":	34791,
					"snd_cwnd":	113227808,
					"snd_wnd":	78569472,
					"rtt":	58312,
					"rttvar":	220,
					"pmtu":	1500,
					"omitted":	false,
					"sender":	true
				}],
			"sum":	{
				"start":	2.000212,
				"end":	3.000127,
				"seconds":	0.99991500377655029,
				"bytes":	660209664,
				"bits_per_second":	5282126272.78497,
				"retransmits":	34791,
				"omitted":	false,
				"sender":	true
			}
		}, {
			"streams":	[{
					"socket":	7,
					"start":	3.000127,
					"end":	4.000136,
					"seconds":	1.0000089406967163,
					"bytes":	706740224,
					"bits_per_second":	5653871242.4519482,
					"retransmits":	25859,
					"snd_cwnd":	106717600,
					"snd_wnd":	140972032,
					"rtt":	58726,
					"rttvar":	226,
					"pmtu":	1500,
					"omitted":	false,
					"sender":	true
				}],
			"sum":	{
				"start":	3.000127,
				"end":	4.000136,
				"seconds":	1.0000089406967163,
				"bytes":	706740224,
				"bits_per_second":	5653871242.4519482,
				"retransmits":	25859,
				"omitted":	false,
				"sender":	true
			}
		}, {
			"streams":	[{
					"socket":	7,
					"start":	4.000136,
					"end":	5.001084,
					"seconds":	1.0009479522705078,
					"bytes":	638976000,
					"bits_per_second":	5106966839.1893826,
					"retransmits":	33539,
					"snd_cwnd":	53474640,
					"snd_wnd":	141410304,
					"rtt":	59274,
					"rttvar":	112,
					"pmtu":	1500,
					"omitted":	false,
					"sender":	true
				}],
			"sum":	{
				"start":	4.000136,
				"end":	5.001084,
				"seconds":	1.0009479522705078,
				"bytes":	638976000,
				"bits_per_second":	5106966839.1893826,
				"retransmits":	33539,
				"omitted":	false,
				"sender":	true
			}
		}, {
			"streams":	[{
					"socket":	7,
					"start":	5.001084,
					"end":	6.000111,
					"seconds":	0.99902701377868652,
					"bytes":	567410688,
					"bits_per_second":	4543706467.78685,
					"retransmits":	31028,
					"snd_cwnd":	99195240,
					"snd_wnd":	88285184,
					"rtt":	57692,
					"rttvar":	355,
					"pmtu":	1500,
					"omitted":	false,
					"sender":	true
				}],
			"sum":	{
				"start":	5.001084,
				"end":	6.000111,
				"seconds":	0.99902701377868652,
				"bytes":	567410688,
				"bits_per_second":	4543706467.78685,
				"retransmits":	31028,
				"omitted":	false,
				"sender":	true
			}
		}, {
			"streams":	[{
					"socket":	7,
					"start":	6.000111,
					"end":	7.000112,
					"seconds":	1.0000009536743164,
					"bytes":	642252800,
					"bits_per_second":	5138017500.004673,
					"retransmits":	38668,
					"snd_cwnd":	109216848,
					"snd_wnd":	91127808,
					"rtt":	58283,
					"rttvar":	685,
					"pmtu":	1500,
					"omitted":	false,
					"sender":	true
				}],
			"sum":	{
				"start":	6.000111,
				"end":	7.000112,
				"seconds":	1.0000009536743164,
				"bytes":	642252800,
				"bits_per_second":	5138017500.004673,
				"retransmits":	38668,
				"omitted":	false,
				"sender":	true
			}
		}, {
			"streams":	[{
					"socket":	7,
					"start":	7.000112,
					"end":	8.000541,
					"seconds":	1.0004290342330933,
					"bytes":	649461760,
					"bits_per_second":	5193465905.3382072,
					"retransmits":	28458,
					"snd_cwnd":	57660808,
					"snd_wnd":	141344768,
					"rtt":	58412,
					"rttvar":	371,
					"pmtu":	1500,
					"omitted":	false,
					"sender":	true
				}],
			"sum":	{
				"start":	7.000112,
				"end":	8.000541,
				"seconds":	1.0004290342330933,
				"bytes":	649461760,
				"bits_per_second":	5193465905.3382072,
				"retransmits":	28458,
				"omitted":	false,
				"sender":	true
			}
		}, {
			"streams":	[{
					"socket":	7,
					"start":	8.000541,
					"end":	9.000271,
					"seconds":	0.99972999095916748,
					"bytes":	563085312,
					"bits_per_second":	4505899129.5020447,
					"retransmits":	52737,
					"snd_cwnd":	117762944,
					"snd_wnd":	89399296,
					"rtt":	58063,
					"rttvar":	217,
					"pmtu":	1500,
					"omitted":	false,
					"sender":	true
				}],
			"sum":	{
				"start":	8.000541,
				"end":	9.000271,
				"seconds":	0.99972999095916748,
				"bytes":	563085312,
				"bits_per_second":	4505899129.5020447,
				"retransmits":	52737,
				"omitted":	false,
				"sender":	true
			}
		}, {
			"streams":	[{
					"socket":	7,
					"start":	9.000271,
					"end":	10.000127,
					"seconds":	0.99985599517822266,
					"bytes":	652345344,
					"bits_per_second":	5219514387.2390985,
					"retransmits":	52285,
					"snd_cwnd":	65439464,
					"snd_wnd":	141344768,
					"rtt":	58202,
					"rttvar":	90,
					"pmtu":	1500,
					"omitted":	false,
					"sender":	true
				}],
			"sum":	{
				"start":	9.000271,
				"end":	10.000127,
				"seconds":	0.99985599517822266,
				"bytes":	652345344,
				"bits_per_second":	5219514387.2390985,
				"retransmits":	52285,
				"omitted":	false,
				"sender":	true
			}
		}, {
			"streams":	[{
					"socket":	7,
					"start":	10.000127,
					"end":	11.001066,
					"seconds":	1.0009390115737915,
					"bytes":	596639744,
					"bits_per_second":	4768640143.7138062,
					"retransmits":	42477,
					"snd_cwnd":	114266024,
					"snd_wnd":	141377536,
					"rtt":	57272,
					"rttvar":	18,
					"pmtu":	1500,
					"omitted":	false,
					"sender":	true
				}],
			"sum":	{
				"start":	10.000127,
				"end":	11.001066,
				"seconds":	1.0009390115737915,
				"bytes":	596639744,
				"bits_per_second":	4768640143.7138062,
				"retransmits":	42477,
				"omitted":	false,
				"sender":	true
			}
		}, {
			"streams":	[{
					"socket":	7,
					"start":	11.001066,
					"end":	12.001394,
					"seconds":	1.0003279447555542,
					"bytes":	341573632,
					"bits_per_second":	2731693211.5374932,
					"retransmits":	42759,
					"snd_cwnd":	46784880,
					"snd_wnd":	141344768,
					"rtt":	59664,
					"rttvar":	194,
					"pmtu":	1500,
					"omitted":	false,
					"sender":	true
				}],
			"sum":	{
				"start":	11.001066,
				"end":	12.001394,
				"seconds":	1.0003279447555542,
				"bytes":	341573632,
				"bits_per_second":	2731693211.5374932,
				"retransmits":	42759,
				"omitted":	false,
				"sender":	true
			}
		}, {
			"streams":	[{
					"socket":	7,
					"start":	12.001394,
					"end":	13.000173,
					"seconds":	0.998778998851776,
					"bytes":	585236480,
					"bits_per_second":	4687615423.81491,
					"retransmits":	34313,
					"snd_cwnd":	50701720,
					"snd_wnd":	129343488,
					"rtt":	58713,
					"rttvar":	292,
					"pmtu":	1500,
					"omitted":	false,
					"sender":	true
				}],
			"sum":	{
				"start":	12.001394,
				"end":	13.000173,
				"seconds":	0.998778998851776,
				"bytes":	585236480,
				"bits_per_second":	4687615423.81491,
				"retransmits":	34313,
				"omitted":	false,
				"sender":	true
			}
		}, {
			"streams":	[{
					"socket":	7,
					"start":	13.000173,
					"end":	14.00015,
					"seconds":	0.9999769926071167,
					"bytes":	525467648,
					"bits_per_second":	4203837903.35026,
					"retransmits":	48176,
					"snd_cwnd":	115220256,
					"snd_wnd":	66146304,
					"rtt":	57548,
					"rttvar":	468,
					"pmtu":	1500,
					"omitted":	false,
					"sender":	true
				}],
			"sum":	{
				"start":	13.000173,
				"end":	14.00015,
				"seconds":	0.9999769926071167,
				"bytes":	525467648,
				"bits_per_second":	4203837903.35026,
				"retransmits":	48176,
				"omitted":	false,
				"sender":	true
			}
		}, {
			"streams":	[{
					"socket":	7,
					"start":	14.00015,
					"end":	15.000127,
					"seconds":	0.9999769926071167,
					"bytes":	511049728,
					"bits_per_second":	4088491889.5392027,
					"retransmits":	47056,
					"snd_cwnd":	97580720,
					"snd_wnd":	141344768,
					"rtt":	58554,
					"rttvar":	262,
					"pmtu":	1500,
					"omitted":	false,
					"sender":	true
				}],
			"sum":	{
				"start":	14.00015,
				"end":	15.000127,
				"seconds":	0.9999769926071167,
				"bytes":	511049728,
				"bits_per_second":	4088491889.5392027,
				"retransmits":	47056,
				"omitted":	false,
				"sender":	true
			}
		}, {
			"streams":	[{
					"socket":	7,
					"start":	15.000127,
					"end":	16.000162,
					"seconds":	1.0000350475311279,
					"bytes":	491126784,
					"bits_per_second":	3928876574.5759549,
					"retransmits":	60718,
					"snd_cwnd":	60280240,
					"snd_wnd":	127737856,
					"rtt":	58265,
					"rttvar":	223,
					"pmtu":	1500,
					"omitted":	false,
					"sender":	true
				}],
			"sum":	{
				"start":	15.000127,
				"end":	16.000162,
				"seconds":	1.0000350475311279,
				"bytes":	491126784,
				"bits_per_second":	3928876574.5759549,
				"retransmits":	60718,
				"omitted":	false,
				"sender":	true
			}
		}, {
			"streams":	[{
					"socket":	7,
					"start":	16.000162,
					"end":	17.000131,
					"seconds":	0.9999690055847168,
					"bytes":	429785088,
					"bits_per_second":	3438387274.8031,
					"retransmits":	8906,
					"snd_cwnd":	22652512,
					"snd_wnd":	138907648,
					"rtt":	58965,
					"rttvar":	318,
					"pmtu":	1500,
					"omitted":	false,
					"sender":	true
				}],
			"sum":	{
				"start":	16.000162,
				"end":	17.000131,
				"seconds":	0.9999690055847168,
				"bytes":	429785088,
				"bits_per_second":	3438387274.8031,
				"retransmits":	8906,
				"omitted":	false,
				"sender":	true
			}
		}, {
			"streams":	[{
					"socket":	7,
					"start":	17.000131,
					"end":	18.000143,
					"seconds":	1.0000120401382446,
					"bytes":	429129728,
					"bits_per_second":	3432996490.247664,
					"retransmits":	9165,
					"snd_cwnd":	25476112,
					"snd_wnd":	133984256,
					"rtt":	58739,
					"rttvar":	178,
					"pmtu":	1500,
					"omitted":	false,
					"sender":	true
				}],
			"sum":	{
				"start":	17.000131,
				"end":	18.000143,
				"seconds":	1.0000120401382446,
				"bytes":	429129728,
				"bits_per_second":	3432996490.247664,
				"retransmits":	9165,
				"omitted":	false,
				"sender":	true
			}
		}, {
			"streams":	[{
					"socket":	7,
					"start":	18.000143,
					"end":	19.000245,
					"seconds":	1.0001020431518555,
					"bytes":	513933312,
					"bits_per_second":	4111046991.80753,
					"retransmits":	8470,
					"snd_cwnd":	56732640,
					"snd_wnd":	139595776,
					"rtt":	58836,
					"rttvar":	887,
					"pmtu":	1500,
					"omitted":	false,
					"sender":	true
				}],
			"sum":	{
				"start":	18.000143,
				"end":	19.000245,
				"seconds":	1.0001020431518555,
				"bytes":	513933312,
				"bits_per_second":	4111046991.80753,
				"retransmits":	8470,
				"omitted":	false,
				"sender":	true
			}
		}, {
			"streams":	[{
					"socket":	7,
					"start":	19.000245,
					"end":	20.000147,
					"seconds":	0.99990200996398926,
					"bytes":	358744064,
					"bits_per_second":	2870233766.31012,
					"retransmits":	16251,
					"snd_cwnd":	53964064,
					"snd_wnd":	135262208,
					"rtt":	58404,
					"rttvar":	108,
					"pmtu":	1500,
					"omitted":	false,
					"sender":	true
				}],
			"sum":	{
				"start":	19.000245,
				"end":	20.000147,
				"seconds":	0.99990200996398926,
				"bytes":	358744064,
				"bits_per_second":	2870233766.31012,
				"retransmits":	16251,
				"omitted":	false,
				"sender":	true
			}
		}, {
			"streams":	[{
					"socket":	7,
					"start":	20.000147,
					"end":	21.001076,
					"seconds":	1.0009289979934692,
					"bytes":	619839488,
					"bits_per_second":	4954113542.4596367,
					"retransmits":	23816,
					"snd_cwnd":	73682928,
					"snd_wnd":	95961088,
					"rtt":	57673,
					"rttvar":	84,
					"pmtu":	1500,
					"omitted":	false,
					"sender":	true
				}],
			"sum":	{
				"start":	20.000147,
				"end":	21.001076,
				"seconds":	1.0009289979934692,
				"bytes":	619839488,
				"bits_per_second":	4954113542.4596367,
				"retransmits":	23816,
				"omitted":	false,
				"sender":	true
			}
		}, {
			"streams":	[{
					"socket":	7,
					"start":	21.001076,
					"end":	22.000123,
					"seconds":	0.99904698133468628,
					"bytes":	361627648,
					"bits_per_second":	2895780917.2648125,
					"retransmits":	16581,
					"snd_cwnd":	94719472,
					"snd_wnd":	105156608,
					"rtt":	58792,
					"rttvar":	292,
					"pmtu":	1500,
					"omitted":	false,
					"sender":	true
				}],
			"sum":	{
				"start":	21.001076,
				"end":	22.000123,
				"seconds":	0.99904698133468628,
				"bytes":	361627648,
				"bits_per_second":	2895780917.2648125,
				"retransmits":	16581,
				"omitted":	false,
				"sender":	true
			}
		}, {
			"streams":	[{
					"socket":	7,
					"start":	22.000123,
					"end":	23.000249,
					"seconds":	1.0001260042190552,
					"bytes":	568852480,
					"bits_per_second":	4550246489.7445517,
					"retransmits":	32647,
					"snd_cwnd":	76474672,
					"snd_wnd":	91197440,
					"rtt":	58915,
					"rttvar":	334,
					"pmtu":	1500,
					"omitted":	false,
					"sender":	true
				}],
			"sum":	{
				"start":	22.000123,
				"end":	23.000249,
				"seconds":	1.0001260042190552,
				"bytes":	568852480,
				"bits_per_second":	4550246489.7445517,
				"retransmits":	32647,
				"omitted":	false,
				"sender":	true
			}
		}, {
			"streams":	[{
					"socket":	7,
					"start":	23.000249,
					"end":	24.00009,
					"seconds":	0.99984097480773926,
					"bytes":	515112960,
					"bits_per_second":	4121559111.7301569,
					"retransmits":	39437,
					"snd_cwnd":	99442848,
					"snd_wnd":	128499712,
					"rtt":	58157,
					"rttvar":	343,
					"pmtu":	1500,
					"omitted":	false,
					"sender":	true
				}],
			"sum":	{
				"start":	23.000249,
				"end":	24.00009,
				"seconds":	0.99984097480773926,
				"bytes":	515112960,
				"bits_per_second":	4121559111.7301569,
				"retransmits":	39437,
				"omitted":	false,
				"sender":	true
			}
		}, {
			"streams":	[{
					"socket":	7,
					"start":	24.00009,
					"end":	25.000422,
					"seconds":	1.0003319978713989,
					"bytes":	399638528,
					"bits_per_second":	3196047143.1515832,
					"retransmits":	63869,
					"snd_cwnd":	84948368,
					"snd_wnd":	78061568,
					"rtt":	57663,
					"rttvar":	239,
					"pmtu":	1500,
					"omitted":	false,
					"sender":	true
				}],
			"sum":	{
				"start":	24.00009,
				"end":	25.000422,
				"seconds":	1.0003319978713989,
				"bytes":	399638528,
				"bits_per_second":	3196047143.1515832,
				"retransmits":	63869,
				"omitted":	false,
				"sender":	true
			}
		}, {
			"streams":	[{
					"socket":	7,
					"start":	25.000422,
					"end":	26.000193,
					"seconds":	0.999770998954773,
					"bytes":	488243200,
					"bits_per_second":	3906840270.5054808,
					"retransmits":	35395,
					"snd_cwnd":	101620640,
					"snd_wnd":	86687744,
					"rtt":	58028,
					"rttvar":	194,
					"pmtu":	1500,
					"omitted":	false,
					"sender":	true
				}],
			"sum":	{
				"start":	25.000422,
				"end":	26.000193,
				"seconds":	0.999770998954773,
				"bytes":	488243200,
				"bits_per_second":	3906840270.5054808,
				"retransmits":	35395,
				"omitted":	false,
				"sender":	true
			}
		}, {
			"streams":	[{
					"socket":	7,
					"start":	26.000193,
					"end":	27.001047,
					"seconds":	1.0008540153503418,
					"bytes":	447348736,
					"bits_per_second":	3575736154.43534,
					"retransmits":	50053,
					"snd_cwnd":	94644176,
					"snd_wnd":	104632320,
					"rtt":	58539,
					"rttvar":	119,
					"pmtu":	1500,
					"omitted":	false,
					"sender":	true
				}],
			"sum":	{
				"start":	26.000193,
				"end":	27.001047,
				"seconds":	1.0008540153503418,
				"bytes":	447348736,
				"bits_per_second":	3575736154.43534,
				"retransmits":	50053,
				"omitted":	false,
				"sender":	true
			}
		}, {
			"streams":	[{
					"socket":	7,
					"start":	27.001047,
					"end":	28.000111,
					"seconds":	0.999064028263092,
					"bytes":	535035904,
					"bits_per_second":	4284297213.1039786,
					"retransmits":	46208,
					"snd_cwnd":	42540792,
					"snd_wnd":	141344768,
					"rtt":	58489,
					"rttvar":	301,
					"pmtu":	1500,
					"omitted":	false,
					"sender":	true
				}],
			"sum":	{
				"start":	27.001047,
				"end":	28.000111,
				"seconds":	0.999064028263092,
				"bytes":	535035904,
				"bits_per_second":	4284297213.1039786,
				"retransmits":	46208,
				"omitted":	false,
				"sender":	true
			}
		}, {
			"streams":	[{
					"socket":	7,
					"start":	28.000111,
					"end":	29.001065,
					"seconds":	1.0009540319442749,
					"bytes":	450494464,
					"bits_per_second":	3600520700.2359519,
					"retransmits":	35735,
					"snd_cwnd":	60802968,
					"snd_wnd":	113803264,
					"rtt":	57665,
					"rttvar":	198,
					"pmtu":	1500,
					"omitted":	false,
					"sender":	true
				}],
			"sum":	{
				"start":	28.000111,
				"end":	29.001065,
				"seconds":	1.0009540319442749,
				"bytes":	450494464,
				"bits_per_second":	3600520700.2359519,
				"retransmits":	35735,
				"omitted":	false,
				"sender":	true
			}
		}, {
			"streams":	[{
					"socket":	7,
					"start":	29.001065,
					"end":	30.000859,
					"seconds":	0.99979400634765625,
					"bytes":	399900672,
					"bits_per_second":	3199864527.7810826,
					"retransmits":	38299,
					"snd_cwnd":	85090272,
					"snd_wnd":	106246144,
					"rtt":	58032,
					"rttvar":	199,
					"pmtu":	1500,
					"omitted":	false,
					"sender":	true
				}],
			"sum":	{
				"start":	29.001065,
				"end":	30.000859,
				"seconds":	0.99979400634765625,
				"bytes":	399900672,
				"bits_per_second":	3199864527.7810826,
				"retransmits":	38299,
				"omitted":	false,
				"sender":	true
			}
		}, {
			"streams":	[{
					"socket":	7,
					"start":	30.000859,
					"end":	31.000113,
					"seconds":	0.99925398826599121,
					"bytes":	520355840,
					"bits_per_second":	4165954570.9933085,
					"retransmits":	37449,
					"snd_cwnd":	86014096,
					"snd_wnd":	94179328,
					"rtt":	58529,
					"rttvar":	572,
					"pmtu":	1500,
					"omitted":	false,
					"sender":	true
				}],
			"sum":	{
				"start":	30.000859,
				"end":	31.000113,
				"seconds":	0.99925398826599121,
				"bytes":	520355840,
				"bits_per_second":	4165954570.9933085,
				"retransmits":	37449,
				"omitted":	false,
				"sender":	true
			}
		}, {
			"streams":	[{
					"socket":	7,
					"start":	31.000113,
					"end":	32.000251,
					"seconds":	1.0001380443573,
					"bytes":	457441280,
					"bits_per_second":	3659025132.2272778,
					"retransmits":	32063,
					"snd_cwnd":	5792,
					"snd_wnd":	141410304,
					"rtt":	57230,
					"rttvar":	52,
					"pmtu":	1500,
					"omitted":	false,
					"sender":	true
				}],
			"sum":	{
				"start":	31.000113,
				"end":	32.000251,
				"seconds":	1.0001380443573,
				"bytes":	457441280,
				"bits_per_second":	3659025132.2272778,
				"retransmits":	32063,
				"omitted":	false,
				"sender":	true
			}
		}, {
			"streams":	[{
					"socket":	7,
					"start":	32.000251,
					"end":	33.00024,
					"seconds":	0.99998897314071655,
					"bytes":	452460544,
					"bits_per_second":	3619724266.1901283,
					"retransmits":	37805,
					"snd_cwnd":	42724688,
					"snd_wnd":	141373440,
					"rtt":	58588,
					"rttvar":	160,
					"pmtu":	1500,
					"omitted":	false,
					"sender":	true
				}],
			"sum":	{
				"start":	32.000251,
				"end":	33.00024,
				"seconds":	0.99998897314071655,
				"bytes":	452460544,
				"bits_per_second":	3619724266.1901283,
				"retransmits":	37805,
				"omitted":	false,
				"sender":	true
			}
		}, {
			"streams":	[{
					"socket":	7,
					"start":	33.00024,
					"end":	34.000066,
					"seconds":	0.99982601404190063,
					"bytes":	425721856,
					"bits_per_second":	3406367508.1145377,
					"retransmits":	42819,
					"snd_cwnd":	106763936,
					"snd_wnd":	126861312,
					"rtt":	59969,
					"rttvar":	505,
					"pmtu":	1500,
					"omitted":	false,
					"sender":	true
				}],
			"sum":	{
				"start":	33.00024,
				"end":	34.000066,
				"seconds":	0.99982601404190063,
				"bytes":	425721856,
				"bits_per_second":	3406367508.1145377,
				"retransmits":	42819,
				"omitted":	false,
				"sender":	true
			}
		}, {
			"streams":	[{
					"socket":	7,
					"start":	34.000066,
					"end":	35.000186,
					"seconds":	1.0001200437545776,
					"bytes":	496762880,
					"bits_per_second":	3973626031.01195,
					"retransmits":	40583,
					"snd_cwnd":	86014096,
					"snd_wnd":	87490560,
					"rtt":	57607,
					"rttvar":	490,
					"pmtu":	1500,
					"omitted":	false,
					"sender":	true
				}],
			"sum":	{
				"start":	34.000066,
				"end":	35.000186,
				"seconds":	1.0001200437545776,
				"bytes":	496762880,
				"bits_per_second":	3973626031.01195,
				"retransmits":	40583,
				"omitted":	false,
				"sender":	true
			}
		}, {
			"streams":	[{
					"socket":	7,
					"start":	35.000186,
					"end":	36.000185,
					"seconds":	0.99999898672103882,
					"bytes":	548274176,
					"bits_per_second":	4386197852.4420033,
					"retransmits":	39059,
					"snd_cwnd":	37769632,
					"snd_wnd":	141410304,
					"rtt":	58533,
					"rttvar":	402,
					"pmtu":	1500,
					"omitted":	false,
					"sender":	true
				}],
			"sum":	{
				"start":	35.000186,
				"end":	36.000185,
				"seconds":	0.99999898672103882,
				"bytes":	548274176,
				"bits_per_second":	4386197852.4420033,
				"retransmits":	39059,
				"omitted":	false,
				"sender":	true
			}
		}, {
			"streams":	[{
					"socket":	7,
					"start":	36.000185,
					"end":	37.000075,
					"seconds":	0.9998900294303894,
					"bytes":	533987328,
					"bits_per_second":	4272368458.793,
					"retransmits":	37175,
					"snd_cwnd":	63742408,
					"snd_wnd":	141410304,
					"rtt":	59368,
					"rttvar":	296,
					"pmtu":	1500,
					"omitted":	false,
					"sender":	true
				}],
			"sum":	{
				"start":	36.000185,
				"end":	37.000075,
				"seconds":	0.9998900294303894,
				"bytes":	533987328,
				"bits_per_second":	4272368458.793,
				"retransmits":	37175,
				"omitted":	false,
				"sender":	true
			}
		}, {
			"streams":	[{
					"socket":	7,
					"start":	37.000075,
					"end":	38.00008,
					"seconds":	1.0000050067901611,
					"bytes":	610271232,
					"bits_per_second":	4882145412.122385,
					"retransmits":	52744,
					"snd_cwnd":	108547872,
					"snd_wnd":	96276480,
					"rtt":	58408,
					"rttvar":	314,
					"pmtu":	1500,
					"omitted":	false,
					"sender":	true
				}],
			"sum":	{
				"start":	37.000075,
				"end":	38.00008,
				"seconds":	1.0000050067901611,
				"bytes":	610271232,
				"bits_per_second":	4882145412.122385,
				"retransmits":	52744,
				"omitted":	false,
				"sender":	true
			}
		}, {
			"streams":	[{
					"socket":	7,
					"start":	38.00008,
					"end":	39.000531,
					"seconds":	1.0004509687423706,
					"bytes":	512884736,
					"bits_per_second":	4101228362.2033224,
					"retransmits":	34719,
					"snd_cwnd":	88005096,
					"snd_wnd":	141344768,
					"rtt":	57888,
					"rttvar":	265,
					"pmtu":	1500,
					"omitted":	false,
					"sender":	true
				}],
			"sum":	{
				"start":	38.00008,
				"end":	39.000531,
				"seconds":	1.0004509687423706,
				"bytes":	512884736,
				"bits_per_second":	4101228362.2033224,
				"retransmits":	34719,
				"omitted":	false,
				"sender":	true
			}
		}, {
			"streams":	[{
					"socket":	7,
					"start":	39.000531,
					"end":	40.000589,
					"seconds":	1.0000580549240112,
					"bytes":	567017472,
					"bits_per_second":	4535876446.0376,
					"retransmits":	29540,
					"snd_cwnd":	32123880,
					"snd_wnd":	141344768,
					"rtt":	58815,
					"rttvar":	215,
					"pmtu":	1500,
					"omitted":	false,
					"sender":	true
				}],
			"sum":	{
				"start":	39.000531,
				"end":	40.000589,
				"seconds":	1.0000580549240112,
				"bytes":	567017472,
				"bits_per_second":	4535876446.0376,
				"retransmits":	29540,
				"omitted":	false,
				"sender":	true
			}
		}, {
			"streams":	[{
					"socket":	7,
					"start":	40.000589,
					"end":	41.000095,
					"seconds":	0.99950599670410156,
					"bytes":	553910272,
					"bits_per_second":	4433472325.94129,
					"retransmits":	29428,
					"snd_cwnd":	41408456,
					"snd_wnd":	126214144,
					"rtt":	58784,
					"rttvar":	1389,
					"pmtu":	1500,
					"omitted":	false,
					"sender":	true
				}],
			"sum":	{
				"start":	40.000589,
				"end":	41.000095,
				"seconds":	0.99950599670410156,
				"bytes":	553910272,
				"bits_per_second":	4433472325.94129,
				"retransmits":	29428,
				"omitted":	false,
				"sender":	true
			}
		}, {
			"streams":	[{
					"socket":	7,
					"start":	41.000095,
					"end":	42.000123,
					"seconds":	1.0000280141830444,
					"bytes":	541720576,
					"bits_per_second":	4333643204.52602,
					"retransmits":	46854,
					"snd_cwnd":	46233192,
					"snd_wnd":	140128256,
					"rtt":	61098,
					"rttvar":	4205,
					"pmtu":	1500,
					"omitted":	false,
					"sender":	true
				}],
			"sum":	{
				"start":	41.000095,
				"end":	42.000123,
				"seconds":	1.0000280141830444,
				"bytes":	541720576,
				"bits_per_second":	4333643204.52602,
				"retransmits":	46854,
				"omitted":	false,
				"sender":	true
			}
		}, {
			"streams":	[{
					"socket":	7,
					"start":	42.000123,
					"end":	43.000131,
					"seconds":	1.0000079870224,
					"bytes":	393871360,
					"bits_per_second":	3150945713.3260069,
					"retransmits":	26199,
					"snd_cwnd":	89810752,
					"snd_wnd":	141410304,
					"rtt":	57376,
					"rttvar":	18,
					"pmtu":	1500,
					"omitted":	false,
					"sender":	true
				}],
			"sum":	{
				"start":	42.000123,
				"end":	43.000131,
				"seconds":	1.0000079870224,
				"bytes":	393871360,
				"bits_per_second":	3150945713.3260069,
				"retransmits":	26199,
				"omitted":	false,
				"sender":	true
			}
		}, {
			"streams":	[{
					"socket":	7,
					"start":	43.000131,
					"end":	44.000086,
					"seconds":	0.99995499849319458,
					"bytes":	591921152,
					"bits_per_second":	4735582324.3401966,
					"retransmits":	28073,
					"snd_cwnd":	104478992,
					"snd_wnd":	105574400,
					"rtt":	58593,
					"rttvar":	218,
					"pmtu":	1500,
					"omitted":	false,
					"sender":	true
				}],
			"sum":	{
				"start":	43.000131,
				"end":	44.000086,
				"seconds":	0.99995499849319458,
				"bytes":	591921152,
				"bits_per_second":	4735582324.3401966,
				"retransmits":	28073,
				"omitted":	false,
				"sender":	true
			}
		}, {
			"streams":	[{
					"socket":	7,
					"start":	44.000086,
					"end":	45.000178,
					"seconds":	1.0000920295715332,
					"bytes":	574881792,
					"bits_per_second":	4598631125.94784,
					"retransmits":	28456,
					"snd_cwnd":	57143872,
					"snd_wnd":	141361152,
					"rtt":	58388,
					"rttvar":	148,
					"pmtu":	1500,
					"omitted":	false,
					"sender":	true
				}],
			"sum":	{
				"start":	44.000086,
				"end":	45.000178,
				"seconds":	1.0000920295715332,
				"bytes":	574881792,
				"bits_per_second":	4598631125.94784,
				"retransmits":	28456,
				"omitted":	false,
				"sender":	true
			}
		}, {
			"streams":	[{
					"socket":	7,
					"start":	45.000178,
					"end":	46.000095,
					"seconds":	0.999916970729828,
					"bytes":	552337408,
					"bits_per_second":	4419066175.8394222,
					"retransmits":	36003,
					"snd_cwnd":	104154640,
					"snd_wnd":	141307904,
					"rtt":	58621,
					"rttvar":	290,
					"pmtu":	1500,
					"omitted":	false,
					"sender":	true
				}],
			"sum":	{
				"start":	45.000178,
				"end":	46.000095,
				"seconds":	0.999916970729828,
				"bytes":	552337408,
				"bits_per_second":	4419066175.8394222,
				"retransmits":	36003,
				"omitted":	false,
				"sender":	true
			}
		}, {
			"streams":	[{
					"socket":	7,
					"start":	46.000095,
					"end":	47.000084,
					"seconds":	0.99998897314071655,
					"bytes":	431357952,
					"bits_per_second":	3450901668.607101,
					"retransmits":	51040,
					"snd_cwnd":	40826360,
					"snd_wnd":	133201920,
					"rtt":	58164,
					"rttvar":	332,
					"pmtu":	1500,
					"omitted":	false,
					"sender":	true
				}],
			"sum":	{
				"start":	46.000095,
				"end":	47.000084,
				"seconds":	0.99998897314071655,
				"bytes":	431357952,
				"bits_per_second":	3450901668.607101,
				"retransmits":	51040,
				"omitted":	false,
				"sender":	true
			}
		}, {
			"streams":	[{
					"socket":	7,
					"start":	47.000084,
					"end":	48.000527,
					"seconds":	1.0004429817199707,
					"bytes":	486277120,
					"bits_per_second":	3888494428.0501657,
					"retransmits":	31500,
					"snd_cwnd":	90059808,
					"snd_wnd":	129511424,
					"rtt":	57940,
					"rttvar":	196,
					"pmtu":	1500,
					"omitted":	false,
					"sender":	true
				}],
			"sum":	{
				"start":	47.000084,
				"end":	48.000527,
				"seconds":	1.0004429817199707,
				"bytes":	486277120,
				"bits_per_second":	3888494428.0501657,
				"retransmits":	31500,
				"omitted":	false,
				"sender":	true
			}
		}, {
			"streams":	[{
					"socket":	7,
					"start":	48.000527,
					"end":	49.000107,
					"seconds":	0.9995800256729126,
					"bytes":	377225216,
					"bits_per_second":	3019069659.7487831,
					"retransmits":	64386,
					"snd_cwnd":	84652976,
					"snd_wnd":	128139264,
					"rtt":	58804,
					"rttvar":	423,
					"pmtu":	1500,
					"omitted":	false,
					"sender":	true
				}],
			"sum":	{
				"start":	48.000527,
				"end":	49.000107,
				"seconds":	0.9995800256729126,
				"bytes":	377225216,
				"bits_per_second":	3019069659.7487831,
				"retransmits":	64386,
				"omitted":	false,
				"sender":	true
			}
		}, {
			"streams":	[{
					"socket":	7,
					"start":	49.000107,
					"end":	50.000717,
					"seconds":	1.0006099939346313,
					"bytes":	690618368,
					"bits_per_second":	5521578814.41362,
					"retransmits":	20443,
					"snd_cwnd":	49000320,
					"snd_wnd":	127303680,
					"rtt":	58534,
					"rttvar":	50,
					"pmtu":	1500,
					"omitted":	false,
					"sender":	true
				}],
			"sum":	{
				"start":	49.000107,
				"end":	50.000717,
				"seconds":	1.0006099939346313,
				"bytes":	690618368,
				"bits_per_second":	5521578814.41362,
				"retransmits":	20443,
				"omitted":	false,
				"sender":	true
			}
		}, {
			"streams":	[{
					"socket":	7,
					"start":	50.000717,
					"end":	51.000084,
					"seconds":	0.99936699867248535,
					"bytes":	448004096,
					"bits_per_second":	3586302902.4981508,
					"retransmits":	70007,
					"snd_cwnd":	98417664,
					"snd_wnd":	131694592,
					"rtt":	58548,
					"rttvar":	197,
					"pmtu":	1500,
					"omitted":	false,
					"sender":	true
				}],
			"sum":	{
				"start":	50.000717,
				"end":	51.000084,
				"seconds":	0.99936699867248535,
				"bytes":	448004096,
				"bits_per_second":	3586302902.4981508,
				"retransmits":	70007,
				"omitted":	false,
				"sender":	true
			}
		}, {
			"streams":	[{
					"socket":	7,
					"start":	51.000084,
					"end":	52.00007,
					"seconds":	0.99998599290847778,
					"bytes":	399245312,
					"bits_per_second":	3194007234.75166,
					"retransmits":	51059,
					"snd_cwnd":	51881840,
					"snd_wnd":	88158208,
					"rtt":	58489,
					"rttvar":	194,
					"pmtu":	1500,
					"omitted":	false,
					"sender":	true
				}],
			"sum":	{
				"start":	51.000084,
				"end":	52.00007,
				"seconds":	0.99998599290847778,
				"bytes":	399245312,
				"bits_per_second":	3194007234.75166,
				"retransmits":	51059,
				"omitted":	false,
				"sender":	true
			}
		}, {
			"streams":	[{
					"socket":	7,
					"start":	52.00007,
					"end":	53.000085,
					"seconds":	1.0000150203704834,
					"bytes":	226754560,
					"bits_per_second":	1814009232.9092615,
					"retransmits":	2007,
					"snd_cwnd":	25683176,
					"snd_wnd":	135610368,
					"rtt":	57966,
					"rttvar":	197,
					"pmtu":	1500,
					"omitted":	false,
					"sender":	true
				}],
			"sum":	{
				"start":	52.00007,
				"end":	53.000085,
				"seconds":	1.0000150203704834,
				"bytes":	226754560,
				"bits_per_second":	1814009232.9092615,
				"retransmits":	2007,
				"omitted":	false,
				"sender":	true
			}
		}, {
			"streams":	[{
					"socket":	7,
					"start":	53.000085,
					"end":	54.001058,
					"seconds":	1.0009729862213135,
					"bytes":	396230656,
					"bits_per_second":	3166764030.2324328,
					"retransmits":	3872,
					"snd_cwnd":	44439120,
					"snd_wnd":	141348864,
					"rtt":	57366,
					"rttvar":	52,
					"pmtu":	1500,
					"omitted":	false,
					"sender":	true
				}],
			"sum":	{
				"start":	53.000085,
				"end":	54.001058,
				"seconds":	1.0009729862213135,
				"bytes":	396230656,
				"bits_per_second":	3166764030.2324328,
				"retransmits":	3872,
				"omitted":	false,
				"sender":	true
			}
		}, {
			"streams":	[{
					"socket":	7,
					"start":	54.001058,
					"end":	55.000183,
					"seconds":	0.99912500381469727,
					"bytes":	372375552,
					"bits_per_second":	2981613316.277791,
					"retransmits":	6987,
					"snd_cwnd":	19685560,
					"snd_wnd":	141291520,
					"rtt":	58728,
					"rttvar":	190,
					"pmtu":	1500,
					"omitted":	false,
					"sender":	true
				}],
			"sum":	{
				"start":	54.001058,
				"end":	55.000183,
				"seconds":	0.99912500381469727,
				"bytes":	372375552,
				"bits_per_second":	2981613316.277791,
				"retransmits":	6987,
				"omitted":	false,
				"sender":	true
			}
		}, {
			"streams":	[{
					"socket":	7,
					"start":	55.000183,
					"end":	56.000219,
					"seconds":	1.0000360012054443,
					"bytes":	366870528,
					"bits_per_second":	2934858565.5538316,
					"retransmits":	11740,
					"snd_cwnd":	22729256,
					"snd_wnd":	141385728,
					"rtt":	58994,
					"rttvar":	272,
					"pmtu":	1500,
					"omitted":	false,
					"sender":	true
				}],
			"sum":	{
				"start":	55.000183,
				"end":	56.000219,
				"seconds":	1.0000360012054443,
				"bytes":	366870528,
				"bits_per_second":	2934858565.5538316,
				"retransmits":	11740,
				"omitted":	false,
				"sender":	true
			}
		}, {
			"streams":	[{
					"socket":	7,
					"start":	56.000219,
					"end":	57.000176,
					"seconds":	0.999957025051117,
					"bytes":	373948416,
					"bits_per_second":	2991715896.83774,
					"retransmits":	15797,
					"snd_cwnd":	40186344,
					"snd_wnd":	121692160,
					"rtt":	57478,
					"rttvar":	507,
					"pmtu":	1500,
					"omitted":	false,
					"sender":	true
				}],
			"sum":	{
				"start":	56.000219,
				"end":	57.000176,
				"seconds":	0.999957025051117,
				"bytes":	373948416,
				"bits_per_second":	2991715896.83774,
				"retransmits":	15797,
				"omitted":	false,
				"sender":	true
			}
		}, {
			"streams":	[{
					"socket":	7,
					"start":	57.000176,
					"end":	58.000123,
					"seconds":	0.99994701147079468,
					"bytes":	584581120,
					"bits_per_second":	4676896781.8817167,
					"retransmits":	19873,
					"snd_cwnd":	73297760,
					"snd_wnd":	140025856,
					"rtt":	59103,
					"rttvar":	592,
					"pmtu":	1500,
					"omitted":	false,
					"sender":	true
				}],
			"sum":	{
				"start":	57.000176,
				"end":	58.000123,
				"seconds":	0.99994701147079468,
				"bytes":	584581120,
				"bits_per_second":	4676896781.8817167,
				"retransmits":	19873,
				"omitted":	false,
				"sender":	true
			}
		}, {
			"streams":	[{
					"socket":	7,
					"start":	58.000123,
					"end":	59.000075,
					"seconds":	0.99995201826095581,
					"bytes":	455475200,
					"bits_per_second":	3643976444.3268347,
					"retransmits":	27579,
					"snd_cwnd":	81720776,
					"snd_wnd":	95252480,
					"rtt":	57311,
					"rttvar":	73,
					"pmtu":	1500,
					"omitted":	false,
					"sender":	true
				}],
			"sum":	{
				"start":	58.000123,
				"end":	59.000075,
				"seconds":	0.99995201826095581,
				"bytes":	455475200,
				"bits_per_second":	3643976444.3268347,
				"retransmits":	27579,
				"omitted":	false,
				"sender":	true
			}
		}, {
			"streams":	[{
					"socket":	7,
					"start":	59.000075,
					"end":	60.000087,
					"seconds":	1.0000120401382446,
					"bytes":	796655616,
					"bits_per_second":	6373168194.1738863,
					"retransmits":	13657,
					"snd_cwnd":	106012424,
					"snd_wnd":	141369344,
					"rtt":	58141,
					"rttvar":	259,
					"pmtu":	1500,
					"omitted":	false,
					"sender":	true
				}],
			"sum":	{
				"start":	59.000075,
				"end":	60.000087,
				"seconds":	1.0000120401382446,
				"bytes":	796655616,
				"bits_per_second":	6373168194.1738863,
				"retransmits":	13657,
				"omitted":	false,
				"sender":	true
			}
		}, {
			"streams":	[{
					"socket":	7,
					"start":	60.000087,
					"end":	61.000087,
					"seconds":	1,
					"bytes":	730071040,
					"bits_per_second":	5840568320,
					"retransmits":	22557,
					"snd_cwnd":	119008224,
					"snd_wnd":	126107648,
					"rtt":	58277,
					"rttvar":	264,
					"pmtu":	1500,
					"omitted":	false,
					"sender":	true
				}],
			"sum":	{
				"start":	60.000087,
				"end":	61.000087,
				"seconds":	1,
				"bytes":	730071040,
				"bits_per_second":	5840568320,
				"retransmits":	22557,
				"omitted":	false,
				"sender":	true
			}
		}, {
			"streams":	[{
					"socket":	7,
					"start":	61.000087,
					"end":	62.000296,
					"seconds":	1.0002089738845825,
					"bytes":	620756992,
					"bits_per_second":	4965018376.822772,
					"retransmits":	33488,
					"snd_cwnd":	129216624,
					"snd_wnd":	78811136,
					"rtt":	57898,
					"rttvar":	341,
					"pmtu":	1500,
					"omitted":	false,
					"sender":	true
				}],
			"sum":	{
				"start":	61.000087,
				"end":	62.000296,
				"seconds":	1.0002089738845825,
				"bytes":	620756992,
				"bits_per_second":	4965018376.822772,
				"retransmits":	33488,
				"omitted":	false,
				"sender":	true
			}
		}, {
			"streams":	[{
					"socket":	7,
					"start":	62.000296,
					"end":	63.000147,
					"seconds":	0.99985098838806152,
					"bytes":	510132224,
					"bits_per_second":	4081666007.6311917,
					"retransmits":	42351,
					"snd_cwnd":	5792,
					"snd_wnd":	112119808,
					"rtt":	58038,
					"rttvar":	477,
					"pmtu":	1500,
					"omitted":	false,
					"sender":	true
				}],
			"sum":	{
				"start":	62.000296,
				"end":	63.000147,
				"seconds":	0.99985098838806152,
				"bytes":	510132224,
				"bits_per_second":	4081666007.6311917,
				"retransmits":	42351,
				"omitted":	false,
				"sender":	true
			}
		}, {
			"streams":	[{
					"socket":	7,
					"start":	63.000147,
					"end":	64.000392,
					"seconds":	1.0002449750900269,
					"bytes":	367919104,
					"bits_per_second":	2942631960.4705677,
					"retransmits":	39331,
					"snd_cwnd":	103950472,
					"snd_wnd":	111116288,
					"rtt":	58589,
					"rttvar":	349,
					"pmtu":	1500,
					"omitted":	false,
					"sender":	true
				}],
			"sum":	{
				"start":	63.000147,
				"end":	64.000392,
				"seconds":	1.0002449750900269,
				"bytes":	367919104,
				"bits_per_second":	2942631960.4705677,
				"retransmits":	39331,
				"omitted":	false,
				"sender":	true
			}
		}, {
			"streams":	[{
					"socket":	7,
					"start":	64.000392,
					"end":	65.001682,
					"seconds":	1.001289963722229,
					"bytes":	607911936,
					"bits_per_second":	4857030095.3791866,
					"retransmits":	30681,
					"snd_cwnd":	46680624,
					"snd_wnd":	125771776,
					"rtt":	58769,
					"rttvar":	196,
					"pmtu":	1500,
					"omitted":	false,
					"sender":	true
				}],
			"sum":	{
				"start":	64.000392,
				"end":	65.001682,
				"seconds":	1.001289963722229,
				"bytes":	607911936,
				"bits_per_second":	4857030095.3791866,
				"retransmits":	30681,
				"omitted":	false,
				"sender":	true
			}
		}, {
			"streams":	[{
					"socket":	7,
					"start":	65.001682,
					"end":	66.000214,
					"seconds":	0.998531997203827,
					"bytes":	543555584,
					"bits_per_second":	4354837585.7527647,
					"retransmits":	28348,
					"snd_cwnd":	46741440,
					"snd_wnd":	128876544,
					"rtt":	58421,
					"rttvar":	193,
					"pmtu":	1500,
					"omitted":	false,
					"sender":	true
				}],
			"sum":	{
				"start":	65.001682,
				"end":	66.000214,
				"seconds":	0.998531997203827,
				"bytes":	543555584,
				"bits_per_second":	4354837585.7527647,
				"retransmits":	28348,
				"omitted":	false,
				"sender":	true
			}
		}, {
			"streams":	[{
					"socket":	7,
					"start":	66.000214,
					"end":	67.000094,
					"seconds":	0.999880015850067,
					"bytes":	453115904,
					"bits_per_second":	3625362218.0039258,
					"retransmits":	38110,
					"snd_cwnd":	91826368,
					"snd_wnd":	93540352,
					"rtt":	58492,
					"rttvar":	225,
					"pmtu":	1500,
					"omitted":	false,
					"sender":	true
				}],
			"sum":	{
				"start":	66.000214,
				"end":	67.000094,
				"seconds":	0.999880015850067,
				"bytes":	453115904,
				"bits_per_second":	3625362218.0039258,
				"retransmits":	38110,
				"omitted":	false,
				"sender":	true
			}
		}, {
			"streams":	[{
					"socket":	7,
					"start":	67.000094,
					"end":	68.000186,
					"seconds":	1.0000920295715332,
					"bytes":	589955072,
					"bits_per_second":	4719206269.4690437,
					"retransmits":	34366,
					"snd_cwnd":	86949504,
					"snd_wnd":	83853312,
					"rtt":	58215,
					"rttvar":	585,
					"pmtu":	1500,
					"omitted":	false,
					"sender":	true
				}],
			"sum":	{
				"start":	67.000094,
				"end":	68.000186,
				"seconds":	1.0000920295715332,
				"bytes":	589955072,
				"bits_per_second":	4719206269.4690437,
				"retransmits":	34366,
				"omitted":	false,
				"sender":	true
			}
		}, {
			"streams":	[{
					"socket":	7,
					"start":	68.000186,
					"end":	69.002148,
					"seconds":	1.0019619464874268,
					"bytes":	470155264,
					"bits_per_second":	3753877205.8018456,
					"retransmits":	32583,
					"snd_cwnd":	83008048,
					"snd_wnd":	136724480,
					"rtt":	58234,
					"rttvar":	114,
					"pmtu":	1500,
					"omitted":	false,
					"sender":	true
				}],
			"sum":	{
				"start":	68.000186,
				"end":	69.002148,
				"seconds":	1.0019619464874268,
				"bytes":	470155264,
				"bits_per_second":	3753877205.8018456,
				"retransmits":	32583,
				"omitted":	false,
				"sender":	true
			}
		}, {
			"streams":	[{
					"socket":	7,
					"start":	69.002148,
					"end":	70.000533,
					"seconds":	0.99838501214981079,
					"bytes":	518914048,
					"bits_per_second":	4158027547.9707246,
					"retransmits":	36972,
					"snd_cwnd":	88907200,
					"snd_wnd":	123887616,
					"rtt":	58650,
					"rttvar":	147,
					"pmtu":	1500,
					"omitted":	false,
					"sender":	true
				}],
			"sum":	{
				"start":	69.002148,
				"end":	70.000533,
				"seconds":	0.99838501214981079,
				"bytes":	518914048,
				"bits_per_second":	4158027547.9707246,
				"retransmits":	36972,
				"omitted":	false,
				"sender":	true
			}
		}, {
			"streams":	[{
					"socket":	7,
					"start":	70.000533,
					"end":	71.001097,
					"seconds":	1.0005639791488647,
					"bytes":	469368832,
					"bits_per_second":	3752834135.7982621,
					"retransmits":	25285,
					"snd_cwnd":	91817680,
					"snd_wnd":	107761664,
					"rtt":	58774,
					"rttvar":	429,
					"pmtu":	1500,
					"omitted":	false,
					"sender":	true
				}],
			"sum":	{
				"start":	70.000533,
				"end":	71.001097,
				"seconds":	1.0005639791488647,
				"bytes":	469368832,
				"bits_per_second":	3752834135.7982621,
				"retransmits":	25285,
				"omitted":	false,
				"sender":	true
			}
		}, {
			"streams":	[{
					"socket":	7,
					"start":	71.001097,
					"end":	72.000709,
					"seconds":	0.99961197376251221,
					"bytes":	485883904,
					"bits_per_second":	3888580103.1065784,
					"retransmits":	31719,
					"snd_cwnd":	106558320,
					"snd_wnd":	70508544,
					"rtt":	58488,
					"rttvar":	235,
					"pmtu":	1500,
					"omitted":	false,
					"sender":	true
				}],
			"sum":	{
				"start":	71.001097,
				"end":	72.000709,
				"seconds":	0.99961197376251221,
				"bytes":	485883904,
				"bits_per_second":	3888580103.1065784,
				"retransmits":	31719,
				"omitted":	false,
				"sender":	true
			}
		}, {
			"streams":	[{
					"socket":	7,
					"start":	72.000709,
					"end":	73.000225,
					"seconds":	0.99951601028442383,
					"bytes":	475660288,
					"bits_per_second":	3807124913.3039532,
					"retransmits":	33443,
					"snd_cwnd":	101291944,
					"snd_wnd":	141139968,
					"rtt":	58503,
					"rttvar":	174,
					"pmtu":	1500,
					"omitted":	false,
					"sender":	true
				}],
			"sum":	{
				"start":	72.000709,
				"end":	73.000225,
				"seconds":	0.99951601028442383,
				"bytes":	475660288,
				"bits_per_second":	3807124913.3039532,
				"retransmits":	33443,
				"omitted":	false,
				"sender":	true
			}
		}, {
			"streams":	[{
					"socket":	7,
					"start":	73.000225,
					"end":	74.000112,
					"seconds":	0.999886989593506,
					"bytes":	444727296,
					"bits_per_second":	3558220483.9432864,
					"retransmits":	36625,
					"snd_cwnd":	61551584,
					"snd_wnd":	124698624,
					"rtt":	57890,
					"rttvar":	226,
					"pmtu":	1500,
					"omitted":	false,
					"sender":	true
				}],
			"sum":	{
				"start":	73.000225,
				"end":	74.000112,
				"seconds":	0.999886989593506,
				"bytes":	444727296,
				"bits_per_second":	3558220483.9432864,
				"retransmits":	36625,
				"omitted":	false,
				"sender":	true
			}
		}, {
			"streams":	[{
					"socket":	7,
					"start":	74.000112,
					"end":	75.001062,
					"seconds":	1.00094997882843,
					"bytes":	513277952,
					"bits_per_second":	4102326492.6846414,
					"retransmits":	27002,
					"snd_cwnd":	85597072,
					"snd_wnd":	105250816,
					"rtt":	57844,
					"rttvar":	255,
					"pmtu":	1500,
					"omitted":	false,
					"sender":	true
				}],
			"sum":	{
				"start":	74.000112,
				"end":	75.001062,
				"seconds":	1.00094997882843,
				"bytes":	513277952,
				"bits_per_second":	4102326492.6846414,
				"retransmits":	27002,
				"omitted":	false,
				"sender":	true
			}
		}, {
			"streams":	[{
					"socket":	7,
					"start":	75.001062,
					"end":	76.000989,
					"seconds":	0.99992698431015,
					"bytes":	503316480,
					"bits_per_second":	4026825861.46818,
					"retransmits":	29184,
					"snd_cwnd":	82515728,
					"snd_wnd":	88084480,
					"rtt":	58653,
					"rttvar":	340,
					"pmtu":	1500,
					"omitted":	false,
					"sender":	true
				}],
			"sum":	{
				"start":	75.001062,
				"end":	76.000989,
				"seconds":	0.99992698431015,
				"bytes":	503316480,
				"bits_per_second":	4026825861.46818,
				"retransmits":	29184,
				"omitted":	false,
				"sender":	true
			}
		}, {
			"streams":	[{
					"socket":	7,
					"start":	76.000989,
					"end":	77.000205,
					"seconds":	0.99921602010726929,
					"bytes":	388104192,
					"bits_per_second":	3107269572.8664212,
					"retransmits":	33764,
					"snd_cwnd":	75940360,
					"snd_wnd":	107233280,
					"rtt":	57876,
					"rttvar":	452,
					"pmtu":	1500,
					"omitted":	false,
					"sender":	true
				}],
			"sum":	{
				"start":	76.000989,
				"end":	77.000205,
				"seconds":	0.99921602010726929,
				"bytes":	388104192,
				"bits_per_second":	3107269572.8664212,
				"retransmits":	33764,
				"omitted":	false,
				"sender":	true
			}
		}, {
			"streams":	[{
					"socket":	7,
					"start":	77.000205,
					"end":	78.000148,
					"seconds":	0.99994301795959473,
					"bytes":	505544704,
					"bits_per_second":	4044588100.882587,
					"retransmits":	16960,
					"snd_cwnd":	91545456,
					"snd_wnd":	106491904,
					"rtt":	58390,
					"rttvar":	67,
					"pmtu":	1500,
					"omitted":	false,
					"sender":	true
				}],
			"sum":	{
				"start":	77.000205,
				"end":	78.000148,
				"seconds":	0.99994301795959473,
				"bytes":	505544704,
				"bits_per_second":	4044588100.882587,
				"retransmits":	16960,
				"omitted":	false,
				"sender":	true
			}
		}, {
			"streams":	[{
					"socket":	7,
					"start":	78.000148,
					"end":	79.000132,
					"seconds":	0.9999840259552002,
					"bytes":	544866304,
					"bits_per_second":	4359000062.8622866,
					"retransmits":	27924,
					"snd_cwnd":	99124288,
					"snd_wnd":	102338560,
					"rtt":	58202,
					"rttvar":	240,
					"pmtu":	1500,
					"omitted":	false,
					"sender":	true
				}],
			"sum":	{
				"start":	78.000148,
				"end":	79.000132,
				"seconds":	0.9999840259552002,
				"bytes":	544866304,
				"bits_per_second":	4359000062.8622866,
				"retransmits":	27924,
				"omitted":	false,
				"sender":	true
			}
		}, {
			"streams":	[{
					"socket":	7,
					"start":	79.000132,
					"end":	80.000123,
					"seconds":	0.999990999698639,
					"bytes":	438042624,
					"bits_per_second":	3504372532.4088731,
					"retransmits":	32858,
					"snd_cwnd":	80769440,
					"snd_wnd":	109973504,
					"rtt":	58604,
					"rttvar":	229,
					"pmtu":	1500,
					"omitted":	false,
					"sender":	true
				}],
			"sum":	{
				"start":	79.000132,
				"end":	80.000123,
				"seconds":	0.999990999698639,
				"bytes":	438042624,
				"bits_per_second":	3504372532.4088731,
				"retransmits":	32858,
				"omitted":	false,
				"sender":	true
			}
		}, {
			"streams":	[{
					"socket":	7,
					"start":	80.000123,
					"end":	81.000175,
					"seconds":	1.0000519752502441,
					"bytes":	440139776,
					"bits_per_second":	3520935206.511548,
					"retransmits":	41054,
					"snd_cwnd":	74809472,
					"snd_wnd":	117092352,
					"rtt":	58602,
					"rttvar":	123,
					"pmtu":	1500,
					"omitted":	false,
					"sender":	true
				}],
			"sum":	{
				"start":	80.000123,
				"end":	81.000175,
				"seconds":	1.0000519752502441,
				"bytes":	440139776,
				"bits_per_second":	3520935206.511548,
				"retransmits":	41054,
				"omitted":	false,
				"sender":	true
			}
		}, {
			"streams":	[{
					"socket":	7,
					"start":	81.000175,
					"end":	82.001057,
					"seconds":	1.0008820295333862,
					"bytes":	452591616,
					"bits_per_second":	3617542148.9863248,
					"retransmits":	40687,
					"snd_cwnd":	68735112,
					"snd_wnd":	91414528,
					"rtt":	58746,
					"rttvar":	220,
					"pmtu":	1500,
					"omitted":	false,
					"sender":	true
				}],
			"sum":	{
				"start":	81.000175,
				"end":	82.001057,
				"seconds":	1.0008820295333862,
				"bytes":	452591616,
				"bits_per_second":	3617542148.9863248,
				"retransmits":	40687,
				"omitted":	false,
				"sender":	true
			}
		}, {
			"streams":	[{
					"socket":	7,
					"start":	82.001057,
					"end":	83.000079,
					"seconds":	0.99902200698852539,
					"bytes":	464388096,
					"bits_per_second":	3718741671.3660755,
					"retransmits":	22749,
					"snd_cwnd":	33036120,
					"snd_wnd":	131543040,
					"rtt":	58619,
					"rttvar":	177,
					"pmtu":	1500,
					"omitted":	false,
					"sender":	true
				}],
			"sum":	{
				"start":	82.001057,
				"end":	83.000079,
				"seconds":	0.99902200698852539,
				"bytes":	464388096,
				"bits_per_second":	3718741671.3660755,
				"retransmits":	22749,
				"omitted":	false,
				"sender":	true
			}
		}, {
			"streams":	[{
					"socket":	7,
					"start":	83.000079,
					"end":	84.000222,
					"seconds":	1.0001430511474609,
					"bytes":	442892288,
					"bits_per_second":	3542631526.4951034,
					"retransmits":	8386,
					"snd_cwnd":	83086240,
					"snd_wnd":	141348864,
					"rtt":	58295,
					"rttvar":	94,
					"pmtu":	1500,
					"omitted":	false,
					"sender":	true
				}],
			"sum":	{
				"start":	83.000079,
				"end":	84.000222,
				"seconds":	1.0001430511474609,
				"bytes":	442892288,
				"bits_per_second":	3542631526.4951034,
				"retransmits":	8386,
				"omitted":	false,
				"sender":	true
			}
		}, {
			"streams":	[{
					"socket":	7,
					"start":	84.000222,
					"end":	85.000133,
					"seconds":	0.99991101026535034,
					"bytes":	492175360,
					"bits_per_second":	3937753299.6212492,
					"retransmits":	49997,
					"snd_cwnd":	42206304,
					"snd_wnd":	138481664,
					"rtt":	57774,
					"rttvar":	311,
					"pmtu":	1500,
					"omitted":	false,
					"sender":	true
				}],
			"sum":	{
				"start":	84.000222,
				"end":	85.000133,
				"seconds":	0.99991101026535034,
				"bytes":	492175360,
				"bits_per_second":	3937753299.6212492,
				"retransmits":	49997,
				"omitted":	false,
				"sender":	true
			}
		}, {
			"streams":	[{
					"socket":	7,
					"start":	85.000133,
					"end":	86.000283,
					"seconds":	1.0001499652862549,
					"bytes":	444596224,
					"bits_per_second":	3556236479.97829,
					"retransmits":	45496,
					"snd_cwnd":	89877360,
					"snd_wnd":	56688640,
					"rtt":	58466,
					"rttvar":	483,
					"pmtu":	1500,
					"omitted":	false,
					"sender":	true
				}],
			"sum":	{
				"start":	85.000133,
				"end":	86.000283,
				"seconds":	1.0001499652862549,
				"bytes":	444596224,
				"bits_per_second":	3556236479.97829,
				"retransmits":	45496,
				"omitted":	false,
				"sender":	true
			}
		}, {
			"streams":	[{
					"socket":	7,
					"start":	86.000283,
					"end":	87.000457,
					"seconds":	1.0001740455627441,
					"bytes":	600834048,
					"bits_per_second":	4805835949.5777,
					"retransmits":	36341,
					"snd_cwnd":	85649200,
					"snd_wnd":	141406208,
					"rtt":	58723,
					"rttvar":	279,
					"pmtu":	1500,
					"omitted":	false,
					"sender":	true
				}],
			"sum":	{
				"start":	86.000283,
				"end":	87.000457,
				"seconds":	1.0001740455627441,
				"bytes":	600834048,
				"bits_per_second":	4805835949.5777,
				"retransmits":	36341,
				"omitted":	false,
				"sender":	true
			}
		}, {
			"streams":	[{
					"socket":	7,
					"start":	87.000457,
					"end":	88.000183,
					"seconds":	0.99972599744796753,
					"bytes":	418250752,
					"bits_per_second":	3346923081.4657779,
					"retransmits":	42351,
					"snd_cwnd":	88244016,
					"snd_wnd":	133386240,
					"rtt":	58485,
					"rttvar":	214,
					"pmtu":	1500,
					"omitted":	false,
					"sender":	true
				}],
			"sum":	{
				"start":	87.000457,
				"end":	88.000183,
				"seconds":	0.99972599744796753,
				"bytes":	418250752,
				"bits_per_second":	3346923081.4657779,
				"retransmits":	42351,
				"omitted":	false,
				"sender":	true
			}
		}, {
			"streams":	[{
					"socket":	7,
					"start":	88.000183,
					"end":	89.000223,
					"seconds":	1.0000400543212891,
					"bytes":	498597888,
					"bits_per_second":	3988623342.3991423,
					"retransmits":	49041,
					"snd_cwnd":	85672368,
					"snd_wnd":	113057792,
					"rtt":	58685,
					"rttvar":	210,
					"pmtu":	1500,
					"omitted":	false,
					"sender":	true
				}],
			"sum":	{
				"start":	88.000183,
				"end":	89.000223,
				"seconds":	1.0000400543212891,
				"bytes":	498597888,
				"bits_per_second":	3988623342.3991423,
				"retransmits":	49041,
				"omitted":	false,
				"sender":	true
			}
		}, {
			"streams":	[{
					"socket":	7,
					"start":	89.000223,
					"end":	90.000104,
					"seconds":	0.99988102912902832,
					"bytes":	293470208,
					"bits_per_second":	2348041012.4843326,
					"retransmits":	53666,
					"snd_cwnd":	61302528,
					"snd_wnd":	105177088,
					"rtt":	58331,
					"rttvar":	198,
					"pmtu":	1500,
					"omitted":	false,
					"sender":	true
				}],
			"sum":	{
				"start":	89.000223,
				"end":	90.000104,
				"seconds":	0.99988102912902832,
				"bytes":	293470208,
				"bits_per_second":	2348041012.4843326,
				"retransmits":	53666,
				"omitted":	false,
				"sender":	true
			}
		}, {
			"streams":	[{
					"socket":	7,
					"start":	90.000104,
					"end":	91.000087,
					"seconds":	0.999983012676239,
					"bytes":	402391040,
					"bits_per_second":	3219183005.303957,
					"retransmits":	21458,
					"snd_cwnd":	42488664,
					"snd_wnd":	128995328,
					"rtt":	58649,
					"rttvar":	446,
					"pmtu":	1500,
					"omitted":	false,
					"sender":	true
				}],
			"sum":	{
				"start":	90.000104,
				"end":	91.000087,
				"seconds":	0.999983012676239,
				"bytes":	402391040,
				"bits_per_second":	3219183005.303957,
				"retransmits":	21458,
				"omitted":	false,
				"sender":	true
			}
		}, {
			"streams":	[{
					"socket":	7,
					"start":	91.000087,
					"end":	92.000177,
					"seconds":	1.0000900030136108,
					"bytes":	464519168,
					"bits_per_second":	3715818909.1001487,
					"retransmits":	15532,
					"snd_cwnd":	53964064,
					"snd_wnd":	64192512,
					"rtt":	57490,
					"rttvar":	57,
					"pmtu":	1500,
					"omitted":	false,
					"sender":	true
				}],
			"sum":	{
				"start":	91.000087,
				"end":	92.000177,
				"seconds":	1.0000900030136108,
				"bytes":	464519168,
				"bits_per_second":	3715818909.1001487,
				"retransmits":	15532,
				"omitted":	false,
				"sender":	true
			}
		}, {
			"streams":	[{
					"socket":	7,
					"start":	92.000177,
					"end":	93.000109,
					"seconds":	0.99993199110031128,
					"bytes":	426377216,
					"bits_per_second":	3411249723.3402476,
					"retransmits":	7135,
					"snd_cwnd":	56414080,
					"snd_wnd":	141410304,
					"rtt":	57353,
					"rttvar":	57,
					"pmtu":	1500,
					"omitted":	false,
					"sender":	true
				}],
			"sum":	{
				"start":	92.000177,
				"end":	93.000109,
				"seconds":	0.99993199110031128,
				"bytes":	426377216,
				"bits_per_second":	3411249723.3402476,
				"retransmits":	7135,
				"omitted":	false,
				"sender":	true
			}
		}, {
			"streams":	[{
					"socket":	7,
					"start":	93.000109,
					"end":	94.000395,
					"seconds":	1.0002859830856323,
					"bytes":	333971456,
					"bits_per_second":	2671007784.9519114,
					"retransmits":	12013,
					"snd_cwnd":	5792,
					"snd_wnd":	141406208,
					"rtt":	58144,
					"rttvar":	1014,
					"pmtu":	1500,
					"omitted":	false,
					"sender":	true
				}],
			"sum":	{
				"start":	93.000109,
				"end":	94.000395,
				"seconds":	1.0002859830856323,
				"bytes":	333971456,
				"bits_per_second":	2671007784.9519114,
				"retransmits":	12013,
				"omitted":	false,
				"sender":	true
			}
		}, {
			"streams":	[{
					"socket":	7,
					"start":	94.000395,
					"end":	95.001058,
					"seconds":	1.0006630420684814,
					"bytes":	407633920,
					"bits_per_second":	3258910565.197855,
					"retransmits":	23691,
					"snd_cwnd":	89812200,
					"snd_wnd":	141402112,
					"rtt":	58731,
					"rttvar":	269,
					"pmtu":	1500,
					"omitted":	false,
					"sender":	true
				}],
			"sum":	{
				"start":	94.000395,
				"end":	95.001058,
				"seconds":	1.0006630420684814,
				"bytes":	407633920,
				"bits_per_second":	3258910565.197855,
				"retransmits":	23691,
				"omitted":	false,
				"sender":	true
			}
		}, {
			"streams":	[{
					"socket":	7,
					"start":	95.001058,
					"end":	96.001043,
					"seconds":	0.9999849796295166,
					"bytes":	455999488,
					"bits_per_second":	3648050699.0730424,
					"retransmits":	29039,
					"snd_cwnd":	40470152,
					"snd_wnd":	141283328,
					"rtt":	58642,
					"rttvar":	135,
					"pmtu":	1500,
					"omitted":	false,
					"sender":	true
				}],
			"sum":	{
				"start":	95.001058,
				"end":	96.001043,
				"seconds":	0.9999849796295166,
				"bytes":	455999488,
				"bits_per_second":	3648050699.0730424,
				"retransmits":	29039,
				"omitted":	false,
				"sender":	true
			}
		}, {
			"streams":	[{
					"socket":	7,
					"start":	96.001043,
					"end":	97.000131,
					"seconds":	0.99908798933029175,
					"bytes":	408158208,
					"bits_per_second":	3268246339.5328889,
					"retransmits":	38927,
					"snd_cwnd":	75116448,
					"snd_wnd":	94322688,
					"rtt":	57920,
					"rttvar":	243,
					"pmtu":	1500,
					"omitted":	false,
					"sender":	true
				}],
			"sum":	{
				"start":	96.001043,
				"end":	97.000131,
				"seconds":	0.99908798933029175,
				"bytes":	408158208,
				"bits_per_second":	3268246339.5328889,
				"retransmits":	38927,
				"omitted":	false,
				"sender":	true
			}
		}, {
			"streams":	[{
					"socket":	7,
					"start":	97.000131,
					"end":	98.000126,
					"seconds":	0.999994993209839,
					"bytes":	497680384,
					"bits_per_second":	3981463006.3498073,
					"retransmits":	35657,
					"snd_cwnd":	33529888,
					"snd_wnd":	126644224,
					"rtt":	58670,
					"rttvar":	248,
					"pmtu":	1500,
					"omitted":	false,
					"sender":	true
				}],
			"sum":	{
				"start":	97.000131,
				"end":	98.000126,
				"seconds":	0.999994993209839,
				"bytes":	497680384,
				"bits_per_second":	3981463006.3498073,
				"retransmits":	35657,
				"omitted":	false,
				"sender":	true
			}
		}, {
			"streams":	[{
					"socket":	7,
					"start":	98.000126,
					"end":	99.00017,
					"seconds":	1.0000439882278442,
					"bytes":	417857536,
					"bits_per_second":	3342713247.96803,
					"retransmits":	37585,
					"snd_cwnd":	81843856,
					"snd_wnd":	117751808,
					"rtt":	59481,
					"rttvar":	982,
					"pmtu":	1500,
					"omitted":	false,
					"sender":	true
				}],
			"sum":	{
				"start":	98.000126,
				"end":	99.00017,
				"seconds":	1.0000439882278442,
				"bytes":	417857536,
				"bits_per_second":	3342713247.96803,
				"retransmits":	37585,
				"omitted":	false,
				"sender":	true
			}
		}, {
			"streams":	[{
					"socket":	7,
					"start":	99.00017,
					"end":	100.000152,
					"seconds":	0.99998199939727783,
					"bytes":	417595392,
					"bits_per_second":	3340823272.832499,
					"retransmits":	51056,
					"snd_cwnd":	64331744,
					"snd_wnd":	132759552,
					"rtt":	58044,
					"rttvar":	293,
					"pmtu":	1500,
					"omitted":	false,
					"sender":	true
				}],
			"sum":	{
				"start":	99.00017,
				"end":	100.000152,
				"seconds":	0.99998199939727783,
				"bytes":	417595392,
				"bits_per_second":	3340823272.832499,
				"retransmits":	51056,
				"omitted":	false,
				"sender":	true
			}
		}, {
			"streams":	[{
					"socket":	7,
					"start":	100.000152,
					"end":	101.0011,
					"seconds":	1.0009479522705078,
					"bytes":	443678720,
					"bits_per_second":	3546068256.5448327,
					"retransmits":	25803,
					"snd_cwnd":	77592528,
					"snd_wnd":	81715200,
					"rtt":	59533,
					"rttvar":	1195,
					"pmtu":	1500,
					"omitted":	false,
					"sender":	true
				}],
			"sum":	{
				"start":	100.000152,
				"end":	101.0011,
				"seconds":	1.0009479522705078,
				"bytes":	443678720,
				"bits_per_second":	3546068256.5448327,
				"retransmits":	25803,
				"omitted":	false,
				"sender":	true
			}
		}, {
			"streams":	[{
					"socket":	7,
					"start":	101.0011,
					"end":	102.000215,
					"seconds":	0.999114990234375,
					"bytes":	449052672,
					"bits_per_second":	3595603520.2287183,
					"retransmits":	34884,
					"snd_cwnd":	39372568,
					"snd_wnd":	133214208,
					"rtt":	58400,
					"rttvar":	187,
					"pmtu":	1500,
					"omitted":	false,
					"sender":	true
				}],
			"sum":	{
				"start":	101.0011,
				"end":	102.000215,
				"seconds":	0.999114990234375,
				"bytes":	449052672,
				"bits_per_second":	3595603520.2287183,
				"retransmits":	34884,
				"omitted":	false,
				"sender":	true
			}
		}, {
			"streams":	[{
					"socket":	7,
					"start":	102.000215,
					"end":	103.001064,
					"seconds":	1.0008490085601807,
					"bytes":	410648576,
					"bits_per_second":	3282401820.7562256,
					"retransmits":	37791,
					"snd_cwnd":	74398240,
					"snd_wnd":	69492736,
					"rtt":	58414,
					"rttvar":	382,
					"pmtu":	1500,
					"omitted":	false,
					"sender":	true
				}],
			"sum":	{
				"start":	102.000215,
				"end":	103.001064,
				"seconds":	1.0008490085601807,
				"bytes":	410648576,
				"bits_per_second":	3282401820.7562256,
				"retransmits":	37791,
				"omitted":	false,
				"sender":	true
			}
		}, {
			"streams":	[{
					"socket":	7,
					"start":	103.001064,
					"end":	104.001055,
					"seconds":	0.999990999698639,
					"bytes":	521535488,
					"bits_per_second":	4172321456.1504807,
					"retransmits":	31997,
					"snd_cwnd":	77418768,
					"snd_wnd":	124833792,
					"rtt":	59048,
					"rttvar":	400,
					"pmtu":	1500,
					"omitted":	false,
					"sender":	true
				}],
			"sum":	{
				"start":	103.001064,
				"end":	104.001055,
				"seconds":	0.999990999698639,
				"bytes":	521535488,
				"bits_per_second":	4172321456.1504807,
				"retransmits":	31997,
				"omitted":	false,
				"sender":	true
			}
		}, {
			"streams":	[{
					"socket":	7,
					"start":	104.001055,
					"end":	105.000151,
					"seconds":	0.99909597635269165,
					"bytes":	460587008,
					"bits_per_second":	3688030130.4499125,
					"retransmits":	10569,
					"snd_cwnd":	38111360,
					"snd_wnd":	123142144,
					"rtt":	59774,
					"rttvar":	150,
					"pmtu":	1500,
					"omitted":	false,
					"sender":	true
				}],
			"sum":	{
				"start":	104.001055,
				"end":	105.000151,
				"seconds":	0.99909597635269165,
				"bytes":	460587008,
				"bits_per_second":	3688030130.4499125,
				"retransmits":	10569,
				"omitted":	false,
				"sender":	true
			}
		}, {
			"streams":	[{
					"socket":	7,
					"start":	105.000151,
					"end":	106.000263,
					"seconds":	1.0001120567321777,
					"bytes":	498728960,
					"bits_per_second":	3989384642.5935512,
					"retransmits":	44986,
					"snd_cwnd":	50816112,
					"snd_wnd":	141365248,
					"rtt":	58280,
					"rttvar":	211,
					"pmtu":	1500,
					"omitted":	false,
					"sender":	true
				}],
			"sum":	{
				"start":	105.000151,
				"end":	106.000263,
				"seconds":	1.0001120567321777,
				"bytes":	498728960,
				"bits_per_second":	3989384642.5935512,
				"retransmits":	44986,
				"omitted":	false,
				"sender":	true
			}
		}, {
			"streams":	[{
					"socket":	7,
					"start":	106.000263,
					"end":	107.00012,
					"seconds":	0.999857008457184,
					"bytes":	427556864,
					"bits_per_second":	3420944078.0716114,
					"retransmits":	43654,
					"snd_cwnd":	35893024,
					"snd_wnd":	141221888,
					"rtt":	58673,
					"rttvar":	339,
					"pmtu":	1500,
					"omitted":	false,
					"sender":	true
				}],
			"sum":	{
				"start":	106.000263,
				"end":	107.00012,
				"seconds":	0.999857008457184,
				"bytes":	427556864,
				"bits_per_second":	3420944078.0716114,
				"retransmits":	43654,
				"omitted":	false,
				"sender":	true
			}
		}, {
			"streams":	[{
					"socket":	7,
					"start":	107.00012,
					"end":	108.000132,
					"seconds":	1.0000120401382446,
					"bytes":	473300992,
					"bits_per_second":	3786362347.67389,
					"retransmits":	16423,
					"snd_cwnd":	28679088,
					"snd_wnd":	141410304,
					"rtt":	58754,
					"rttvar":	107,
					"pmtu":	1500,
					"omitted":	false,
					"sender":	true
				}],
			"sum":	{
				"start":	107.00012,
				"end":	108.000132,
				"seconds":	1.0000120401382446,
				"bytes":	473300992,
				"bits_per_second":	3786362347.67389,
				"retransmits":	16423,
				"omitted":	false,
				"sender":	true
			}
		}, {
			"streams":	[{
					"socket":	7,
					"start":	108.000132,
					"end":	109.00008,
					"seconds":	0.999948024749756,
					"bytes":	411959296,
					"bits_per_second":	3295845670.4034853,
					"retransmits":	17733,
					"snd_cwnd":	25523896,
					"snd_wnd":	127623168,
					"rtt":	57997,
					"rttvar":	114,
					"pmtu":	1500,
					"omitted":	false,
					"sender":	true
				}],
			"sum":	{
				"start":	108.000132,
				"end":	109.00008,
				"seconds":	0.999948024749756,
				"bytes":	411959296,
				"bits_per_second":	3295845670.4034853,
				"retransmits":	17733,
				"omitted":	false,
				"sender":	true
			}
		}, {
			"streams":	[{
					"socket":	7,
					"start":	109.00008,
					"end":	110.001064,
					"seconds":	1.0009839534759521,
					"bytes":	358088704,
					"bits_per_second":	2861893661.7836823,
					"retransmits":	11819,
					"snd_cwnd":	61644256,
					"snd_wnd":	95997952,
					"rtt":	58305,
					"rttvar":	466,
					"pmtu":	1500,
					"omitted":	false,
					"sender":	true
				}],
			"sum":	{
				"start":	109.00008,
				"end":	110.001064,
				"seconds":	1.0009839534759521,
				"bytes":	358088704,
				"bits_per_second":	2861893661.7836823,
				"retransmits":	11819,
				"omitted":	false,
				"sender":	true
			}
		}, {
			"streams":	[{
					"socket":	7,
					"start":	110.001064,
					"end":	111.001044,
					"seconds":	0.99997997283935547,
					"bytes":	490209280,
					"bits_per_second":	3921752781.5729647,
					"retransmits":	15875,
					"snd_cwnd":	75298896,
					"snd_wnd":	103686144,
					"rtt":	58586,
					"rttvar":	263,
					"pmtu":	1500,
					"omitted":	false,
					"sender":	true
				}],
			"sum":	{
				"start":	110.001064,
				"end":	111.001044,
				"seconds":	0.99997997283935547,
				"bytes":	490209280,
				"bits_per_second":	3921752781.5729647,
				"retransmits":	15875,
				"omitted":	false,
				"sender":	true
			}
		}, {
			"streams":	[{
					"socket":	7,
					"start":	111.001044,
					"end":	112.000127,
					"seconds":	0.99908298254013062,
					"bytes":	473563136,
					"bits_per_second":	3791982402.0702157,
					"retransmits":	14148,
					"snd_cwnd":	37917328,
					"snd_wnd":	136044544,
					"rtt":	58722,
					"rttvar":	338,
					"pmtu":	1500,
					"omitted":	false,
					"sender":	true
				}],
			"sum":	{
				"start":	111.001044,
				"end":	112.000127,
				"seconds":	0.99908298254013062,
				"bytes":	473563136,
				"bits_per_second":	3791982402.0702157,
				"retransmits":	14148,
				"omitted":	false,
				"sender":	true
			}
		}, {
			"streams":	[{
					"socket":	7,
					"start":	112.000127,
					"end":	113.001056,
					"seconds":	1.0009289979934692,
					"bytes":	361758720,
					"bits_per_second":	2891383670.3718748,
					"retransmits":	24096,
					"snd_cwnd":	87030592,
					"snd_wnd":	97398784,
					"rtt":	57851,
					"rttvar":	707,
					"pmtu":	1500,
					"omitted":	false,
					"sender":	true
				}],
			"sum":	{
				"start":	112.000127,
				"end":	113.001056,
				"seconds":	1.0009289979934692,
				"bytes":	361758720,
				"bits_per_second":	2891383670.3718748,
				"retransmits":	24096,
				"omitted":	false,
				"sender":	true
			}
		}, {
			"streams":	[{
					"socket":	7,
					"start":	113.001056,
					"end":	114.000352,
					"seconds":	0.999296009540558,
					"bytes":	396230656,
					"bits_per_second":	3172078360.9026785,
					"retransmits":	36891,
					"snd_cwnd":	84305456,
					"snd_wnd":	106868736,
					"rtt":	58378,
					"rttvar":	197,
					"pmtu":	1500,
					"omitted":	false,
					"sender":	true
				}],
			"sum":	{
				"start":	113.001056,
				"end":	114.000352,
				"seconds":	0.999296009540558,
				"bytes":	396230656,
				"bits_per_second":	3172078360.9026785,
				"retransmits":	36891,
				"omitted":	false,
				"sender":	true
			}
		}, {
			"streams":	[{
					"socket":	7,
					"start":	114.000352,
					"end":	115.001061,
					"seconds":	1.000709056854248,
					"bytes":	407502848,
					"bits_per_second":	3257712880.3530135,
					"retransmits":	17397,
					"snd_cwnd":	79637104,
					"snd_wnd":	65163264,
					"rtt":	58671,
					"rttvar":	413,
					"pmtu":	1500,
					"omitted":	false,
					"sender":	true
				}],
			"sum":	{
				"start":	114.000352,
				"end":	115.001061,
				"seconds":	1.000709056854248,
				"bytes":	407502848,
				"bits_per_second":	3257712880.3530135,
				"retransmits":	17397,
				"omitted":	false,
				"sender":	true
			}
		}, {
			"streams":	[{
					"socket":	7,
					"start":	115.001061,
					"end":	116.000387,
					"seconds":	0.99932599067688,
					"bytes":	629538816,
					"bits_per_second":	5039707337.7314281,
					"retransmits":	26920,
					"snd_cwnd":	119320992,
					"snd_wnd":	141377536,
					"rtt":	58830,
					"rttvar":	250,
					"pmtu":	1500,
					"omitted":	false,
					"sender":	true
				}],
			"sum":	{
				"start":	115.001061,
				"end":	116.000387,
				"seconds":	0.99932599067688,
				"bytes":	629538816,
				"bits_per_second":	5039707337.7314281,
				"retransmits":	26920,
				"omitted":	false,
				"sender":	true
			}
		}, {
			"streams":	[{
					"socket":	7,
					"start":	116.000387,
					"end":	117.000347,
					"seconds":	0.99996000528335571,
					"bytes":	595197952,
					"bits_per_second":	4761774061.8043261,
					"retransmits":	58112,
					"snd_cwnd":	123305888,
					"snd_wnd":	91664384,
					"rtt":	58320,
					"rttvar":	258,
					"pmtu":	1500,
					"omitted":	false,
					"sender":	true
				}],
			"sum":	{
				"start":	116.000387,
				"end":	117.000347,
				"seconds":	0.99996000528335571,
				"bytes":	595197952,
				"bits_per_second":	4761774061.8043261,
				"retransmits":	58112,
				"omitted":	false,
				"sender":	true
			}
		}, {
			"streams":	[{
					"socket":	7,
					"start":	117.000347,
					"end":	118.000274,
					"seconds":	0.99992698431015,
					"bytes":	568459264,
					"bits_per_second":	4548006187.8092442,
					"retransmits":	64185,
					"snd_cwnd":	126873760,
					"snd_wnd":	141344768,
					"rtt":	58230,
					"rttvar":	116,
					"pmtu":	1500,
					"omitted":	false,
					"sender":	true
				}],
			"sum":	{
				"start":	117.000347,
				"end":	118.000274,
				"seconds":	0.99992698431015,
				"bytes":	568459264,
				"bits_per_second":	4548006187.8092442,
				"retransmits":	64185,
				"omitted":	false,
				"sender":	true
			}
		}, {
			"streams":	[{
					"socket":	7,
					"start":	118.000274,
					"end":	119.001062,
					"seconds":	1.0007879734039307,
					"bytes":	597950464,
					"bits_per_second":	4779837327.3109636,
					"retransmits":	46498,
					"snd_cwnd":	119051664,
					"snd_wnd":	85639168,
					"rtt":	58269,
					"rttvar":	319,
					"pmtu":	1500,
					"omitted":	false,
					"sender":	true
				}],
			"sum":	{
				"start":	118.000274,
				"end":	119.001062,
				"seconds":	1.0007879734039307,
				"bytes":	597950464,
				"bits_per_second":	4779837327.3109636,
				"retransmits":	46498,
				"omitted":	false,
				"sender":	true
			}
		}, {
			"streams":	[{
					"socket":	7,
					"start":	119.001062,
					"end":	120.003395,
					"seconds":	1.0023330450057983,
					"bytes":	478543872,
					"bits_per_second":	3819440050.4653158,
					"retransmits":	80204,
					"snd_cwnd":	107125936,
					"snd_wnd":	45543424,
					"rtt":	57349,
					"rttvar":	448,
					"pmtu":	1500,
					"omitted":	false,
					"sender":	true
				}],
			"sum":	{
				"start":	119.001062,
				"end":	120.003395,
				"seconds":	1.0023330450057983,
				"bytes":	478543872,
				"bits_per_second":	3819440050.4653158,
				"retransmits":	80204,
				"omitted":	false,
				"sender":	true
			}
		}],
	"end":	{
		"streams":	[{
				"sender":	{
					"socket":	7,
					"start":	0,
					"end":	120.003395,
					"seconds":	120.003395,
					"bytes":	58747781120,
					"bits_per_second":	3916407939.6253748,
					"retransmits":	3983569,
					"max_snd_cwnd":	129216624,
					"max_snd_wnd":	141410304,
					"max_rtt":	77396,
					"min_rtt":	57230,
					"mean_rtt":	58559,
					"sender":	true
				},
				"receiver":	{
					"socket":	7,
					"start":	0,
					"end":	120.067171,
					"seconds":	120.003395,
					"bytes":	58668351488,
					"bits_per_second":	3909035317.4391026,
					"sender":	true
				}
			}],
		"sum_sent":	{
			"start":	0,
			"end":	120.003395,
			"seconds":	120.003395,
			"bytes":	58747781120,
			"bits_per_second":	3916407939.6253748,
			"retransmits":	3983569,
			"sender":	true
		},
		"sum_received":	{
			"start":	0,
			"end":	120.067171,
			"seconds":	120.067171,
			"bytes":	58668351488,
			"bits_per_second":	3909035317.4391026,
			"sender":	true
		},
		"cpu_utilization_percent":	{
			"host_total":	21.250396001360876,
			"host_user":	0.126348716436681,
			"host_system":	21.124049779682871,
			"remote_total":	29.394870536772732,
			"remote_user":	0.15181417223722157,
			"remote_system":	29.243057197402557
		},
		"sender_tcp_congestion":	"bbr",
		"receiver_tcp_congestion":	"cubic"
	}
}
