{
	"start":	{
		"connected":	[{
				"socket":	7,
				"local_host":	"172.16.0.15",
				"local_port":	54450,
				"remote_host":	"172.17.0.15",
				"remote_port":	5201
			}],
		"version":	"iperf 3.16",
		"system_info":	"Linux h1 6.8.0-63-generic #66-Ubuntu SMP PREEMPT_DYNAMIC Fri Jun 13 20:25:30 UTC 2025 x86_64",
		"timestamp":	{
			"time":	"Sat, 31 Jan 2026 21:28:42 GMT",
			"timesecs":	1769894922
		},
		"connecting_to":	{
			"host":	"172.17.0.15",
			"port":	5201
		},
		"cookie":	"ogmxu6dnqitv7ltu3csy4qiqmrzzxrywaja7",
		"tcp_mss_default":	1448,
		"target_bitrate":	0,
		"fq_rate":	0,
		"sock_bufsize":	0,
		"sndbuf_actual":	1000000,
		"rcvbuf_actual":	1000000,
		"test_start":	{
			"protocol":	"TCP",
			"num_streams":	1,
			"blksize":	131072,
			"omit":	0,
			"duration":	120,
			"bytes":	0,
			"blocks":	0,
			"reverse":	0,
			"tos":	0,
			"target_bitrate":	0,
			"bidir":	0,
			"fqrate":	0
		}
	},
	"intervals":	[{
			"streams":	[{
					"socket":	7,
					"start":	0,
					"end":	1.001107,
					"seconds":	1.0011069774627686,
					"bytes":	6815744,
					"bits_per_second":	54465659.7421706,
					"retransmits":	45,
					"snd_cwnd":	1986656,
					"snd_wnd":	4030464,
					"rtt":	65150,
					"rttvar":	562,
					"pmtu":	1500,
					"omitted":	false,
					"sender":	true
				}],
			"sum":	{
				"start":	0,
				"end":	1.001107,
				"seconds":	1.0011069774627686,
				"bytes":	6815744,
				"bits_per_second":	54465659.7421706,
				"retransmits":	45,
				"omitted":	false,
				"sender":	true
			}
		}, {
			"streams":	[{
					"socket":	7,
					"start":	1.001107,
					"end":	2.001088,
					"seconds":	0.99998098611831665,
					"bytes":	8781824,
					"bits_per_second":	70255927.837899461,
					"retransmits":	52,
					"snd_cwnd":	1633344,
					"snd_wnd":	4018176,
					"rtt":	65651,
					"rttvar":	192,
					"pmtu":	1500,
					"omitted":	false,
					"sender":	true
				}],
			"sum":	{
				"start":	1.001107,
				"end":	2.001088,
				"seconds":	0.99998098611831665,
				"bytes":	8781824,
				"bits_per_second":	70255927.837899461,
				"retransmits":	52,
				"omitted":	false,
				"sender":	true
			}
		}, {
			"streams":	[{
					"socket":	7,
					"start":	2.001088,
					"end":	3.00108,
					"seconds":	0.9999920129776,
					"bytes":	10092544,
					"bits_per_second":	80740996.880150676,
					"retransmits":	9,
					"snd_cwnd":	1688368,
					"snd_wnd":	4030464,
					"rtt":	64855,
					"rttvar":	393,
					"pmtu":	1500,
					"omitted":	false,
					"sender":	true
				}],
			"sum":	{
				"start":	2.001088,
				"end":	3.00108,
				"seconds":	0.9999920129776,
				"bytes":	10092544,
				"bits_per_second":	80740996.880150676,
				"retransmits":	9,
				"omitted":	false,
				"sender":	true
			}
		}, {
			"streams":	[{
					"socket":	7,
					"start":	3.00108,
					"end":	4.000248,
					"seconds":	0.99916797876358032,
					"bytes":	8126464,
					"bits_per_second":	65065848.167440966,
					"retransmits":	66,
					"snd_cwnd":	651600,
					"snd_wnd":	3747840,
					"rtt":	65091,
					"rttvar":	258,
					"pmtu":	1500,
					"omitted":	false,
					"sender":	true
				}],
			"sum":	{
				"start":	3.00108,
				"end":	4.000248,
				"seconds":	0.99916797876358032,
				"bytes":	8126464,
				"bits_per_second":	65065848.167440966,
				"retransmits":	66,
				"omitted":	false,
				"sender":	true
			}
		}, {
			"streams":	[{
					"socket":	7,
					"start":	4.000248,
					"end":	5.001075,
					"seconds":	1.0008269548416138,
					"bytes":	8781824,
					"bits_per_second":	70196542.6292082,
					"retransmits":	28,
					"snd_cwnd":	1598592,
					"snd_wnd":	4018176,
					"rtt":	64933,
					"rttvar":	96,
					"pmtu":	1500,
					"omitted":	false,
					"sender":	true
				}],
			"sum":	{
				"start":	4.000248,
				"end":	5.001075,
				"seconds":	1.0008269548416138,
				"bytes":	8781824,
				"bits_per_second":	70196542.6292082,
				"retransmits":	28,
				"omitted":	false,
				"sender":	true
			}
		}, {
			"streams":	[{
					"socket":	7,
					"start":	5.001075,
					"end":	6.000339,
					"seconds":	0.99926400184631348,
					"bytes":	20054016,
					"bits_per_second":	160550292.719015,
					"retransmits":	120,
					"snd_cwnd":	1601488,
					"snd_wnd":	4542464,
					"rtt":	65390,
					"rttvar":	178,
					"pmtu":	1500,
					"omitted":	false,
					"sender":	true
				}],
			"sum":	{
				"start":	5.001075,
				"end":	6.000339,
				"seconds":	0.99926400184631348,
				"bytes":	20054016,
				"bits_per_second":	160550292.719015,
				"retransmits":	120,
				"omitted":	false,
				"sender":	true
			}
		}, {
			"streams":	[{
					"socket":	7,
					"start":	6.000339,
					"end":	7.001087,
					"seconds":	1.0007480382919312,
					"bytes":	20447232,
					"bits_per_second":	163455584.96341735,
					"retransmits":	380,
					"snd_cwnd":	3313024,
					"snd_wnd":	9465856,
					"rtt":	64591,
					"rttvar":	217,
					"pmtu":	1500,
					"omitted":	false,
					"sender":	true
				}],
			"sum":	{
				"start":	6.000339,
				"end":	7.001087,
				"seconds":	1.0007480382919312,
				"bytes":	20447232,
				"bits_per_second":	163455584.96341735,
				"retransmits":	380,
				"omitted":	false,
				"sender":	true
			}
		}, {
			"streams":	[{
					"socket":	7,
					"start":	7.001087,
					"end":	8.000309,
					"seconds":	0.99922198057174683,
					"bytes":	26476544,
					"bits_per_second":	211977274.43786082,
					"retransmits":	718,
					"snd_cwnd":	2183584,
					"snd_wnd":	20717568,
					"rtt":	65560,
					"rttvar":	74,
					"pmtu":	1500,
					"omitted":	false,
					"sender":	true
				}],
			"sum":	{
				"start":	7.001087,
				"end":	8.000309,
				"seconds":	0.99922198057174683,
				"bytes":	26476544,
				"bits_per_second":	211977274.43786082,
				"retransmits":	718,
				"omitted":	false,
				"sender":	true
			}
		}, {
			"streams":	[{
					"socket":	7,
					"start":	8.000309,
					"end":	9.000109,
					"seconds":	0.99980002641677856,
					"bytes":	40894464,
					"bits_per_second":	327221147.58538848,
					"retransmits":	536,
					"snd_cwnd":	3912496,
					"snd_wnd":	22478848,
					"rtt":	66007,
					"rttvar":	310,
					"pmtu":	1500,
					"omitted":	false,
					"sender":	true
				}],
			"sum":	{
				"start":	8.000309,
				"end":	9.000109,
				"seconds":	0.99980002641677856,
				"bytes":	40894464,
				"bits_per_second":	327221147.58538848,
				"retransmits":	536,
				"omitted":	false,
				"sender":	true
			}
		}, {
			"streams":	[{
					"socket":	7,
					"start":	9.000109,
					"end":	10.000145,
					"seconds":	1.0000360012054443,
					"bytes":	70385664,
					"bits_per_second":	563065040.979781,
					"retransmits":	926,
					"snd_cwnd":	13147840,
					"snd_wnd":	51302400,
					"rtt":	64846,
					"rttvar":	87,
					"pmtu":	1500,
					"omitted":	false,
					"sender":	true
				}],
			"sum":	{
				"start":	9.000109,
				"end":	10.000145,
				"seconds":	1.0000360012054443,
				"bytes":	70385664,
				"bits_per_second":	563065040.979781,
				"retransmits":	926,
				"omitted":	false,
				"sender":	true
			}
		}, {
			"streams":	[{
					"socket":	7,
					"start":	10.000145,
					"end":	11.000898,
					"seconds":	1.0007530450820923,
					"bytes":	123076608,
					"bits_per_second":	983871964.056059,
					"retransmits":	260,
					"snd_cwnd":	5792,
					"snd_wnd":	51302400,
					"rtt":	64725,
					"rttvar":	83,
					"pmtu":	1500,
					"omitted":	false,
					"sender":	true
				}],
			"sum":	{
				"start":	10.000145,
				"end":	11.000898,
				"seconds":	1.0007530450820923,
				"bytes":	123076608,
				"bits_per_second":	983871964.056059,
				"retransmits":	260,
				"omitted":	false,
				"sender":	true
			}
		}, {
			"streams":	[{
					"socket":	7,
					"start":	11.000898,
					"end":	12.000065,
					"seconds":	0.999167025089264,
					"bytes":	84017152,
					"bits_per_second":	672697556.186817,
					"retransmits":	1140,
					"snd_cwnd":	8228984,
					"snd_wnd":	51302400,
					"rtt":	65821,
					"rttvar":	100,
					"pmtu":	1500,
					"omitted":	false,
					"sender":	true
				}],
			"sum":	{
				"start":	11.000898,
				"end":	12.000065,
				"seconds":	0.999167025089264,
				"bytes":	84017152,
				"bits_per_second":	672697556.186817,
				"retransmits":	1140,
				"omitted":	false,
				"sender":	true
			}
		}, {
			"streams":	[{
					"socket":	7,
					"start":	12.000065,
					"end":	13.000133,
					"seconds":	1.0000679492950439,
					"bytes":	122683392,
					"bits_per_second":	981400450.53123057,
					"retransmits":	562,
					"snd_cwnd":	8666280,
					"snd_wnd":	51322880,
					"rtt":	66187,
					"rttvar":	175,
					"pmtu":	1500,
					"omitted":	false,
					"sender":	true
				}],
			"sum":	{
				"start":	12.000065,
				"end":	13.000133,
				"seconds":	1.0000679492950439,
				"bytes":	122683392,
				"bits_per_second":	981400450.53123057,
				"retransmits":	562,
				"omitted":	false,
				"sender":	true
			}
		}, {
			"streams":	[{
					"socket":	7,
					"start":	13.000133,
					"end":	14.000348,
					"seconds":	1.0002150535583496,
					"bytes":	97910784,
					"bits_per_second":	783117859.71766055,
					"retransmits":	3810,
					"snd_cwnd":	9100680,
					"snd_wnd":	47652864,
					"rtt":	65167,
					"rttvar":	321,
					"pmtu":	1500,
					"omitted":	false,
					"sender":	true
				}],
			"sum":	{
				"start":	13.000133,
				"end":	14.000348,
				"seconds":	1.0002150535583496,
				"bytes":	97910784,
				"bits_per_second":	783117859.71766055,
				"retransmits":	3810,
				"omitted":	false,
				"sender":	true
			}
		}, {
			"streams":	[{
					"socket":	7,
					"start":	14.000348,
					"end":	15.000169,
					"seconds":	0.9998210072517395,
					"bytes":	87556096,
					"bits_per_second":	700574165.695278,
					"retransmits":	5973,
					"snd_cwnd":	10370576,
					"snd_wnd":	51363840,
					"rtt":	66247,
					"rttvar":	159,
					"pmtu":	1500,
					"omitted":	false,
					"sender":	true
				}],
			"sum":	{
				"start":	14.000348,
				"end":	15.000169,
				"seconds":	0.9998210072517395,
				"bytes":	87556096,
				"bits_per_second":	700574165.695278,
				"retransmits":	5973,
				"omitted":	false,
				"sender":	true
			}
		}, {
			"streams":	[{
					"socket":	7,
					"start":	15.000169,
					"end":	16.000095,
					"seconds":	0.999925971031189,
					"bytes":	103415808,
					"bits_per_second":	827387714.659323,
					"retransmits":	1632,
					"snd_cwnd":	22745184,
					"snd_wnd":	51302400,
					"rtt":	66041,
					"rttvar":	562,
					"pmtu":	1500,
					"omitted":	false,
					"sender":	true
				}],
			"sum":	{
				"start":	15.000169,
				"end":	16.000095,
				"seconds":	0.999925971031189,
				"bytes":	103415808,
				"bits_per_second":	827387714.659323,
				"retransmits":	1632,
				"omitted":	false,
				"sender":	true
			}
		}, {
			"streams":	[{
					"socket":	7,
					"start":	16.000095,
					"end":	17.00013,
					"seconds":	1.0000350475311279,
					"bytes":	86638592,
					"bits_per_second":	693084445.101336,
					"retransmits":	6331,
					"snd_cwnd":	7334120,
					"snd_wnd":	49696768,
					"rtt":	65921,
					"rttvar":	222,
					"pmtu":	1500,
					"omitted":	false,
					"sender":	true
				}],
			"sum":	{
				"start":	16.000095,
				"end":	17.00013,
				"seconds":	1.0000350475311279,
				"bytes":	86638592,
				"bits_per_second":	693084445.101336,
				"retransmits":	6331,
				"omitted":	false,
				"sender":	true
			}
		}, {
			"streams":	[{
					"socket":	7,
					"start":	17.00013,
					"end":	18.000283,
					"seconds":	1.0001529455184937,
					"bytes":	97255424,
					"bits_per_second":	777924411.94746578,
					"retransmits":	2962,
					"snd_cwnd":	8424464,
					"snd_wnd":	51347456,
					"rtt":	66250,
					"rttvar":	327,
					"pmtu":	1500,
					"omitted":	false,
					"sender":	true
				}],
			"sum":	{
				"start":	17.00013,
				"end":	18.000283,
				"seconds":	1.0001529455184937,
				"bytes":	97255424,
				"bits_per_second":	777924411.94746578,
				"retransmits":	2962,
				"omitted":	false,
				"sender":	true
			}
		}, {
			"streams":	[{
					"socket":	7,
					"start":	18.000283,
					"end":	19.000083,
					"seconds":	0.99980002641677856,
					"bytes":	82444288,
					"bits_per_second":	659686223.81797874,
					"retransmits":	3938,
					"snd_cwnd":	11017832,
					"snd_wnd":	46399488,
					"rtt":	65978,
					"rttvar":	567,
					"pmtu":	1500,
					"omitted":	false,
					"sender":	true
				}],
			"sum":	{
				"start":	18.000283,
				"end":	19.000083,
				"seconds":	0.99980002641677856,
				"bytes":	82444288,
				"bits_per_second":	659686223.81797874,
				"retransmits":	3938,
				"omitted":	false,
				"sender":	true
			}
		}, {
			"streams":	[{
					"socket":	7,
					"start":	19.000083,
					"end":	20.000079,
					"seconds":	0.9999960064888,
					"bytes":	76021760,
					"bits_per_second":	608176508.75969923,
					"retransmits":	5744,
					"snd_cwnd":	18768976,
					"snd_wnd":	51322880,
					"rtt":	64661,
					"rttvar":	95,
					"pmtu":	1500,
					"omitted":	false,
					"sender":	true
				}],
			"sum":	{
				"start":	19.000083,
				"end":	20.000079,
				"seconds":	0.9999960064888,
				"bytes":	76021760,
				"bits_per_second":	608176508.75969923,
				"retransmits":	5744,
				"omitted":	false,
				"sender":	true
			}
		}, {
			"streams":	[{
					"socket":	7,
					"start":	20.000079,
					"end":	21.000273,
					"seconds":	1.0001939535140991,
					"bytes":	96993280,
					"bits_per_second":	775795771.68385863,
					"retransmits":	2728,
					"snd_cwnd":	13902248,
					"snd_wnd":	51261440,
					"rtt":	65949,
					"rttvar":	257,
					"pmtu":	1500,
					"omitted":	false,
					"sender":	true
				}],
			"sum":	{
				"start":	20.000079,
				"end":	21.000273,
				"seconds":	1.0001939535140991,
				"bytes":	96993280,
				"bits_per_second":	775795771.68385863,
				"retransmits":	2728,
				"omitted":	false,
				"sender":	true
			}
		}, {
			"streams":	[{
					"socket":	7,
					"start":	21.000273,
					"end":	22.000094,
					"seconds":	0.9998210072517395,
					"bytes":	56098816,
					"bits_per_second":	448870872.63110632,
					"retransmits":	986,
					"snd_cwnd":	11288608,
					"snd_wnd":	45203456,
					"rtt":	65309,
					"rttvar":	488,
					"pmtu":	1500,
					"omitted":	false,
					"sender":	true
				}],
			"sum":	{
				"start":	21.000273,
				"end":	22.000094,
				"seconds":	0.9998210072517395,
				"bytes":	56098816,
				"bits_per_second":	448870872.63110632,
				"retransmits":	986,
				"omitted":	false,
				"sender":	true
			}
		}, {
			"streams":	[{
					"socket":	7,
					"start":	22.000094,
					"end":	23.00013,
					"seconds":	1.0000360012054443,
					"bytes":	77987840,
					"bits_per_second":	623880259.558603,
					"retransmits":	2517,
					"snd_cwnd":	8415776,
					"snd_wnd":	51224576,
					"rtt":	66166,
					"rttvar":	334,
					"pmtu":	1500,
					"omitted":	false,
					"sender":	true
				}],
			"sum":	{
				"start":	22.000094,
				"end":	23.00013,
				"seconds":	1.0000360012054443,
				"bytes":	77987840,
				"bits_per_second":	623880259.558603,
				"retransmits":	2517,
				"omitted":	false,
				"sender":	true
			}
		}, {
			"streams":	[{
					"socket":	7,
					"start":	23.00013,
					"end":	24.000209,
					"seconds":	1.0000790357589722,
					"bytes":	115081216,
					"bits_per_second":	920576969.50052321,
					"retransmits":	729,
					"snd_cwnd":	23417056,
					"snd_wnd":	51363840,
					"rtt":	64648,
					"rttvar":	69,
					"pmtu":	1500,
					"omitted":	false,
					"sender":	true
				}],
			"sum":	{
				"start":	23.00013,
				"end":	24.000209,
				"seconds":	1.0000790357589722,
				"bytes":	115081216,
				"bits_per_second":	920576969.50052321,
				"retransmits":	729,
				"omitted":	false,
				"sender":	true
			}
		}, {
			"streams":	[{
					"socket":	7,
					"start":	24.000209,
					"end":	25.000395,
					"seconds":	1.0001859664916992,
					"bytes":	133955584,
					"bits_per_second":	1071445419.0543712,
					"retransmits":	1196,
					"snd_cwnd":	26556320,
					"snd_wnd":	51302400,
					"rtt":	64636,
					"rttvar":	55,
					"pmtu":	1500,
					"omitted":	false,
					"sender":	true
				}],
			"sum":	{
				"start":	24.000209,
				"end":	25.000395,
				"seconds":	1.0001859664916992,
				"bytes":	133955584,
				"bits_per_second":	1071445419.0543712,
				"retransmits":	1196,
				"omitted":	false,
				"sender":	true
			}
		}, {
			"streams":	[{
					"socket":	7,
					"start":	25.000395,
					"end":	26.001065,
					"seconds":	1.0006699562072754,
					"bytes":	132382720,
					"bits_per_second":	1058352710.0324271,
					"retransmits":	1057,
					"snd_cwnd":	27254256,
					"snd_wnd":	51302400,
					"rtt":	64647,
					"rttvar":	38,
					"pmtu":	1500,
					"omitted":	false,
					"sender":	true
				}],
			"sum":	{
				"start":	25.000395,
				"end":	26.001065,
				"seconds":	1.0006699562072754,
				"bytes":	132382720,
				"bits_per_second":	1058352710.0324271,
				"retransmits":	1057,
				"omitted":	false,
				"sender":	true
			}
		}, {
			"streams":	[{
					"socket":	7,
					"start":	26.001065,
					"end":	27.001079,
					"seconds":	1.0000139474868774,
					"bytes":	103809024,
					"bits_per_second":	830460609.16155148,
					"retransmits":	1690,
					"snd_cwnd":	8970360,
					"snd_wnd":	44810240,
					"rtt":	65098,
					"rttvar":	173,
					"pmtu":	1500,
					"omitted":	false,
					"sender":	true
				}],
			"sum":	{
				"start":	26.001065,
				"end":	27.001079,
				"seconds":	1.0000139474868774,
				"bytes":	103809024,
				"bits_per_second":	830460609.16155148,
				"retransmits":	1690,
				"omitted":	false,
				"sender":	true
			}
		}, {
			"streams":	[{
					"socket":	7,
					"start":	27.001079,
					"end":	28.000114,
					"seconds":	0.99903500080108643,
					"bytes":	99876864,
					"bits_per_second":	799786705.53013825,
					"retransmits":	2715,
					"snd_cwnd":	22186256,
					"snd_wnd":	51363840,
					"rtt":	64688,
					"rttvar":	137,
					"pmtu":	1500,
					"omitted":	false,
					"sender":	true
				}],
			"sum":	{
				"start":	27.001079,
				"end":	28.000114,
				"seconds":	0.99903500080108643,
				"bytes":	99876864,
				"bits_per_second":	799786705.53013825,
				"retransmits":	2715,
				"omitted":	false,
				"sender":	true
			}
		}, {
			"streams":	[{
					"socket":	7,
					"start":	28.000114,
					"end":	29.000456,
					"seconds":	1.0003420114517212,
					"bytes":	87556096,
					"bits_per_second":	700209288.404764,
					"retransmits":	2560,
					"snd_cwnd":	11327704,
					"snd_wnd":	46264320,
					"rtt":	65055,
					"rttvar":	566,
					"pmtu":	1500,
					"omitted":	false,
					"sender":	true
				}],
			"sum":	{
				"start":	28.000114,
				"end":	29.000456,
				"seconds":	1.0003420114517212,
				"bytes":	87556096,
				"bits_per_second":	700209288.404764,
				"retransmits":	2560,
				"omitted":	false,
				"sender":	true
			}
		}, {
			"streams":	[{
					"socket":	7,
					"start":	29.000456,
					"end":	30.001442,
					"seconds":	1.0009859800338745,
					"bytes":	97255424,
					"bits_per_second":	777277012.3849988,
					"retransmits":	3632,
					"snd_cwnd":	9661056,
					"snd_wnd":	51347456,
					"rtt":	65754,
					"rttvar":	125,
					"pmtu":	1500,
					"omitted":	false,
					"sender":	true
				}],
			"sum":	{
				"start":	29.000456,
				"end":	30.001442,
				"seconds":	1.0009859800338745,
				"bytes":	97255424,
				"bits_per_second":	777277012.3849988,
				"retransmits":	3632,
				"omitted":	false,
				"sender":	true
			}
		}, {
			"streams":	[{
					"socket":	7,
					"start":	30.001442,
					"end":	31.000713,
					"seconds":	0.9992709755897522,
					"bytes":	80609280,
					"bits_per_second":	645344712.04810739,
					"retransmits":	3920,
					"snd_cwnd":	25493488,
					"snd_wnd":	48590848,
					"rtt":	64979,
					"rttvar":	344,
					"pmtu":	1500,
					"omitted":	false,
					"sender":	true
				}],
			"sum":	{
				"start":	30.001442,
				"end":	31.000713,
				"seconds":	0.9992709755897522,
				"bytes":	80609280,
				"bits_per_second":	645344712.04810739,
				"retransmits":	3920,
				"omitted":	false,
				"sender":	true
			}
		}, {
			"streams":	[{
					"socket":	7,
					"start":	31.000713,
					"end":	32.001093,
					"seconds":	1.0003800392150879,
					"bytes":	82837504,
					"bits_per_second":	662448275.6772753,
					"retransmits":	4339,
					"snd_cwnd":	5792,
					"snd_wnd":	51363840,
					"rtt":	64545,
					"rttvar":	53,
					"pmtu":	1500,
					"omitted":	false,
					"sender":	true
				}],
			"sum":	{
				"start":	31.000713,
				"end":	32.001093,
				"seconds":	1.0003800392150879,
				"bytes":	82837504,
				"bits_per_second":	662448275.6772753,
				"retransmits":	4339,
				"omitted":	false,
				"sender":	true
			}
		}, {
			"streams":	[{
					"socket":	7,
					"start":	32.001093,
					"end":	33.001056,
					"seconds":	0.99996298551559448,
					"bytes":	57278464,
					"bits_per_second":	458244673.69032824,
					"retransmits":	3587,
					"snd_cwnd":	20313992,
					"snd_wnd":	46931968,
					"rtt":	66052,
					"rttvar":	265,
					"pmtu":	1500,
					"omitted":	false,
					"sender":	true
				}],
			"sum":	{
				"start":	32.001093,
				"end":	33.001056,
				"seconds":	0.99996298551559448,
				"bytes":	57278464,
				"bits_per_second":	458244673.69032824,
				"retransmits":	3587,
				"omitted":	false,
				"sender":	true
			}
		}, {
			"streams":	[{
					"socket":	7,
					"start":	33.001056,
					"end":	34.00126,
					"seconds":	1.0002039670944214,
					"bytes":	87818240,
					"bits_per_second":	702402652.97175944,
					"retransmits":	3183,
					"snd_cwnd":	21737376,
					"snd_wnd":	51302400,
					"rtt":	64662,
					"rttvar":	23,
					"pmtu":	1500,
					"omitted":	false,
					"sender":	true
				}],
			"sum":	{
				"start":	33.001056,
				"end":	34.00126,
				"seconds":	1.0002039670944214,
				"bytes":	87818240,
				"bits_per_second":	702402652.97175944,
				"retransmits":	3183,
				"omitted":	false,
				"sender":	true
			}
		}, {
			"streams":	[{
					"socket":	7,
					"start":	34.00126,
					"end":	35.000158,
					"seconds":	0.99889802932739258,
					"bytes":	115736576,
					"bits_per_second":	926914040.08820522,
					"retransmits":	2466,
					"snd_cwnd":	24792656,
					"snd_wnd":	51310592,
					"rtt":	64960,
					"rttvar":	361,
					"pmtu":	1500,
					"omitted":	false,
					"sender":	true
				}],
			"sum":	{
				"start":	34.00126,
				"end":	35.000158,
				"seconds":	0.99889802932739258,
				"bytes":	115736576,
				"bits_per_second":	926914040.08820522,
				"retransmits":	2466,
				"omitted":	false,
				"sender":	true
			}
		}, {
			"streams":	[{
					"socket":	7,
					"start":	35.000158,
					"end":	36.000189,
					"seconds":	1.0000309944152832,
					"bytes":	80609280,
					"bits_per_second":	644854253.11948168,
					"retransmits":	3224,
					"snd_cwnd":	24294544,
					"snd_wnd":	51351552,
					"rtt":	65237,
					"rttvar":	314,
					"pmtu":	1500,
					"omitted":	false,
					"sender":	true
				}],
			"sum":	{
				"start":	35.000158,
				"end":	36.000189,
				"seconds":	1.0000309944152832,
				"bytes":	80609280,
				"bits_per_second":	644854253.11948168,
				"retransmits":	3224,
				"omitted":	false,
				"sender":	true
			}
		}, {
			"streams":	[{
					"socket":	7,
					"start":	36.000189,
					"end":	37.000133,
					"seconds":	0.999943971633911,
					"bytes":	78381056,
					"bits_per_second":	627083582.468527,
					"retransmits":	5085,
					"snd_cwnd":	10247496,
					"snd_wnd":	51060736,
					"rtt":	66820,
					"rttvar":	447,
					"pmtu":	1500,
					"omitted":	false,
					"sender":	true
				}],
			"sum":	{
				"start":	36.000189,
				"end":	37.000133,
				"seconds":	0.999943971633911,
				"bytes":	78381056,
				"bits_per_second":	627083582.468527,
				"retransmits":	5085,
				"omitted":	false,
				"sender":	true
			}
		}, {
			"streams":	[{
					"socket":	7,
					"start":	37.000133,
					"end":	38.000197,
					"seconds":	1.0000640153884888,
					"bytes":	102498304,
					"bits_per_second":	819933943.61006463,
					"retransmits":	3141,
					"snd_cwnd":	11025072,
					"snd_wnd":	51306496,
					"rtt":	66749,
					"rttvar":	272,
					"pmtu":	1500,
					"omitted":	false,
					"sender":	true
				}],
			"sum":	{
				"start":	37.000133,
				"end":	38.000197,
				"seconds":	1.0000640153884888,
				"bytes":	102498304,
				"bits_per_second":	819933943.61006463,
				"retransmits":	3141,
				"omitted":	false,
				"sender":	true
			}
		}, {
			"streams":	[{
					"socket":	7,
					"start":	38.000197,
					"end":	39.00018,
					"seconds":	0.999983012676239,
					"bytes":	129236992,
					"bits_per_second":	1033913499.4233556,
					"retransmits":	1574,
					"snd_cwnd":	24036800,
					"snd_wnd":	51302400,
					"rtt":	64860,
					"rttvar":	77,
					"pmtu":	1500,
					"omitted":	false,
					"sender":	true
				}],
			"sum":	{
				"start":	38.000197,
				"end":	39.00018,
				"seconds":	0.999983012676239,
				"bytes":	129236992,
				"bits_per_second":	1033913499.4233556,
				"retransmits":	1574,
				"omitted":	false,
				"sender":	true
			}
		}, {
			"streams":	[{
					"socket":	7,
					"start":	39.00018,
					"end":	40.000672,
					"seconds":	1.0004919767379761,
					"bytes":	119275520,
					"bits_per_second":	953734944.59306526,
					"retransmits":	601,
					"snd_cwnd":	20471824,
					"snd_wnd":	51302400,
					"rtt":	64746,
					"rttvar":	216,
					"pmtu":	1500,
					"omitted":	false,
					"sender":	true
				}],
			"sum":	{
				"start":	39.00018,
				"end":	40.000672,
				"seconds":	1.0004919767379761,
				"bytes":	119275520,
				"bits_per_second":	953734944.59306526,
				"retransmits":	601,
				"omitted":	false,
				"sender":	true
			}
		}, {
			"streams":	[{
					"socket":	7,
					"start":	40.000672,
					"end":	41.000169,
					"seconds":	0.99949699640274048,
					"bytes":	96206848,
					"bits_per_second":	770042117.955373,
					"retransmits":	3807,
					"snd_cwnd":	20037424,
					"snd_wnd":	51359744,
					"rtt":	66084,
					"rttvar":	1197,
					"pmtu":	1500,
					"omitted":	false,
					"sender":	true
				}],
			"sum":	{
				"start":	40.000672,
				"end":	41.000169,
				"seconds":	0.99949699640274048,
				"bytes":	96206848,
				"bits_per_second":	770042117.955373,
				"retransmits":	3807,
				"omitted":	false,
				"sender":	true
			}
		}, {
			"streams":	[{
					"socket":	7,
					"start":	41.000169,
					"end":	42.001046,
					"seconds":	1.0008770227432251,
					"bytes":	91881472,
					"bits_per_second":	734407683.75854445,
					"retransmits":	2680,
					"snd_cwnd":	20975728,
					"snd_wnd":	51302400,
					"rtt":	65196,
					"rttvar":	506,
					"pmtu":	1500,
					"omitted":	false,
					"sender":	true
				}],
			"sum":	{
				"start":	41.000169,
				"end":	42.001046,
				"seconds":	1.0008770227432251,
				"bytes":	91881472,
				"bits_per_second":	734407683.75854445,
				"retransmits":	2680,
				"omitted":	false,
				"sender":	true
			}
		}, {
			"streams":	[{
					"socket":	7,
					"start":	42.001046,
					"end":	43.000173,
					"seconds":	0.999126970767975,
					"bytes":	46661632,
					"bits_per_second":	373619236.51512462,
					"retransmits":	2788,
					"snd_cwnd":	9487296,
					"snd_wnd":	51322880,
					"rtt":	66246,
					"rttvar":	435,
					"pmtu":	1500,
					"omitted":	false,
					"sender":	true
				}],
			"sum":	{
				"start":	42.001046,
				"end":	43.000173,
				"seconds":	0.999126970767975,
				"bytes":	46661632,
				"bits_per_second":	373619236.51512462,
				"retransmits":	2788,
				"omitted":	false,
				"sender":	true
			}
		}, {
			"streams":	[{
					"socket":	7,
					"start":	43.000173,
					"end":	44.000117,
					"seconds":	0.999943971633911,
					"bytes":	93061120,
					"bits_per_second":	744530674.837214,
					"retransmits":	4411,
					"snd_cwnd":	19539312,
					"snd_wnd":	41943040,
					"rtt":	65124,
					"rttvar":	465,
					"pmtu":	1500,
					"omitted":	false,
					"sender":	true
				}],
			"sum":	{
				"start":	43.000173,
				"end":	44.000117,
				"seconds":	0.999943971633911,
				"bytes":	93061120,
				"bits_per_second":	744530674.837214,
				"retransmits":	4411,
				"omitted":	false,
				"sender":	true
			}
		}, {
			"streams":	[{
					"socket":	7,
					"start":	44.000117,
					"end":	45.000102,
					"seconds":	0.9999849796295166,
					"bytes":	79691776,
					"bits_per_second":	637543784.14383721,
					"retransmits":	5290,
					"snd_cwnd":	10276456,
					"snd_wnd":	47702016,
					"rtt":	65319,
					"rttvar":	502,
					"pmtu":	1500,
					"omitted":	false,
					"sender":	true
				}],
			"sum":	{
				"start":	44.000117,
				"end":	45.000102,
				"seconds":	0.9999849796295166,
				"bytes":	79691776,
				"bits_per_second":	637543784.14383721,
				"retransmits":	5290,
				"omitted":	false,
				"sender":	true
			}
		}, {
			"streams":	[{
					"socket":	7,
					"start":	45.000102,
					"end":	46.00011,
					"seconds":	1.0000079870224,
					"bytes":	74317824,
					"bits_per_second":	594537843.412927,
					"retransmits":	4577,
					"snd_cwnd":	10602256,
					"snd_wnd":	50757632,
					"rtt":	66327,
					"rttvar":	539,
					"pmtu":	1500,
					"omitted":	false,
					"sender":	true
				}],
			"sum":	{
				"start":	45.000102,
				"end":	46.00011,
				"seconds":	1.0000079870224,
				"bytes":	74317824,
				"bits_per_second":	594537843.412927,
				"retransmits":	4577,
				"omitted":	false,
				"sender":	true
			}
		}, {
			"streams":	[{
					"socket":	7,
					"start":	46.00011,
					"end":	47.001039,
					"seconds":	1.0009289979934692,
					"bytes":	88604672,
					"bits_per_second":	708179478.68528533,
					"retransmits":	4007,
					"snd_cwnd":	21705520,
					"snd_wnd":	51363840,
					"rtt":	64536,
					"rttvar":	36,
					"pmtu":	1500,
					"omitted":	false,
					"sender":	true
				}],
			"sum":	{
				"start":	46.00011,
				"end":	47.001039,
				"seconds":	1.0009289979934692,
				"bytes":	88604672,
				"bits_per_second":	708179478.68528533,
				"retransmits":	4007,
				"omitted":	false,
				"sender":	true
			}
		}, {
			"streams":	[{
					"socket":	7,
					"start":	47.001039,
					"end":	48.000102,
					"seconds":	0.999063014984131,
					"bytes":	130154496,
					"bits_per_second":	1042212505.5010059,
					"retransmits":	579,
					"snd_cwnd":	23405472,
					"snd_wnd":	51363840,
					"rtt":	64595,
					"rttvar":	68,
					"pmtu":	1500,
					"omitted":	false,
					"sender":	true
				}],
			"sum":	{
				"start":	47.001039,
				"end":	48.000102,
				"seconds":	0.999063014984131,
				"bytes":	130154496,
				"bits_per_second":	1042212505.5010059,
				"retransmits":	579,
				"omitted":	false,
				"sender":	true
			}
		}, {
			"streams":	[{
					"socket":	7,
					"start":	48.000102,
					"end":	49.000183,
					"seconds":	1.000080943107605,
					"bytes":	152174592,
					"bits_per_second":	1217298204.1004782,
					"retransmits":	0,
					"snd_cwnd":	22707536,
					"snd_wnd":	51363840,
					"rtt":	64542,
					"rttvar":	50,
					"pmtu":	1500,
					"omitted":	false,
					"sender":	true
				}],
			"sum":	{
				"start":	48.000102,
				"end":	49.000183,
				"seconds":	1.000080943107605,
				"bytes":	152174592,
				"bits_per_second":	1217298204.1004782,
				"retransmits":	0,
				"omitted":	false,
				"sender":	true
			}
		}, {
			"streams":	[{
					"socket":	7,
					"start":	49.000183,
					"end":	50.00048,
					"seconds":	1.000296950340271,
					"bytes":	152174592,
					"bits_per_second":	1217035336.9425731,
					"retransmits":	0,
					"snd_cwnd":	21520176,
					"snd_wnd":	51302400,
					"rtt":	64563,
					"rttvar":	32,
					"pmtu":	1500,
					"omitted":	false,
					"sender":	true
				}],
			"sum":	{
				"start":	49.000183,
				"end":	50.00048,
				"seconds":	1.000296950340271,
				"bytes":	152174592,
				"bits_per_second":	1217035336.9425731,
				"retransmits":	0,
				"omitted":	false,
				"sender":	true
			}
		}, {
			"streams":	[{
					"socket":	7,
					"start":	50.00048,
					"end":	51.001071,
					"seconds":	1.0005910396575928,
					"bytes":	153223168,
					"bits_per_second":	1225061284.1980574,
					"retransmits":	0,
					"snd_cwnd":	22423728,
					"snd_wnd":	51302400,
					"rtt":	64686,
					"rttvar":	75,
					"pmtu":	1500,
					"omitted":	false,
					"sender":	true
				}],
			"sum":	{
				"start":	50.00048,
				"end":	51.001071,
				"seconds":	1.0005910396575928,
				"bytes":	153223168,
				"bits_per_second":	1225061284.1980574,
				"retransmits":	0,
				"omitted":	false,
				"sender":	true
			}
		}, {
			"streams":	[{
					"socket":	7,
					"start":	51.001071,
					"end":	52.000076,
					"seconds":	0.9990050196647644,
					"bytes":	99221504,
					"bits_per_second":	794562606.168251,
					"retransmits":	3787,
					"snd_cwnd":	7092304,
					"snd_wnd":	51302400,
					"rtt":	66187,
					"rttvar":	280,
					"pmtu":	1500,
					"omitted":	false,
					"sender":	true
				}],
			"sum":	{
				"start":	51.001071,
				"end":	52.000076,
				"seconds":	0.9990050196647644,
				"bytes":	99221504,
				"bits_per_second":	794562606.168251,
				"retransmits":	3787,
				"omitted":	false,
				"sender":	true
			}
		}, {
			"streams":	[{
					"socket":	7,
					"start":	52.000076,
					"end":	53.000071,
					"seconds":	0.999994993209839,
					"bytes":	252575744,
					"bits_per_second":	2020616068.8006527,
					"retransmits":	2495,
					"snd_cwnd":	5792,
					"snd_wnd":	50581504,
					"rtt":	65312,
					"rttvar":	345,
					"pmtu":	1500,
					"omitted":	false,
					"sender":	true
				}],
			"sum":	{
				"start":	52.000076,
				"end":	53.000071,
				"seconds":	0.999994993209839,
				"bytes":	252575744,
				"bits_per_second":	2020616068.8006527,
				"retransmits":	2495,
				"omitted":	false,
				"sender":	true
			}
		}, {
			"streams":	[{
					"socket":	7,
					"start":	53.000071,
					"end":	54.000157,
					"seconds":	1.0000859498977661,
					"bytes":	79822848,
					"bits_per_second":	638527902.59205139,
					"retransmits":	5348,
					"snd_cwnd":	29275664,
					"snd_wnd":	97796096,
					"rtt":	65809,
					"rttvar":	187,
					"pmtu":	1500,
					"omitted":	false,
					"sender":	true
				}],
			"sum":	{
				"start":	53.000071,
				"end":	54.000157,
				"seconds":	1.0000859498977661,
				"bytes":	79822848,
				"bits_per_second":	638527902.59205139,
				"retransmits":	5348,
				"omitted":	false,
				"sender":	true
			}
		}, {
			"streams":	[{
					"socket":	7,
					"start":	54.000157,
					"end":	55.000139,
					"seconds":	0.99998199939727783,
					"bytes":	215744512,
					"bits_per_second":	1725987164.8092573,
					"retransmits":	8432,
					"snd_cwnd":	19181656,
					"snd_wnd":	141402112,
					"rtt":	66264,
					"rttvar":	338,
					"pmtu":	1500,
					"omitted":	false,
					"sender":	true
				}],
			"sum":	{
				"start":	54.000157,
				"end":	55.000139,
				"seconds":	0.99998199939727783,
				"bytes":	215744512,
				"bits_per_second":	1725987164.8092573,
				"retransmits":	8432,
				"omitted":	false,
				"sender":	true
			}
		}, {
			"streams":	[{
					"socket":	7,
					"start":	55.000139,
					"end":	56.000129,
					"seconds":	0.99998998641967773,
					"bytes":	288751616,
					"bits_per_second":	2310036059.7316313,
					"retransmits":	11013,
					"snd_cwnd":	40413680,
					"snd_wnd":	128286720,
					"rtt":	66648,
					"rttvar":	177,
					"pmtu":	1500,
					"omitted":	false,
					"sender":	true
				}],
			"sum":	{
				"start":	55.000139,
				"end":	56.000129,
				"seconds":	0.99998998641967773,
				"bytes":	288751616,
				"bits_per_second":	2310036059.7316313,
				"retransmits":	11013,
				"omitted":	false,
				"sender":	true
			}
		}, {
			"streams":	[{
					"socket":	7,
					"start":	56.000129,
					"end":	57.000069,
					"seconds":	0.99993997812271118,
					"bytes":	264372224,
					"bits_per_second":	2115104744.5574307,
					"retransmits":	15569,
					"snd_cwnd":	26003184,
					"snd_wnd":	140914688,
					"rtt":	65952,
					"rttvar":	393,
					"pmtu":	1500,
					"omitted":	false,
					"sender":	true
				}],
			"sum":	{
				"start":	56.000129,
				"end":	57.000069,
				"seconds":	0.99993997812271118,
				"bytes":	264372224,
				"bits_per_second":	2115104744.5574307,
				"retransmits":	15569,
				"omitted":	false,
				"sender":	true
			}
		}, {
			"streams":	[{
					"socket":	7,
					"start":	57.000069,
					"end":	58.000199,
					"seconds":	1.0001300573349,
					"bytes":	327417856,
					"bits_per_second":	2619002227.5501881,
					"retransmits":	12539,
					"snd_cwnd":	60303408,
					"snd_wnd":	117071872,
					"rtt":	66569,
					"rttvar":	278,
					"pmtu":	1500,
					"omitted":	false,
					"sender":	true
				}],
			"sum":	{
				"start":	57.000069,
				"end":	58.000199,
				"seconds":	1.0001300573349,
				"bytes":	327417856,
				"bits_per_second":	2619002227.5501881,
				"retransmits":	12539,
				"omitted":	false,
				"sender":	true
			}
		}, {
			"streams":	[{
					"socket":	7,
					"start":	58.000199,
					"end":	59.000077,
					"seconds":	0.99987798929214478,
					"bytes":	446169088,
					"bits_per_second":	3569788256.3920555,
					"retransmits":	16263,
					"snd_cwnd":	33626904,
					"snd_wnd":	135561216,
					"rtt":	66536,
					"rttvar":	248,
					"pmtu":	1500,
					"omitted":	false,
					"sender":	true
				}],
			"sum":	{
				"start":	58.000199,
				"end":	59.000077,
				"seconds":	0.99987798929214478,
				"bytes":	446169088,
				"bits_per_second":	3569788256.3920555,
				"retransmits":	16263,
				"omitted":	false,
				"sender":	true
			}
		}, {
			"streams":	[{
					"socket":	7,
					"start":	59.000077,
					"end":	60.000069,
					"seconds":	0.9999920129776,
					"bytes":	379191296,
					"bits_per_second":	3033554597.0685182,
					"retransmits":	31155,
					"snd_cwnd":	70100576,
					"snd_wnd":	112635904,
					"rtt":	65838,
					"rttvar":	108,
					"pmtu":	1500,
					"omitted":	false,
					"sender":	true
				}],
			"sum":	{
				"start":	59.000077,
				"end":	60.000069,
				"seconds":	0.9999920129776,
				"bytes":	379191296,
				"bits_per_second":	3033554597.0685182,
				"retransmits":	31155,
				"omitted":	false,
				"sender":	true
			}
		}, {
			"streams":	[{
					"socket":	7,
					"start":	60.000069,
					"end":	61.000448,
					"seconds":	1.0003789663314819,
					"bytes":	336461824,
					"bits_per_second":	2690674916.79757,
					"retransmits":	26420,
					"snd_cwnd":	72759104,
					"snd_wnd":	100122624,
					"rtt":	66045,
					"rttvar":	735,
					"pmtu":	1500,
					"omitted":	false,
					"sender":	true
				}],
			"sum":	{
				"start":	60.000069,
				"end":	61.000448,
				"seconds":	1.0003789663314819,
				"bytes":	336461824,
				"bits_per_second":	2690674916.79757,
				"retransmits":	26420,
				"omitted":	false,
				"sender":	true
			}
		}, {
			"streams":	[{
					"socket":	7,
					"start":	61.000448,
					"end":	62.000211,
					"seconds":	0.999763011932373,
					"bytes":	391118848,
					"bits_per_second":	3129692483.7739964,
					"retransmits":	30325,
					"snd_cwnd":	70775344,
					"snd_wnd":	119152640,
					"rtt":	65133,
					"rttvar":	99,
					"pmtu":	1500,
					"omitted":	false,
					"sender":	true
				}],
			"sum":	{
				"start":	61.000448,
				"end":	62.000211,
				"seconds":	0.999763011932373,
				"bytes":	391118848,
				"bits_per_second":	3129692483.7739964,
				"retransmits":	30325,
				"omitted":	false,
				"sender":	true
			}
		}, {
			"streams":	[{
					"socket":	7,
					"start":	62.000211,
					"end":	63.000155,
					"seconds":	0.999943971633911,
					"bytes":	435159040,
					"bits_per_second":	3481467380.9289451,
					"retransmits":	22582,
					"snd_cwnd":	38367656,
					"snd_wnd":	141344768,
					"rtt":	65846,
					"rttvar":	87,
					"pmtu":	1500,
					"omitted":	false,
					"sender":	true
				}],
			"sum":	{
				"start":	62.000211,
				"end":	63.000155,
				"seconds":	0.999943971633911,
				"bytes":	435159040,
				"bits_per_second":	3481467380.9289451,
				"retransmits":	22582,
				"omitted":	false,
				"sender":	true
			}
		}, {
			"streams":	[{
					"socket":	7,
					"start":	63.000155,
					"end":	64.001052,
					"seconds":	1.0008970499038696,
					"bytes":	220725248,
					"bits_per_second":	1764219391.1647508,
					"retransmits":	8745,
					"snd_cwnd":	79666064,
					"snd_wnd":	109432832,
					"rtt":	65680,
					"rttvar":	120,
					"pmtu":	1500,
					"omitted":	false,
					"sender":	true
				}],
			"sum":	{
				"start":	63.000155,
				"end":	64.001052,
				"seconds":	1.0008970499038696,
				"bytes":	220725248,
				"bits_per_second":	1764219391.1647508,
				"retransmits":	8745,
				"omitted":	false,
				"sender":	true
			}
		}, {
			"streams":	[{
					"socket":	7,
					"start":	64.001052,
					"end":	65.000328,
					"seconds":	0.99927598237991333,
					"bytes":	545914880,
					"bits_per_second":	4370483346.9514885,
					"retransmits":	17451,
					"snd_cwnd":	90210400,
					"snd_wnd":	135675904,
					"rtt":	65689,
					"rttvar":	118,
					"pmtu":	1500,
					"omitted":	false,
					"sender":	true
				}],
			"sum":	{
				"start":	64.001052,
				"end":	65.000328,
				"seconds":	0.99927598237991333,
				"bytes":	545914880,
				"bits_per_second":	4370483346.9514885,
				"retransmits":	17451,
				"omitted":	false,
				"sender":	true
			}
		}, {
			"streams":	[{
					"socket":	7,
					"start":	65.000328,
					"end":	66.000709,
					"seconds":	1.0003809928894043,
					"bytes":	459276288,
					"bits_per_second":	3672810989.1290159,
					"retransmits":	14858,
					"snd_cwnd":	87537392,
					"snd_wnd":	109686784,
					"rtt":	65775,
					"rttvar":	97,
					"pmtu":	1500,
					"omitted":	false,
					"sender":	true
				}],
			"sum":	{
				"start":	65.000328,
				"end":	66.000709,
				"seconds":	1.0003809928894043,
				"bytes":	459276288,
				"bits_per_second":	3672810989.1290159,
				"retransmits":	14858,
				"omitted":	false,
				"sender":	true
			}
		}, {
			"streams":	[{
					"socket":	7,
					"start":	66.000709,
					"end":	67.001068,
					"seconds":	1.000359058380127,
					"bytes":	418512896,
					"bits_per_second":	3346901434.9923072,
					"retransmits":	14774,
					"snd_cwnd":	99060576,
					"snd_wnd":	91459584,
					"rtt":	66544,
					"rttvar":	421,
					"pmtu":	1500,
					"omitted":	false,
					"sender":	true
				}],
			"sum":	{
				"start":	66.000709,
				"end":	67.001068,
				"seconds":	1.000359058380127,
				"bytes":	418512896,
				"bits_per_second":	3346901434.9923072,
				"retransmits":	14774,
				"omitted":	false,
				"sender":	true
			}
		}, {
			"streams":	[{
					"socket":	7,
					"start":	67.001068,
					"end":	68.001044,
					"seconds":	0.99997597932815552,
					"bytes":	418643968,
					"bits_per_second":	3349232194.8074822,
					"retransmits":	25116,
					"snd_cwnd":	44688176,
					"snd_wnd":	141344768,
					"rtt":	66340,
					"rttvar":	852,
					"pmtu":	1500,
					"omitted":	false,
					"sender":	true
				}],
			"sum":	{
				"start":	67.001068,
				"end":	68.001044,
				"seconds":	0.99997597932815552,
				"bytes":	418643968,
				"bits_per_second":	3349232194.8074822,
				"retransmits":	25116,
				"omitted":	false,
				"sender":	true
			}
		}, {
			"streams":	[{
					"socket":	7,
					"start":	68.001044,
					"end":	69.00127,
					"seconds":	1.0002260208129883,
					"bytes":	419823616,
					"bits_per_second":	3357829988.5361147,
					"retransmits":	16013,
					"snd_cwnd":	46333104,
					"snd_wnd":	140541952,
					"rtt":	66154,
					"rttvar":	131,
					"pmtu":	1500,
					"omitted":	false,
					"sender":	true
				}],
			"sum":	{
				"start":	68.001044,
				"end":	69.00127,
				"seconds":	1.0002260208129883,
				"bytes":	419823616,
				"bits_per_second":	3357829988.5361147,
				"retransmits":	16013,
				"omitted":	false,
				"sender":	true
			}
		}, {
			"streams":	[{
					"socket":	7,
					"start":	69.00127,
					"end":	70.000233,
					"seconds":	0.99896299839019775,
					"bytes":	370540544,
					"bits_per_second":	2967401552.1865473,
					"retransmits":	28957,
					"snd_cwnd":	88223744,
					"snd_wnd":	90800128,
					"rtt":	66095,
					"rttvar":	533,
					"pmtu":	1500,
					"omitted":	false,
					"sender":	true
				}],
			"sum":	{
				"start":	69.00127,
				"end":	70.000233,
				"seconds":	0.99896299839019775,
				"bytes":	370540544,
				"bits_per_second":	2967401552.1865473,
				"retransmits":	28957,
				"omitted":	false,
				"sender":	true
			}
		}, {
			"streams":	[{
					"socket":	7,
					"start":	70.000233,
					"end":	71.000243,
					"seconds":	1.0000100135803223,
					"bytes":	495058944,
					"bits_per_second":	3960431893.89712,
					"retransmits":	26112,
					"snd_cwnd":	80488528,
					"snd_wnd":	88645632,
					"rtt":	65818,
					"rttvar":	587,
					"pmtu":	1500,
					"omitted":	false,
					"sender":	true
				}],
			"sum":	{
				"start":	70.000233,
				"end":	71.000243,
				"seconds":	1.0000100135803223,
				"bytes":	495058944,
				"bits_per_second":	3960431893.89712,
				"retransmits":	26112,
				"omitted":	false,
				"sender":	true
			}
		}, {
			"streams":	[{
					"socket":	7,
					"start":	71.000243,
					"end":	72.001006,
					"seconds":	1.0007630586624146,
					"bytes":	390856704,
					"bits_per_second":	3124469478.4989815,
					"retransmits":	40405,
					"snd_cwnd":	44423192,
					"snd_wnd":	132091904,
					"rtt":	65005,
					"rttvar":	309,
					"pmtu":	1500,
					"omitted":	false,
					"sender":	true
				}],
			"sum":	{
				"start":	71.000243,
				"end":	72.001006,
				"seconds":	1.0007630586624146,
				"bytes":	390856704,
				"bits_per_second":	3124469478.4989815,
				"retransmits":	40405,
				"omitted":	false,
				"sender":	true
			}
		}, {
			"streams":	[{
					"socket":	7,
					"start":	72.001006,
					"end":	73.000293,
					"seconds":	0.99928700923919678,
					"bytes":	455344128,
					"bits_per_second":	3645352126.3859878,
					"retransmits":	27399,
					"snd_cwnd":	56415528,
					"snd_wnd":	115785728,
					"rtt":	64568,
					"rttvar":	170,
					"pmtu":	1500,
					"omitted":	false,
					"sender":	true
				}],
			"sum":	{
				"start":	72.001006,
				"end":	73.000293,
				"seconds":	0.99928700923919678,
				"bytes":	455344128,
				"bits_per_second":	3645352126.3859878,
				"retransmits":	27399,
				"omitted":	false,
				"sender":	true
			}
		}, {
			"streams":	[{
					"socket":	7,
					"start":	73.000293,
					"end":	74.000113,
					"seconds":	0.99981999397277832,
					"bytes":	214171648,
					"bits_per_second":	1713681657.027004,
					"retransmits":	18768,
					"snd_cwnd":	69764640,
					"snd_wnd":	119037952,
					"rtt":	65454,
					"rttvar":	171,
					"pmtu":	1500,
					"omitted":	false,
					"sender":	true
				}],
			"sum":	{
				"start":	73.000293,
				"end":	74.000113,
				"seconds":	0.99981999397277832,
				"bytes":	214171648,
				"bits_per_second":	1713681657.027004,
				"retransmits":	18768,
				"omitted":	false,
				"sender":	true
			}
		}, {
			"streams":	[{
					"socket":	7,
					"start":	74.000113,
					"end":	75.000154,
					"seconds":	1.0000410079956055,
					"bytes":	384565248,
					"bits_per_second":	3076395827.1734385,
					"retransmits":	26619,
					"snd_cwnd":	70763760,
					"snd_wnd":	110866432,
					"rtt":	65536,
					"rttvar":	303,
					"pmtu":	1500,
					"omitted":	false,
					"sender":	true
				}],
			"sum":	{
				"start":	74.000113,
				"end":	75.000154,
				"seconds":	1.0000410079956055,
				"bytes":	384565248,
				"bits_per_second":	3076395827.1734385,
				"retransmits":	26619,
				"omitted":	false,
				"sender":	true
			}
		}, {
			"streams":	[{
					"socket":	7,
					"start":	75.000154,
					"end":	76.000749,
					"seconds":	1.0005949735641479,
					"bytes":	468451328,
					"bits_per_second":	3745382220.5911183,
					"retransmits":	40078,
					"snd_cwnd":	99240128,
					"snd_wnd":	112922624,
					"rtt":	64852,
					"rttvar":	175,
					"pmtu":	1500,
					"omitted":	false,
					"sender":	true
				}],
			"sum":	{
				"start":	75.000154,
				"end":	76.000749,
				"seconds":	1.0005949735641479,
				"bytes":	468451328,
				"bits_per_second":	3745382220.5911183,
				"retransmits":	40078,
				"omitted":	false,
				"sender":	true
			}
		}, {
			"streams":	[{
					"socket":	7,
					"start":	76.000749,
					"end":	77.000118,
					"seconds":	0.99936902523040771,
					"bytes":	463863808,
					"bits_per_second":	3713253433.22947,
					"retransmits":	44503,
					"snd_cwnd":	40138560,
					"snd_wnd":	101109760,
					"rtt":	65609,
					"rttvar":	694,
					"pmtu":	1500,
					"omitted":	false,
					"sender":	true
				}],
			"sum":	{
				"start":	76.000749,
				"end":	77.000118,
				"seconds":	0.99936902523040771,
				"bytes":	463863808,
				"bits_per_second":	3713253433.22947,
				"retransmits":	44503,
				"omitted":	false,
				"sender":	true
			}
		}, {
			"streams":	[{
					"socket":	7,
					"start":	77.000118,
					"end":	78.000221,
					"seconds":	1.0001029968261719,
					"bytes":	576454656,
					"bits_per_second":	4611162312.9168062,
					"retransmits":	20321,
					"snd_cwnd":	88074600,
					"snd_wnd":	95260672,
					"rtt":	65247,
					"rttvar":	305,
					"pmtu":	1500,
					"omitted":	false,
					"sender":	true
				}],
			"sum":	{
				"start":	77.000118,
				"end":	78.000221,
				"seconds":	1.0001029968261719,
				"bytes":	576454656,
				"bits_per_second":	4611162312.9168062,
				"retransmits":	20321,
				"omitted":	false,
				"sender":	true
			}
		}, {
			"streams":	[{
					"socket":	7,
					"start":	78.000221,
					"end":	79.000865,
					"seconds":	1.0006439685821533,
					"bytes":	549322752,
					"bits_per_second":	4391753864.4907179,
					"retransmits":	8020,
					"snd_cwnd":	99567376,
					"snd_wnd":	97497088,
					"rtt":	66163,
					"rttvar":	592,
					"pmtu":	1500,
					"omitted":	false,
					"sender":	true
				}],
			"sum":	{
				"start":	78.000221,
				"end":	79.000865,
				"seconds":	1.0006439685821533,
				"bytes":	549322752,
				"bits_per_second":	4391753864.4907179,
				"retransmits":	8020,
				"omitted":	false,
				"sender":	true
			}
		}, {
			"streams":	[{
					"socket":	7,
					"start":	79.000865,
					"end":	80.000092,
					"seconds":	0.999226987361908,
					"bytes":	556531712,
					"bits_per_second":	4455698006.8708324,
					"retransmits":	14306,
					"snd_cwnd":	106847920,
					"snd_wnd":	117878784,
					"rtt":	66107,
					"rttvar":	262,
					"pmtu":	1500,
					"omitted":	false,
					"sender":	true
				}],
			"sum":	{
				"start":	79.000865,
				"end":	80.000092,
				"seconds":	0.999226987361908,
				"bytes":	556531712,
				"bits_per_second":	4455698006.8708324,
				"retransmits":	14306,
				"omitted":	false,
				"sender":	true
			}
		}, {
			"streams":	[{
					"socket":	7,
					"start":	80.000092,
					"end":	81.000089,
					"seconds":	0.99999701976776123,
					"bytes":	384827392,
					"bits_per_second":	3078628311.0273438,
					"retransmits":	28490,
					"snd_cwnd":	97094192,
					"snd_wnd":	112340992,
					"rtt":	65922,
					"rttvar":	273,
					"pmtu":	1500,
					"omitted":	false,
					"sender":	true
				}],
			"sum":	{
				"start":	80.000092,
				"end":	81.000089,
				"seconds":	0.99999701976776123,
				"bytes":	384827392,
				"bits_per_second":	3078628311.0273438,
				"retransmits":	28490,
				"omitted":	false,
				"sender":	true
			}
		}, {
			"streams":	[{
					"socket":	7,
					"start":	81.000089,
					"end":	82.000143,
					"seconds":	1.0000540018081665,
					"bytes":	395968512,
					"bits_per_second":	3167577041.1122732,
					"retransmits":	38545,
					"snd_cwnd":	92527200,
					"snd_wnd":	91000832,
					"rtt":	64774,
					"rttvar":	234,
					"pmtu":	1500,
					"omitted":	false,
					"sender":	true
				}],
			"sum":	{
				"start":	81.000089,
				"end":	82.000143,
				"seconds":	1.0000540018081665,
				"bytes":	395968512,
				"bits_per_second":	3167577041.1122732,
				"retransmits":	38545,
				"omitted":	false,
				"sender":	true
			}
		}, {
			"streams":	[{
					"socket":	7,
					"start":	82.000143,
					"end":	83.000165,
					"seconds":	1.0000220537185669,
					"bytes":	364249088,
					"bits_per_second":	2913928441.0422373,
					"retransmits":	38669,
					"snd_cwnd":	89066480,
					"snd_wnd":	92803072,
					"rtt":	65602,
					"rttvar":	323,
					"pmtu":	1500,
					"omitted":	false,
					"sender":	true
				}],
			"sum":	{
				"start":	82.000143,
				"end":	83.000165,
				"seconds":	1.0000220537185669,
				"bytes":	364249088,
				"bits_per_second":	2913928441.0422373,
				"retransmits":	38669,
				"omitted":	false,
				"sender":	true
			}
		}, {
			"streams":	[{
					"socket":	7,
					"start":	83.000165,
					"end":	84.000189,
					"seconds":	1.0000239610672,
					"bytes":	443154432,
					"bits_per_second":	3545150510.410387,
					"retransmits":	26909,
					"snd_cwnd":	5792,
					"snd_wnd":	139833344,
					"rtt":	65922,
					"rttvar":	292,
					"pmtu":	1500,
					"omitted":	false,
					"sender":	true
				}],
			"sum":	{
				"start":	83.000165,
				"end":	84.000189,
				"seconds":	1.0000239610672,
				"bytes":	443154432,
				"bits_per_second":	3545150510.410387,
				"retransmits":	26909,
				"omitted":	false,
				"sender":	true
			}
		}, {
			"streams":	[{
					"socket":	7,
					"start":	84.000189,
					"end":	85.00012,
					"seconds":	0.99993097782135,
					"bytes":	295829504,
					"bits_per_second":	2366799393.6505771,
					"retransmits":	21103,
					"snd_cwnd":	34699872,
					"snd_wnd":	129814528,
					"rtt":	65163,
					"rttvar":	753,
					"pmtu":	1500,
					"omitted":	false,
					"sender":	true
				}],
			"sum":	{
				"start":	84.000189,
				"end":	85.00012,
				"seconds":	0.99993097782135,
				"bytes":	295829504,
				"bits_per_second":	2366799393.6505771,
				"retransmits":	21103,
				"omitted":	false,
				"sender":	true
			}
		}, {
			"streams":	[{
					"socket":	7,
					"start":	85.00012,
					"end":	86.000184,
					"seconds":	1.0000640153884888,
					"bytes":	500563968,
					"bits_per_second":	4004255410.0343184,
					"retransmits":	20183,
					"snd_cwnd":	68252928,
					"snd_wnd":	137891840,
					"rtt":	65984,
					"rttvar":	474,
					"pmtu":	1500,
					"omitted":	false,
					"sender":	true
				}],
			"sum":	{
				"start":	85.00012,
				"end":	86.000184,
				"seconds":	1.0000640153884888,
				"bytes":	500563968,
				"bits_per_second":	4004255410.0343184,
				"retransmits":	20183,
				"omitted":	false,
				"sender":	true
			}
		}, {
			"streams":	[{
					"socket":	7,
					"start":	86.000184,
					"end":	87.000269,
					"seconds":	1.00008499622345,
					"bytes":	372113408,
					"bits_per_second":	2976654259.629416,
					"retransmits":	36165,
					"snd_cwnd":	95785200,
					"snd_wnd":	141344768,
					"rtt":	66122,
					"rttvar":	98,
					"pmtu":	1500,
					"omitted":	false,
					"sender":	true
				}],
			"sum":	{
				"start":	86.000184,
				"end":	87.000269,
				"seconds":	1.00008499622345,
				"bytes":	372113408,
				"bits_per_second":	2976654259.629416,
				"retransmits":	36165,
				"omitted":	false,
				"sender":	true
			}
		}, {
			"streams":	[{
					"socket":	7,
					"start":	87.000269,
					"end":	88.001642,
					"seconds":	1.0013730525970459,
					"bytes":	422313984,
					"bits_per_second":	3373879358.1851244,
					"retransmits":	32882,
					"snd_cwnd":	94615216,
					"snd_wnd":	73736192,
					"rtt":	67047,
					"rttvar":	507,
					"pmtu":	1500,
					"omitted":	false,
					"sender":	true
				}],
			"sum":	{
				"start":	87.000269,
				"end":	88.001642,
				"seconds":	1.0013730525970459,
				"bytes":	422313984,
				"bits_per_second":	3373879358.1851244,
				"retransmits":	32882,
				"omitted":	false,
				"sender":	true
			}
		}, {
			"streams":	[{
					"socket":	7,
					"start":	88.001642,
					"end":	89.00105,
					"seconds":	0.99940800666809082,
					"bytes":	424148992,
					"bits_per_second":	3395201872.8692241,
					"retransmits":	28186,
					"snd_cwnd":	53719352,
					"snd_wnd":	141369344,
					"rtt":	65344,
					"rttvar":	473,
					"pmtu":	1500,
					"omitted":	false,
					"sender":	true
				}],
			"sum":	{
				"start":	88.001642,
				"end":	89.00105,
				"seconds":	0.99940800666809082,
				"bytes":	424148992,
				"bits_per_second":	3395201872.8692241,
				"retransmits":	28186,
				"omitted":	false,
				"sender":	true
			}
		}, {
			"streams":	[{
					"socket":	7,
					"start":	89.00105,
					"end":	90.001049,
					"seconds":	0.99999898672103882,
					"bytes":	542375936,
					"bits_per_second":	4339011884.6294546,
					"retransmits":	15006,
					"snd_cwnd":	86787328,
					"snd_wnd":	40931328,
					"rtt":	75339,
					"rttvar":	1963,
					"pmtu":	1500,
					"omitted":	false,
					"sender":	true
				}],
			"sum":	{
				"start":	89.00105,
				"end":	90.001049,
				"seconds":	0.99999898672103882,
				"bytes":	542375936,
				"bits_per_second":	4339011884.6294546,
				"retransmits":	15006,
				"omitted":	false,
				"sender":	true
			}
		}, {
			"streams":	[{
					"socket":	7,
					"start":	90.001049,
					"end":	91.001041,
					"seconds":	0.9999920129776,
					"bytes":	398327808,
					"bits_per_second":	3186647915.8282843,
					"retransmits":	22869,
					"snd_cwnd":	41577872,
					"snd_wnd":	115875840,
					"rtt":	64863,
					"rttvar":	153,
					"pmtu":	1500,
					"omitted":	false,
					"sender":	true
				}],
			"sum":	{
				"start":	90.001049,
				"end":	91.001041,
				"seconds":	0.9999920129776,
				"bytes":	398327808,
				"bits_per_second":	3186647915.8282843,
				"retransmits":	22869,
				"omitted":	false,
				"sender":	true
			}
		}, {
			"streams":	[{
					"socket":	7,
					"start":	91.001041,
					"end":	92.001048,
					"seconds":	1.0000070333480835,
					"bytes":	476971008,
					"bits_per_second":	3815741226.5637569,
					"retransmits":	26250,
					"snd_cwnd":	36997848,
					"snd_wnd":	129703936,
					"rtt":	65796,
					"rttvar":	381,
					"pmtu":	1500,
					"omitted":	false,
					"sender":	true
				}],
			"sum":	{
				"start":	91.001041,
				"end":	92.001048,
				"seconds":	1.0000070333480835,
				"bytes":	476971008,
				"bits_per_second":	3815741226.5637569,
				"retransmits":	26250,
				"omitted":	false,
				"sender":	true
			}
		}, {
			"streams":	[{
					"socket":	7,
					"start":	92.001048,
					"end":	93.002771,
					"seconds":	1.001723051071167,
					"bytes":	433848320,
					"bits_per_second":	3464816504.2110219,
					"retransmits":	17182,
					"snd_cwnd":	93071648,
					"snd_wnd":	82391040,
					"rtt":	65144,
					"rttvar":	471,
					"pmtu":	1500,
					"omitted":	false,
					"sender":	true
				}],
			"sum":	{
				"start":	92.001048,
				"end":	93.002771,
				"seconds":	1.001723051071167,
				"bytes":	433848320,
				"bits_per_second":	3464816504.2110219,
				"retransmits":	17182,
				"omitted":	false,
				"sender":	true
			}
		}, {
			"streams":	[{
					"socket":	7,
					"start":	93.002771,
					"end":	94.000087,
					"seconds":	0.997316002845764,
					"bytes":	419692544,
					"bits_per_second":	3366576233.0289679,
					"retransmits":	42629,
					"snd_cwnd":	42443776,
					"snd_wnd":	138899456,
					"rtt":	65679,
					"rttvar":	165,
					"pmtu":	1500,
					"omitted":	false,
					"sender":	true
				}],
			"sum":	{
				"start":	93.002771,
				"end":	94.000087,
				"seconds":	0.997316002845764,
				"bytes":	419692544,
				"bits_per_second":	3366576233.0289679,
				"retransmits":	42629,
				"omitted":	false,
				"sender":	true
			}
		}, {
			"streams":	[{
					"socket":	7,
					"start":	94.000087,
					"end":	95.000132,
					"seconds":	1.0000449419021606,
					"bytes":	284557312,
					"bits_per_second":	2276356192.2227263,
					"retransmits":	28356,
					"snd_cwnd":	80575408,
					"snd_wnd":	141410304,
					"rtt":	65710,
					"rttvar":	213,
					"pmtu":	1500,
					"omitted":	false,
					"sender":	true
				}],
			"sum":	{
				"start":	94.000087,
				"end":	95.000132,
				"seconds":	1.0000449419021606,
				"bytes":	284557312,
				"bits_per_second":	2276356192.2227263,
				"retransmits":	28356,
				"omitted":	false,
				"sender":	true
			}
		}, {
			"streams":	[{
					"socket":	7,
					"start":	95.000132,
					"end":	96.000198,
					"seconds":	1.0000660419464111,
					"bytes":	449839104,
					"bits_per_second":	3598475181.6948886,
					"retransmits":	34395,
					"snd_cwnd":	100536088,
					"snd_wnd":	141107200,
					"rtt":	64751,
					"rttvar":	93,
					"pmtu":	1500,
					"omitted":	false,
					"sender":	true
				}],
			"sum":	{
				"start":	95.000132,
				"end":	96.000198,
				"seconds":	1.0000660419464111,
				"bytes":	449839104,
				"bits_per_second":	3598475181.6948886,
				"retransmits":	34395,
				"omitted":	false,
				"sender":	true
			}
		}, {
			"streams":	[{
					"socket":	7,
					"start":	96.000198,
					"end":	97.000062,
					"seconds":	0.99986398220062256,
					"bytes":	431357952,
					"bits_per_second":	3451333058.7275667,
					"retransmits":	30436,
					"snd_cwnd":	50837832,
					"snd_wnd":	137064448,
					"rtt":	65137,
					"rttvar":	504,
					"pmtu":	1500,
					"omitted":	false,
					"sender":	true
				}],
			"sum":	{
				"start":	96.000198,
				"end":	97.000062,
				"seconds":	0.99986398220062256,
				"bytes":	431357952,
				"bits_per_second":	3451333058.7275667,
				"retransmits":	30436,
				"omitted":	false,
				"sender":	true
			}
		}, {
			"streams":	[{
					"socket":	7,
					"start":	97.000062,
					"end":	98.000125,
					"seconds":	1.0000629425048828,
					"bytes":	427687936,
					"bits_per_second":	3421288143.5543189,
					"retransmits":	35185,
					"snd_cwnd":	94479104,
					"snd_wnd":	43937792,
					"rtt":	65805,
					"rttvar":	615,
					"pmtu":	1500,
					"omitted":	false,
					"sender":	true
				}],
			"sum":	{
				"start":	97.000062,
				"end":	98.000125,
				"seconds":	1.0000629425048828,
				"bytes":	427687936,
				"bits_per_second":	3421288143.5543189,
				"retransmits":	35185,
				"omitted":	false,
				"sender":	true
			}
		}, {
			"streams":	[{
					"socket":	7,
					"start":	98.000125,
					"end":	99.004239,
					"seconds":	1.004114031791687,
					"bytes":	508952576,
					"bits_per_second":	4054938462.2529569,
					"retransmits":	21199,
					"snd_cwnd":	45412176,
					"snd_wnd":	132845568,
					"rtt":	65142,
					"rttvar":	672,
					"pmtu":	1500,
					"omitted":	false,
					"sender":	true
				}],
			"sum":	{
				"start":	98.000125,
				"end":	99.004239,
				"seconds":	1.004114031791687,
				"bytes":	508952576,
				"bits_per_second":	4054938462.2529569,
				"retransmits":	21199,
				"omitted":	false,
				"sender":	true
			}
		}, {
			"streams":	[{
					"socket":	7,
					"start":	99.004239,
					"end":	100.00009,
					"seconds":	0.99585098028183,
					"bytes":	458620928,
					"bits_per_second":	3684253464.2699928,
					"retransmits":	31885,
					"snd_cwnd":	92889200,
					"snd_wnd":	106864640,
					"rtt":	66561,
					"rttvar":	1100,
					"pmtu":	1500,
					"omitted":	false,
					"sender":	true
				}],
			"sum":	{
				"start":	99.004239,
				"end":	100.00009,
				"seconds":	0.99585098028183,
				"bytes":	458620928,
				"bits_per_second":	3684253464.2699928,
				"retransmits":	31885,
				"omitted":	false,
				"sender":	true
			}
		}, {
			"streams":	[{
					"socket":	7,
					"start":	100.00009,
					"end":	101.000093,
					"seconds":	1.0000029802322388,
					"bytes":	506724352,
					"bits_per_second":	4053782734.786005,
					"retransmits":	22051,
					"snd_cwnd":	89225760,
					"snd_wnd":	102440960,
					"rtt":	65494,
					"rttvar":	50,
					"pmtu":	1500,
					"omitted":	false,
					"sender":	true
				}],
			"sum":	{
				"start":	100.00009,
				"end":	101.000093,
				"seconds":	1.0000029802322388,
				"bytes":	506724352,
				"bits_per_second":	4053782734.786005,
				"retransmits":	22051,
				"omitted":	false,
				"sender":	true
			}
		}, {
			"streams":	[{
					"socket":	7,
					"start":	101.000093,
					"end":	102.000085,
					"seconds":	0.9999920129776,
					"bytes":	465829888,
					"bits_per_second":	3726668868.9877338,
					"retransmits":	18158,
					"snd_cwnd":	96448384,
					"snd_wnd":	90615808,
					"rtt":	65383,
					"rttvar":	322,
					"pmtu":	1500,
					"omitted":	false,
					"sender":	true
				}],
			"sum":	{
				"start":	101.000093,
				"end":	102.000085,
				"seconds":	0.9999920129776,
				"bytes":	465829888,
				"bits_per_second":	3726668868.9877338,
				"retransmits":	18158,
				"omitted":	false,
				"sender":	true
			}
		}, {
			"streams":	[{
					"socket":	7,
					"start":	102.000085,
					"end":	103.000081,
					"seconds":	0.9999960064888,
					"bytes":	427032576,
					"bits_per_second":	3416274250.9294834,
					"retransmits":	48452,
					"snd_cwnd":	90371128,
					"snd_wnd":	115179520,
					"rtt":	65785,
					"rttvar":	277,
					"pmtu":	1500,
					"omitted":	false,
					"sender":	true
				}],
			"sum":	{
				"start":	102.000085,
				"end":	103.000081,
				"seconds":	0.9999960064888,
				"bytes":	427032576,
				"bits_per_second":	3416274250.9294834,
				"retransmits":	48452,
				"omitted":	false,
				"sender":	true
			}
		}, {
			"streams":	[{
					"socket":	7,
					"start":	103.000081,
					"end":	104.000094,
					"seconds":	1.000012993812561,
					"bytes":	563478528,
					"bits_per_second":	4507769650.8860884,
					"retransmits":	24776,
					"snd_cwnd":	108070032,
					"snd_wnd":	141344768,
					"rtt":	65589,
					"rttvar":	1103,
					"pmtu":	1500,
					"omitted":	false,
					"sender":	true
				}],
			"sum":	{
				"start":	103.000081,
				"end":	104.000094,
				"seconds":	1.000012993812561,
				"bytes":	563478528,
				"bits_per_second":	4507769650.8860884,
				"retransmits":	24776,
				"omitted":	false,
				"sender":	true
			}
		}, {
			"streams":	[{
					"socket":	7,
					"start":	104.000094,
					"end":	105.000156,
					"seconds":	1.0000619888305664,
					"bytes":	268173312,
					"bits_per_second":	2145253514.2433836,
					"retransmits":	35843,
					"snd_cwnd":	43157640,
					"snd_wnd":	136548352,
					"rtt":	65590,
					"rttvar":	358,
					"pmtu":	1500,
					"omitted":	false,
					"sender":	true
				}],
			"sum":	{
				"start":	104.000094,
				"end":	105.000156,
				"seconds":	1.0000619888305664,
				"bytes":	268173312,
				"bits_per_second":	2145253514.2433836,
				"retransmits":	35843,
				"omitted":	false,
				"sender":	true
			}
		}, {
			"streams":	[{
					"socket":	7,
					"start":	105.000156,
					"end":	106.000147,
					"seconds":	0.999990999698639,
					"bytes":	363200512,
					"bits_per_second":	2905630247.5478716,
					"retransmits":	26946,
					"snd_cwnd":	88078944,
					"snd_wnd":	72609792,
					"rtt":	64822,
					"rttvar":	273,
					"pmtu":	1500,
					"omitted":	false,
					"sender":	true
				}],
			"sum":	{
				"start":	105.000156,
				"end":	106.000147,
				"seconds":	0.999990999698639,
				"bytes":	363200512,
				"bits_per_second":	2905630247.5478716,
				"retransmits":	26946,
				"omitted":	false,
				"sender":	true
			}
		}, {
			"streams":	[{
					"socket":	7,
					"start":	106.000147,
					"end":	107.001795,
					"seconds":	1.00164794921875,
					"bytes":	584712192,
					"bits_per_second":	4670001610.4944248,
					"retransmits":	30039,
					"snd_cwnd":	70681224,
					"snd_wnd":	137420800,
					"rtt":	65299,
					"rttvar":	247,
					"pmtu":	1500,
					"omitted":	false,
					"sender":	true
				}],
			"sum":	{
				"start":	106.000147,
				"end":	107.001795,
				"seconds":	1.00164794921875,
				"bytes":	584712192,
				"bits_per_second":	4670001610.4944248,
				"retransmits":	30039,
				"omitted":	false,
				"sender":	true
			}
		}, {
			"streams":	[{
					"socket":	7,
					"start":	107.001795,
					"end":	108.001037,
					"seconds":	0.99924200773239136,
					"bytes":	387317760,
					"bits_per_second":	3100892532.5623674,
					"retransmits":	48738,
					"snd_cwnd":	59939960,
					"snd_wnd":	116768768,
					"rtt":	65092,
					"rttvar":	110,
					"pmtu":	1500,
					"omitted":	false,
					"sender":	true
				}],
			"sum":	{
				"start":	107.001795,
				"end":	108.001037,
				"seconds":	0.99924200773239136,
				"bytes":	387317760,
				"bits_per_second":	3100892532.5623674,
				"retransmits":	48738,
				"omitted":	false,
				"sender":	true
			}
		}, {
			"streams":	[{
					"socket":	7,
					"start":	108.001037,
					"end":	109.000108,
					"seconds":	0.99907100200653076,
					"bytes":	437780480,
					"bits_per_second":	3505500442.8775387,
					"retransmits":	31495,
					"snd_cwnd":	38263400,
					"snd_wnd":	102252544,
					"rtt":	66425,
					"rttvar":	863,
					"pmtu":	1500,
					"omitted":	false,
					"sender":	true
				}],
			"sum":	{
				"start":	108.001037,
				"end":	109.000108,
				"seconds":	0.99907100200653076,
				"bytes":	437780480,
				"bits_per_second":	3505500442.8775387,
				"retransmits":	31495,
				"omitted":	false,
				"sender":	true
			}
		}, {
			"streams":	[{
					"socket":	7,
					"start":	109.000108,
					"end":	110.001047,
					"seconds":	1.0009390115737915,
					"bytes":	595460096,
					"bits_per_second":	4759211813.025444,
					"retransmits":	5451,
					"snd_cwnd":	80382824,
					"snd_wnd":	141410304,
					"rtt":	65338,
					"rttvar":	172,
					"pmtu":	1500,
					"omitted":	false,
					"sender":	true
				}],
			"sum":	{
				"start":	109.000108,
				"end":	110.001047,
				"seconds":	1.0009390115737915,
				"bytes":	595460096,
				"bits_per_second":	4759211813.025444,
				"retransmits":	5451,
				"omitted":	false,
				"sender":	true
			}
		}, {
			"streams":	[{
					"socket":	7,
					"start":	110.001047,
					"end":	111.001038,
					"seconds":	0.999990999698639,
					"bytes":	698744832,
					"bits_per_second":	5590008967.76532,
					"retransmits":	22167,
					"snd_cwnd":	68863984,
					"snd_wnd":	141393920,
					"rtt":	65447,
					"rttvar":	210,
					"pmtu":	1500,
					"omitted":	false,
					"sender":	true
				}],
			"sum":	{
				"start":	110.001047,
				"end":	111.001038,
				"seconds":	0.999990999698639,
				"bytes":	698744832,
				"bits_per_second":	5590008967.76532,
				"retransmits":	22167,
				"omitted":	false,
				"sender":	true
			}
		}, {
			"streams":	[{
					"socket":	7,
					"start":	111.001038,
					"end":	112.00104,
					"seconds":	1.0000020265579224,
					"bytes":	661782528,
					"bits_per_second":	5294249494.8967428,
					"retransmits":	22470,
					"snd_cwnd":	137704800,
					"snd_wnd":	85663744,
					"rtt":	64659,
					"rttvar":	31,
					"pmtu":	1500,
					"omitted":	false,
					"sender":	true
				}],
			"sum":	{
				"start":	111.001038,
				"end":	112.00104,
				"seconds":	1.0000020265579224,
				"bytes":	661782528,
				"bits_per_second":	5294249494.8967428,
				"retransmits":	22470,
				"omitted":	false,
				"sender":	true
			}
		}, {
			"streams":	[{
					"socket":	7,
					"start":	112.00104,
					"end":	113.001058,
					"seconds":	1.0000180006027222,
					"bytes":	658767872,
					"bits_per_second":	5270048111.95761,
					"retransmits":	20804,
					"snd_cwnd":	75911400,
					"snd_wnd":	141352960,
					"rtt":	65200,
					"rttvar":	63,
					"pmtu":	1500,
					"omitted":	false,
					"sender":	true
				}],
			"sum":	{
				"start":	112.00104,
				"end":	113.001058,
				"seconds":	1.0000180006027222,
				"bytes":	658767872,
				"bits_per_second":	5270048111.95761,
				"retransmits":	20804,
				"omitted":	false,
				"sender":	true
			}
		}, {
			"streams":	[{
					"socket":	7,
					"start":	113.001058,
					"end":	114.001056,
					"seconds":	0.99999797344207764,
					"bytes":	464912384,
					"bits_per_second":	3719306609.390275,
					"retransmits":	39504,
					"snd_cwnd":	101187688,
					"snd_wnd":	98648064,
					"rtt":	65313,
					"rttvar":	168,
					"pmtu":	1500,
					"omitted":	false,
					"sender":	true
				}],
			"sum":	{
				"start":	113.001058,
				"end":	114.001056,
				"seconds":	0.99999797344207764,
				"bytes":	464912384,
				"bits_per_second":	3719306609.390275,
				"retransmits":	39504,
				"omitted":	false,
				"sender":	true
			}
		}, {
			"streams":	[{
					"socket":	7,
					"start":	114.001056,
					"end":	115.000642,
					"seconds":	0.99958598613739,
					"bytes":	714997760,
					"bits_per_second":	5722351212.7287922,
					"retransmits":	22486,
					"snd_cwnd":	5792,
					"snd_wnd":	141410304,
					"rtt":	65207,
					"rttvar":	285,
					"pmtu":	1500,
					"omitted":	false,
					"sender":	true
				}],
			"sum":	{
				"start":	114.001056,
				"end":	115.000642,
				"seconds":	0.99958598613739,
				"bytes":	714997760,
				"bits_per_second":	5722351212.7287922,
				"retransmits":	22486,
				"omitted":	false,
				"sender":	true
			}
		}, {
			"streams":	[{
					"socket":	7,
					"start":	115.000642,
					"end":	116.001078,
					"seconds":	1.0004359483718872,
					"bytes":	310116352,
					"bits_per_second":	2479849729.5478787,
					"retransmits":	17071,
					"snd_cwnd":	108307504,
					"snd_wnd":	93270016,
					"rtt":	64956,
					"rttvar":	44,
					"pmtu":	1500,
					"omitted":	false,
					"sender":	true
				}],
			"sum":	{
				"start":	115.000642,
				"end":	116.001078,
				"seconds":	1.0004359483718872,
				"bytes":	310116352,
				"bits_per_second":	2479849729.5478787,
				"retransmits":	17071,
				"omitted":	false,
				"sender":	true
			}
		}, {
			"streams":	[{
					"socket":	7,
					"start":	116.001078,
					"end":	117.001041,
					"seconds":	0.99996298551559448,
					"bytes":	512884736,
					"bits_per_second":	4103229766.93422,
					"retransmits":	39362,
					"snd_cwnd":	53680256,
					"snd_wnd":	141344768,
					"rtt":	65582,
					"rttvar":	135,
					"pmtu":	1500,
					"omitted":	false,
					"sender":	true
				}],
			"sum":	{
				"start":	116.001078,
				"end":	117.001041,
				"seconds":	0.99996298551559448,
				"bytes":	512884736,
				"bits_per_second":	4103229766.93422,
				"retransmits":	39362,
				"omitted":	false,
				"sender":	true
			}
		}, {
			"streams":	[{
					"socket":	7,
					"start":	117.001041,
					"end":	118.001046,
					"seconds":	1.0000050067901611,
					"bytes":	495452160,
					"bits_per_second":	3963597435.099359,
					"retransmits":	36160,
					"snd_cwnd":	69234672,
					"snd_wnd":	140201984,
					"rtt":	64798,
					"rttvar":	198,
					"pmtu":	1500,
					"omitted":	false,
					"sender":	true
				}],
			"sum":	{
				"start":	117.001041,
				"end":	118.001046,
				"seconds":	1.0000050067901611,
				"bytes":	495452160,
				"bits_per_second":	3963597435.099359,
				"retransmits":	36160,
				"omitted":	false,
				"sender":	true
			}
		}, {
			"streams":	[{
					"socket":	7,
					"start":	118.001046,
					"end":	119.001042,
					"seconds":	0.9999960064888,
					"bytes":	576847872,
					"bits_per_second":	4614801405.2610979,
					"retransmits":	27711,
					"snd_cwnd":	107207024,
					"snd_wnd":	141410304,
					"rtt":	64843,
					"rttvar":	334,
					"pmtu":	1500,
					"omitted":	false,
					"sender":	true
				}],
			"sum":	{
				"start":	118.001046,
				"end":	119.001042,
				"seconds":	0.9999960064888,
				"bytes":	576847872,
				"bits_per_second":	4614801405.2610979,
				"retransmits":	27711,
				"omitted":	false,
				"sender":	true
			}
		}, {
			"streams":	[{
					"socket":	7,
					"start":	119.001042,
					"end":	120.002126,
					"seconds":	1.0010839700698853,
					"bytes":	544735232,
					"bits_per_second":	4353163157.42802,
					"retransmits":	45639,
					"snd_cwnd":	64670576,
					"snd_wnd":	141344768,
					"rtt":	65770,
					"rttvar":	130,
					"pmtu":	1500,
					"omitted":	false,
					"sender":	true
				}],
			"sum":	{
				"start":	119.001042,
				"end":	120.002126,
				"seconds":	1.0010839700698853,
				"bytes":	544735232,
				"bits_per_second":	4353163157.42802,
				"retransmits":	45639,
				"omitted":	false,
				"sender":	true
			}
		}],
	"end":	{
		"streams":	[{
				"sender":	{
					"socket":	7,
					"start":	0,
					"end":	120.002126,
					"seconds":	120.002126,
					"bytes":	33915666432,
					"bits_per_second":	2261004371.339221,
					"retransmits":	1854521,
					"max_snd_cwnd":	137704800,
					"max_snd_wnd":	141410304,
					"max_rtt":	75339,
					"min_rtt":	64536,
					"mean_rtt":	65575,
					"sender":	true
				},
				"receiver":	{
					"socket":	7,
					"start":	0,
					"end":	120.06154,
					"seconds":	120.002126,
					"bytes":	33794424832,
					"bits_per_second":	2251806853.8517833,
					"sender":	true
				}
			}],
		"sum_sent":	{
			"start":	0,
			"end":	120.002126,
			"seconds":	120.002126,
			"bytes":	33915666432,
			"bits_per_second":	2261004371.339221,
			"retransmits":	1854521,
			"sender":	true
		},
		"sum_received":	{
			"start":	0,
			"end":	120.06154,
			"seconds":	120.06154,
			"bytes":	33794424832,
			"bits_per_second":	2251806853.8517833,
			"sender":	true
		},
		"cpu_utilization_percent":	{
			"host_total":	13.993878973177281,
			"host_user":	0.071368450776378045,
			"host_system":	13.922510522400906,
			"remote_total":	19.418165172176458,
			"remote_user":	0.12076554224493075,
			"remote_system":	19.297400462837544
		},
		"sender_tcp_congestion":	"bbr",
		"receiver_tcp_congestion":	"cubic"
	}
}
