{
	"start":	{
		"connected":	[{
				"socket":	7,
				"local_host":	"172.16.0.16",
				"local_port":	57958,
				"remote_host":	"172.17.0.16",
				"remote_port":	5201
			}],
		"version":	"iperf 3.16",
		"system_info":	"Linux h1 6.8.0-63-generic #66-Ubuntu SMP PREEMPT_DYNAMIC Fri Jun 13 20:25:30 UTC 2025 x86_64",
		"timestamp":	{
			"time":	"Sat, 31 Jan 2026 21:28:31 GMT",
			"timesecs":	1769894911
		},
		"connecting_to":	{
			"host":	"172.17.0.16",
			"port":	5201
		},
		"cookie":	"mxsr22diihft5xw6thnlpde2hsiof7riwm2c",
		"tcp_mss_default":	1448,
		"target_bitrate":	0,
		"fq_rate":	0,
		"sock_bufsize":	0,
		"sndbuf_actual":	1000000,
		"rcvbuf_actual":	1000000,
		"test_start":	{
			"protocol":	"TCP",
			"num_streams":	1,
			"blksize":	131072,
			"omit":	0,
			"duration":	120,
			"bytes":	0,
			"blocks":	0,
			"reverse":	0,
			"tos":	0,
			"target_bitrate":	0,
			"bidir":	0,
			"fqrate":	0
		}
	},
	"intervals":	[{
			"streams":	[{
					"socket":	7,
					"start":	0,
					"end":	1.000567,
					"seconds":	1.0005669593811035,
					"bytes":	166068224,
					"bits_per_second":	1327792987.3096814,
					"retransmits":	4036,
					"snd_cwnd":	17894384,
					"snd_wnd":	67252224,
					"rtt":	57345,
					"rttvar":	176,
					"pmtu":	1500,
					"omitted":	false,
					"sender":	true
				}],
			"sum":	{
				"start":	0,
				"end":	1.000567,
				"seconds":	1.0005669593811035,
				"bytes":	166068224,
				"bits_per_second":	1327792987.3096814,
				"retransmits":	4036,
				"omitted":	false,
				"sender":	true
			}
		}, {
			"streams":	[{
					"socket":	7,
					"start":	1.000567,
					"end":	2.00012,
					"seconds":	0.99955302476882935,
					"bytes":	327680000,
					"bits_per_second":	2622612242.7134581,
					"retransmits":	10220,
					"snd_cwnd":	50037088,
					"snd_wnd":	141348864,
					"rtt":	57268,
					"rttvar":	29,
					"pmtu":	1500,
					"omitted":	false,
					"sender":	true
				}],
			"sum":	{
				"start":	1.000567,
				"end":	2.00012,
				"seconds":	0.99955302476882935,
				"bytes":	327680000,
				"bits_per_second":	2622612242.7134581,
				"retransmits":	10220,
				"omitted":	false,
				"sender":	true
			}
		}, {
			"streams":	[{
					"socket":	7,
					"start":	2.00012,
					"end":	3.000148,
					"seconds":	1.0000280141830444,
					"bytes":	418512896,
					"bits_per_second":	3348009376.2524991,
					"retransmits":	8850,
					"snd_cwnd":	33085352,
					"snd_wnd":	141381632,
					"rtt":	58471,
					"rttvar":	216,
					"pmtu":	1500,
					"omitted":	false,
					"sender":	true
				}],
			"sum":	{
				"start":	2.00012,
				"end":	3.000148,
				"seconds":	1.0000280141830444,
				"bytes":	418512896,
				"bits_per_second":	3348009376.2524991,
				"retransmits":	8850,
				"omitted":	false,
				"sender":	true
			}
		}, {
			"streams":	[{
					"socket":	7,
					"start":	3.000148,
					"end":	4.001062,
					"seconds":	1.0009139776229858,
					"bytes":	389283840,
					"bits_per_second":	3111426945.3963528,
					"retransmits":	49601,
					"snd_cwnd":	97505424,
					"snd_wnd":	132063232,
					"rtt":	58307,
					"rttvar":	130,
					"pmtu":	1500,
					"omitted":	false,
					"sender":	true
				}],
			"sum":	{
				"start":	3.000148,
				"end":	4.001062,
				"seconds":	1.0009139776229858,
				"bytes":	389283840,
				"bits_per_second":	3111426945.3963528,
				"retransmits":	49601,
				"omitted":	false,
				"sender":	true
			}
		}, {
			"streams":	[{
					"socket":	7,
					"start":	4.001062,
					"end":	5.000135,
					"seconds":	0.999073028564453,
					"bytes":	630718464,
					"bits_per_second":	5050429315.7129145,
					"retransmits":	22766,
					"snd_cwnd":	96680064,
					"snd_wnd":	114348032,
					"rtt":	57401,
					"rttvar":	53,
					"pmtu":	1500,
					"omitted":	false,
					"sender":	true
				}],
			"sum":	{
				"start":	4.001062,
				"end":	5.000135,
				"seconds":	0.999073028564453,
				"bytes":	630718464,
				"bits_per_second":	5050429315.7129145,
				"retransmits":	22766,
				"omitted":	false,
				"sender":	true
			}
		}, {
			"streams":	[{
					"socket":	7,
					"start":	5.000135,
					"end":	6.000151,
					"seconds":	1.0000159740448,
					"bytes":	597688320,
					"bits_per_second":	4781430181.2200785,
					"retransmits":	55867,
					"snd_cwnd":	93798544,
					"snd_wnd":	141307904,
					"rtt":	58388,
					"rttvar":	65,
					"pmtu":	1500,
					"omitted":	false,
					"sender":	true
				}],
			"sum":	{
				"start":	5.000135,
				"end":	6.000151,
				"seconds":	1.0000159740448,
				"bytes":	597688320,
				"bits_per_second":	4781430181.2200785,
				"retransmits":	55867,
				"omitted":	false,
				"sender":	true
			}
		}, {
			"streams":	[{
					"socket":	7,
					"start":	6.000151,
					"end":	7.000943,
					"seconds":	1.0007920265197754,
					"bytes":	671612928,
					"bits_per_second":	5368651309.7872219,
					"retransmits":	41922,
					"snd_cwnd":	64150744,
					"snd_wnd":	141344768,
					"rtt":	58396,
					"rttvar":	119,
					"pmtu":	1500,
					"omitted":	false,
					"sender":	true
				}],
			"sum":	{
				"start":	6.000151,
				"end":	7.000943,
				"seconds":	1.0007920265197754,
				"bytes":	671612928,
				"bits_per_second":	5368651309.7872219,
				"retransmits":	41922,
				"omitted":	false,
				"sender":	true
			}
		}, {
			"streams":	[{
					"socket":	7,
					"start":	7.000943,
					"end":	8.000907,
					"seconds":	0.99996399879455566,
					"bytes":	466223104,
					"bits_per_second":	3729919113.5842991,
					"retransmits":	41687,
					"snd_cwnd":	133050928,
					"snd_wnd":	98627584,
					"rtt":	58450,
					"rttvar":	122,
					"pmtu":	1500,
					"omitted":	false,
					"sender":	true
				}],
			"sum":	{
				"start":	7.000943,
				"end":	8.000907,
				"seconds":	0.99996399879455566,
				"bytes":	466223104,
				"bits_per_second":	3729919113.5842991,
				"retransmits":	41687,
				"omitted":	false,
				"sender":	true
			}
		}, {
			"streams":	[{
					"socket":	7,
					"start":	8.000907,
					"end":	9.000093,
					"seconds":	0.99918597936630249,
					"bytes":	593231872,
					"bits_per_second":	4749721347.18092,
					"retransmits":	20548,
					"snd_cwnd":	77550536,
					"snd_wnd":	106291200,
					"rtt":	58286,
					"rttvar":	150,
					"pmtu":	1500,
					"omitted":	false,
					"sender":	true
				}],
			"sum":	{
				"start":	8.000907,
				"end":	9.000093,
				"seconds":	0.99918597936630249,
				"bytes":	593231872,
				"bits_per_second":	4749721347.18092,
				"retransmits":	20548,
				"omitted":	false,
				"sender":	true
			}
		}, {
			"streams":	[{
					"socket":	7,
					"start":	9.000093,
					"end":	10.001039,
					"seconds":	1.000946044921875,
					"bytes":	610009088,
					"bits_per_second":	4875460299.5418158,
					"retransmits":	18845,
					"snd_cwnd":	40648256,
					"snd_wnd":	135905280,
					"rtt":	57398,
					"rttvar":	198,
					"pmtu":	1500,
					"omitted":	false,
					"sender":	true
				}],
			"sum":	{
				"start":	9.000093,
				"end":	10.001039,
				"seconds":	1.000946044921875,
				"bytes":	610009088,
				"bits_per_second":	4875460299.5418158,
				"retransmits":	18845,
				"omitted":	false,
				"sender":	true
			}
		}, {
			"streams":	[{
					"socket":	7,
					"start":	10.001039,
					"end":	11.000901,
					"seconds":	0.999862015247345,
					"bytes":	502530048,
					"bits_per_second":	4020795192.4301038,
					"retransmits":	4871,
					"snd_cwnd":	5792,
					"snd_wnd":	141307904,
					"rtt":	58107,
					"rttvar":	180,
					"pmtu":	1500,
					"omitted":	false,
					"sender":	true
				}],
			"sum":	{
				"start":	10.001039,
				"end":	11.000901,
				"seconds":	0.999862015247345,
				"bytes":	502530048,
				"bits_per_second":	4020795192.4301038,
				"retransmits":	4871,
				"omitted":	false,
				"sender":	true
			}
		}, {
			"streams":	[{
					"socket":	7,
					"start":	11.000901,
					"end":	12.0002,
					"seconds":	0.99929898977279663,
					"bytes":	688652288,
					"bits_per_second":	5513083031.5885649,
					"retransmits":	19850,
					"snd_cwnd":	128741680,
					"snd_wnd":	113332224,
					"rtt":	59110,
					"rttvar":	440,
					"pmtu":	1500,
					"omitted":	false,
					"sender":	true
				}],
			"sum":	{
				"start":	11.000901,
				"end":	12.0002,
				"seconds":	0.99929898977279663,
				"bytes":	688652288,
				"bits_per_second":	5513083031.5885649,
				"retransmits":	19850,
				"omitted":	false,
				"sender":	true
			}
		}, {
			"streams":	[{
					"socket":	7,
					"start":	12.0002,
					"end":	13.000138,
					"seconds":	0.99993801116943359,
					"bytes":	493617152,
					"bits_per_second":	3949182021.1751866,
					"retransmits":	37214,
					"snd_cwnd":	108928696,
					"snd_wnd":	137162752,
					"rtt":	58225,
					"rttvar":	131,
					"pmtu":	1500,
					"omitted":	false,
					"sender":	true
				}],
			"sum":	{
				"start":	12.0002,
				"end":	13.000138,
				"seconds":	0.99993801116943359,
				"bytes":	493617152,
				"bits_per_second":	3949182021.1751866,
				"retransmits":	37214,
				"omitted":	false,
				"sender":	true
			}
		}, {
			"streams":	[{
					"socket":	7,
					"start":	13.000138,
					"end":	14.001192,
					"seconds":	1.001054048538208,
					"bytes":	836108288,
					"bits_per_second":	6681823337.8781452,
					"retransmits":	24264,
					"snd_cwnd":	104953936,
					"snd_wnd":	133210112,
					"rtt":	57461,
					"rttvar":	39,
					"pmtu":	1500,
					"omitted":	false,
					"sender":	true
				}],
			"sum":	{
				"start":	13.000138,
				"end":	14.001192,
				"seconds":	1.001054048538208,
				"bytes":	836108288,
				"bits_per_second":	6681823337.8781452,
				"retransmits":	24264,
				"omitted":	false,
				"sender":	true
			}
		}, {
			"streams":	[{
					"socket":	7,
					"start":	14.001192,
					"end":	15.000094,
					"seconds":	0.99890202283859253,
					"bytes":	723517440,
					"bits_per_second":	5794501750.5838766,
					"retransmits":	12403,
					"snd_cwnd":	37844928,
					"snd_wnd":	123682816,
					"rtt":	57285,
					"rttvar":	375,
					"pmtu":	1500,
					"omitted":	false,
					"sender":	true
				}],
			"sum":	{
				"start":	14.001192,
				"end":	15.000094,
				"seconds":	0.99890202283859253,
				"bytes":	723517440,
				"bits_per_second":	5794501750.5838766,
				"retransmits":	12403,
				"omitted":	false,
				"sender":	true
			}
		}, {
			"streams":	[{
					"socket":	7,
					"start":	15.000094,
					"end":	16.000569,
					"seconds":	1.00047504901886,
					"bytes":	717225984,
					"bits_per_second":	5735083426.2452831,
					"retransmits":	24440,
					"snd_cwnd":	37142648,
					"snd_wnd":	72486912,
					"rtt":	59048,
					"rttvar":	387,
					"pmtu":	1500,
					"omitted":	false,
					"sender":	true
				}],
			"sum":	{
				"start":	15.000094,
				"end":	16.000569,
				"seconds":	1.00047504901886,
				"bytes":	717225984,
				"bits_per_second":	5735083426.2452831,
				"retransmits":	24440,
				"omitted":	false,
				"sender":	true
			}
		}, {
			"streams":	[{
					"socket":	7,
					"start":	16.000569,
					"end":	17.00103,
					"seconds":	1.0004609823226929,
					"bytes":	695730176,
					"bits_per_second":	5563276835.7224855,
					"retransmits":	17224,
					"snd_cwnd":	69851520,
					"snd_wnd":	141348864,
					"rtt":	58469,
					"rttvar":	156,
					"pmtu":	1500,
					"omitted":	false,
					"sender":	true
				}],
			"sum":	{
				"start":	16.000569,
				"end":	17.00103,
				"seconds":	1.0004609823226929,
				"bytes":	695730176,
				"bits_per_second":	5563276835.7224855,
				"retransmits":	17224,
				"omitted":	false,
				"sender":	true
			}
		}, {
			"streams":	[{
					"socket":	7,
					"start":	17.00103,
					"end":	18.000046,
					"seconds":	0.999015986919403,
					"bytes":	688390144,
					"bits_per_second":	5512545568.94723,
					"retransmits":	27684,
					"snd_cwnd":	61178000,
					"snd_wnd":	131817472,
					"rtt":	58065,
					"rttvar":	330,
					"pmtu":	1500,
					"omitted":	false,
					"sender":	true
				}],
			"sum":	{
				"start":	17.00103,
				"end":	18.000046,
				"seconds":	0.999015986919403,
				"bytes":	688390144,
				"bits_per_second":	5512545568.94723,
				"retransmits":	27684,
				"omitted":	false,
				"sender":	true
			}
		}, {
			"streams":	[{
					"socket":	7,
					"start":	18.000046,
					"end":	19.000106,
					"seconds":	1.000059962272644,
					"bytes":	551550976,
					"bits_per_second":	4412143245.8637466,
					"retransmits":	19891,
					"snd_cwnd":	103065744,
					"snd_wnd":	141410304,
					"rtt":	57390,
					"rttvar":	34,
					"pmtu":	1500,
					"omitted":	false,
					"sender":	true
				}],
			"sum":	{
				"start":	18.000046,
				"end":	19.000106,
				"seconds":	1.000059962272644,
				"bytes":	551550976,
				"bits_per_second":	4412143245.8637466,
				"retransmits":	19891,
				"omitted":	false,
				"sender":	true
			}
		}, {
			"streams":	[{
					"socket":	7,
					"start":	19.000106,
					"end":	20.000423,
					"seconds":	1.0003169775009155,
					"bytes":	682491904,
					"bits_per_second":	5458205103.7867174,
					"retransmits":	21187,
					"snd_cwnd":	65303352,
					"snd_wnd":	141348864,
					"rtt":	58146,
					"rttvar":	75,
					"pmtu":	1500,
					"omitted":	false,
					"sender":	true
				}],
			"sum":	{
				"start":	19.000106,
				"end":	20.000423,
				"seconds":	1.0003169775009155,
				"bytes":	682491904,
				"bits_per_second":	5458205103.7867174,
				"retransmits":	21187,
				"omitted":	false,
				"sender":	true
			}
		}, {
			"streams":	[{
					"socket":	7,
					"start":	20.000423,
					"end":	21.001038,
					"seconds":	1.0006150007247925,
					"bytes":	796393472,
					"bits_per_second":	6367231923.75197,
					"retransmits":	18631,
					"snd_cwnd":	124137040,
					"snd_wnd":	141348864,
					"rtt":	57442,
					"rttvar":	18,
					"pmtu":	1500,
					"omitted":	false,
					"sender":	true
				}],
			"sum":	{
				"start":	20.000423,
				"end":	21.001038,
				"seconds":	1.0006150007247925,
				"bytes":	796393472,
				"bits_per_second":	6367231923.75197,
				"retransmits":	18631,
				"omitted":	false,
				"sender":	true
			}
		}, {
			"streams":	[{
					"socket":	7,
					"start":	21.001038,
					"end":	22.000131,
					"seconds":	0.999092996120453,
					"bytes":	515112960,
					"bits_per_second":	4124644748.7889051,
					"retransmits":	6677,
					"snd_cwnd":	74515528,
					"snd_wnd":	117600256,
					"rtt":	58606,
					"rttvar":	406,
					"pmtu":	1500,
					"omitted":	false,
					"sender":	true
				}],
			"sum":	{
				"start":	21.001038,
				"end":	22.000131,
				"seconds":	0.999092996120453,
				"bytes":	515112960,
				"bits_per_second":	4124644748.7889051,
				"retransmits":	6677,
				"omitted":	false,
				"sender":	true
			}
		}, {
			"streams":	[{
					"socket":	7,
					"start":	22.000131,
					"end":	23.001032,
					"seconds":	1.0009009838104248,
					"bytes":	666632192,
					"bits_per_second":	5328256862.8288059,
					"retransmits":	13829,
					"snd_cwnd":	77932808,
					"snd_wnd":	141275136,
					"rtt":	58332,
					"rttvar":	149,
					"pmtu":	1500,
					"omitted":	false,
					"sender":	true
				}],
			"sum":	{
				"start":	22.000131,
				"end":	23.001032,
				"seconds":	1.0009009838104248,
				"bytes":	666632192,
				"bits_per_second":	5328256862.8288059,
				"retransmits":	13829,
				"omitted":	false,
				"sender":	true
			}
		}, {
			"streams":	[{
					"socket":	7,
					"start":	23.001032,
					"end":	24.00029,
					"seconds":	0.999257981777191,
					"bytes":	689831936,
					"bits_per_second":	5522753471.716094,
					"retransmits":	12690,
					"snd_cwnd":	68808960,
					"snd_wnd":	141312000,
					"rtt":	58558,
					"rttvar":	118,
					"pmtu":	1500,
					"omitted":	false,
					"sender":	true
				}],
			"sum":	{
				"start":	23.001032,
				"end":	24.00029,
				"seconds":	0.999257981777191,
				"bytes":	689831936,
				"bits_per_second":	5522753471.716094,
				"retransmits":	12690,
				"omitted":	false,
				"sender":	true
			}
		}, {
			"streams":	[{
					"socket":	7,
					"start":	24.00029,
					"end":	25.001027,
					"seconds":	1.0007369518280029,
					"bytes":	714735616,
					"bits_per_second":	5713674225.3350258,
					"retransmits":	12218,
					"snd_cwnd":	125402592,
					"snd_wnd":	75321344,
					"rtt":	57904,
					"rttvar":	336,
					"pmtu":	1500,
					"omitted":	false,
					"sender":	true
				}],
			"sum":	{
				"start":	24.00029,
				"end":	25.001027,
				"seconds":	1.0007369518280029,
				"bytes":	714735616,
				"bits_per_second":	5713674225.3350258,
				"retransmits":	12218,
				"omitted":	false,
				"sender":	true
			}
		}, {
			"streams":	[{
					"socket":	7,
					"start":	25.001027,
					"end":	26.001039,
					"seconds":	1.0000120401382446,
					"bytes":	698744832,
					"bits_per_second":	5589891352.935338,
					"retransmits":	18094,
					"snd_cwnd":	84473424,
					"snd_wnd":	95399936,
					"rtt":	58563,
					"rttvar":	343,
					"pmtu":	1500,
					"omitted":	false,
					"sender":	true
				}],
			"sum":	{
				"start":	25.001027,
				"end":	26.001039,
				"seconds":	1.0000120401382446,
				"bytes":	698744832,
				"bits_per_second":	5589891352.935338,
				"retransmits":	18094,
				"omitted":	false,
				"sender":	true
			}
		}, {
			"streams":	[{
					"socket":	7,
					"start":	26.001039,
					"end":	27.000865,
					"seconds":	0.99982601404190063,
					"bytes":	677249024,
					"bits_per_second":	5418935010.5996971,
					"retransmits":	18445,
					"snd_cwnd":	54079904,
					"snd_wnd":	140361728,
					"rtt":	58291,
					"rttvar":	297,
					"pmtu":	1500,
					"omitted":	false,
					"sender":	true
				}],
			"sum":	{
				"start":	26.001039,
				"end":	27.000865,
				"seconds":	0.99982601404190063,
				"bytes":	677249024,
				"bits_per_second":	5418935010.5996971,
				"retransmits":	18445,
				"omitted":	false,
				"sender":	true
			}
		}, {
			"streams":	[{
					"socket":	7,
					"start":	27.000865,
					"end":	28.001995,
					"seconds":	1.0011299848556519,
					"bytes":	792068096,
					"bits_per_second":	6329392650.1598454,
					"retransmits":	24746,
					"snd_cwnd":	52811456,
					"snd_wnd":	141344768,
					"rtt":	58294,
					"rttvar":	86,
					"pmtu":	1500,
					"omitted":	false,
					"sender":	true
				}],
			"sum":	{
				"start":	27.000865,
				"end":	28.001995,
				"seconds":	1.0011299848556519,
				"bytes":	792068096,
				"bits_per_second":	6329392650.1598454,
				"retransmits":	24746,
				"omitted":	false,
				"sender":	true
			}
		}, {
			"streams":	[{
					"socket":	7,
					"start":	28.001995,
					"end":	29.000094,
					"seconds":	0.99809902906417847,
					"bytes":	537657344,
					"bits_per_second":	4309450892.8967466,
					"retransmits":	37490,
					"snd_cwnd":	63816256,
					"snd_wnd":	141283328,
					"rtt":	57308,
					"rttvar":	79,
					"pmtu":	1500,
					"omitted":	false,
					"sender":	true
				}],
			"sum":	{
				"start":	28.001995,
				"end":	29.000094,
				"seconds":	0.99809902906417847,
				"bytes":	537657344,
				"bits_per_second":	4309450892.8967466,
				"retransmits":	37490,
				"omitted":	false,
				"sender":	true
			}
		}, {
			"streams":	[{
					"socket":	7,
					"start":	29.000094,
					"end":	30.000265,
					"seconds":	1.0001709461212158,
					"bytes":	535822336,
					"bits_per_second":	4285846039.243463,
					"retransmits":	8,
					"snd_cwnd":	63422400,
					"snd_wnd":	141410304,
					"rtt":	57297,
					"rttvar":	22,
					"pmtu":	1500,
					"omitted":	false,
					"sender":	true
				}],
			"sum":	{
				"start":	29.000094,
				"end":	30.000265,
				"seconds":	1.0001709461212158,
				"bytes":	535822336,
				"bits_per_second":	4285846039.243463,
				"retransmits":	8,
				"omitted":	false,
				"sender":	true
			}
		}, {
			"streams":	[{
					"socket":	7,
					"start":	30.000265,
					"end":	31.000154,
					"seconds":	0.99988901615142822,
					"bytes":	522059776,
					"bits_per_second":	4176941781.0741239,
					"retransmits":	0,
					"snd_cwnd":	64320160,
					"snd_wnd":	141344768,
					"rtt":	57472,
					"rttvar":	100,
					"pmtu":	1500,
					"omitted":	false,
					"sender":	true
				}],
			"sum":	{
				"start":	30.000265,
				"end":	31.000154,
				"seconds":	0.99988901615142822,
				"bytes":	522059776,
				"bits_per_second":	4176941781.0741239,
				"retransmits":	0,
				"omitted":	false,
				"sender":	true
			}
		}, {
			"streams":	[{
					"socket":	7,
					"start":	31.000154,
					"end":	32.000182,
					"seconds":	1.0000280141830444,
					"bytes":	381681664,
					"bits_per_second":	3053367774.396266,
					"retransmits":	9279,
					"snd_cwnd":	92173888,
					"snd_wnd":	109924352,
					"rtt":	58252,
					"rttvar":	55,
					"pmtu":	1500,
					"omitted":	false,
					"sender":	true
				}],
			"sum":	{
				"start":	31.000154,
				"end":	32.000182,
				"seconds":	1.0000280141830444,
				"bytes":	381681664,
				"bits_per_second":	3053367774.396266,
				"retransmits":	9279,
				"omitted":	false,
				"sender":	true
			}
		}, {
			"streams":	[{
					"socket":	7,
					"start":	32.000182,
					"end":	33.000069,
					"seconds":	0.999886989593506,
					"bytes":	654049280,
					"bits_per_second":	5232985621.8323,
					"retransmits":	20902,
					"snd_cwnd":	45371632,
					"snd_wnd":	141381632,
					"rtt":	58388,
					"rttvar":	106,
					"pmtu":	1500,
					"omitted":	false,
					"sender":	true
				}],
			"sum":	{
				"start":	32.000182,
				"end":	33.000069,
				"seconds":	0.999886989593506,
				"bytes":	654049280,
				"bits_per_second":	5232985621.8323,
				"retransmits":	20902,
				"omitted":	false,
				"sender":	true
			}
		}, {
			"streams":	[{
					"socket":	7,
					"start":	33.000069,
					"end":	34.000146,
					"seconds":	1.00007700920105,
					"bytes":	676462592,
					"bits_per_second":	5411284017.34117,
					"retransmits":	10869,
					"snd_cwnd":	53691840,
					"snd_wnd":	90394624,
					"rtt":	58670,
					"rttvar":	96,
					"pmtu":	1500,
					"omitted":	false,
					"sender":	true
				}],
			"sum":	{
				"start":	33.000069,
				"end":	34.000146,
				"seconds":	1.00007700920105,
				"bytes":	676462592,
				"bits_per_second":	5411284017.34117,
				"retransmits":	10869,
				"omitted":	false,
				"sender":	true
			}
		}, {
			"streams":	[{
					"socket":	7,
					"start":	34.000146,
					"end":	35.00035,
					"seconds":	1.0002039670944214,
					"bytes":	682622976,
					"bits_per_second":	5459870174.1446619,
					"retransmits":	8957,
					"snd_cwnd":	121967936,
					"snd_wnd":	141377536,
					"rtt":	57316,
					"rttvar":	35,
					"pmtu":	1500,
					"omitted":	false,
					"sender":	true
				}],
			"sum":	{
				"start":	34.000146,
				"end":	35.00035,
				"seconds":	1.0002039670944214,
				"bytes":	682622976,
				"bits_per_second":	5459870174.1446619,
				"retransmits":	8957,
				"omitted":	false,
				"sender":	true
			}
		}, {
			"streams":	[{
					"socket":	7,
					"start":	35.00035,
					"end":	36.000377,
					"seconds":	1.0000269412994385,
					"bytes":	756940800,
					"bits_per_second":	6055363260.6451864,
					"retransmits":	16284,
					"snd_cwnd":	113607184,
					"snd_wnd":	141410304,
					"rtt":	57447,
					"rttvar":	31,
					"pmtu":	1500,
					"omitted":	false,
					"sender":	true
				}],
			"sum":	{
				"start":	35.00035,
				"end":	36.000377,
				"seconds":	1.0000269412994385,
				"bytes":	756940800,
				"bits_per_second":	6055363260.6451864,
				"retransmits":	16284,
				"omitted":	false,
				"sender":	true
			}
		}, {
			"streams":	[{
					"socket":	7,
					"start":	36.000377,
					"end":	37.000153,
					"seconds":	0.999776005744934,
					"bytes":	735444992,
					"bits_per_second":	5884878114.8895,
					"retransmits":	20584,
					"snd_cwnd":	61952680,
					"snd_wnd":	120446976,
					"rtt":	59060,
					"rttvar":	147,
					"pmtu":	1500,
					"omitted":	false,
					"sender":	true
				}],
			"sum":	{
				"start":	36.000377,
				"end":	37.000153,
				"seconds":	0.999776005744934,
				"bytes":	735444992,
				"bits_per_second":	5884878114.8895,
				"retransmits":	20584,
				"omitted":	false,
				"sender":	true
			}
		}, {
			"streams":	[{
					"socket":	7,
					"start":	37.000153,
					"end":	38.001396,
					"seconds":	1.001242995262146,
					"bytes":	622854144,
					"bits_per_second":	4976647203.1051683,
					"retransmits":	21863,
					"snd_cwnd":	107731200,
					"snd_wnd":	65490944,
					"rtt":	57899,
					"rttvar":	129,
					"pmtu":	1500,
					"omitted":	false,
					"sender":	true
				}],
			"sum":	{
				"start":	37.000153,
				"end":	38.001396,
				"seconds":	1.001242995262146,
				"bytes":	622854144,
				"bits_per_second":	4976647203.1051683,
				"retransmits":	21863,
				"omitted":	false,
				"sender":	true
			}
		}, {
			"streams":	[{
					"socket":	7,
					"start":	38.001396,
					"end":	39.000172,
					"seconds":	0.99877601861953735,
					"bytes":	731512832,
					"bits_per_second":	5859274298.6445646,
					"retransmits":	10389,
					"snd_cwnd":	49495536,
					"snd_wnd":	138723328,
					"rtt":	59017,
					"rttvar":	118,
					"pmtu":	1500,
					"omitted":	false,
					"sender":	true
				}],
			"sum":	{
				"start":	38.001396,
				"end":	39.000172,
				"seconds":	0.99877601861953735,
				"bytes":	731512832,
				"bits_per_second":	5859274298.6445646,
				"retransmits":	10389,
				"omitted":	false,
				"sender":	true
			}
		}, {
			"streams":	[{
					"socket":	7,
					"start":	39.000172,
					"end":	40.001956,
					"seconds":	1.0017839670181274,
					"bytes":	666894336,
					"bits_per_second":	5325653897.0976162,
					"retransmits":	19775,
					"snd_cwnd":	104722256,
					"snd_wnd":	141410304,
					"rtt":	57316,
					"rttvar":	33,
					"pmtu":	1500,
					"omitted":	false,
					"sender":	true
				}],
			"sum":	{
				"start":	39.000172,
				"end":	40.001956,
				"seconds":	1.0017839670181274,
				"bytes":	666894336,
				"bits_per_second":	5325653897.0976162,
				"retransmits":	19775,
				"omitted":	false,
				"sender":	true
			}
		}, {
			"streams":	[{
					"socket":	7,
					"start":	40.001956,
					"end":	41.000072,
					"seconds":	0.99811601638793945,
					"bytes":	721682432,
					"bits_per_second":	5784357089.9637976,
					"retransmits":	15487,
					"snd_cwnd":	112952688,
					"snd_wnd":	141344768,
					"rtt":	57369,
					"rttvar":	35,
					"pmtu":	1500,
					"omitted":	false,
					"sender":	true
				}],
			"sum":	{
				"start":	40.001956,
				"end":	41.000072,
				"seconds":	0.99811601638793945,
				"bytes":	721682432,
				"bits_per_second":	5784357089.9637976,
				"retransmits":	15487,
				"omitted":	false,
				"sender":	true
			}
		}, {
			"streams":	[{
					"socket":	7,
					"start":	41.000072,
					"end":	42.000345,
					"seconds":	1.0002729892730713,
					"bytes":	846331904,
					"bits_per_second":	6768807420.1828051,
					"retransmits":	2310,
					"snd_cwnd":	5792,
					"snd_wnd":	141221888,
					"rtt":	57342,
					"rttvar":	40,
					"pmtu":	1500,
					"omitted":	false,
					"sender":	true
				}],
			"sum":	{
				"start":	41.000072,
				"end":	42.000345,
				"seconds":	1.0002729892730713,
				"bytes":	846331904,
				"bits_per_second":	6768807420.1828051,
				"retransmits":	2310,
				"omitted":	false,
				"sender":	true
			}
		}, {
			"streams":	[{
					"socket":	7,
					"start":	42.000345,
					"end":	43.00016,
					"seconds":	0.99981498718261719,
					"bytes":	626393088,
					"bits_per_second":	5012072001.5619345,
					"retransmits":	20106,
					"snd_cwnd":	153441664,
					"snd_wnd":	141348864,
					"rtt":	57404,
					"rttvar":	26,
					"pmtu":	1500,
					"omitted":	false,
					"sender":	true
				}],
			"sum":	{
				"start":	42.000345,
				"end":	43.00016,
				"seconds":	0.99981498718261719,
				"bytes":	626393088,
				"bits_per_second":	5012072001.5619345,
				"retransmits":	20106,
				"omitted":	false,
				"sender":	true
			}
		}, {
			"streams":	[{
					"socket":	7,
					"start":	43.00016,
					"end":	44.004934,
					"seconds":	1.00477397441864,
					"bytes":	619446272,
					"bits_per_second":	4932024815.69776,
					"retransmits":	17097,
					"snd_cwnd":	126691312,
					"snd_wnd":	93011968,
					"rtt":	57803,
					"rttvar":	88,
					"pmtu":	1500,
					"omitted":	false,
					"sender":	true
				}],
			"sum":	{
				"start":	43.00016,
				"end":	44.004934,
				"seconds":	1.00477397441864,
				"bytes":	619446272,
				"bits_per_second":	4932024815.69776,
				"retransmits":	17097,
				"omitted":	false,
				"sender":	true
			}
		}, {
			"streams":	[{
					"socket":	7,
					"start":	44.004934,
					"end":	45.000924,
					"seconds":	0.995989978313446,
					"bytes":	645922816,
					"bits_per_second":	5188187271.4725075,
					"retransmits":	14643,
					"snd_cwnd":	114846672,
					"snd_wnd":	84684800,
					"rtt":	57774,
					"rttvar":	130,
					"pmtu":	1500,
					"omitted":	false,
					"sender":	true
				}],
			"sum":	{
				"start":	44.004934,
				"end":	45.000924,
				"seconds":	0.995989978313446,
				"bytes":	645922816,
				"bits_per_second":	5188187271.4725075,
				"retransmits":	14643,
				"omitted":	false,
				"sender":	true
			}
		}, {
			"streams":	[{
					"socket":	7,
					"start":	45.000924,
					"end":	46.000917,
					"seconds":	0.99999302625656128,
					"bytes":	633339904,
					"bits_per_second":	5066754566.2464123,
					"retransmits":	10774,
					"snd_cwnd":	42830392,
					"snd_wnd":	116813824,
					"rtt":	58457,
					"rttvar":	182,
					"pmtu":	1500,
					"omitted":	false,
					"sender":	true
				}],
			"sum":	{
				"start":	45.000924,
				"end":	46.000917,
				"seconds":	0.99999302625656128,
				"bytes":	633339904,
				"bits_per_second":	5066754566.2464123,
				"retransmits":	10774,
				"omitted":	false,
				"sender":	true
			}
		}, {
			"streams":	[{
					"socket":	7,
					"start":	46.000917,
					"end":	47.000583,
					"seconds":	0.99966597557067871,
					"bytes":	584318976,
					"bits_per_second":	4676113744.2248564,
					"retransmits":	14252,
					"snd_cwnd":	38557344,
					"snd_wnd":	92868608,
					"rtt":	58592,
					"rttvar":	395,
					"pmtu":	1500,
					"omitted":	false,
					"sender":	true
				}],
			"sum":	{
				"start":	46.000917,
				"end":	47.000583,
				"seconds":	0.99966597557067871,
				"bytes":	584318976,
				"bits_per_second":	4676113744.2248564,
				"retransmits":	14252,
				"omitted":	false,
				"sender":	true
			}
		}, {
			"streams":	[{
					"socket":	7,
					"start":	47.000583,
					"end":	48.000159,
					"seconds":	0.999575972557068,
					"bytes":	772669440,
					"bits_per_second":	6183977696.24969,
					"retransmits":	15570,
					"snd_cwnd":	113754880,
					"snd_wnd":	141348864,
					"rtt":	57362,
					"rttvar":	75,
					"pmtu":	1500,
					"omitted":	false,
					"sender":	true
				}],
			"sum":	{
				"start":	47.000583,
				"end":	48.000159,
				"seconds":	0.999575972557068,
				"bytes":	772669440,
				"bits_per_second":	6183977696.24969,
				"retransmits":	15570,
				"omitted":	false,
				"sender":	true
			}
		}, {
			"streams":	[{
					"socket":	7,
					"start":	48.000159,
					"end":	49.000128,
					"seconds":	0.9999690055847168,
					"bytes":	682622976,
					"bits_per_second":	5461153073.2462778,
					"retransmits":	10557,
					"snd_cwnd":	89408208,
					"snd_wnd":	99975168,
					"rtt":	58444,
					"rttvar":	587,
					"pmtu":	1500,
					"omitted":	false,
					"sender":	true
				}],
			"sum":	{
				"start":	48.000159,
				"end":	49.000128,
				"seconds":	0.9999690055847168,
				"bytes":	682622976,
				"bits_per_second":	5461153073.2462778,
				"retransmits":	10557,
				"omitted":	false,
				"sender":	true
			}
		}, {
			"streams":	[{
					"socket":	7,
					"start":	49.000128,
					"end":	50.000193,
					"seconds":	1.0000649690628052,
					"bytes":	670957568,
					"bits_per_second":	5367311834.7803116,
					"retransmits":	8352,
					"snd_cwnd":	118075712,
					"snd_wnd":	141344768,
					"rtt":	57541,
					"rttvar":	208,
					"pmtu":	1500,
					"omitted":	false,
					"sender":	true
				}],
			"sum":	{
				"start":	49.000128,
				"end":	50.000193,
				"seconds":	1.0000649690628052,
				"bytes":	670957568,
				"bits_per_second":	5367311834.7803116,
				"retransmits":	8352,
				"omitted":	false,
				"sender":	true
			}
		}, {
			"streams":	[{
					"socket":	7,
					"start":	50.000193,
					"end":	51.000181,
					"seconds":	0.9999880194664,
					"bytes":	674234368,
					"bits_per_second":	5393939566.27421,
					"retransmits":	21569,
					"snd_cwnd":	40711968,
					"snd_wnd":	74514432,
					"rtt":	59099,
					"rttvar":	456,
					"pmtu":	1500,
					"omitted":	false,
					"sender":	true
				}],
			"sum":	{
				"start":	50.000193,
				"end":	51.000181,
				"seconds":	0.9999880194664,
				"bytes":	674234368,
				"bits_per_second":	5393939566.27421,
				"retransmits":	21569,
				"omitted":	false,
				"sender":	true
			}
		}, {
			"streams":	[{
					"socket":	7,
					"start":	51.000181,
					"end":	52.000155,
					"seconds":	0.999974012374878,
					"bytes":	733609984,
					"bits_per_second":	5869032394.21369,
					"retransmits":	12186,
					"snd_cwnd":	119497648,
					"snd_wnd":	123043840,
					"rtt":	57572,
					"rttvar":	41,
					"pmtu":	1500,
					"omitted":	false,
					"sender":	true
				}],
			"sum":	{
				"start":	51.000181,
				"end":	52.000155,
				"seconds":	0.999974012374878,
				"bytes":	733609984,
				"bits_per_second":	5869032394.21369,
				"retransmits":	12186,
				"omitted":	false,
				"sender":	true
			}
		}, {
			"streams":	[{
					"socket":	7,
					"start":	52.000155,
					"end":	53.000323,
					"seconds":	1.0001679658889771,
					"bytes":	535822336,
					"bits_per_second":	4285858809.9149623,
					"retransmits":	11776,
					"snd_cwnd":	114290640,
					"snd_wnd":	107560960,
					"rtt":	57926,
					"rttvar":	107,
					"pmtu":	1500,
					"omitted":	false,
					"sender":	true
				}],
			"sum":	{
				"start":	52.000155,
				"end":	53.000323,
				"seconds":	1.0001679658889771,
				"bytes":	535822336,
				"bits_per_second":	4285858809.9149623,
				"retransmits":	11776,
				"omitted":	false,
				"sender":	true
			}
		}, {
			"streams":	[{
					"socket":	7,
					"start":	53.000323,
					"end":	54.001055,
					"seconds":	1.0007319450378418,
					"bytes":	690880512,
					"bits_per_second":	5523001562.4124,
					"retransmits":	10253,
					"snd_cwnd":	51150600,
					"snd_wnd":	141217792,
					"rtt":	58729,
					"rttvar":	80,
					"pmtu":	1500,
					"omitted":	false,
					"sender":	true
				}],
			"sum":	{
				"start":	53.000323,
				"end":	54.001055,
				"seconds":	1.0007319450378418,
				"bytes":	690880512,
				"bits_per_second":	5523001562.4124,
				"retransmits":	10253,
				"omitted":	false,
				"sender":	true
			}
		}, {
			"streams":	[{
					"socket":	7,
					"start":	54.001055,
					"end":	55.001041,
					"seconds":	0.99998599290847778,
					"bytes":	666238976,
					"bits_per_second":	5329986465.6082363,
					"retransmits":	11067,
					"snd_cwnd":	50824800,
					"snd_wnd":	126320640,
					"rtt":	58463,
					"rttvar":	68,
					"pmtu":	1500,
					"omitted":	false,
					"sender":	true
				}],
			"sum":	{
				"start":	54.001055,
				"end":	55.001041,
				"seconds":	0.99998599290847778,
				"bytes":	666238976,
				"bits_per_second":	5329986465.6082363,
				"retransmits":	11067,
				"omitted":	false,
				"sender":	true
			}
		}, {
			"streams":	[{
					"socket":	7,
					"start":	55.001041,
					"end":	56.001063,
					"seconds":	1.0000220537185669,
					"bytes":	752484352,
					"bits_per_second":	6019742058.3028,
					"retransmits":	12409,
					"snd_cwnd":	36000176,
					"snd_wnd":	113479680,
					"rtt":	58564,
					"rttvar":	161,
					"pmtu":	1500,
					"omitted":	false,
					"sender":	true
				}],
			"sum":	{
				"start":	55.001041,
				"end":	56.001063,
				"seconds":	1.0000220537185669,
				"bytes":	752484352,
				"bits_per_second":	6019742058.3028,
				"retransmits":	12409,
				"omitted":	false,
				"sender":	true
			}
		}, {
			"streams":	[{
					"socket":	7,
					"start":	56.001063,
					"end":	57.000106,
					"seconds":	0.99904298782348633,
					"bytes":	492699648,
					"bits_per_second":	3945372953.9578252,
					"retransmits":	34908,
					"snd_cwnd":	46004408,
					"snd_wnd":	141410304,
					"rtt":	58094,
					"rttvar":	76,
					"pmtu":	1500,
					"omitted":	false,
					"sender":	true
				}],
			"sum":	{
				"start":	56.001063,
				"end":	57.000106,
				"seconds":	0.99904298782348633,
				"bytes":	492699648,
				"bits_per_second":	3945372953.9578252,
				"retransmits":	34908,
				"omitted":	false,
				"sender":	true
			}
		}, {
			"streams":	[{
					"socket":	7,
					"start":	57.000106,
					"end":	58.000237,
					"seconds":	1.0001310110092163,
					"bytes":	646053888,
					"bits_per_second":	5167754071.3237343,
					"retransmits":	14036,
					"snd_cwnd":	111047120,
					"snd_wnd":	141336576,
					"rtt":	58132,
					"rttvar":	510,
					"pmtu":	1500,
					"omitted":	false,
					"sender":	true
				}],
			"sum":	{
				"start":	57.000106,
				"end":	58.000237,
				"seconds":	1.0001310110092163,
				"bytes":	646053888,
				"bits_per_second":	5167754071.3237343,
				"retransmits":	14036,
				"omitted":	false,
				"sender":	true
			}
		}, {
			"streams":	[{
					"socket":	7,
					"start":	58.000237,
					"end":	59.001052,
					"seconds":	1.0008150339126587,
					"bytes":	644481024,
					"bits_per_second":	5151649423.0141153,
					"retransmits":	13942,
					"snd_cwnd":	132109728,
					"snd_wnd":	141344768,
					"rtt":	57354,
					"rttvar":	60,
					"pmtu":	1500,
					"omitted":	false,
					"sender":	true
				}],
			"sum":	{
				"start":	58.000237,
				"end":	59.001052,
				"seconds":	1.0008150339126587,
				"bytes":	644481024,
				"bits_per_second":	5151649423.0141153,
				"retransmits":	13942,
				"omitted":	false,
				"sender":	true
			}
		}, {
			"streams":	[{
					"socket":	7,
					"start":	59.001052,
					"end":	60.000793,
					"seconds":	0.999741017818451,
					"bytes":	600440832,
					"bits_per_second":	4804771006.0769978,
					"retransmits":	28212,
					"snd_cwnd":	104374736,
					"snd_wnd":	94400512,
					"rtt":	57420,
					"rttvar":	41,
					"pmtu":	1500,
					"omitted":	false,
					"sender":	true
				}],
			"sum":	{
				"start":	59.001052,
				"end":	60.000793,
				"seconds":	0.999741017818451,
				"bytes":	600440832,
				"bits_per_second":	4804771006.0769978,
				"retransmits":	28212,
				"omitted":	false,
				"sender":	true
			}
		}, {
			"streams":	[{
					"socket":	7,
					"start":	60.000793,
					"end":	61.000315,
					"seconds":	0.99952197074890137,
					"bytes":	673185792,
					"bits_per_second":	5388061987.23663,
					"retransmits":	12425,
					"snd_cwnd":	48710720,
					"snd_wnd":	97329152,
					"rtt":	58587,
					"rttvar":	109,
					"pmtu":	1500,
					"omitted":	false,
					"sender":	true
				}],
			"sum":	{
				"start":	60.000793,
				"end":	61.000315,
				"seconds":	0.99952197074890137,
				"bytes":	673185792,
				"bits_per_second":	5388061987.23663,
				"retransmits":	12425,
				"omitted":	false,
				"sender":	true
			}
		}, {
			"streams":	[{
					"socket":	7,
					"start":	61.000315,
					"end":	62.001171,
					"seconds":	1.0008560419082642,
					"bytes":	514326528,
					"bits_per_second":	4111092956.1407738,
					"retransmits":	35646,
					"snd_cwnd":	60736360,
					"snd_wnd":	81948672,
					"rtt":	59430,
					"rttvar":	2094,
					"pmtu":	1500,
					"omitted":	false,
					"sender":	true
				}],
			"sum":	{
				"start":	61.000315,
				"end":	62.001171,
				"seconds":	1.0008560419082642,
				"bytes":	514326528,
				"bits_per_second":	4111092956.1407738,
				"retransmits":	35646,
				"omitted":	false,
				"sender":	true
			}
		}, {
			"streams":	[{
					"socket":	7,
					"start":	62.001171,
					"end":	63.00007,
					"seconds":	0.998898983001709,
					"bytes":	578682880,
					"bits_per_second":	4634565775.6987419,
					"retransmits":	11644,
					"snd_cwnd":	5792,
					"snd_wnd":	97341440,
					"rtt":	58901,
					"rttvar":	295,
					"pmtu":	1500,
					"omitted":	false,
					"sender":	true
				}],
			"sum":	{
				"start":	62.001171,
				"end":	63.00007,
				"seconds":	0.998898983001709,
				"bytes":	578682880,
				"bits_per_second":	4634565775.6987419,
				"retransmits":	11644,
				"omitted":	false,
				"sender":	true
			}
		}, {
			"streams":	[{
					"socket":	7,
					"start":	63.00007,
					"end":	64.001152,
					"seconds":	1.0010819435119629,
					"bytes":	419823616,
					"bits_per_second":	3354959051.820981,
					"retransmits":	17018,
					"snd_cwnd":	60730568,
					"snd_wnd":	134926336,
					"rtt":	58142,
					"rttvar":	252,
					"pmtu":	1500,
					"omitted":	false,
					"sender":	true
				}],
			"sum":	{
				"start":	63.00007,
				"end":	64.001152,
				"seconds":	1.0010819435119629,
				"bytes":	419823616,
				"bits_per_second":	3354959051.820981,
				"retransmits":	17018,
				"omitted":	false,
				"sender":	true
			}
		}, {
			"streams":	[{
					"socket":	7,
					"start":	64.001152,
					"end":	65.00018,
					"seconds":	0.99902802705764771,
					"bytes":	762576896,
					"bits_per_second":	6106550569.9250736,
					"retransmits":	10574,
					"snd_cwnd":	119682992,
					"snd_wnd":	141373440,
					"rtt":	58193,
					"rttvar":	108,
					"pmtu":	1500,
					"omitted":	false,
					"sender":	true
				}],
			"sum":	{
				"start":	64.001152,
				"end":	65.00018,
				"seconds":	0.99902802705764771,
				"bytes":	762576896,
				"bits_per_second":	6106550569.9250736,
				"retransmits":	10574,
				"omitted":	false,
				"sender":	true
			}
		}, {
			"streams":	[{
					"socket":	7,
					"start":	65.00018,
					"end":	66.000346,
					"seconds":	1.0001660585403442,
					"bytes":	564920320,
					"bits_per_second":	4518612205.8527145,
					"retransmits":	19803,
					"snd_cwnd":	115246320,
					"snd_wnd":	140853248,
					"rtt":	57672,
					"rttvar":	216,
					"pmtu":	1500,
					"omitted":	false,
					"sender":	true
				}],
			"sum":	{
				"start":	65.00018,
				"end":	66.000346,
				"seconds":	1.0001660585403442,
				"bytes":	564920320,
				"bits_per_second":	4518612205.8527145,
				"retransmits":	19803,
				"omitted":	false,
				"sender":	true
			}
		}, {
			"streams":	[{
					"socket":	7,
					"start":	66.000346,
					"end":	67.000196,
					"seconds":	0.99984997510910034,
					"bytes":	764411904,
					"bits_per_second":	6116212816.1604633,
					"retransmits":	14088,
					"snd_cwnd":	118883696,
					"snd_wnd":	132448256,
					"rtt":	59064,
					"rttvar":	807,
					"pmtu":	1500,
					"omitted":	false,
					"sender":	true
				}],
			"sum":	{
				"start":	66.000346,
				"end":	67.000196,
				"seconds":	0.99984997510910034,
				"bytes":	764411904,
				"bits_per_second":	6116212816.1604633,
				"retransmits":	14088,
				"omitted":	false,
				"sender":	true
			}
		}, {
			"streams":	[{
					"socket":	7,
					"start":	67.000196,
					"end":	68.000086,
					"seconds":	0.9998900294303894,
					"bytes":	680394752,
					"bits_per_second":	5443756669.0217142,
					"retransmits":	10515,
					"snd_cwnd":	112735488,
					"snd_wnd":	89628672,
					"rtt":	57619,
					"rttvar":	60,
					"pmtu":	1500,
					"omitted":	false,
					"sender":	true
				}],
			"sum":	{
				"start":	67.000196,
				"end":	68.000086,
				"seconds":	0.9998900294303894,
				"bytes":	680394752,
				"bits_per_second":	5443756669.0217142,
				"retransmits":	10515,
				"omitted":	false,
				"sender":	true
			}
		}, {
			"streams":	[{
					"socket":	7,
					"start":	68.000086,
					"end":	69.00006,
					"seconds":	0.999974012374878,
					"bytes":	736493568,
					"bits_per_second":	5892101665.72927,
					"retransmits":	20142,
					"snd_cwnd":	108507328,
					"snd_wnd":	141357056,
					"rtt":	59018,
					"rttvar":	330,
					"pmtu":	1500,
					"omitted":	false,
					"sender":	true
				}],
			"sum":	{
				"start":	68.000086,
				"end":	69.00006,
				"seconds":	0.999974012374878,
				"bytes":	736493568,
				"bits_per_second":	5892101665.72927,
				"retransmits":	20142,
				"omitted":	false,
				"sender":	true
			}
		}, {
			"streams":	[{
					"socket":	7,
					"start":	69.00006,
					"end":	70.000115,
					"seconds":	1.0000549554824829,
					"bytes":	662700032,
					"bits_per_second":	5301308920.01051,
					"retransmits":	20533,
					"snd_cwnd":	71179336,
					"snd_wnd":	92557312,
					"rtt":	58249,
					"rttvar":	81,
					"pmtu":	1500,
					"omitted":	false,
					"sender":	true
				}],
			"sum":	{
				"start":	69.00006,
				"end":	70.000115,
				"seconds":	1.0000549554824829,
				"bytes":	662700032,
				"bits_per_second":	5301308920.01051,
				"retransmits":	20533,
				"omitted":	false,
				"sender":	true
			}
		}, {
			"streams":	[{
					"socket":	7,
					"start":	70.000115,
					"end":	71.000708,
					"seconds":	1.0005929470062256,
					"bytes":	594804736,
					"bits_per_second":	4755618058.5094547,
					"retransmits":	26444,
					"snd_cwnd":	61380720,
					"snd_wnd":	136994816,
					"rtt":	58642,
					"rttvar":	182,
					"pmtu":	1500,
					"omitted":	false,
					"sender":	true
				}],
			"sum":	{
				"start":	70.000115,
				"end":	71.000708,
				"seconds":	1.0005929470062256,
				"bytes":	594804736,
				"bits_per_second":	4755618058.5094547,
				"retransmits":	26444,
				"omitted":	false,
				"sender":	true
			}
		}, {
			"streams":	[{
					"socket":	7,
					"start":	71.000708,
					"end":	72.000226,
					"seconds":	0.99951797723770142,
					"bytes":	697958400,
					"bits_per_second":	5586359952.6555729,
					"retransmits":	16228,
					"snd_cwnd":	120742928,
					"snd_wnd":	107257856,
					"rtt":	57654,
					"rttvar":	155,
					"pmtu":	1500,
					"omitted":	false,
					"sender":	true
				}],
			"sum":	{
				"start":	71.000708,
				"end":	72.000226,
				"seconds":	0.99951797723770142,
				"bytes":	697958400,
				"bits_per_second":	5586359952.6555729,
				"retransmits":	16228,
				"omitted":	false,
				"sender":	true
			}
		}, {
			"streams":	[{
					"socket":	7,
					"start":	72.000226,
					"end":	73.000965,
					"seconds":	1.0007389783859253,
					"bytes":	607518720,
					"bits_per_second":	4856560866.4897337,
					"retransmits":	23722,
					"snd_cwnd":	77016224,
					"snd_wnd":	107307008,
					"rtt":	57458,
					"rttvar":	218,
					"pmtu":	1500,
					"omitted":	false,
					"sender":	true
				}],
			"sum":	{
				"start":	72.000226,
				"end":	73.000965,
				"seconds":	1.0007389783859253,
				"bytes":	607518720,
				"bits_per_second":	4856560866.4897337,
				"retransmits":	23722,
				"omitted":	false,
				"sender":	true
			}
		}, {
			"streams":	[{
					"socket":	7,
					"start":	73.000965,
					"end":	74.000886,
					"seconds":	0.99992102384567261,
					"bytes":	490078208,
					"bits_per_second":	3920935324.3932872,
					"retransmits":	17475,
					"snd_cwnd":	105776400,
					"snd_wnd":	103190528,
					"rtt":	57480,
					"rttvar":	59,
					"pmtu":	1500,
					"omitted":	false,
					"sender":	true
				}],
			"sum":	{
				"start":	73.000965,
				"end":	74.000886,
				"seconds":	0.99992102384567261,
				"bytes":	490078208,
				"bits_per_second":	3920935324.3932872,
				"retransmits":	17475,
				"omitted":	false,
				"sender":	true
			}
		}, {
			"streams":	[{
					"socket":	7,
					"start":	74.000886,
					"end":	75.000819,
					"seconds":	0.99993300437927246,
					"bytes":	744751104,
					"bits_per_second":	5958408019.2437973,
					"retransmits":	4995,
					"snd_cwnd":	111267216,
					"snd_wnd":	141348864,
					"rtt":	57345,
					"rttvar":	25,
					"pmtu":	1500,
					"omitted":	false,
					"sender":	true
				}],
			"sum":	{
				"start":	74.000886,
				"end":	75.000819,
				"seconds":	0.99993300437927246,
				"bytes":	744751104,
				"bits_per_second":	5958408019.2437973,
				"retransmits":	4995,
				"omitted":	false,
				"sender":	true
			}
		}, {
			"streams":	[{
					"socket":	7,
					"start":	75.000819,
					"end":	76.000117,
					"seconds":	0.99929797649383545,
					"bytes":	552730624,
					"bits_per_second":	4424951411.9047928,
					"retransmits":	22148,
					"snd_cwnd":	105292768,
					"snd_wnd":	118349824,
					"rtt":	57469,
					"rttvar":	70,
					"pmtu":	1500,
					"omitted":	false,
					"sender":	true
				}],
			"sum":	{
				"start":	75.000819,
				"end":	76.000117,
				"seconds":	0.99929797649383545,
				"bytes":	552730624,
				"bits_per_second":	4424951411.9047928,
				"retransmits":	22148,
				"omitted":	false,
				"sender":	true
			}
		}, {
			"streams":	[{
					"socket":	7,
					"start":	76.000117,
					"end":	77.000087,
					"seconds":	0.999970018863678,
					"bytes":	673054720,
					"bits_per_second":	5384599196.4025469,
					"retransmits":	11144,
					"snd_cwnd":	117564568,
					"snd_wnd":	85929984,
					"rtt":	58182,
					"rttvar":	65,
					"pmtu":	1500,
					"omitted":	false,
					"sender":	true
				}],
			"sum":	{
				"start":	76.000117,
				"end":	77.000087,
				"seconds":	0.999970018863678,
				"bytes":	673054720,
				"bits_per_second":	5384599196.4025469,
				"retransmits":	11144,
				"omitted":	false,
				"sender":	true
			}
		}, {
			"streams":	[{
					"socket":	7,
					"start":	77.000087,
					"end":	78.000283,
					"seconds":	1.0001959800720215,
					"bytes":	725614592,
					"bits_per_second":	5803779310.91265,
					"retransmits":	22691,
					"snd_cwnd":	55252784,
					"snd_wnd":	75087872,
					"rtt":	58584,
					"rttvar":	97,
					"pmtu":	1500,
					"omitted":	false,
					"sender":	true
				}],
			"sum":	{
				"start":	77.000087,
				"end":	78.000283,
				"seconds":	1.0001959800720215,
				"bytes":	725614592,
				"bits_per_second":	5803779310.91265,
				"retransmits":	22691,
				"omitted":	false,
				"sender":	true
			}
		}, {
			"streams":	[{
					"socket":	7,
					"start":	78.000283,
					"end":	79.001028,
					"seconds":	1.0007450580596924,
					"bytes":	543293440,
					"bits_per_second":	4343111649.6612759,
					"retransmits":	10284,
					"snd_cwnd":	114415168,
					"snd_wnd":	87740416,
					"rtt":	58415,
					"rttvar":	269,
					"pmtu":	1500,
					"omitted":	false,
					"sender":	true
				}],
			"sum":	{
				"start":	78.000283,
				"end":	79.001028,
				"seconds":	1.0007450580596924,
				"bytes":	543293440,
				"bits_per_second":	4343111649.6612759,
				"retransmits":	10284,
				"omitted":	false,
				"sender":	true
			}
		}, {
			"streams":	[{
					"socket":	7,
					"start":	79.001028,
					"end":	80.000154,
					"seconds":	0.99912601709365845,
					"bytes":	675676160,
					"bits_per_second":	5410137647.8251543,
					"retransmits":	12213,
					"snd_cwnd":	60275896,
					"snd_wnd":	136392704,
					"rtt":	58918,
					"rttvar":	49,
					"pmtu":	1500,
					"omitted":	false,
					"sender":	true
				}],
			"sum":	{
				"start":	79.001028,
				"end":	80.000154,
				"seconds":	0.99912601709365845,
				"bytes":	675676160,
				"bits_per_second":	5410137647.8251543,
				"retransmits":	12213,
				"omitted":	false,
				"sender":	true
			}
		}, {
			"streams":	[{
					"socket":	7,
					"start":	80.000154,
					"end":	81.000169,
					"seconds":	1.0000150203704834,
					"bytes":	741867520,
					"bits_per_second":	5934851016.33897,
					"retransmits":	14741,
					"snd_cwnd":	117687648,
					"snd_wnd":	80285696,
					"rtt":	58710,
					"rttvar":	1635,
					"pmtu":	1500,
					"omitted":	false,
					"sender":	true
				}],
			"sum":	{
				"start":	80.000154,
				"end":	81.000169,
				"seconds":	1.0000150203704834,
				"bytes":	741867520,
				"bits_per_second":	5934851016.33897,
				"retransmits":	14741,
				"omitted":	false,
				"sender":	true
			}
		}, {
			"streams":	[{
					"socket":	7,
					"start":	81.000169,
					"end":	82.000091,
					"seconds":	0.999921977519989,
					"bytes":	702545920,
					"bits_per_second":	5620805909.2166977,
					"retransmits":	12976,
					"snd_cwnd":	114811920,
					"snd_wnd":	141344768,
					"rtt":	57463,
					"rttvar":	50,
					"pmtu":	1500,
					"omitted":	false,
					"sender":	true
				}],
			"sum":	{
				"start":	81.000169,
				"end":	82.000091,
				"seconds":	0.999921977519989,
				"bytes":	702545920,
				"bits_per_second":	5620805909.2166977,
				"retransmits":	12976,
				"omitted":	false,
				"sender":	true
			}
		}, {
			"streams":	[{
					"socket":	7,
					"start":	82.000091,
					"end":	83.000069,
					"seconds":	0.999978005886078,
					"bytes":	704380928,
					"bits_per_second":	5635171364.6009636,
					"retransmits":	21671,
					"snd_cwnd":	121287376,
					"snd_wnd":	79708160,
					"rtt":	57978,
					"rttvar":	575,
					"pmtu":	1500,
					"omitted":	false,
					"sender":	true
				}],
			"sum":	{
				"start":	82.000091,
				"end":	83.000069,
				"seconds":	0.999978005886078,
				"bytes":	704380928,
				"bits_per_second":	5635171364.6009636,
				"retransmits":	21671,
				"omitted":	false,
				"sender":	true
			}
		}, {
			"streams":	[{
					"socket":	7,
					"start":	83.000069,
					"end":	84.00008,
					"seconds":	1.0000109672546387,
					"bytes":	681574400,
					"bits_per_second":	5452535400.6558342,
					"retransmits":	9390,
					"snd_cwnd":	64498264,
					"snd_wnd":	138162176,
					"rtt":	58634,
					"rttvar":	419,
					"pmtu":	1500,
					"omitted":	false,
					"sender":	true
				}],
			"sum":	{
				"start":	83.000069,
				"end":	84.00008,
				"seconds":	1.0000109672546387,
				"bytes":	681574400,
				"bits_per_second":	5452535400.6558342,
				"retransmits":	9390,
				"omitted":	false,
				"sender":	true
			}
		}, {
			"streams":	[{
					"socket":	7,
					"start":	84.00008,
					"end":	85.002031,
					"seconds":	1.0019509792327881,
					"bytes":	756809728,
					"bits_per_second":	6042688663.9065142,
					"retransmits":	26745,
					"snd_cwnd":	127522464,
					"snd_wnd":	141099008,
					"rtt":	57511,
					"rttvar":	98,
					"pmtu":	1500,
					"omitted":	false,
					"sender":	true
				}],
			"sum":	{
				"start":	84.00008,
				"end":	85.002031,
				"seconds":	1.0019509792327881,
				"bytes":	756809728,
				"bits_per_second":	6042688663.9065142,
				"retransmits":	26745,
				"omitted":	false,
				"sender":	true
			}
		}, {
			"streams":	[{
					"socket":	7,
					"start":	85.002031,
					"end":	86.00012,
					"seconds":	0.9980890154838562,
					"bytes":	524419072,
					"bits_per_second":	4203385179.9943576,
					"retransmits":	23183,
					"snd_cwnd":	126019440,
					"snd_wnd":	64962560,
					"rtt":	58330,
					"rttvar":	981,
					"pmtu":	1500,
					"omitted":	false,
					"sender":	true
				}],
			"sum":	{
				"start":	85.002031,
				"end":	86.00012,
				"seconds":	0.9980890154838562,
				"bytes":	524419072,
				"bits_per_second":	4203385179.9943576,
				"retransmits":	23183,
				"omitted":	false,
				"sender":	true
			}
		}, {
			"streams":	[{
					"socket":	7,
					"start":	86.00012,
					"end":	87.000156,
					"seconds":	1.0000360012054443,
					"bytes":	702676992,
					"bits_per_second":	5621213565.53558,
					"retransmits":	26445,
					"snd_cwnd":	133331840,
					"snd_wnd":	134438912,
					"rtt":	58551,
					"rttvar":	376,
					"pmtu":	1500,
					"omitted":	false,
					"sender":	true
				}],
			"sum":	{
				"start":	86.00012,
				"end":	87.000156,
				"seconds":	1.0000360012054443,
				"bytes":	702676992,
				"bits_per_second":	5621213565.53558,
				"retransmits":	26445,
				"omitted":	false,
				"sender":	true
			}
		}, {
			"streams":	[{
					"socket":	7,
					"start":	87.000156,
					"end":	88.00033,
					"seconds":	1.0001740455627441,
					"bytes":	773849088,
					"bits_per_second":	6189715411.49798,
					"retransmits":	11175,
					"snd_cwnd":	135037584,
					"snd_wnd":	105725952,
					"rtt":	58767,
					"rttvar":	190,
					"pmtu":	1500,
					"omitted":	false,
					"sender":	true
				}],
			"sum":	{
				"start":	87.000156,
				"end":	88.00033,
				"seconds":	1.0001740455627441,
				"bytes":	773849088,
				"bits_per_second":	6189715411.49798,
				"retransmits":	11175,
				"omitted":	false,
				"sender":	true
			}
		}, {
			"streams":	[{
					"socket":	7,
					"start":	88.00033,
					"end":	89.000985,
					"seconds":	1.0006550550460815,
					"bytes":	696516608,
					"bits_per_second":	5568485199.6709251,
					"retransmits":	15003,
					"snd_cwnd":	54181264,
					"snd_wnd":	125579264,
					"rtt":	58924,
					"rttvar":	252,
					"pmtu":	1500,
					"omitted":	false,
					"sender":	true
				}],
			"sum":	{
				"start":	88.00033,
				"end":	89.000985,
				"seconds":	1.0006550550460815,
				"bytes":	696516608,
				"bits_per_second":	5568485199.6709251,
				"retransmits":	15003,
				"omitted":	false,
				"sender":	true
			}
		}, {
			"streams":	[{
					"socket":	7,
					"start":	89.000985,
					"end":	90.001046,
					"seconds":	1.00006103515625,
					"bytes":	576847872,
					"bits_per_second":	4614501329.1903572,
					"retransmits":	14822,
					"snd_cwnd":	86561440,
					"snd_wnd":	90112000,
					"rtt":	58040,
					"rttvar":	593,
					"pmtu":	1500,
					"omitted":	false,
					"sender":	true
				}],
			"sum":	{
				"start":	89.000985,
				"end":	90.001046,
				"seconds":	1.00006103515625,
				"bytes":	576847872,
				"bits_per_second":	4614501329.1903572,
				"retransmits":	14822,
				"omitted":	false,
				"sender":	true
			}
		}, {
			"streams":	[{
					"socket":	7,
					"start":	90.001046,
					"end":	91.000122,
					"seconds":	0.999076008796692,
					"bytes":	699400192,
					"bits_per_second":	5600376234.37578,
					"retransmits":	6770,
					"snd_cwnd":	94073664,
					"snd_wnd":	81731584,
					"rtt":	57603,
					"rttvar":	250,
					"pmtu":	1500,
					"omitted":	false,
					"sender":	true
				}],
			"sum":	{
				"start":	90.001046,
				"end":	91.000122,
				"seconds":	0.999076008796692,
				"bytes":	699400192,
				"bits_per_second":	5600376234.37578,
				"retransmits":	6770,
				"omitted":	false,
				"sender":	true
			}
		}, {
			"streams":	[{
					"socket":	7,
					"start":	91.000122,
					"end":	92.000202,
					"seconds":	1.0000799894332886,
					"bytes":	683540480,
					"bits_per_second":	5467886466.86023,
					"retransmits":	14214,
					"snd_cwnd":	94628248,
					"snd_wnd":	91557888,
					"rtt":	57589,
					"rttvar":	310,
					"pmtu":	1500,
					"omitted":	false,
					"sender":	true
				}],
			"sum":	{
				"start":	91.000122,
				"end":	92.000202,
				"seconds":	1.0000799894332886,
				"bytes":	683540480,
				"bits_per_second":	5467886466.86023,
				"retransmits":	14214,
				"omitted":	false,
				"sender":	true
			}
		}, {
			"streams":	[{
					"socket":	7,
					"start":	92.000202,
					"end":	93.00018,
					"seconds":	0.999978005886078,
					"bytes":	790364160,
					"bits_per_second":	6323052349.93372,
					"retransmits":	9382,
					"snd_cwnd":	113140928,
					"snd_wnd":	141410304,
					"rtt":	57397,
					"rttvar":	38,
					"pmtu":	1500,
					"omitted":	false,
					"sender":	true
				}],
			"sum":	{
				"start":	92.000202,
				"end":	93.00018,
				"seconds":	0.999978005886078,
				"bytes":	790364160,
				"bits_per_second":	6323052349.93372,
				"retransmits":	9382,
				"omitted":	false,
				"sender":	true
			}
		}, {
			"streams":	[{
					"socket":	7,
					"start":	93.00018,
					"end":	94.00018,
					"seconds":	1,
					"bytes":	605421568,
					"bits_per_second":	4843372544,
					"retransmits":	7389,
					"snd_cwnd":	5792,
					"snd_wnd":	131280896,
					"rtt":	58375,
					"rttvar":	150,
					"pmtu":	1500,
					"omitted":	false,
					"sender":	true
				}],
			"sum":	{
				"start":	93.00018,
				"end":	94.00018,
				"seconds":	1,
				"bytes":	605421568,
				"bits_per_second":	4843372544,
				"retransmits":	7389,
				"omitted":	false,
				"sender":	true
			}
		}, {
			"streams":	[{
					"socket":	7,
					"start":	94.00018,
					"end":	95.000289,
					"seconds":	1.0001089572906494,
					"bytes":	524419072,
					"bits_per_second":	4194895511.5505042,
					"retransmits":	8807,
					"snd_cwnd":	114267472,
					"snd_wnd":	89128960,
					"rtt":	58473,
					"rttvar":	157,
					"pmtu":	1500,
					"omitted":	false,
					"sender":	true
				}],
			"sum":	{
				"start":	94.00018,
				"end":	95.000289,
				"seconds":	1.0001089572906494,
				"bytes":	524419072,
				"bits_per_second":	4194895511.5505042,
				"retransmits":	8807,
				"omitted":	false,
				"sender":	true
			}
		}, {
			"streams":	[{
					"socket":	7,
					"start":	95.000289,
					"end":	96.000115,
					"seconds":	0.99982601404190063,
					"bytes":	753008640,
					"bits_per_second":	6025117405.8245134,
					"retransmits":	10255,
					"snd_cwnd":	107899168,
					"snd_wnd":	141279232,
					"rtt":	58794,
					"rttvar":	640,
					"pmtu":	1500,
					"omitted":	false,
					"sender":	true
				}],
			"sum":	{
				"start":	95.000289,
				"end":	96.000115,
				"seconds":	0.99982601404190063,
				"bytes":	753008640,
				"bits_per_second":	6025117405.8245134,
				"retransmits":	10255,
				"omitted":	false,
				"sender":	true
			}
		}, {
			"streams":	[{
					"socket":	7,
					"start":	96.000115,
					"end":	97.000135,
					"seconds":	1.0000200271606445,
					"bytes":	535953408,
					"bits_per_second":	4287541396.7196779,
					"retransmits":	25120,
					"snd_cwnd":	55614784,
					"snd_wnd":	141324288,
					"rtt":	58450,
					"rttvar":	87,
					"pmtu":	1500,
					"omitted":	false,
					"sender":	true
				}],
			"sum":	{
				"start":	96.000115,
				"end":	97.000135,
				"seconds":	1.0000200271606445,
				"bytes":	535953408,
				"bits_per_second":	4287541396.7196779,
				"retransmits":	25120,
				"omitted":	false,
				"sender":	true
			}
		}, {
			"streams":	[{
					"socket":	7,
					"start":	97.000135,
					"end":	98.000139,
					"seconds":	1.0000040531158447,
					"bytes":	736100352,
					"bits_per_second":	5888778948.09674,
					"retransmits":	19350,
					"snd_cwnd":	110328912,
					"snd_wnd":	104517632,
					"rtt":	58315,
					"rttvar":	403,
					"pmtu":	1500,
					"omitted":	false,
					"sender":	true
				}],
			"sum":	{
				"start":	97.000135,
				"end":	98.000139,
				"seconds":	1.0000040531158447,
				"bytes":	736100352,
				"bits_per_second":	5888778948.09674,
				"retransmits":	19350,
				"omitted":	false,
				"sender":	true
			}
		}, {
			"streams":	[{
					"socket":	7,
					"start":	98.000139,
					"end":	99.001055,
					"seconds":	1.0009160041809082,
					"bytes":	801636352,
					"bits_per_second":	6407221774.06695,
					"retransmits":	13963,
					"snd_cwnd":	116326528,
					"snd_wnd":	136785920,
					"rtt":	57691,
					"rttvar":	243,
					"pmtu":	1500,
					"omitted":	false,
					"sender":	true
				}],
			"sum":	{
				"start":	98.000139,
				"end":	99.001055,
				"seconds":	1.0009160041809082,
				"bytes":	801636352,
				"bits_per_second":	6407221774.06695,
				"retransmits":	13963,
				"omitted":	false,
				"sender":	true
			}
		}, {
			"streams":	[{
					"socket":	7,
					"start":	99.001055,
					"end":	100.001021,
					"seconds":	0.999966025352478,
					"bytes":	774373376,
					"bits_per_second":	6195197487.6509724,
					"retransmits":	6546,
					"snd_cwnd":	59430264,
					"snd_wnd":	141344768,
					"rtt":	58450,
					"rttvar":	104,
					"pmtu":	1500,
					"omitted":	false,
					"sender":	true
				}],
			"sum":	{
				"start":	99.001055,
				"end":	100.001021,
				"seconds":	0.999966025352478,
				"bytes":	774373376,
				"bits_per_second":	6195197487.6509724,
				"retransmits":	6546,
				"omitted":	false,
				"sender":	true
			}
		}, {
			"streams":	[{
					"socket":	7,
					"start":	100.001021,
					"end":	101.000177,
					"seconds":	0.99915599822998047,
					"bytes":	661913600,
					"bits_per_second":	5299781825.24122,
					"retransmits":	14208,
					"snd_cwnd":	128189992,
					"snd_wnd":	51359744,
					"rtt":	58572,
					"rttvar":	864,
					"pmtu":	1500,
					"omitted":	false,
					"sender":	true
				}],
			"sum":	{
				"start":	100.001021,
				"end":	101.000177,
				"seconds":	0.99915599822998047,
				"bytes":	661913600,
				"bits_per_second":	5299781825.24122,
				"retransmits":	14208,
				"omitted":	false,
				"sender":	true
			}
		}, {
			"streams":	[{
					"socket":	7,
					"start":	101.000177,
					"end":	102.000068,
					"seconds":	0.99989098310470581,
					"bytes":	718536704,
					"bits_per_second":	5748920361.4491,
					"retransmits":	15449,
					"snd_cwnd":	129540976,
					"snd_wnd":	141344768,
					"rtt":	58112,
					"rttvar":	41,
					"pmtu":	1500,
					"omitted":	false,
					"sender":	true
				}],
			"sum":	{
				"start":	101.000177,
				"end":	102.000068,
				"seconds":	0.99989098310470581,
				"bytes":	718536704,
				"bits_per_second":	5748920361.4491,
				"retransmits":	15449,
				"omitted":	false,
				"sender":	true
			}
		}, {
			"streams":	[{
					"socket":	7,
					"start":	102.000068,
					"end":	103.000167,
					"seconds":	1.0000989437103271,
					"bytes":	606208000,
					"bits_per_second":	4849184203.7228241,
					"retransmits":	21544,
					"snd_cwnd":	114930656,
					"snd_wnd":	82235392,
					"rtt":	57986,
					"rttvar":	474,
					"pmtu":	1500,
					"omitted":	false,
					"sender":	true
				}],
			"sum":	{
				"start":	102.000068,
				"end":	103.000167,
				"seconds":	1.0000989437103271,
				"bytes":	606208000,
				"bits_per_second":	4849184203.7228241,
				"retransmits":	21544,
				"omitted":	false,
				"sender":	true
			}
		}, {
			"streams":	[{
					"socket":	7,
					"start":	103.000167,
					"end":	104.000127,
					"seconds":	0.99996000528335571,
					"bytes":	773455872,
					"bits_per_second":	6187894459.085516,
					"retransmits":	16088,
					"snd_cwnd":	112451680,
					"snd_wnd":	139923456,
					"rtt":	57717,
					"rttvar":	113,
					"pmtu":	1500,
					"omitted":	false,
					"sender":	true
				}],
			"sum":	{
				"start":	103.000167,
				"end":	104.000127,
				"seconds":	0.99996000528335571,
				"bytes":	773455872,
				"bits_per_second":	6187894459.085516,
				"retransmits":	16088,
				"omitted":	false,
				"sender":	true
			}
		}, {
			"streams":	[{
					"socket":	7,
					"start":	104.000127,
					"end":	105.000716,
					"seconds":	1.0005890130996704,
					"bytes":	511049728,
					"bits_per_second":	4085991121.70418,
					"retransmits":	2318,
					"snd_cwnd":	36667704,
					"snd_wnd":	108101632,
					"rtt":	59780,
					"rttvar":	500,
					"pmtu":	1500,
					"omitted":	false,
					"sender":	true
				}],
			"sum":	{
				"start":	104.000127,
				"end":	105.000716,
				"seconds":	1.0005890130996704,
				"bytes":	511049728,
				"bits_per_second":	4085991121.70418,
				"retransmits":	2318,
				"omitted":	false,
				"sender":	true
			}
		}, {
			"streams":	[{
					"socket":	7,
					"start":	105.000716,
					"end":	106.001041,
					"seconds":	1.0003249645233154,
					"bytes":	698613760,
					"bits_per_second":	5587094472.5080233,
					"retransmits":	21376,
					"snd_cwnd":	122306768,
					"snd_wnd":	141344768,
					"rtt":	57539,
					"rttvar":	31,
					"pmtu":	1500,
					"omitted":	false,
					"sender":	true
				}],
			"sum":	{
				"start":	105.000716,
				"end":	106.001041,
				"seconds":	1.0003249645233154,
				"bytes":	698613760,
				"bits_per_second":	5587094472.5080233,
				"retransmits":	21376,
				"omitted":	false,
				"sender":	true
			}
		}, {
			"streams":	[{
					"socket":	7,
					"start":	106.001041,
					"end":	107.00023,
					"seconds":	0.999189019203186,
					"bytes":	626262016,
					"bits_per_second":	5014162517.5138083,
					"retransmits":	31861,
					"snd_cwnd":	63189272,
					"snd_wnd":	89251840,
					"rtt":	58094,
					"rttvar":	834,
					"pmtu":	1500,
					"omitted":	false,
					"sender":	true
				}],
			"sum":	{
				"start":	106.001041,
				"end":	107.00023,
				"seconds":	0.999189019203186,
				"bytes":	626262016,
				"bits_per_second":	5014162517.5138083,
				"retransmits":	31861,
				"omitted":	false,
				"sender":	true
			}
		}, {
			"streams":	[{
					"socket":	7,
					"start":	107.00023,
					"end":	108.000917,
					"seconds":	1.0006870031356812,
					"bytes":	676069376,
					"bits_per_second":	5404841864.6910963,
					"retransmits":	9649,
					"snd_cwnd":	113586912,
					"snd_wnd":	135233536,
					"rtt":	58315,
					"rttvar":	450,
					"pmtu":	1500,
					"omitted":	false,
					"sender":	true
				}],
			"sum":	{
				"start":	107.00023,
				"end":	108.000917,
				"seconds":	1.0006870031356812,
				"bytes":	676069376,
				"bits_per_second":	5404841864.6910963,
				"retransmits":	9649,
				"omitted":	false,
				"sender":	true
			}
		}, {
			"streams":	[{
					"socket":	7,
					"start":	108.000917,
					"end":	109.00027,
					"seconds":	0.999352991580963,
					"bytes":	689045504,
					"bits_per_second":	5515932887.0167418,
					"retransmits":	27027,
					"snd_cwnd":	51152048,
					"snd_wnd":	130990080,
					"rtt":	58804,
					"rttvar":	134,
					"pmtu":	1500,
					"omitted":	false,
					"sender":	true
				}],
			"sum":	{
				"start":	108.000917,
				"end":	109.00027,
				"seconds":	0.999352991580963,
				"bytes":	689045504,
				"bits_per_second":	5515932887.0167418,
				"retransmits":	27027,
				"omitted":	false,
				"sender":	true
			}
		}, {
			"streams":	[{
					"socket":	7,
					"start":	109.00027,
					"end":	110.001084,
					"seconds":	1.0008139610290527,
					"bytes":	603062272,
					"bits_per_second":	4820574416.2874937,
					"retransmits":	17927,
					"snd_cwnd":	77614248,
					"snd_wnd":	96796672,
					"rtt":	58568,
					"rttvar":	133,
					"pmtu":	1500,
					"omitted":	false,
					"sender":	true
				}],
			"sum":	{
				"start":	109.00027,
				"end":	110.001084,
				"seconds":	1.0008139610290527,
				"bytes":	603062272,
				"bits_per_second":	4820574416.2874937,
				"retransmits":	17927,
				"omitted":	false,
				"sender":	true
			}
		}, {
			"streams":	[{
					"socket":	7,
					"start":	110.001084,
					"end":	111.000595,
					"seconds":	0.9995110034942627,
					"bytes":	628228096,
					"bits_per_second":	5028283581.1010151,
					"retransmits":	24126,
					"snd_cwnd":	114008280,
					"snd_wnd":	87515136,
					"rtt":	58421,
					"rttvar":	306,
					"pmtu":	1500,
					"omitted":	false,
					"sender":	true
				}],
			"sum":	{
				"start":	110.001084,
				"end":	111.000595,
				"seconds":	0.9995110034942627,
				"bytes":	628228096,
				"bits_per_second":	5028283581.1010151,
				"retransmits":	24126,
				"omitted":	false,
				"sender":	true
			}
		}, {
			"streams":	[{
					"socket":	7,
					"start":	111.000595,
					"end":	112.001079,
					"seconds":	1.0004839897155762,
					"bytes":	586285056,
					"bits_per_second":	4688011498.64815,
					"retransmits":	25456,
					"snd_cwnd":	61990328,
					"snd_wnd":	132243456,
					"rtt":	57796,
					"rttvar":	301,
					"pmtu":	1500,
					"omitted":	false,
					"sender":	true
				}],
			"sum":	{
				"start":	111.000595,
				"end":	112.001079,
				"seconds":	1.0004839897155762,
				"bytes":	586285056,
				"bits_per_second":	4688011498.64815,
				"retransmits":	25456,
				"omitted":	false,
				"sender":	true
			}
		}, {
			"streams":	[{
					"socket":	7,
					"start":	112.001079,
					"end":	113.000212,
					"seconds":	0.99913299083709717,
					"bytes":	612761600,
					"bits_per_second":	4906346647.49976,
					"retransmits":	32137,
					"snd_cwnd":	116853600,
					"snd_wnd":	126996480,
					"rtt":	58511,
					"rttvar":	1381,
					"pmtu":	1500,
					"omitted":	false,
					"sender":	true
				}],
			"sum":	{
				"start":	112.001079,
				"end":	113.000212,
				"seconds":	0.99913299083709717,
				"bytes":	612761600,
				"bits_per_second":	4906346647.49976,
				"retransmits":	32137,
				"omitted":	false,
				"sender":	true
			}
		}, {
			"streams":	[{
					"socket":	7,
					"start":	113.000212,
					"end":	114.00027,
					"seconds":	1.0000580549240112,
					"bytes":	701235200,
					"bits_per_second":	5609555937.6563025,
					"retransmits":	14492,
					"snd_cwnd":	116511872,
					"snd_wnd":	138780672,
					"rtt":	58928,
					"rttvar":	483,
					"pmtu":	1500,
					"omitted":	false,
					"sender":	true
				}],
			"sum":	{
				"start":	113.000212,
				"end":	114.00027,
				"seconds":	1.0000580549240112,
				"bytes":	701235200,
				"bits_per_second":	5609555937.6563025,
				"retransmits":	14492,
				"omitted":	false,
				"sender":	true
			}
		}, {
			"streams":	[{
					"socket":	7,
					"start":	114.00027,
					"end":	115.001112,
					"seconds":	1.0008419752120972,
					"bytes":	480378880,
					"bits_per_second":	3839798025.2432857,
					"retransmits":	13181,
					"snd_cwnd":	105573680,
					"snd_wnd":	58011648,
					"rtt":	57890,
					"rttvar":	195,
					"pmtu":	1500,
					"omitted":	false,
					"sender":	true
				}],
			"sum":	{
				"start":	114.00027,
				"end":	115.001112,
				"seconds":	1.0008419752120972,
				"bytes":	480378880,
				"bits_per_second":	3839798025.2432857,
				"retransmits":	13181,
				"omitted":	false,
				"sender":	true
			}
		}, {
			"streams":	[{
					"socket":	7,
					"start":	115.001112,
					"end":	116.001048,
					"seconds":	0.99993598461151123,
					"bytes":	693633024,
					"bits_per_second":	5549419440.241354,
					"retransmits":	21902,
					"snd_cwnd":	42180240,
					"snd_wnd":	114569216,
					"rtt":	58713,
					"rttvar":	405,
					"pmtu":	1500,
					"omitted":	false,
					"sender":	true
				}],
			"sum":	{
				"start":	115.001112,
				"end":	116.001048,
				"seconds":	0.99993598461151123,
				"bytes":	693633024,
				"bits_per_second":	5549419440.241354,
				"retransmits":	21902,
				"omitted":	false,
				"sender":	true
			}
		}, {
			"streams":	[{
					"socket":	7,
					"start":	116.001048,
					"end":	117.00016,
					"seconds":	0.99911201000213623,
					"bytes":	533200896,
					"bits_per_second":	4269398351.0326128,
					"retransmits":	43543,
					"snd_cwnd":	46259256,
					"snd_wnd":	136138752,
					"rtt":	58079,
					"rttvar":	186,
					"pmtu":	1500,
					"omitted":	false,
					"sender":	true
				}],
			"sum":	{
				"start":	116.001048,
				"end":	117.00016,
				"seconds":	0.99911201000213623,
				"bytes":	533200896,
				"bits_per_second":	4269398351.0326128,
				"retransmits":	43543,
				"omitted":	false,
				"sender":	true
			}
		}, {
			"streams":	[{
					"socket":	7,
					"start":	117.00016,
					"end":	118.001069,
					"seconds":	1.0009089708328247,
					"bytes":	483262464,
					"bits_per_second":	3862588731.5038657,
					"retransmits":	30141,
					"snd_cwnd":	78525040,
					"snd_wnd":	128831488,
					"rtt":	57812,
					"rttvar":	83,
					"pmtu":	1500,
					"omitted":	false,
					"sender":	true
				}],
			"sum":	{
				"start":	117.00016,
				"end":	118.001069,
				"seconds":	1.0009089708328247,
				"bytes":	483262464,
				"bits_per_second":	3862588731.5038657,
				"retransmits":	30141,
				"omitted":	false,
				"sender":	true
			}
		}, {
			"streams":	[{
					"socket":	7,
					"start":	118.001069,
					"end":	119.000186,
					"seconds":	0.99911701679229736,
					"bytes":	585367552,
					"bits_per_second":	4687079028.0749655,
					"retransmits":	8355,
					"snd_cwnd":	40268880,
					"snd_wnd":	141287424,
					"rtt":	58533,
					"rttvar":	116,
					"pmtu":	1500,
					"omitted":	false,
					"sender":	true
				}],
			"sum":	{
				"start":	118.001069,
				"end":	119.000186,
				"seconds":	0.99911701679229736,
				"bytes":	585367552,
				"bits_per_second":	4687079028.0749655,
				"retransmits":	8355,
				"omitted":	false,
				"sender":	true
			}
		}, {
			"streams":	[{
					"socket":	7,
					"start":	119.000186,
					"end":	120.001543,
					"seconds":	1.0013569593429565,
					"bytes":	588644352,
					"bits_per_second":	4702773343.77336,
					"retransmits":	11097,
					"snd_cwnd":	100213184,
					"snd_wnd":	141254656,
					"rtt":	57374,
					"rttvar":	40,
					"pmtu":	1500,
					"omitted":	false,
					"sender":	true
				}],
			"sum":	{
				"start":	119.000186,
				"end":	120.001543,
				"seconds":	1.0013569593429565,
				"bytes":	588644352,
				"bits_per_second":	4702773343.77336,
				"retransmits":	11097,
				"omitted":	false,
				"sender":	true
			}
		}],
	"end":	{
		"streams":	[{
				"sender":	{
					"socket":	7,
					"start":	0,
					"end":	120.001543,
					"seconds":	120.001543,
					"bytes":	76700188672,
					"bits_per_second":	5113280163.2059,
					"retransmits":	2124162,
					"max_snd_cwnd":	153441664,
					"max_snd_wnd":	141410304,
					"max_rtt":	59780,
					"min_rtt":	57268,
					"mean_rtt":	58137,
					"sender":	true
				},
				"receiver":	{
					"socket":	7,
					"start":	0,
					"end":	120.064319,
					"seconds":	120.001543,
					"bytes":	76566364160,
					"bits_per_second":	5101689814.1070538,
					"sender":	true
				}
			}],
		"sum_sent":	{
			"start":	0,
			"end":	120.001543,
			"seconds":	120.001543,
			"bytes":	76700188672,
			"bits_per_second":	5113280163.2059,
			"retransmits":	2124162,
			"sender":	true
		},
		"sum_received":	{
			"start":	0,
			"end":	120.064319,
			"seconds":	120.064319,
			"bytes":	76566364160,
			"bits_per_second":	5101689814.1070538,
			"sender":	true
		},
		"cpu_utilization_percent":	{
			"host_total":	33.433068519981752,
			"host_user":	0.152835625382614,
			"host_system":	33.280230399798825,
			"remote_total":	48.025529177283573,
			"remote_user":	0.197484936973005,
			"remote_system":	47.828043407423856
		},
		"sender_tcp_congestion":	"bbr",
		"receiver_tcp_congestion":	"cubic"
	}
}
