{
	"start":	{
		"connected":	[{
				"socket":	7,
				"local_host":	"172.16.0.1",
				"local_port":	53528,
				"remote_host":	"172.17.0.1",
				"remote_port":	5201
			}],
		"version":	"iperf 3.16",
		"system_info":	"Linux h1 6.8.0-63-generic #66-Ubuntu SMP PREEMPT_DYNAMIC Fri Jun 13 20:25:30 UTC 2025 x86_64",
		"timestamp":	{
			"time":	"Sat, 31 Jan 2026 21:28:31 GMT",
			"timesecs":	1769894911
		},
		"connecting_to":	{
			"host":	"172.17.0.1",
			"port":	5201
		},
		"cookie":	"xbcdwbvvwxfriglw7rqnuxlk7scznuipzigs",
		"tcp_mss_default":	1448,
		"target_bitrate":	0,
		"fq_rate":	0,
		"sock_bufsize":	0,
		"sndbuf_actual":	1000000,
		"rcvbuf_actual":	1000000,
		"test_start":	{
			"protocol":	"TCP",
			"num_streams":	1,
			"blksize":	131072,
			"omit":	0,
			"duration":	120,
			"bytes":	0,
			"blocks":	0,
			"reverse":	0,
			"tos":	0,
			"target_bitrate":	0,
			"bidir":	0,
			"fqrate":	0
		}
	},
	"intervals":	[{
			"streams":	[{
					"socket":	7,
					"start":	0,
					"end":	1.001042,
					"seconds":	1.0010420083999634,
					"bytes":	105250816,
					"bits_per_second":	841130063.4084667,
					"retransmits":	7174,
					"snd_cwnd":	34168456,
					"snd_wnd":	38567936,
					"rtt":	61855,
					"rttvar":	341,
					"pmtu":	1500,
					"omitted":	false,
					"sender":	true
				}],
			"sum":	{
				"start":	0,
				"end":	1.001042,
				"seconds":	1.0010420083999634,
				"bytes":	105250816,
				"bits_per_second":	841130063.4084667,
				"retransmits":	7174,
				"omitted":	false,
				"sender":	true
			}
		}, {
			"streams":	[{
					"socket":	7,
					"start":	1.001042,
					"end":	2.000281,
					"seconds":	0.99923902750015259,
					"bytes":	71565312,
					"bits_per_second":	572958501.66331959,
					"retransmits":	11455,
					"snd_cwnd":	86880,
					"snd_wnd":	60203008,
					"rtt":	61730,
					"rttvar":	263,
					"pmtu":	1500,
					"omitted":	false,
					"sender":	true
				}],
			"sum":	{
				"start":	1.001042,
				"end":	2.000281,
				"seconds":	0.99923902750015259,
				"bytes":	71565312,
				"bits_per_second":	572958501.66331959,
				"retransmits":	11455,
				"omitted":	false,
				"sender":	true
			}
		}, {
			"streams":	[{
					"socket":	7,
					"start":	2.000281,
					"end":	3.000189,
					"seconds":	0.9999079704284668,
					"bytes":	78905344,
					"bits_per_second":	631300850.346766,
					"retransmits":	16109,
					"snd_cwnd":	27135520,
					"snd_wnd":	85508096,
					"rtt":	62499,
					"rttvar":	276,
					"pmtu":	1500,
					"omitted":	false,
					"sender":	true
				}],
			"sum":	{
				"start":	2.000281,
				"end":	3.000189,
				"seconds":	0.9999079704284668,
				"bytes":	78905344,
				"bits_per_second":	631300850.346766,
				"retransmits":	16109,
				"omitted":	false,
				"sender":	true
			}
		}, {
			"streams":	[{
					"socket":	7,
					"start":	3.000189,
					"end":	4.000868,
					"seconds":	1.0006790161132812,
					"bytes":	215351296,
					"bits_per_second":	1721641345.7849209,
					"retransmits":	24664,
					"snd_cwnd":	22420832,
					"snd_wnd":	127778816,
					"rtt":	62061,
					"rttvar":	1173,
					"pmtu":	1500,
					"omitted":	false,
					"sender":	true
				}],
			"sum":	{
				"start":	3.000189,
				"end":	4.000868,
				"seconds":	1.0006790161132812,
				"bytes":	215351296,
				"bits_per_second":	1721641345.7849209,
				"retransmits":	24664,
				"omitted":	false,
				"sender":	true
			}
		}, {
			"streams":	[{
					"socket":	7,
					"start":	4.000868,
					"end":	5.000671,
					"seconds":	0.99980300664901733,
					"bytes":	151388160,
					"bits_per_second":	1211343906.6953723,
					"retransmits":	14172,
					"snd_cwnd":	20494992,
					"snd_wnd":	135380992,
					"rtt":	62785,
					"rttvar":	601,
					"pmtu":	1500,
					"omitted":	false,
					"sender":	true
				}],
			"sum":	{
				"start":	4.000868,
				"end":	5.000671,
				"seconds":	0.99980300664901733,
				"bytes":	151388160,
				"bits_per_second":	1211343906.6953723,
				"retransmits":	14172,
				"omitted":	false,
				"sender":	true
			}
		}, {
			"streams":	[{
					"socket":	7,
					"start":	5.000671,
					"end":	6.000738,
					"seconds":	1.0000669956207275,
					"bytes":	155582464,
					"bits_per_second":	1244576330.8361728,
					"retransmits":	11516,
					"snd_cwnd":	8827008,
					"snd_wnd":	141299712,
					"rtt":	62624,
					"rttvar":	200,
					"pmtu":	1500,
					"omitted":	false,
					"sender":	true
				}],
			"sum":	{
				"start":	5.000671,
				"end":	6.000738,
				"seconds":	1.0000669956207275,
				"bytes":	155582464,
				"bits_per_second":	1244576330.8361728,
				"retransmits":	11516,
				"omitted":	false,
				"sender":	true
			}
		}, {
			"streams":	[{
					"socket":	7,
					"start":	6.000738,
					"end":	7.000071,
					"seconds":	0.99933302402496338,
					"bytes":	106430464,
					"bits_per_second":	852011983.52345347,
					"retransmits":	13226,
					"snd_cwnd":	19770992,
					"snd_wnd":	129327104,
					"rtt":	61617,
					"rttvar":	256,
					"pmtu":	1500,
					"omitted":	false,
					"sender":	true
				}],
			"sum":	{
				"start":	6.000738,
				"end":	7.000071,
				"seconds":	0.99933302402496338,
				"bytes":	106430464,
				"bits_per_second":	852011983.52345347,
				"retransmits":	13226,
				"omitted":	false,
				"sender":	true
			}
		}, {
			"streams":	[{
					"socket":	7,
					"start":	7.000071,
					"end":	8.00098,
					"seconds":	1.0009089708328247,
					"bytes":	130809856,
					"bits_per_second":	1045528493.0948895,
					"retransmits":	13719,
					"snd_cwnd":	24210560,
					"snd_wnd":	121749504,
					"rtt":	62164,
					"rttvar":	155,
					"pmtu":	1500,
					"omitted":	false,
					"sender":	true
				}],
			"sum":	{
				"start":	7.000071,
				"end":	8.00098,
				"seconds":	1.0009089708328247,
				"bytes":	130809856,
				"bits_per_second":	1045528493.0948895,
				"retransmits":	13719,
				"omitted":	false,
				"sender":	true
			}
		}, {
			"streams":	[{
					"socket":	7,
					"start":	8.00098,
					"end":	9.001001,
					"seconds":	1.0000209808349609,
					"bytes":	210763776,
					"bits_per_second":	1686074832.7422025,
					"retransmits":	13207,
					"snd_cwnd":	33072320,
					"snd_wnd":	124608512,
					"rtt":	62329,
					"rttvar":	220,
					"pmtu":	1500,
					"omitted":	false,
					"sender":	true
				}],
			"sum":	{
				"start":	8.00098,
				"end":	9.001001,
				"seconds":	1.0000209808349609,
				"bytes":	210763776,
				"bits_per_second":	1686074832.7422025,
				"retransmits":	13207,
				"omitted":	false,
				"sender":	true
			}
		}, {
			"streams":	[{
					"socket":	7,
					"start":	9.001001,
					"end":	10.000254,
					"seconds":	0.99925297498703,
					"bytes":	254803968,
					"bits_per_second":	2039955641.8898408,
					"retransmits":	20192,
					"snd_cwnd":	35771392,
					"snd_wnd":	124928000,
					"rtt":	62469,
					"rttvar":	246,
					"pmtu":	1500,
					"omitted":	false,
					"sender":	true
				}],
			"sum":	{
				"start":	9.001001,
				"end":	10.000254,
				"seconds":	0.99925297498703,
				"bytes":	254803968,
				"bits_per_second":	2039955641.8898408,
				"retransmits":	20192,
				"omitted":	false,
				"sender":	true
			}
		}, {
			"streams":	[{
					"socket":	7,
					"start":	10.000254,
					"end":	11.000084,
					"seconds":	0.99983000755310059,
					"bytes":	188612608,
					"bits_per_second":	1509157409.3607736,
					"retransmits":	13082,
					"snd_cwnd":	5792,
					"snd_wnd":	122343424,
					"rtt":	61833,
					"rttvar":	250,
					"pmtu":	1500,
					"omitted":	false,
					"sender":	true
				}],
			"sum":	{
				"start":	10.000254,
				"end":	11.000084,
				"seconds":	0.99983000755310059,
				"bytes":	188612608,
				"bits_per_second":	1509157409.3607736,
				"retransmits":	13082,
				"omitted":	false,
				"sender":	true
			}
		}, {
			"streams":	[{
					"socket":	7,
					"start":	11.000084,
					"end":	12.000372,
					"seconds":	1.0002880096435547,
					"bytes":	246677504,
					"bits_per_second":	1972851831.647181,
					"retransmits":	27592,
					"snd_cwnd":	37537952,
					"snd_wnd":	120528896,
					"rtt":	62887,
					"rttvar":	1962,
					"pmtu":	1500,
					"omitted":	false,
					"sender":	true
				}],
			"sum":	{
				"start":	11.000084,
				"end":	12.000372,
				"seconds":	1.0002880096435547,
				"bytes":	246677504,
				"bits_per_second":	1972851831.647181,
				"retransmits":	27592,
				"omitted":	false,
				"sender":	true
			}
		}, {
			"streams":	[{
					"socket":	7,
					"start":	12.000372,
					"end":	13.000083,
					"seconds":	0.999710977077484,
					"bytes":	241303552,
					"bits_per_second":	1930986515.36601,
					"retransmits":	26203,
					"snd_cwnd":	44725824,
					"snd_wnd":	107053056,
					"rtt":	62594,
					"rttvar":	365,
					"pmtu":	1500,
					"omitted":	false,
					"sender":	true
				}],
			"sum":	{
				"start":	12.000372,
				"end":	13.000083,
				"seconds":	0.999710977077484,
				"bytes":	241303552,
				"bits_per_second":	1930986515.36601,
				"retransmits":	26203,
				"omitted":	false,
				"sender":	true
			}
		}, {
			"streams":	[{
					"socket":	7,
					"start":	13.000083,
					"end":	14.0011,
					"seconds":	1.0010169744491577,
					"bytes":	272236544,
					"bits_per_second":	2175679741.2935543,
					"retransmits":	36981,
					"snd_cwnd":	41693712,
					"snd_wnd":	101863424,
					"rtt":	62172,
					"rttvar":	871,
					"pmtu":	1500,
					"omitted":	false,
					"sender":	true
				}],
			"sum":	{
				"start":	13.000083,
				"end":	14.0011,
				"seconds":	1.0010169744491577,
				"bytes":	272236544,
				"bits_per_second":	2175679741.2935543,
				"retransmits":	36981,
				"omitted":	false,
				"sender":	true
			}
		}, {
			"streams":	[{
					"socket":	7,
					"start":	14.0011,
					"end":	15.001068,
					"seconds":	0.99996799230575562,
					"bytes":	296091648,
					"bits_per_second":	2368809004.114327,
					"retransmits":	20775,
					"snd_cwnd":	43946800,
					"snd_wnd":	112959488,
					"rtt":	62453,
					"rttvar":	225,
					"pmtu":	1500,
					"omitted":	false,
					"sender":	true
				}],
			"sum":	{
				"start":	14.0011,
				"end":	15.001068,
				"seconds":	0.99996799230575562,
				"bytes":	296091648,
				"bits_per_second":	2368809004.114327,
				"retransmits":	20775,
				"omitted":	false,
				"sender":	true
			}
		}, {
			"streams":	[{
					"socket":	7,
					"start":	15.001068,
					"end":	16.001105,
					"seconds":	1.0000369548797607,
					"bytes":	280887296,
					"bits_per_second":	2247015329.818666,
					"retransmits":	35285,
					"snd_cwnd":	37207808,
					"snd_wnd":	136286208,
					"rtt":	62492,
					"rttvar":	276,
					"pmtu":	1500,
					"omitted":	false,
					"sender":	true
				}],
			"sum":	{
				"start":	15.001068,
				"end":	16.001105,
				"seconds":	1.0000369548797607,
				"bytes":	280887296,
				"bits_per_second":	2247015329.818666,
				"retransmits":	35285,
				"omitted":	false,
				"sender":	true
			}
		}, {
			"streams":	[{
					"socket":	7,
					"start":	16.001105,
					"end":	17.000298,
					"seconds":	0.999193012714386,
					"bytes":	198836224,
					"bits_per_second":	1591974495.1766293,
					"retransmits":	23818,
					"snd_cwnd":	30182112,
					"snd_wnd":	129552384,
					"rtt":	62822,
					"rttvar":	409,
					"pmtu":	1500,
					"omitted":	false,
					"sender":	true
				}],
			"sum":	{
				"start":	16.001105,
				"end":	17.000298,
				"seconds":	0.999193012714386,
				"bytes":	198836224,
				"bits_per_second":	1591974495.1766293,
				"retransmits":	23818,
				"omitted":	false,
				"sender":	true
			}
		}, {
			"streams":	[{
					"socket":	7,
					"start":	17.000298,
					"end":	18.000284,
					"seconds":	0.99998599290847778,
					"bytes":	186384384,
					"bits_per_second":	1491095957.917551,
					"retransmits":	18449,
					"snd_cwnd":	30234240,
					"snd_wnd":	125710336,
					"rtt":	62259,
					"rttvar":	336,
					"pmtu":	1500,
					"omitted":	false,
					"sender":	true
				}],
			"sum":	{
				"start":	17.000298,
				"end":	18.000284,
				"seconds":	0.99998599290847778,
				"bytes":	186384384,
				"bits_per_second":	1491095957.917551,
				"retransmits":	18449,
				"omitted":	false,
				"sender":	true
			}
		}, {
			"streams":	[{
					"socket":	7,
					"start":	18.000284,
					"end":	19.000142,
					"seconds":	0.999858021736145,
					"bytes":	215744512,
					"bits_per_second":	1726201179.0464654,
					"retransmits":	23237,
					"snd_cwnd":	28577728,
					"snd_wnd":	127688704,
					"rtt":	63938,
					"rttvar":	2524,
					"pmtu":	1500,
					"omitted":	false,
					"sender":	true
				}],
			"sum":	{
				"start":	18.000284,
				"end":	19.000142,
				"seconds":	0.999858021736145,
				"bytes":	215744512,
				"bits_per_second":	1726201179.0464654,
				"retransmits":	23237,
				"omitted":	false,
				"sender":	true
			}
		}, {
			"streams":	[{
					"socket":	7,
					"start":	19.000142,
					"end":	20.000296,
					"seconds":	1.0001540184020996,
					"bytes":	237633536,
					"bits_per_second":	1900775533.5895665,
					"retransmits":	17348,
					"snd_cwnd":	37387360,
					"snd_wnd":	124407808,
					"rtt":	62473,
					"rttvar":	198,
					"pmtu":	1500,
					"omitted":	false,
					"sender":	true
				}],
			"sum":	{
				"start":	19.000142,
				"end":	20.000296,
				"seconds":	1.0001540184020996,
				"bytes":	237633536,
				"bits_per_second":	1900775533.5895665,
				"retransmits":	17348,
				"omitted":	false,
				"sender":	true
			}
		}, {
			"streams":	[{
					"socket":	7,
					"start":	20.000296,
					"end":	21.000465,
					"seconds":	1.000169038772583,
					"bytes":	259260416,
					"bits_per_second":	2073732786.7550619,
					"retransmits":	28874,
					"snd_cwnd":	44497040,
					"snd_wnd":	110907392,
					"rtt":	62359,
					"rttvar":	220,
					"pmtu":	1500,
					"omitted":	false,
					"sender":	true
				}],
			"sum":	{
				"start":	20.000296,
				"end":	21.000465,
				"seconds":	1.000169038772583,
				"bytes":	259260416,
				"bits_per_second":	2073732786.7550619,
				"retransmits":	28874,
				"omitted":	false,
				"sender":	true
			}
		}, {
			"streams":	[{
					"socket":	7,
					"start":	21.000465,
					"end":	22.000105,
					"seconds":	0.99963998794555664,
					"bytes":	206831616,
					"bits_per_second":	1655248837.5346158,
					"retransmits":	18708,
					"snd_cwnd":	40913240,
					"snd_wnd":	100495360,
					"rtt":	63378,
					"rttvar":	623,
					"pmtu":	1500,
					"omitted":	false,
					"sender":	true
				}],
			"sum":	{
				"start":	21.000465,
				"end":	22.000105,
				"seconds":	0.99963998794555664,
				"bytes":	206831616,
				"bits_per_second":	1655248837.5346158,
				"retransmits":	18708,
				"omitted":	false,
				"sender":	true
			}
		}, {
			"streams":	[{
					"socket":	7,
					"start":	22.000105,
					"end":	23.000258,
					"seconds":	1.0001529455184937,
					"bytes":	228196352,
					"bits_per_second":	1825291645.8228276,
					"retransmits":	33858,
					"snd_cwnd":	39023600,
					"snd_wnd":	104792064,
					"rtt":	61895,
					"rttvar":	428,
					"pmtu":	1500,
					"omitted":	false,
					"sender":	true
				}],
			"sum":	{
				"start":	22.000105,
				"end":	23.000258,
				"seconds":	1.0001529455184937,
				"bytes":	228196352,
				"bits_per_second":	1825291645.8228276,
				"retransmits":	33858,
				"omitted":	false,
				"sender":	true
			}
		}, {
			"streams":	[{
					"socket":	7,
					"start":	23.000258,
					"end":	24.000323,
					"seconds":	1.0000649690628052,
					"bytes":	239861760,
					"bits_per_second":	1918769419.3490856,
					"retransmits":	28448,
					"snd_cwnd":	42875280,
					"snd_wnd":	126648320,
					"rtt":	62501,
					"rttvar":	294,
					"pmtu":	1500,
					"omitted":	false,
					"sender":	true
				}],
			"sum":	{
				"start":	23.000258,
				"end":	24.000323,
				"seconds":	1.0000649690628052,
				"bytes":	239861760,
				"bits_per_second":	1918769419.3490856,
				"retransmits":	28448,
				"omitted":	false,
				"sender":	true
			}
		}, {
			"streams":	[{
					"socket":	7,
					"start":	24.000323,
					"end":	25.002271,
					"seconds":	1.0019479990005493,
					"bytes":	183762944,
					"bits_per_second":	1467245359.5061214,
					"retransmits":	14717,
					"snd_cwnd":	25814944,
					"snd_wnd":	130076672,
					"rtt":	61994,
					"rttvar":	117,
					"pmtu":	1500,
					"omitted":	false,
					"sender":	true
				}],
			"sum":	{
				"start":	24.000323,
				"end":	25.002271,
				"seconds":	1.0019479990005493,
				"bytes":	183762944,
				"bits_per_second":	1467245359.5061214,
				"retransmits":	14717,
				"omitted":	false,
				"sender":	true
			}
		}, {
			"streams":	[{
					"socket":	7,
					"start":	25.002271,
					"end":	26.0013,
					"seconds":	0.999028980731964,
					"bytes":	195559424,
					"bits_per_second":	1565996004.2938366,
					"retransmits":	16608,
					"snd_cwnd":	25687520,
					"snd_wnd":	124526592,
					"rtt":	61434,
					"rttvar":	355,
					"pmtu":	1500,
					"omitted":	false,
					"sender":	true
				}],
			"sum":	{
				"start":	25.002271,
				"end":	26.0013,
				"seconds":	0.999028980731964,
				"bytes":	195559424,
				"bits_per_second":	1565996004.2938366,
				"retransmits":	16608,
				"omitted":	false,
				"sender":	true
			}
		}, {
			"streams":	[{
					"socket":	7,
					"start":	26.0013,
					"end":	27.000213,
					"seconds":	0.9989129900932312,
					"bytes":	187564032,
					"bits_per_second":	1502145102.607939,
					"retransmits":	16404,
					"snd_cwnd":	26643200,
					"snd_wnd":	125067264,
					"rtt":	62543,
					"rttvar":	361,
					"pmtu":	1500,
					"omitted":	false,
					"sender":	true
				}],
			"sum":	{
				"start":	26.0013,
				"end":	27.000213,
				"seconds":	0.9989129900932312,
				"bytes":	187564032,
				"bits_per_second":	1502145102.607939,
				"retransmits":	16404,
				"omitted":	false,
				"sender":	true
			}
		}, {
			"streams":	[{
					"socket":	7,
					"start":	27.000213,
					"end":	28.001047,
					"seconds":	1.0008339881896973,
					"bytes":	176553984,
					"bits_per_second":	1411254902.0790138,
					"retransmits":	16737,
					"snd_cwnd":	32232480,
					"snd_wnd":	122658816,
					"rtt":	62381,
					"rttvar":	325,
					"pmtu":	1500,
					"omitted":	false,
					"sender":	true
				}],
			"sum":	{
				"start":	27.000213,
				"end":	28.001047,
				"seconds":	1.0008339881896973,
				"bytes":	176553984,
				"bits_per_second":	1411254902.0790138,
				"retransmits":	16737,
				"omitted":	false,
				"sender":	true
			}
		}, {
			"streams":	[{
					"socket":	7,
					"start":	28.001047,
					"end":	29.001047,
					"seconds":	1,
					"bytes":	217186304,
					"bits_per_second":	1737490432,
					"retransmits":	24998,
					"snd_cwnd":	28540080,
					"snd_wnd":	126365696,
					"rtt":	61918,
					"rttvar":	488,
					"pmtu":	1500,
					"omitted":	false,
					"sender":	true
				}],
			"sum":	{
				"start":	28.001047,
				"end":	29.001047,
				"seconds":	1,
				"bytes":	217186304,
				"bits_per_second":	1737490432,
				"retransmits":	24998,
				"omitted":	false,
				"sender":	true
			}
		}, {
			"streams":	[{
					"socket":	7,
					"start":	29.001047,
					"end":	30.001045,
					"seconds":	0.99999797344207764,
					"bytes":	194117632,
					"bits_per_second":	1552944203.1313779,
					"retransmits":	16666,
					"snd_cwnd":	26205904,
					"snd_wnd":	133537792,
					"rtt":	61894,
					"rttvar":	230,
					"pmtu":	1500,
					"omitted":	false,
					"sender":	true
				}],
			"sum":	{
				"start":	29.001047,
				"end":	30.001045,
				"seconds":	0.99999797344207764,
				"bytes":	194117632,
				"bits_per_second":	1552944203.1313779,
				"retransmits":	16666,
				"omitted":	false,
				"sender":	true
			}
		}, {
			"streams":	[{
					"socket":	7,
					"start":	30.001045,
					"end":	31.001047,
					"seconds":	1.0000020265579224,
					"bytes":	157417472,
					"bits_per_second":	1259337223.880172,
					"retransmits":	18289,
					"snd_cwnd":	26252240,
					"snd_wnd":	125112320,
					"rtt":	62512,
					"rttvar":	237,
					"pmtu":	1500,
					"omitted":	false,
					"sender":	true
				}],
			"sum":	{
				"start":	30.001045,
				"end":	31.001047,
				"seconds":	1.0000020265579224,
				"bytes":	157417472,
				"bits_per_second":	1259337223.880172,
				"retransmits":	18289,
				"omitted":	false,
				"sender":	true
			}
		}, {
			"streams":	[{
					"socket":	7,
					"start":	31.001047,
					"end":	32.001069,
					"seconds":	1.0000220537185669,
					"bytes":	171311104,
					"bits_per_second":	1370458608.2915452,
					"retransmits":	8601,
					"snd_cwnd":	25974224,
					"snd_wnd":	138366976,
					"rtt":	62410,
					"rttvar":	281,
					"pmtu":	1500,
					"omitted":	false,
					"sender":	true
				}],
			"sum":	{
				"start":	31.001047,
				"end":	32.001069,
				"seconds":	1.0000220537185669,
				"bytes":	171311104,
				"bits_per_second":	1370458608.2915452,
				"retransmits":	8601,
				"omitted":	false,
				"sender":	true
			}
		}, {
			"streams":	[{
					"socket":	7,
					"start":	32.001069,
					"end":	33.000162,
					"seconds":	0.999092996120453,
					"bytes":	165412864,
					"bits_per_second":	1324504242.4864118,
					"retransmits":	12269,
					"snd_cwnd":	32892768,
					"snd_wnd":	132399104,
					"rtt":	64066,
					"rttvar":	1312,
					"pmtu":	1500,
					"omitted":	false,
					"sender":	true
				}],
			"sum":	{
				"start":	32.001069,
				"end":	33.000162,
				"seconds":	0.999092996120453,
				"bytes":	165412864,
				"bits_per_second":	1324504242.4864118,
				"retransmits":	12269,
				"omitted":	false,
				"sender":	true
			}
		}, {
			"streams":	[{
					"socket":	7,
					"start":	33.000162,
					"end":	34.00026,
					"seconds":	1.0000979900360107,
					"bytes":	202506240,
					"bits_per_second":	1619891186.8042715,
					"retransmits":	27859,
					"snd_cwnd":	34268368,
					"snd_wnd":	106627072,
					"rtt":	61785,
					"rttvar":	358,
					"pmtu":	1500,
					"omitted":	false,
					"sender":	true
				}],
			"sum":	{
				"start":	33.000162,
				"end":	34.00026,
				"seconds":	1.0000979900360107,
				"bytes":	202506240,
				"bits_per_second":	1619891186.8042715,
				"retransmits":	27859,
				"omitted":	false,
				"sender":	true
			}
		}, {
			"streams":	[{
					"socket":	7,
					"start":	34.00026,
					"end":	35.000178,
					"seconds":	0.999917984008789,
					"bytes":	219152384,
					"bits_per_second":	1753362875.7942107,
					"retransmits":	30848,
					"snd_cwnd":	32162976,
					"snd_wnd":	130445312,
					"rtt":	62457,
					"rttvar":	445,
					"pmtu":	1500,
					"omitted":	false,
					"sender":	true
				}],
			"sum":	{
				"start":	34.00026,
				"end":	35.000178,
				"seconds":	0.999917984008789,
				"bytes":	219152384,
				"bits_per_second":	1753362875.7942107,
				"retransmits":	30848,
				"omitted":	false,
				"sender":	true
			}
		}, {
			"streams":	[{
					"socket":	7,
					"start":	35.000178,
					"end":	36.000173,
					"seconds":	0.999994993209839,
					"bytes":	189661184,
					"bits_per_second":	1517297068.7880356,
					"retransmits":	22653,
					"snd_cwnd":	33822384,
					"snd_wnd":	106868736,
					"rtt":	61610,
					"rttvar":	309,
					"pmtu":	1500,
					"omitted":	false,
					"sender":	true
				}],
			"sum":	{
				"start":	35.000178,
				"end":	36.000173,
				"seconds":	0.999994993209839,
				"bytes":	189661184,
				"bits_per_second":	1517297068.7880356,
				"retransmits":	22653,
				"omitted":	false,
				"sender":	true
			}
		}, {
			"streams":	[{
					"socket":	7,
					"start":	36.000173,
					"end":	37.00014,
					"seconds":	0.99996697902679443,
					"bytes":	237240320,
					"bits_per_second":	1897985233.3195341,
					"retransmits":	21830,
					"snd_cwnd":	41980416,
					"snd_wnd":	111325184,
					"rtt":	62492,
					"rttvar":	532,
					"pmtu":	1500,
					"omitted":	false,
					"sender":	true
				}],
			"sum":	{
				"start":	36.000173,
				"end":	37.00014,
				"seconds":	0.99996697902679443,
				"bytes":	237240320,
				"bits_per_second":	1897985233.3195341,
				"retransmits":	21830,
				"omitted":	false,
				"sender":	true
			}
		}, {
			"streams":	[{
					"socket":	7,
					"start":	37.00014,
					"end":	38.000074,
					"seconds":	0.99993401765823364,
					"bytes":	256114688,
					"bits_per_second":	2049052705.2958982,
					"retransmits":	22918,
					"snd_cwnd":	45971104,
					"snd_wnd":	125120512,
					"rtt":	62082,
					"rttvar":	521,
					"pmtu":	1500,
					"omitted":	false,
					"sender":	true
				}],
			"sum":	{
				"start":	37.00014,
				"end":	38.000074,
				"seconds":	0.99993401765823364,
				"bytes":	256114688,
				"bits_per_second":	2049052705.2958982,
				"retransmits":	22918,
				"omitted":	false,
				"sender":	true
			}
		}, {
			"streams":	[{
					"socket":	7,
					"start":	38.000074,
					"end":	39.000224,
					"seconds":	1.0001499652862549,
					"bytes":	262275072,
					"bits_per_second":	2097885965.9305892,
					"retransmits":	27527,
					"snd_cwnd":	45597520,
					"snd_wnd":	107601920,
					"rtt":	62323,
					"rttvar":	532,
					"pmtu":	1500,
					"omitted":	false,
					"sender":	true
				}],
			"sum":	{
				"start":	38.000074,
				"end":	39.000224,
				"seconds":	1.0001499652862549,
				"bytes":	262275072,
				"bits_per_second":	2097885965.9305892,
				"retransmits":	27527,
				"omitted":	false,
				"sender":	true
			}
		}, {
			"streams":	[{
					"socket":	7,
					"start":	39.000224,
					"end":	40.000132,
					"seconds":	0.9999079704284668,
					"bytes":	202899456,
					"bits_per_second":	1623345043.7488267,
					"retransmits":	35289,
					"snd_cwnd":	29293040,
					"snd_wnd":	104202240,
					"rtt":	62907,
					"rttvar":	477,
					"pmtu":	1500,
					"omitted":	false,
					"sender":	true
				}],
			"sum":	{
				"start":	39.000224,
				"end":	40.000132,
				"seconds":	0.9999079704284668,
				"bytes":	202899456,
				"bits_per_second":	1623345043.7488267,
				"retransmits":	35289,
				"omitted":	false,
				"sender":	true
			}
		}, {
			"streams":	[{
					"socket":	7,
					"start":	40.000132,
					"end":	41.000166,
					"seconds":	1.000033974647522,
					"bytes":	256638976,
					"bits_per_second":	2053042056.6197786,
					"retransmits":	5229,
					"snd_cwnd":	28319984,
					"snd_wnd":	135958528,
					"rtt":	63079,
					"rttvar":	558,
					"pmtu":	1500,
					"omitted":	false,
					"sender":	true
				}],
			"sum":	{
				"start":	40.000132,
				"end":	41.000166,
				"seconds":	1.000033974647522,
				"bytes":	256638976,
				"bits_per_second":	2053042056.6197786,
				"retransmits":	5229,
				"omitted":	false,
				"sender":	true
			}
		}, {
			"streams":	[{
					"socket":	7,
					"start":	41.000166,
					"end":	42.000143,
					"seconds":	0.9999769926071167,
					"bytes":	151388160,
					"bits_per_second":	1211133145.0161014,
					"retransmits":	1774,
					"snd_cwnd":	28337360,
					"snd_wnd":	141410304,
					"rtt":	60835,
					"rttvar":	26,
					"pmtu":	1500,
					"omitted":	false,
					"sender":	true
				}],
			"sum":	{
				"start":	41.000166,
				"end":	42.000143,
				"seconds":	0.9999769926071167,
				"bytes":	151388160,
				"bits_per_second":	1211133145.0161014,
				"retransmits":	1774,
				"omitted":	false,
				"sender":	true
			}
		}, {
			"streams":	[{
					"socket":	7,
					"start":	42.000143,
					"end":	43.000255,
					"seconds":	1.0001120567321777,
					"bytes":	223608832,
					"bits_per_second":	1788670223.4598155,
					"retransmits":	4781,
					"snd_cwnd":	30240032,
					"snd_wnd":	137052160,
					"rtt":	62194,
					"rttvar":	383,
					"pmtu":	1500,
					"omitted":	false,
					"sender":	true
				}],
			"sum":	{
				"start":	42.000143,
				"end":	43.000255,
				"seconds":	1.0001120567321777,
				"bytes":	223608832,
				"bits_per_second":	1788670223.4598155,
				"retransmits":	4781,
				"omitted":	false,
				"sender":	true
			}
		}, {
			"streams":	[{
					"socket":	7,
					"start":	43.000255,
					"end":	44.000735,
					"seconds":	1.000480055809021,
					"bytes":	179437568,
					"bits_per_second":	1434811754.282505,
					"retransmits":	8963,
					"snd_cwnd":	36813952,
					"snd_wnd":	113287168,
					"rtt":	62370,
					"rttvar":	1391,
					"pmtu":	1500,
					"omitted":	false,
					"sender":	true
				}],
			"sum":	{
				"start":	43.000255,
				"end":	44.000735,
				"seconds":	1.000480055809021,
				"bytes":	179437568,
				"bits_per_second":	1434811754.282505,
				"retransmits":	8963,
				"omitted":	false,
				"sender":	true
			}
		}, {
			"streams":	[{
					"socket":	7,
					"start":	44.000735,
					"end":	45.000106,
					"seconds":	0.9993709921836853,
					"bytes":	194510848,
					"bits_per_second":	1557066190.8045354,
					"retransmits":	24391,
					"snd_cwnd":	41149264,
					"snd_wnd":	111112192,
					"rtt":	62221,
					"rttvar":	136,
					"pmtu":	1500,
					"omitted":	false,
					"sender":	true
				}],
			"sum":	{
				"start":	44.000735,
				"end":	45.000106,
				"seconds":	0.9993709921836853,
				"bytes":	194510848,
				"bits_per_second":	1557066190.8045354,
				"retransmits":	24391,
				"omitted":	false,
				"sender":	true
			}
		}, {
			"streams":	[{
					"socket":	7,
					"start":	45.000106,
					"end":	46.000078,
					"seconds":	0.99997198581695557,
					"bytes":	289275904,
					"bits_per_second":	2314272064.4412279,
					"retransmits":	26970,
					"snd_cwnd":	43159088,
					"snd_wnd":	113123328,
					"rtt":	62013,
					"rttvar":	224,
					"pmtu":	1500,
					"omitted":	false,
					"sender":	true
				}],
			"sum":	{
				"start":	45.000106,
				"end":	46.000078,
				"seconds":	0.99997198581695557,
				"bytes":	289275904,
				"bits_per_second":	2314272064.4412279,
				"retransmits":	26970,
				"omitted":	false,
				"sender":	true
			}
		}, {
			"streams":	[{
					"socket":	7,
					"start":	46.000078,
					"end":	47.000439,
					"seconds":	1.00036096572876,
					"bytes":	253755392,
					"bits_per_second":	2029310624.4115794,
					"retransmits":	24989,
					"snd_cwnd":	47705808,
					"snd_wnd":	106061824,
					"rtt":	62327,
					"rttvar":	264,
					"pmtu":	1500,
					"omitted":	false,
					"sender":	true
				}],
			"sum":	{
				"start":	46.000078,
				"end":	47.000439,
				"seconds":	1.00036096572876,
				"bytes":	253755392,
				"bits_per_second":	2029310624.4115794,
				"retransmits":	24989,
				"omitted":	false,
				"sender":	true
			}
		}, {
			"streams":	[{
					"socket":	7,
					"start":	47.000439,
					"end":	48.000273,
					"seconds":	0.99983400106430054,
					"bytes":	245497856,
					"bits_per_second":	1964308921.1903026,
					"retransmits":	25520,
					"snd_cwnd":	53599168,
					"snd_wnd":	102400000,
					"rtt":	62080,
					"rttvar":	437,
					"pmtu":	1500,
					"omitted":	false,
					"sender":	true
				}],
			"sum":	{
				"start":	47.000439,
				"end":	48.000273,
				"seconds":	0.99983400106430054,
				"bytes":	245497856,
				"bits_per_second":	1964308921.1903026,
				"retransmits":	25520,
				"omitted":	false,
				"sender":	true
			}
		}, {
			"streams":	[{
					"socket":	7,
					"start":	48.000273,
					"end":	49.000216,
					"seconds":	0.99994301795959473,
					"bytes":	250347520,
					"bits_per_second":	2002894289.0033035,
					"retransmits":	24098,
					"snd_cwnd":	31202952,
					"snd_wnd":	141402112,
					"rtt":	61992,
					"rttvar":	207,
					"pmtu":	1500,
					"omitted":	false,
					"sender":	true
				}],
			"sum":	{
				"start":	48.000273,
				"end":	49.000216,
				"seconds":	0.99994301795959473,
				"bytes":	250347520,
				"bits_per_second":	2002894289.0033035,
				"retransmits":	24098,
				"omitted":	false,
				"sender":	true
			}
		}, {
			"streams":	[{
					"socket":	7,
					"start":	49.000216,
					"end":	50.001046,
					"seconds":	1.0008300542831421,
					"bytes":	191496192,
					"bits_per_second":	1530698972.7614582,
					"retransmits":	32129,
					"snd_cwnd":	27063120,
					"snd_wnd":	134774784,
					"rtt":	63309,
					"rttvar":	386,
					"pmtu":	1500,
					"omitted":	false,
					"sender":	true
				}],
			"sum":	{
				"start":	49.000216,
				"end":	50.001046,
				"seconds":	1.0008300542831421,
				"bytes":	191496192,
				"bits_per_second":	1530698972.7614582,
				"retransmits":	32129,
				"omitted":	false,
				"sender":	true
			}
		}, {
			"streams":	[{
					"socket":	7,
					"start":	50.001046,
					"end":	51.000068,
					"seconds":	0.99902200698852539,
					"bytes":	211156992,
					"bits_per_second":	1690909633.8048964,
					"retransmits":	11095,
					"snd_cwnd":	27454080,
					"snd_wnd":	132882432,
					"rtt":	62180,
					"rttvar":	452,
					"pmtu":	1500,
					"omitted":	false,
					"sender":	true
				}],
			"sum":	{
				"start":	50.001046,
				"end":	51.000068,
				"seconds":	0.99902200698852539,
				"bytes":	211156992,
				"bits_per_second":	1690909633.8048964,
				"retransmits":	11095,
				"omitted":	false,
				"sender":	true
			}
		}, {
			"streams":	[{
					"socket":	7,
					"start":	51.000068,
					"end":	52.001051,
					"seconds":	1.0009829998016357,
					"bytes":	182321152,
					"bits_per_second":	1457136850.7647421,
					"retransmits":	7925,
					"snd_cwnd":	27277424,
					"snd_wnd":	124411904,
					"rtt":	62129,
					"rttvar":	315,
					"pmtu":	1500,
					"omitted":	false,
					"sender":	true
				}],
			"sum":	{
				"start":	51.000068,
				"end":	52.001051,
				"seconds":	1.0009829998016357,
				"bytes":	182321152,
				"bits_per_second":	1457136850.7647421,
				"retransmits":	7925,
				"omitted":	false,
				"sender":	true
			}
		}, {
			"streams":	[{
					"socket":	7,
					"start":	52.001051,
					"end":	53.000223,
					"seconds":	0.99917197227478027,
					"bytes":	181010432,
					"bits_per_second":	1449283502.9221232,
					"retransmits":	254,
					"snd_cwnd":	13618440,
					"snd_wnd":	141410304,
					"rtt":	62893,
					"rttvar":	264,
					"pmtu":	1500,
					"omitted":	false,
					"sender":	true
				}],
			"sum":	{
				"start":	52.001051,
				"end":	53.000223,
				"seconds":	0.99917197227478027,
				"bytes":	181010432,
				"bits_per_second":	1449283502.9221232,
				"retransmits":	254,
				"omitted":	false,
				"sender":	true
			}
		}, {
			"streams":	[{
					"socket":	7,
					"start":	53.000223,
					"end":	54.001046,
					"seconds":	1.0008230209350586,
					"bytes":	171704320,
					"bits_per_second":	1372504959.6847076,
					"retransmits":	13758,
					"snd_cwnd":	28542976,
					"snd_wnd":	125386752,
					"rtt":	62617,
					"rttvar":	416,
					"pmtu":	1500,
					"omitted":	false,
					"sender":	true
				}],
			"sum":	{
				"start":	53.000223,
				"end":	54.001046,
				"seconds":	1.0008230209350586,
				"bytes":	171704320,
				"bits_per_second":	1372504959.6847076,
				"retransmits":	13758,
				"omitted":	false,
				"sender":	true
			}
		}, {
			"streams":	[{
					"socket":	7,
					"start":	54.001046,
					"end":	55.000184,
					"seconds":	0.9991379976272583,
					"bytes":	174325760,
					"bits_per_second":	1395809270.9034135,
					"retransmits":	22735,
					"snd_cwnd":	30405104,
					"snd_wnd":	114601984,
					"rtt":	62385,
					"rttvar":	230,
					"pmtu":	1500,
					"omitted":	false,
					"sender":	true
				}],
			"sum":	{
				"start":	54.001046,
				"end":	55.000184,
				"seconds":	0.9991379976272583,
				"bytes":	174325760,
				"bits_per_second":	1395809270.9034135,
				"retransmits":	22735,
				"omitted":	false,
				"sender":	true
			}
		}, {
			"streams":	[{
					"socket":	7,
					"start":	55.000184,
					"end":	56.000151,
					"seconds":	0.99996697902679443,
					"bytes":	201981952,
					"bits_per_second":	1615908974.8869624,
					"retransmits":	23254,
					"snd_cwnd":	30066272,
					"snd_wnd":	119791616,
					"rtt":	61736,
					"rttvar":	491,
					"pmtu":	1500,
					"omitted":	false,
					"sender":	true
				}],
			"sum":	{
				"start":	55.000184,
				"end":	56.000151,
				"seconds":	0.99996697902679443,
				"bytes":	201981952,
				"bits_per_second":	1615908974.8869624,
				"retransmits":	23254,
				"omitted":	false,
				"sender":	true
			}
		}, {
			"streams":	[{
					"socket":	7,
					"start":	56.000151,
					"end":	57.000106,
					"seconds":	0.99995499849319458,
					"bytes":	189267968,
					"bits_per_second":	1514211885.8164845,
					"retransmits":	14280,
					"snd_cwnd":	24986688,
					"snd_wnd":	131346432,
					"rtt":	62606,
					"rttvar":	428,
					"pmtu":	1500,
					"omitted":	false,
					"sender":	true
				}],
			"sum":	{
				"start":	56.000151,
				"end":	57.000106,
				"seconds":	0.99995499849319458,
				"bytes":	189267968,
				"bits_per_second":	1514211885.8164845,
				"retransmits":	14280,
				"omitted":	false,
				"sender":	true
			}
		}, {
			"streams":	[{
					"socket":	7,
					"start":	57.000106,
					"end":	58.000075,
					"seconds":	0.9999690055847168,
					"bytes":	178913280,
					"bits_per_second":	1431350603.8750324,
					"retransmits":	11438,
					"snd_cwnd":	24914288,
					"snd_wnd":	129101824,
					"rtt":	62076,
					"rttvar":	202,
					"pmtu":	1500,
					"omitted":	false,
					"sender":	true
				}],
			"sum":	{
				"start":	57.000106,
				"end":	58.000075,
				"seconds":	0.9999690055847168,
				"bytes":	178913280,
				"bits_per_second":	1431350603.8750324,
				"retransmits":	11438,
				"omitted":	false,
				"sender":	true
			}
		}, {
			"streams":	[{
					"socket":	7,
					"start":	58.000075,
					"end":	59.000246,
					"seconds":	1.0001709461212158,
					"bytes":	166985728,
					"bits_per_second":	1335657498.5313532,
					"retransmits":	14882,
					"snd_cwnd":	24306128,
					"snd_wnd":	123891712,
					"rtt":	62272,
					"rttvar":	334,
					"pmtu":	1500,
					"omitted":	false,
					"sender":	true
				}],
			"sum":	{
				"start":	58.000075,
				"end":	59.000246,
				"seconds":	1.0001709461212158,
				"bytes":	166985728,
				"bits_per_second":	1335657498.5313532,
				"retransmits":	14882,
				"omitted":	false,
				"sender":	true
			}
		}, {
			"streams":	[{
					"socket":	7,
					"start":	59.000246,
					"end":	60.000132,
					"seconds":	0.99988597631454468,
					"bytes":	176947200,
					"bits_per_second":	1415739027.7815907,
					"retransmits":	22582,
					"snd_cwnd":	33836864,
					"snd_wnd":	102785024,
					"rtt":	61428,
					"rttvar":	189,
					"pmtu":	1500,
					"omitted":	false,
					"sender":	true
				}],
			"sum":	{
				"start":	59.000246,
				"end":	60.000132,
				"seconds":	0.99988597631454468,
				"bytes":	176947200,
				"bits_per_second":	1415739027.7815907,
				"retransmits":	22582,
				"omitted":	false,
				"sender":	true
			}
		}, {
			"streams":	[{
					"socket":	7,
					"start":	60.000132,
					"end":	61.00027,
					"seconds":	1.0001380443573,
					"bytes":	241303552,
					"bits_per_second":	1930161968.0316386,
					"retransmits":	26867,
					"snd_cwnd":	34821504,
					"snd_wnd":	104734720,
					"rtt":	62239,
					"rttvar":	326,
					"pmtu":	1500,
					"omitted":	false,
					"sender":	true
				}],
			"sum":	{
				"start":	60.000132,
				"end":	61.00027,
				"seconds":	1.0001380443573,
				"bytes":	241303552,
				"bits_per_second":	1930161968.0316386,
				"retransmits":	26867,
				"omitted":	false,
				"sender":	true
			}
		}, {
			"streams":	[{
					"socket":	7,
					"start":	61.00027,
					"end":	62.000164,
					"seconds":	0.99989402294158936,
					"bytes":	195297280,
					"bits_per_second":	1562543833.7991438,
					"retransmits":	18899,
					"snd_cwnd":	36550416,
					"snd_wnd":	110825472,
					"rtt":	62347,
					"rttvar":	272,
					"pmtu":	1500,
					"omitted":	false,
					"sender":	true
				}],
			"sum":	{
				"start":	61.00027,
				"end":	62.000164,
				"seconds":	0.99989402294158936,
				"bytes":	195297280,
				"bits_per_second":	1562543833.7991438,
				"retransmits":	18899,
				"omitted":	false,
				"sender":	true
			}
		}, {
			"streams":	[{
					"socket":	7,
					"start":	62.000164,
					"end":	63.000179,
					"seconds":	1.0000150203704834,
					"bytes":	295829504,
					"bits_per_second":	2366600484.7839322,
					"retransmits":	11428,
					"snd_cwnd":	49405760,
					"snd_wnd":	132882432,
					"rtt":	62410,
					"rttvar":	141,
					"pmtu":	1500,
					"omitted":	false,
					"sender":	true
				}],
			"sum":	{
				"start":	62.000164,
				"end":	63.000179,
				"seconds":	1.0000150203704834,
				"bytes":	295829504,
				"bits_per_second":	2366600484.7839322,
				"retransmits":	11428,
				"omitted":	false,
				"sender":	true
			}
		}, {
			"streams":	[{
					"socket":	7,
					"start":	63.000179,
					"end":	64.000112,
					"seconds":	0.99993300437927246,
					"bytes":	181665792,
					"bits_per_second":	1453423709.0235662,
					"retransmits":	11441,
					"snd_cwnd":	56008640,
					"snd_wnd":	131432448,
					"rtt":	61930,
					"rttvar":	102,
					"pmtu":	1500,
					"omitted":	false,
					"sender":	true
				}],
			"sum":	{
				"start":	63.000179,
				"end":	64.000112,
				"seconds":	0.99993300437927246,
				"bytes":	181665792,
				"bits_per_second":	1453423709.0235662,
				"retransmits":	11441,
				"omitted":	false,
				"sender":	true
			}
		}, {
			"streams":	[{
					"socket":	7,
					"start":	64.000112,
					"end":	65.000231,
					"seconds":	1.0001189708709717,
					"bytes":	152829952,
					"bits_per_second":	1222494174.8032658,
					"retransmits":	34999,
					"snd_cwnd":	46095632,
					"snd_wnd":	100196352,
					"rtt":	61780,
					"rttvar":	201,
					"pmtu":	1500,
					"omitted":	false,
					"sender":	true
				}],
			"sum":	{
				"start":	64.000112,
				"end":	65.000231,
				"seconds":	1.0001189708709717,
				"bytes":	152829952,
				"bits_per_second":	1222494174.8032658,
				"retransmits":	34999,
				"omitted":	false,
				"sender":	true
			}
		}, {
			"streams":	[{
					"socket":	7,
					"start":	65.000231,
					"end":	66.000066,
					"seconds":	0.99983501434326172,
					"bytes":	247595008,
					"bits_per_second":	1981086914.9257147,
					"retransmits":	26925,
					"snd_cwnd":	45681504,
					"snd_wnd":	82866176,
					"rtt":	61166,
					"rttvar":	288,
					"pmtu":	1500,
					"omitted":	false,
					"sender":	true
				}],
			"sum":	{
				"start":	65.000231,
				"end":	66.000066,
				"seconds":	0.99983501434326172,
				"bytes":	247595008,
				"bits_per_second":	1981086914.9257147,
				"retransmits":	26925,
				"omitted":	false,
				"sender":	true
			}
		}, {
			"streams":	[{
					"socket":	7,
					"start":	66.000066,
					"end":	67.001086,
					"seconds":	1.0010199546813965,
					"bytes":	238551040,
					"bits_per_second":	1906463813.3087027,
					"retransmits":	24132,
					"snd_cwnd":	25987256,
					"snd_wnd":	141410304,
					"rtt":	62343,
					"rttvar":	155,
					"pmtu":	1500,
					"omitted":	false,
					"sender":	true
				}],
			"sum":	{
				"start":	66.000066,
				"end":	67.001086,
				"seconds":	1.0010199546813965,
				"bytes":	238551040,
				"bits_per_second":	1906463813.3087027,
				"retransmits":	24132,
				"omitted":	false,
				"sender":	true
			}
		}, {
			"streams":	[{
					"socket":	7,
					"start":	67.001086,
					"end":	68.001068,
					"seconds":	0.99998199939727783,
					"bytes":	164757504,
					"bits_per_second":	1318083758.3020878,
					"retransmits":	25381,
					"snd_cwnd":	36535936,
					"snd_wnd":	141352960,
					"rtt":	61440,
					"rttvar":	194,
					"pmtu":	1500,
					"omitted":	false,
					"sender":	true
				}],
			"sum":	{
				"start":	67.001086,
				"end":	68.001068,
				"seconds":	0.99998199939727783,
				"bytes":	164757504,
				"bits_per_second":	1318083758.3020878,
				"retransmits":	25381,
				"omitted":	false,
				"sender":	true
			}
		}, {
			"streams":	[{
					"socket":	7,
					"start":	68.001068,
					"end":	69.001079,
					"seconds":	1.0000109672546387,
					"bytes":	234487808,
					"bits_per_second":	1875881890.7256324,
					"retransmits":	34248,
					"snd_cwnd":	40286256,
					"snd_wnd":	91832320,
					"rtt":	62207,
					"rttvar":	214,
					"pmtu":	1500,
					"omitted":	false,
					"sender":	true
				}],
			"sum":	{
				"start":	68.001068,
				"end":	69.001079,
				"seconds":	1.0000109672546387,
				"bytes":	234487808,
				"bits_per_second":	1875881890.7256324,
				"retransmits":	34248,
				"omitted":	false,
				"sender":	true
			}
		}, {
			"streams":	[{
					"socket":	7,
					"start":	69.001079,
					"end":	70.001064,
					"seconds":	0.9999849796295166,
					"bytes":	227409920,
					"bits_per_second":	1819306686.6604567,
					"retransmits":	22511,
					"snd_cwnd":	39834480,
					"snd_wnd":	110333952,
					"rtt":	62581,
					"rttvar":	190,
					"pmtu":	1500,
					"omitted":	false,
					"sender":	true
				}],
			"sum":	{
				"start":	69.001079,
				"end":	70.001064,
				"seconds":	0.9999849796295166,
				"bytes":	227409920,
				"bits_per_second":	1819306686.6604567,
				"retransmits":	22511,
				"omitted":	false,
				"sender":	true
			}
		}, {
			"streams":	[{
					"socket":	7,
					"start":	70.001064,
					"end":	71.001077,
					"seconds":	1.000012993812561,
					"bytes":	193724416,
					"bits_per_second":	1549775190.5116627,
					"retransmits":	22740,
					"snd_cwnd":	37619040,
					"snd_wnd":	108933120,
					"rtt":	62048,
					"rttvar":	305,
					"pmtu":	1500,
					"omitted":	false,
					"sender":	true
				}],
			"sum":	{
				"start":	70.001064,
				"end":	71.001077,
				"seconds":	1.000012993812561,
				"bytes":	193724416,
				"bits_per_second":	1549775190.5116627,
				"retransmits":	22740,
				"omitted":	false,
				"sender":	true
			}
		}, {
			"streams":	[{
					"socket":	7,
					"start":	71.001077,
					"end":	72.001065,
					"seconds":	0.9999880194664,
					"bytes":	202244096,
					"bits_per_second":	1617972152.1697328,
					"retransmits":	19213,
					"snd_cwnd":	40439744,
					"snd_wnd":	132673536,
					"rtt":	62860,
					"rttvar":	408,
					"pmtu":	1500,
					"omitted":	false,
					"sender":	true
				}],
			"sum":	{
				"start":	71.001077,
				"end":	72.001065,
				"seconds":	0.9999880194664,
				"bytes":	202244096,
				"bits_per_second":	1617972152.1697328,
				"retransmits":	19213,
				"omitted":	false,
				"sender":	true
			}
		}, {
			"streams":	[{
					"socket":	7,
					"start":	72.001065,
					"end":	73.000907,
					"seconds":	0.99984198808670044,
					"bytes":	309329920,
					"bits_per_second":	2475030444.2959781,
					"retransmits":	13190,
					"snd_cwnd":	18682096,
					"snd_wnd":	141389824,
					"rtt":	62866,
					"rttvar":	305,
					"pmtu":	1500,
					"omitted":	false,
					"sender":	true
				}],
			"sum":	{
				"start":	72.001065,
				"end":	73.000907,
				"seconds":	0.99984198808670044,
				"bytes":	309329920,
				"bits_per_second":	2475030444.2959781,
				"retransmits":	13190,
				"omitted":	false,
				"sender":	true
			}
		}, {
			"streams":	[{
					"socket":	7,
					"start":	73.000907,
					"end":	74.000625,
					"seconds":	0.99971801042556763,
					"bytes":	255197184,
					"bits_per_second":	2042153337.9506943,
					"retransmits":	21550,
					"snd_cwnd":	5792,
					"snd_wnd":	131977216,
					"rtt":	62234,
					"rttvar":	258,
					"pmtu":	1500,
					"omitted":	false,
					"sender":	true
				}],
			"sum":	{
				"start":	73.000907,
				"end":	74.000625,
				"seconds":	0.99971801042556763,
				"bytes":	255197184,
				"bits_per_second":	2042153337.9506943,
				"retransmits":	21550,
				"omitted":	false,
				"sender":	true
			}
		}, {
			"streams":	[{
					"socket":	7,
					"start":	74.000625,
					"end":	75.000155,
					"seconds":	0.999530017375946,
					"bytes":	74579968,
					"bits_per_second":	596920286.16244161,
					"retransmits":	19609,
					"snd_cwnd":	46072464,
					"snd_wnd":	112418816,
					"rtt":	62369,
					"rttvar":	410,
					"pmtu":	1500,
					"omitted":	false,
					"sender":	true
				}],
			"sum":	{
				"start":	74.000625,
				"end":	75.000155,
				"seconds":	0.999530017375946,
				"bytes":	74579968,
				"bits_per_second":	596920286.16244161,
				"retransmits":	19609,
				"omitted":	false,
				"sender":	true
			}
		}, {
			"streams":	[{
					"socket":	7,
					"start":	75.000155,
					"end":	76.000302,
					"seconds":	1.0001469850540161,
					"bytes":	263716864,
					"bits_per_second":	2109424858.0732932,
					"retransmits":	33161,
					"snd_cwnd":	48261840,
					"snd_wnd":	116310016,
					"rtt":	61935,
					"rttvar":	285,
					"pmtu":	1500,
					"omitted":	false,
					"sender":	true
				}],
			"sum":	{
				"start":	75.000155,
				"end":	76.000302,
				"seconds":	1.0001469850540161,
				"bytes":	263716864,
				"bits_per_second":	2109424858.0732932,
				"retransmits":	33161,
				"omitted":	false,
				"sender":	true
			}
		}, {
			"streams":	[{
					"socket":	7,
					"start":	76.000302,
					"end":	77.001332,
					"seconds":	1.0010299682617188,
					"bytes":	234881024,
					"bits_per_second":	1877114823.3083906,
					"retransmits":	26845,
					"snd_cwnd":	30396416,
					"snd_wnd":	112672768,
					"rtt":	61751,
					"rttvar":	252,
					"pmtu":	1500,
					"omitted":	false,
					"sender":	true
				}],
			"sum":	{
				"start":	76.000302,
				"end":	77.001332,
				"seconds":	1.0010299682617188,
				"bytes":	234881024,
				"bits_per_second":	1877114823.3083906,
				"retransmits":	26845,
				"omitted":	false,
				"sender":	true
			}
		}, {
			"streams":	[{
					"socket":	7,
					"start":	77.001332,
					"end":	78.000174,
					"seconds":	0.99884200096130371,
					"bytes":	208666624,
					"bits_per_second":	1671268319.1069293,
					"retransmits":	18245,
					"snd_cwnd":	30416688,
					"snd_wnd":	124030976,
					"rtt":	62365,
					"rttvar":	193,
					"pmtu":	1500,
					"omitted":	false,
					"sender":	true
				}],
			"sum":	{
				"start":	77.001332,
				"end":	78.000174,
				"seconds":	0.99884200096130371,
				"bytes":	208666624,
				"bits_per_second":	1671268319.1069293,
				"retransmits":	18245,
				"omitted":	false,
				"sender":	true
			}
		}, {
			"streams":	[{
					"socket":	7,
					"start":	78.000174,
					"end":	79.00026,
					"seconds":	1.0000859498977661,
					"bytes":	178520064,
					"bits_per_second":	1428037772.2994647,
					"retransmits":	18150,
					"snd_cwnd":	29724544,
					"snd_wnd":	112017408,
					"rtt":	61878,
					"rttvar":	527,
					"pmtu":	1500,
					"omitted":	false,
					"sender":	true
				}],
			"sum":	{
				"start":	78.000174,
				"end":	79.00026,
				"seconds":	1.0000859498977661,
				"bytes":	178520064,
				"bits_per_second":	1428037772.2994647,
				"retransmits":	18150,
				"omitted":	false,
				"sender":	true
			}
		}, {
			"streams":	[{
					"socket":	7,
					"start":	79.00026,
					"end":	80.000112,
					"seconds":	0.99985200166702271,
					"bytes":	223608832,
					"bits_per_second":	1789135445.06334,
					"retransmits":	23532,
					"snd_cwnd":	27419328,
					"snd_wnd":	128831488,
					"rtt":	62645,
					"rttvar":	356,
					"pmtu":	1500,
					"omitted":	false,
					"sender":	true
				}],
			"sum":	{
				"start":	79.00026,
				"end":	80.000112,
				"seconds":	0.99985200166702271,
				"bytes":	223608832,
				"bits_per_second":	1789135445.06334,
				"retransmits":	23532,
				"omitted":	false,
				"sender":	true
			}
		}, {
			"streams":	[{
					"socket":	7,
					"start":	80.000112,
					"end":	81.00012,
					"seconds":	1.0000079870224,
					"bytes":	185073664,
					"bits_per_second":	1480577486.59445,
					"retransmits":	7851,
					"snd_cwnd":	24384320,
					"snd_wnd":	131899392,
					"rtt":	61435,
					"rttvar":	422,
					"pmtu":	1500,
					"omitted":	false,
					"sender":	true
				}],
			"sum":	{
				"start":	80.000112,
				"end":	81.00012,
				"seconds":	1.0000079870224,
				"bytes":	185073664,
				"bits_per_second":	1480577486.59445,
				"retransmits":	7851,
				"omitted":	false,
				"sender":	true
			}
		}, {
			"streams":	[{
					"socket":	7,
					"start":	81.00012,
					"end":	82.000172,
					"seconds":	1.0000519752502441,
					"bytes":	168034304,
					"bits_per_second":	1344204566.63127,
					"retransmits":	9693,
					"snd_cwnd":	23622672,
					"snd_wnd":	129466368,
					"rtt":	62561,
					"rttvar":	278,
					"pmtu":	1500,
					"omitted":	false,
					"sender":	true
				}],
			"sum":	{
				"start":	81.00012,
				"end":	82.000172,
				"seconds":	1.0000519752502441,
				"bytes":	168034304,
				"bits_per_second":	1344204566.63127,
				"retransmits":	9693,
				"omitted":	false,
				"sender":	true
			}
		}, {
			"streams":	[{
					"socket":	7,
					"start":	82.000172,
					"end":	83.000064,
					"seconds":	0.999891996383667,
					"bytes":	172752896,
					"bits_per_second":	1382172447.6227391,
					"retransmits":	4850,
					"snd_cwnd":	13292640,
					"snd_wnd":	138387456,
					"rtt":	62270,
					"rttvar":	78,
					"pmtu":	1500,
					"omitted":	false,
					"sender":	true
				}],
			"sum":	{
				"start":	82.000172,
				"end":	83.000064,
				"seconds":	0.999891996383667,
				"bytes":	172752896,
				"bits_per_second":	1382172447.6227391,
				"retransmits":	4850,
				"omitted":	false,
				"sender":	true
			}
		}, {
			"streams":	[{
					"socket":	7,
					"start":	83.000064,
					"end":	84.000188,
					"seconds":	1.0001239776611328,
					"bytes":	254279680,
					"bits_per_second":	2033985271.26329,
					"retransmits":	11692,
					"snd_cwnd":	42739168,
					"snd_wnd":	103632896,
					"rtt":	62366,
					"rttvar":	327,
					"pmtu":	1500,
					"omitted":	false,
					"sender":	true
				}],
			"sum":	{
				"start":	83.000064,
				"end":	84.000188,
				"seconds":	1.0001239776611328,
				"bytes":	254279680,
				"bits_per_second":	2033985271.26329,
				"retransmits":	11692,
				"omitted":	false,
				"sender":	true
			}
		}, {
			"streams":	[{
					"socket":	7,
					"start":	84.000188,
					"end":	85.000051,
					"seconds":	0.999863028526306,
					"bytes":	137232384,
					"bits_per_second":	1098009467.9749584,
					"retransmits":	21633,
					"snd_cwnd":	46590848,
					"snd_wnd":	130355200,
					"rtt":	62023,
					"rttvar":	157,
					"pmtu":	1500,
					"omitted":	false,
					"sender":	true
				}],
			"sum":	{
				"start":	84.000188,
				"end":	85.000051,
				"seconds":	0.999863028526306,
				"bytes":	137232384,
				"bits_per_second":	1098009467.9749584,
				"retransmits":	21633,
				"omitted":	false,
				"sender":	true
			}
		}, {
			"streams":	[{
					"socket":	7,
					"start":	85.000051,
					"end":	86.000148,
					"seconds":	1.0000970363616943,
					"bytes":	203292672,
					"bits_per_second":	1626183577.0622349,
					"retransmits":	33590,
					"snd_cwnd":	43095376,
					"snd_wnd":	100085760,
					"rtt":	62187,
					"rttvar":	298,
					"pmtu":	1500,
					"omitted":	false,
					"sender":	true
				}],
			"sum":	{
				"start":	85.000051,
				"end":	86.000148,
				"seconds":	1.0000970363616943,
				"bytes":	203292672,
				"bits_per_second":	1626183577.0622349,
				"retransmits":	33590,
				"omitted":	false,
				"sender":	true
			}
		}, {
			"streams":	[{
					"socket":	7,
					"start":	86.000148,
					"end":	87.000081,
					"seconds":	0.99993300437927246,
					"bytes":	221118464,
					"bits_per_second":	1769066231.6903,
					"retransmits":	27600,
					"snd_cwnd":	40622192,
					"snd_wnd":	122818560,
					"rtt":	62712,
					"rttvar":	276,
					"pmtu":	1500,
					"omitted":	false,
					"sender":	true
				}],
			"sum":	{
				"start":	86.000148,
				"end":	87.000081,
				"seconds":	0.99993300437927246,
				"bytes":	221118464,
				"bits_per_second":	1769066231.6903,
				"retransmits":	27600,
				"omitted":	false,
				"sender":	true
			}
		}, {
			"streams":	[{
					"socket":	7,
					"start":	87.000081,
					"end":	88.000088,
					"seconds":	1.0000070333480835,
					"bytes":	191496192,
					"bits_per_second":	1531958761.200783,
					"retransmits":	22304,
					"snd_cwnd":	42157072,
					"snd_wnd":	103428096,
					"rtt":	62362,
					"rttvar":	229,
					"pmtu":	1500,
					"omitted":	false,
					"sender":	true
				}],
			"sum":	{
				"start":	87.000081,
				"end":	88.000088,
				"seconds":	1.0000070333480835,
				"bytes":	191496192,
				"bits_per_second":	1531958761.200783,
				"retransmits":	22304,
				"omitted":	false,
				"sender":	true
			}
		}, {
			"streams":	[{
					"socket":	7,
					"start":	88.000088,
					"end":	89.001067,
					"seconds":	1.000978946685791,
					"bytes":	205127680,
					"bits_per_second":	1639416538.6128938,
					"retransmits":	29935,
					"snd_cwnd":	27949296,
					"snd_wnd":	125444096,
					"rtt":	62104,
					"rttvar":	225,
					"pmtu":	1500,
					"omitted":	false,
					"sender":	true
				}],
			"sum":	{
				"start":	88.000088,
				"end":	89.001067,
				"seconds":	1.000978946685791,
				"bytes":	205127680,
				"bits_per_second":	1639416538.6128938,
				"retransmits":	29935,
				"omitted":	false,
				"sender":	true
			}
		}, {
			"streams":	[{
					"socket":	7,
					"start":	89.001067,
					"end":	90.000681,
					"seconds":	0.99961400032043457,
					"bytes":	215482368,
					"bits_per_second":	1724524609.9468422,
					"retransmits":	16613,
					"snd_cwnd":	26518672,
					"snd_wnd":	109527040,
					"rtt":	62382,
					"rttvar":	1201,
					"pmtu":	1500,
					"omitted":	false,
					"sender":	true
				}],
			"sum":	{
				"start":	89.001067,
				"end":	90.000681,
				"seconds":	0.99961400032043457,
				"bytes":	215482368,
				"bits_per_second":	1724524609.9468422,
				"retransmits":	16613,
				"omitted":	false,
				"sender":	true
			}
		}, {
			"streams":	[{
					"socket":	7,
					"start":	90.000681,
					"end":	91.001058,
					"seconds":	1.0003770589828491,
					"bytes":	191102976,
					"bits_per_second":	1528247568.52627,
					"retransmits":	22838,
					"snd_cwnd":	26536048,
					"snd_wnd":	121704448,
					"rtt":	62583,
					"rttvar":	252,
					"pmtu":	1500,
					"omitted":	false,
					"sender":	true
				}],
			"sum":	{
				"start":	90.000681,
				"end":	91.001058,
				"seconds":	1.0003770589828491,
				"bytes":	191102976,
				"bits_per_second":	1528247568.52627,
				"retransmits":	22838,
				"omitted":	false,
				"sender":	true
			}
		}, {
			"streams":	[{
					"socket":	7,
					"start":	91.001058,
					"end":	92.000084,
					"seconds":	0.99902600049972534,
					"bytes":	153092096,
					"bits_per_second":	1225930824.0099571,
					"retransmits":	15233,
					"snd_cwnd":	26011872,
					"snd_wnd":	123957248,
					"rtt":	62795,
					"rttvar":	388,
					"pmtu":	1500,
					"omitted":	false,
					"sender":	true
				}],
			"sum":	{
				"start":	91.001058,
				"end":	92.000084,
				"seconds":	0.99902600049972534,
				"bytes":	153092096,
				"bits_per_second":	1225930824.0099571,
				"retransmits":	15233,
				"omitted":	false,
				"sender":	true
			}
		}, {
			"streams":	[{
					"socket":	7,
					"start":	92.000084,
					"end":	93.000086,
					"seconds":	1.0000020265579224,
					"bytes":	229900288,
					"bits_per_second":	1839198576.7575536,
					"retransmits":	12578,
					"snd_cwnd":	32134016,
					"snd_wnd":	131887104,
					"rtt":	62101,
					"rttvar":	414,
					"pmtu":	1500,
					"omitted":	false,
					"sender":	true
				}],
			"sum":	{
				"start":	92.000084,
				"end":	93.000086,
				"seconds":	1.0000020265579224,
				"bytes":	229900288,
				"bits_per_second":	1839198576.7575536,
				"retransmits":	12578,
				"omitted":	false,
				"sender":	true
			}
		}, {
			"streams":	[{
					"socket":	7,
					"start":	93.000086,
					"end":	94.000222,
					"seconds":	1.0001360177993774,
					"bytes":	239206400,
					"bits_per_second":	1913390944.774343,
					"retransmits":	14498,
					"snd_cwnd":	43790416,
					"snd_wnd":	131543040,
					"rtt":	62191,
					"rttvar":	144,
					"pmtu":	1500,
					"omitted":	false,
					"sender":	true
				}],
			"sum":	{
				"start":	93.000086,
				"end":	94.000222,
				"seconds":	1.0001360177993774,
				"bytes":	239206400,
				"bits_per_second":	1913390944.774343,
				"retransmits":	14498,
				"omitted":	false,
				"sender":	true
			}
		}, {
			"streams":	[{
					"socket":	7,
					"start":	94.000222,
					"end":	95.001052,
					"seconds":	1.0008300542831421,
					"bytes":	212992000,
					"bits_per_second":	1702522813.6463857,
					"retransmits":	26762,
					"snd_cwnd":	5792,
					"snd_wnd":	141393920,
					"rtt":	62291,
					"rttvar":	317,
					"pmtu":	1500,
					"omitted":	false,
					"sender":	true
				}],
			"sum":	{
				"start":	94.000222,
				"end":	95.001052,
				"seconds":	1.0008300542831421,
				"bytes":	212992000,
				"bits_per_second":	1702522813.6463857,
				"retransmits":	26762,
				"omitted":	false,
				"sender":	true
			}
		}, {
			"streams":	[{
					"socket":	7,
					"start":	95.001052,
					"end":	96.001063,
					"seconds":	1.0000109672546387,
					"bytes":	97255424,
					"bits_per_second":	778034859.09358251,
					"retransmits":	17842,
					"snd_cwnd":	44586816,
					"snd_wnd":	107077632,
					"rtt":	62275,
					"rttvar":	297,
					"pmtu":	1500,
					"omitted":	false,
					"sender":	true
				}],
			"sum":	{
				"start":	95.001052,
				"end":	96.001063,
				"seconds":	1.0000109672546387,
				"bytes":	97255424,
				"bits_per_second":	778034859.09358251,
				"retransmits":	17842,
				"omitted":	false,
				"sender":	true
			}
		}, {
			"streams":	[{
					"socket":	7,
					"start":	96.001063,
					"end":	97.000139,
					"seconds":	0.999076008796692,
					"bytes":	239861760,
					"bits_per_second":	1920668761.0396693,
					"retransmits":	26051,
					"snd_cwnd":	41992000,
					"snd_wnd":	123944960,
					"rtt":	62579,
					"rttvar":	321,
					"pmtu":	1500,
					"omitted":	false,
					"sender":	true
				}],
			"sum":	{
				"start":	96.001063,
				"end":	97.000139,
				"seconds":	0.999076008796692,
				"bytes":	239861760,
				"bits_per_second":	1920668761.0396693,
				"retransmits":	26051,
				"omitted":	false,
				"sender":	true
			}
		}, {
			"streams":	[{
					"socket":	7,
					"start":	97.000139,
					"end":	98.000085,
					"seconds":	0.9999459981918335,
					"bytes":	158597120,
					"bits_per_second":	1268845479.9502013,
					"retransmits":	29632,
					"snd_cwnd":	39831584,
					"snd_wnd":	87699456,
					"rtt":	63117,
					"rttvar":	1409,
					"pmtu":	1500,
					"omitted":	false,
					"sender":	true
				}],
			"sum":	{
				"start":	97.000139,
				"end":	98.000085,
				"seconds":	0.9999459981918335,
				"bytes":	158597120,
				"bits_per_second":	1268845479.9502013,
				"retransmits":	29632,
				"omitted":	false,
				"sender":	true
			}
		}, {
			"streams":	[{
					"socket":	7,
					"start":	98.000085,
					"end":	99.000226,
					"seconds":	1.0001410245895386,
					"bytes":	182321152,
					"bits_per_second":	1458363550.8788393,
					"retransmits":	18145,
					"snd_cwnd":	36247784,
					"snd_wnd":	127234048,
					"rtt":	63980,
					"rttvar":	2702,
					"pmtu":	1500,
					"omitted":	false,
					"sender":	true
				}],
			"sum":	{
				"start":	98.000085,
				"end":	99.000226,
				"seconds":	1.0001410245895386,
				"bytes":	182321152,
				"bits_per_second":	1458363550.8788393,
				"retransmits":	18145,
				"omitted":	false,
				"sender":	true
			}
		}, {
			"streams":	[{
					"socket":	7,
					"start":	99.000226,
					"end":	100.000316,
					"seconds":	1.0000900030136108,
					"bytes":	279183360,
					"bits_per_second":	2233265879.3406649,
					"retransmits":	24671,
					"snd_cwnd":	38117152,
					"snd_wnd":	139526144,
					"rtt":	62114,
					"rttvar":	229,
					"pmtu":	1500,
					"omitted":	false,
					"sender":	true
				}],
			"sum":	{
				"start":	99.000226,
				"end":	100.000316,
				"seconds":	1.0000900030136108,
				"bytes":	279183360,
				"bits_per_second":	2233265879.3406649,
				"retransmits":	24671,
				"omitted":	false,
				"sender":	true
			}
		}, {
			"streams":	[{
					"socket":	7,
					"start":	100.000316,
					"end":	101.000323,
					"seconds":	1.0000070333480835,
					"bytes":	225312768,
					"bits_per_second":	1802489466.4641654,
					"retransmits":	19905,
					"snd_cwnd":	44022096,
					"snd_wnd":	126361600,
					"rtt":	62213,
					"rttvar":	135,
					"pmtu":	1500,
					"omitted":	false,
					"sender":	true
				}],
			"sum":	{
				"start":	100.000316,
				"end":	101.000323,
				"seconds":	1.0000070333480835,
				"bytes":	225312768,
				"bits_per_second":	1802489466.4641654,
				"retransmits":	19905,
				"omitted":	false,
				"sender":	true
			}
		}, {
			"streams":	[{
					"socket":	7,
					"start":	101.000323,
					"end":	102.000446,
					"seconds":	1.0001230239868164,
					"bytes":	199491584,
					"bits_per_second":	1595736358.1513124,
					"retransmits":	36172,
					"snd_cwnd":	49329016,
					"snd_wnd":	114831360,
					"rtt":	62369,
					"rttvar":	452,
					"pmtu":	1500,
					"omitted":	false,
					"sender":	true
				}],
			"sum":	{
				"start":	101.000323,
				"end":	102.000446,
				"seconds":	1.0001230239868164,
				"bytes":	199491584,
				"bits_per_second":	1595736358.1513124,
				"retransmits":	36172,
				"omitted":	false,
				"sender":	true
			}
		}, {
			"streams":	[{
					"socket":	7,
					"start":	102.000446,
					"end":	103.000294,
					"seconds":	0.99984800815582275,
					"bytes":	240123904,
					"bits_per_second":	1921283251.3845649,
					"retransmits":	33105,
					"snd_cwnd":	45019768,
					"snd_wnd":	123445248,
					"rtt":	62273,
					"rttvar":	302,
					"pmtu":	1500,
					"omitted":	false,
					"sender":	true
				}],
			"sum":	{
				"start":	102.000446,
				"end":	103.000294,
				"seconds":	0.99984800815582275,
				"bytes":	240123904,
				"bits_per_second":	1921283251.3845649,
				"retransmits":	33105,
				"omitted":	false,
				"sender":	true
			}
		}, {
			"streams":	[{
					"socket":	7,
					"start":	103.000294,
					"end":	104.001038,
					"seconds":	1.0007439851760864,
					"bytes":	236191744,
					"bits_per_second":	1888129211.8558435,
					"retransmits":	22135,
					"snd_cwnd":	30040208,
					"snd_wnd":	127270912,
					"rtt":	61598,
					"rttvar":	331,
					"pmtu":	1500,
					"omitted":	false,
					"sender":	true
				}],
			"sum":	{
				"start":	103.000294,
				"end":	104.001038,
				"seconds":	1.0007439851760864,
				"bytes":	236191744,
				"bits_per_second":	1888129211.8558435,
				"retransmits":	22135,
				"omitted":	false,
				"sender":	true
			}
		}, {
			"streams":	[{
					"socket":	7,
					"start":	104.001038,
					"end":	105.001042,
					"seconds":	1.0000040531158447,
					"bytes":	200146944,
					"bits_per_second":	1601169062.2763035,
					"retransmits":	14050,
					"snd_cwnd":	27816080,
					"snd_wnd":	127713280,
					"rtt":	61198,
					"rttvar":	344,
					"pmtu":	1500,
					"omitted":	false,
					"sender":	true
				}],
			"sum":	{
				"start":	104.001038,
				"end":	105.001042,
				"seconds":	1.0000040531158447,
				"bytes":	200146944,
				"bits_per_second":	1601169062.2763035,
				"retransmits":	14050,
				"omitted":	false,
				"sender":	true
			}
		}, {
			"streams":	[{
					"socket":	7,
					"start":	105.001042,
					"end":	106.001044,
					"seconds":	1.0000020265579224,
					"bytes":	99876864,
					"bits_per_second":	799013292.75328147,
					"retransmits":	1226,
					"snd_cwnd":	28027488,
					"snd_wnd":	141381632,
					"rtt":	62359,
					"rttvar":	566,
					"pmtu":	1500,
					"omitted":	false,
					"sender":	true
				}],
			"sum":	{
				"start":	105.001042,
				"end":	106.001044,
				"seconds":	1.0000020265579224,
				"bytes":	99876864,
				"bits_per_second":	799013292.75328147,
				"retransmits":	1226,
				"omitted":	false,
				"sender":	true
			}
		}, {
			"streams":	[{
					"socket":	7,
					"start":	106.001044,
					"end":	107.000257,
					"seconds":	0.99921298027038574,
					"bytes":	0,
					"bits_per_second":	0,
					"retransmits":	66,
					"snd_cwnd":	46336,
					"snd_wnd":	141258752,
					"rtt":	61835,
					"rttvar":	1352,
					"pmtu":	1500,
					"omitted":	false,
					"sender":	true
				}],
			"sum":	{
				"start":	106.001044,
				"end":	107.000257,
				"seconds":	0.99921298027038574,
				"bytes":	0,
				"bits_per_second":	0,
				"retransmits":	66,
				"omitted":	false,
				"sender":	true
			}
		}, {
			"streams":	[{
					"socket":	7,
					"start":	107.000257,
					"end":	108.000644,
					"seconds":	1.0003869533538818,
					"bytes":	0,
					"bits_per_second":	0,
					"retransmits":	420,
					"snd_cwnd":	301184,
					"snd_wnd":	140808192,
					"rtt":	61606,
					"rttvar":	524,
					"pmtu":	1500,
					"omitted":	false,
					"sender":	true
				}],
			"sum":	{
				"start":	107.000257,
				"end":	108.000644,
				"seconds":	1.0003869533538818,
				"bytes":	0,
				"bits_per_second":	0,
				"retransmits":	420,
				"omitted":	false,
				"sender":	true
			}
		}, {
			"streams":	[{
					"socket":	7,
					"start":	108.000644,
					"end":	109.000155,
					"seconds":	0.9995110034942627,
					"bytes":	0,
					"bits_per_second":	0,
					"retransmits":	752,
					"snd_cwnd":	350416,
					"snd_wnd":	141250560,
					"rtt":	62441,
					"rttvar":	459,
					"pmtu":	1500,
					"omitted":	false,
					"sender":	true
				}],
			"sum":	{
				"start":	108.000644,
				"end":	109.000155,
				"seconds":	0.9995110034942627,
				"bytes":	0,
				"bits_per_second":	0,
				"retransmits":	752,
				"omitted":	false,
				"sender":	true
			}
		}, {
			"streams":	[{
					"socket":	7,
					"start":	109.000155,
					"end":	110.001043,
					"seconds":	1.0008879899978638,
					"bytes":	0,
					"bits_per_second":	0,
					"retransmits":	316,
					"snd_cwnd":	414128,
					"snd_wnd":	141336576,
					"rtt":	62566,
					"rttvar":	516,
					"pmtu":	1500,
					"omitted":	false,
					"sender":	true
				}],
			"sum":	{
				"start":	109.000155,
				"end":	110.001043,
				"seconds":	1.0008879899978638,
				"bytes":	0,
				"bits_per_second":	0,
				"retransmits":	316,
				"omitted":	false,
				"sender":	true
			}
		}, {
			"streams":	[{
					"socket":	7,
					"start":	110.001043,
					"end":	111.000106,
					"seconds":	0.999063014984131,
					"bytes":	0,
					"bits_per_second":	0,
					"retransmits":	314,
					"snd_cwnd":	521280,
					"snd_wnd":	141172736,
					"rtt":	62729,
					"rttvar":	722,
					"pmtu":	1500,
					"omitted":	false,
					"sender":	true
				}],
			"sum":	{
				"start":	110.001043,
				"end":	111.000106,
				"seconds":	0.999063014984131,
				"bytes":	0,
				"bits_per_second":	0,
				"retransmits":	314,
				"omitted":	false,
				"sender":	true
			}
		}, {
			"streams":	[{
					"socket":	7,
					"start":	111.000106,
					"end":	112.000135,
					"seconds":	1.0000289678573608,
					"bytes":	0,
					"bits_per_second":	0,
					"retransmits":	465,
					"snd_cwnd":	761648,
					"snd_wnd":	141201408,
					"rtt":	62795,
					"rttvar":	402,
					"pmtu":	1500,
					"omitted":	false,
					"sender":	true
				}],
			"sum":	{
				"start":	111.000106,
				"end":	112.000135,
				"seconds":	1.0000289678573608,
				"bytes":	0,
				"bits_per_second":	0,
				"retransmits":	465,
				"omitted":	false,
				"sender":	true
			}
		}, {
			"streams":	[{
					"socket":	7,
					"start":	112.000135,
					"end":	113.001063,
					"seconds":	1.0009280443191528,
					"bytes":	0,
					"bits_per_second":	0,
					"retransmits":	578,
					"snd_cwnd":	918032,
					"snd_wnd":	140689408,
					"rtt":	63209,
					"rttvar":	533,
					"pmtu":	1500,
					"omitted":	false,
					"sender":	true
				}],
			"sum":	{
				"start":	112.000135,
				"end":	113.001063,
				"seconds":	1.0009280443191528,
				"bytes":	0,
				"bits_per_second":	0,
				"retransmits":	578,
				"omitted":	false,
				"sender":	true
			}
		}, {
			"streams":	[{
					"socket":	7,
					"start":	113.001063,
					"end":	114.001995,
					"seconds":	1.000931978225708,
					"bytes":	30015488,
					"bits_per_second":	239900322.12344062,
					"retransmits":	582,
					"snd_cwnd":	1126544,
					"snd_wnd":	140976128,
					"rtt":	62574,
					"rttvar":	1076,
					"pmtu":	1500,
					"omitted":	false,
					"sender":	true
				}],
			"sum":	{
				"start":	113.001063,
				"end":	114.001995,
				"seconds":	1.000931978225708,
				"bytes":	30015488,
				"bits_per_second":	239900322.12344062,
				"retransmits":	582,
				"omitted":	false,
				"sender":	true
			}
		}, {
			"streams":	[{
					"socket":	7,
					"start":	114.001995,
					"end":	115.000065,
					"seconds":	0.998070001602173,
					"bytes":	0,
					"bits_per_second":	0,
					"retransmits":	537,
					"snd_cwnd":	1552256,
					"snd_wnd":	141127680,
					"rtt":	62806,
					"rttvar":	707,
					"pmtu":	1500,
					"omitted":	false,
					"sender":	true
				}],
			"sum":	{
				"start":	114.001995,
				"end":	115.000065,
				"seconds":	0.998070001602173,
				"bytes":	0,
				"bits_per_second":	0,
				"retransmits":	537,
				"omitted":	false,
				"sender":	true
			}
		}, {
			"streams":	[{
					"socket":	7,
					"start":	115.000065,
					"end":	116.000368,
					"seconds":	1.0003030300140381,
					"bytes":	0,
					"bits_per_second":	0,
					"retransmits":	621,
					"snd_cwnd":	5792,
					"snd_wnd":	141389824,
					"rtt":	62429,
					"rttvar":	397,
					"pmtu":	1500,
					"omitted":	false,
					"sender":	true
				}],
			"sum":	{
				"start":	115.000065,
				"end":	116.000368,
				"seconds":	1.0003030300140381,
				"bytes":	0,
				"bits_per_second":	0,
				"retransmits":	621,
				"omitted":	false,
				"sender":	true
			}
		}, {
			"streams":	[{
					"socket":	7,
					"start":	116.000368,
					"end":	117.000125,
					"seconds":	0.99975699186325073,
					"bytes":	29753344,
					"bits_per_second":	238084608.49709955,
					"retransmits":	539,
					"snd_cwnd":	1091792,
					"snd_wnd":	141410304,
					"rtt":	62089,
					"rttvar":	137,
					"pmtu":	1500,
					"omitted":	false,
					"sender":	true
				}],
			"sum":	{
				"start":	116.000368,
				"end":	117.000125,
				"seconds":	0.99975699186325073,
				"bytes":	29753344,
				"bits_per_second":	238084608.49709955,
				"retransmits":	539,
				"omitted":	false,
				"sender":	true
			}
		}, {
			"streams":	[{
					"socket":	7,
					"start":	117.000125,
					"end":	118.001031,
					"seconds":	1.0009059906005859,
					"bytes":	0,
					"bits_per_second":	0,
					"retransmits":	1247,
					"snd_cwnd":	2916272,
					"snd_wnd":	140521472,
					"rtt":	62254,
					"rttvar":	343,
					"pmtu":	1500,
					"omitted":	false,
					"sender":	true
				}],
			"sum":	{
				"start":	117.000125,
				"end":	118.001031,
				"seconds":	1.0009059906005859,
				"bytes":	0,
				"bits_per_second":	0,
				"retransmits":	1247,
				"omitted":	false,
				"sender":	true
			}
		}, {
			"streams":	[{
					"socket":	7,
					"start":	118.001031,
					"end":	119.000232,
					"seconds":	0.999200999736786,
					"bytes":	31457280,
					"bits_per_second":	251859475.78744712,
					"retransmits":	1493,
					"snd_cwnd":	3350672,
					"snd_wnd":	140521472,
					"rtt":	63200,
					"rttvar":	342,
					"pmtu":	1500,
					"omitted":	false,
					"sender":	true
				}],
			"sum":	{
				"start":	118.001031,
				"end":	119.000232,
				"seconds":	0.999200999736786,
				"bytes":	31457280,
				"bits_per_second":	251859475.78744712,
				"retransmits":	1493,
				"omitted":	false,
				"sender":	true
			}
		}, {
			"streams":	[{
					"socket":	7,
					"start":	119.000232,
					"end":	120.001038,
					"seconds":	1.0008059740066528,
					"bytes":	0,
					"bits_per_second":	0,
					"retransmits":	2053,
					"snd_cwnd":	1857784,
					"snd_wnd":	141410304,
					"rtt":	62280,
					"rttvar":	740,
					"pmtu":	1500,
					"omitted":	false,
					"sender":	true
				}],
			"sum":	{
				"start":	119.000232,
				"end":	120.001038,
				"seconds":	1.0008059740066528,
				"bytes":	0,
				"bits_per_second":	0,
				"retransmits":	2053,
				"omitted":	false,
				"sender":	true
			}
		}],
	"end":	{
		"streams":	[{
				"sender":	{
					"socket":	7,
					"start":	0,
					"end":	120.001038,
					"seconds":	120.001038,
					"bytes":	21658468352,
					"bits_per_second":	1443885400.5246189,
					"retransmits":	2137005,
					"max_snd_cwnd":	56008640,
					"max_snd_wnd":	141410304,
					"max_rtt":	64066,
					"min_rtt":	60835,
					"mean_rtt":	62319,
					"sender":	true
				},
				"receiver":	{
					"socket":	7,
					"start":	0,
					"end":	120.060189,
					"seconds":	120.001038,
					"bytes":	21601189888,
					"bits_per_second":	1439357380.1886985,
					"sender":	true
				}
			}],
		"sum_sent":	{
			"start":	0,
			"end":	120.001038,
			"seconds":	120.001038,
			"bytes":	21658468352,
			"bits_per_second":	1443885400.5246189,
			"retransmits":	2137005,
			"sender":	true
		},
		"sum_received":	{
			"start":	0,
			"end":	120.060189,
			"seconds":	120.060189,
			"bytes":	21601189888,
			"bits_per_second":	1439357380.1886985,
			"sender":	true
		},
		"cpu_utilization_percent":	{
			"host_total":	7.0256603846264323,
			"host_user":	0.0431970550958213,
			"host_system":	6.9824649927469631,
			"remote_total":	10.927384957782056,
			"remote_user":	0.047273781561945838,
			"remote_system":	10.88011200913555
		},
		"sender_tcp_congestion":	"bbr",
		"receiver_tcp_congestion":	"cubic"
	}
}
