{
	"start":	{
		"connected":	[{
				"socket":	7,
				"local_host":	"172.16.0.2",
				"local_port":	43686,
				"remote_host":	"172.17.0.2",
				"remote_port":	5201
			}],
		"version":	"iperf 3.16",
		"system_info":	"Linux h1 6.8.0-63-generic #66-Ubuntu SMP PREEMPT_DYNAMIC Fri Jun 13 20:25:30 UTC 2025 x86_64",
		"timestamp":	{
			"time":	"Sat, 31 Jan 2026 21:28:31 GMT",
			"timesecs":	1769894911
		},
		"connecting_to":	{
			"host":	"172.17.0.2",
			"port":	5201
		},
		"cookie":	"d3af5cgb7yoptxi5x5prw553qdatem76f7we",
		"tcp_mss_default":	1448,
		"target_bitrate":	0,
		"fq_rate":	0,
		"sock_bufsize":	0,
		"sndbuf_actual":	1000000,
		"rcvbuf_actual":	1000000,
		"test_start":	{
			"protocol":	"TCP",
			"num_streams":	1,
			"blksize":	131072,
			"omit":	0,
			"duration":	120,
			"bytes":	0,
			"blocks":	0,
			"reverse":	0,
			"tos":	0,
			"target_bitrate":	0,
			"bidir":	0,
			"fqrate":	0
		}
	},
	"intervals":	[{
			"streams":	[{
					"socket":	7,
					"start":	0,
					"end":	1.001141,
					"seconds":	1.0011409521102905,
					"bytes":	280100864,
					"bits_per_second":	2238253172.3196774,
					"retransmits":	13942,
					"snd_cwnd":	88177408,
					"snd_wnd":	87138304,
					"rtt":	61994,
					"rttvar":	4607,
					"pmtu":	1500,
					"omitted":	false,
					"sender":	true
				}],
			"sum":	{
				"start":	0,
				"end":	1.001141,
				"seconds":	1.0011409521102905,
				"bytes":	280100864,
				"bits_per_second":	2238253172.3196774,
				"retransmits":	13942,
				"omitted":	false,
				"sender":	true
			}
		}, {
			"streams":	[{
					"socket":	7,
					"start":	1.001141,
					"end":	2.001056,
					"seconds":	0.99991500377655029,
					"bytes":	251396096,
					"bits_per_second":	2011339724.2806382,
					"retransmits":	68279,
					"snd_cwnd":	12433976,
					"snd_wnd":	134516736,
					"rtt":	58727,
					"rttvar":	553,
					"pmtu":	1500,
					"omitted":	false,
					"sender":	true
				}],
			"sum":	{
				"start":	1.001141,
				"end":	2.001056,
				"seconds":	0.99991500377655029,
				"bytes":	251396096,
				"bits_per_second":	2011339724.2806382,
				"retransmits":	68279,
				"omitted":	false,
				"sender":	true
			}
		}, {
			"streams":	[{
					"socket":	7,
					"start":	2.001056,
					"end":	3.001062,
					"seconds":	1.0000059604644775,
					"bytes":	151519232,
					"bits_per_second":	1212146631.0430641,
					"retransmits":	30743,
					"snd_cwnd":	29093216,
					"snd_wnd":	124133376,
					"rtt":	59111,
					"rttvar":	441,
					"pmtu":	1500,
					"omitted":	false,
					"sender":	true
				}],
			"sum":	{
				"start":	2.001056,
				"end":	3.001062,
				"seconds":	1.0000059604644775,
				"bytes":	151519232,
				"bits_per_second":	1212146631.0430641,
				"retransmits":	30743,
				"omitted":	false,
				"sender":	true
			}
		}, {
			"streams":	[{
					"socket":	7,
					"start":	3.001062,
					"end":	4.000128,
					"seconds":	0.99906599521636963,
					"bytes":	153223168,
					"bits_per_second":	1226931303.7068481,
					"retransmits":	36115,
					"snd_cwnd":	28948416,
					"snd_wnd":	121024512,
					"rtt":	60789,
					"rttvar":	716,
					"pmtu":	1500,
					"omitted":	false,
					"sender":	true
				}],
			"sum":	{
				"start":	3.001062,
				"end":	4.000128,
				"seconds":	0.99906599521636963,
				"bytes":	153223168,
				"bits_per_second":	1226931303.7068481,
				"retransmits":	36115,
				"omitted":	false,
				"sender":	true
			}
		}, {
			"streams":	[{
					"socket":	7,
					"start":	4.000128,
					"end":	5.001079,
					"seconds":	1.0009510517120361,
					"bytes":	217579520,
					"bits_per_second":	1738982297.9083736,
					"retransmits":	29953,
					"snd_cwnd":	23043472,
					"snd_wnd":	132800512,
					"rtt":	59255,
					"rttvar":	651,
					"pmtu":	1500,
					"omitted":	false,
					"sender":	true
				}],
			"sum":	{
				"start":	4.000128,
				"end":	5.001079,
				"seconds":	1.0009510517120361,
				"bytes":	217579520,
				"bits_per_second":	1738982297.9083736,
				"retransmits":	29953,
				"omitted":	false,
				"sender":	true
			}
		}, {
			"streams":	[{
					"socket":	7,
					"start":	5.001079,
					"end":	6.001082,
					"seconds":	1.0000029802322388,
					"bytes":	139591680,
					"bits_per_second":	1116730111.8849185,
					"retransmits":	20451,
					"snd_cwnd":	20437072,
					"snd_wnd":	133300224,
					"rtt":	59552,
					"rttvar":	674,
					"pmtu":	1500,
					"omitted":	false,
					"sender":	true
				}],
			"sum":	{
				"start":	5.001079,
				"end":	6.001082,
				"seconds":	1.0000029802322388,
				"bytes":	139591680,
				"bits_per_second":	1116730111.8849185,
				"retransmits":	20451,
				"omitted":	false,
				"sender":	true
			}
		}, {
			"streams":	[{
					"socket":	7,
					"start":	6.001082,
					"end":	7.001076,
					"seconds":	0.99999397993087769,
					"bytes":	145883136,
					"bits_per_second":	1167072113.8547962,
					"retransmits":	22010,
					"snd_cwnd":	20479064,
					"snd_wnd":	134529024,
					"rtt":	59564,
					"rttvar":	641,
					"pmtu":	1500,
					"omitted":	false,
					"sender":	true
				}],
			"sum":	{
				"start":	6.001082,
				"end":	7.001076,
				"seconds":	0.99999397993087769,
				"bytes":	145883136,
				"bits_per_second":	1167072113.8547962,
				"retransmits":	22010,
				"omitted":	false,
				"sender":	true
			}
		}, {
			"streams":	[{
					"socket":	7,
					"start":	7.001076,
					"end":	8.001598,
					"seconds":	1.0005220174789429,
					"bytes":	135921664,
					"bits_per_second":	1086805980.282073,
					"retransmits":	21044,
					"snd_cwnd":	20373360,
					"snd_wnd":	124526592,
					"rtt":	59273,
					"rttvar":	924,
					"pmtu":	1500,
					"omitted":	false,
					"sender":	true
				}],
			"sum":	{
				"start":	7.001076,
				"end":	8.001598,
				"seconds":	1.0005220174789429,
				"bytes":	135921664,
				"bits_per_second":	1086805980.282073,
				"retransmits":	21044,
				"omitted":	false,
				"sender":	true
			}
		}, {
			"streams":	[{
					"socket":	7,
					"start":	8.001598,
					"end":	9.000876,
					"seconds":	0.99927800893783569,
					"bytes":	137625600,
					"bits_per_second":	1101800289.9616423,
					"retransmits":	12105,
					"snd_cwnd":	16536160,
					"snd_wnd":	134615040,
					"rtt":	59270,
					"rttvar":	622,
					"pmtu":	1500,
					"omitted":	false,
					"sender":	true
				}],
			"sum":	{
				"start":	8.001598,
				"end":	9.000876,
				"seconds":	0.99927800893783569,
				"bytes":	137625600,
				"bits_per_second":	1101800289.9616423,
				"retransmits":	12105,
				"omitted":	false,
				"sender":	true
			}
		}, {
			"streams":	[{
					"socket":	7,
					"start":	9.000876,
					"end":	10.000413,
					"seconds":	0.99953699111938477,
					"bytes":	81526784,
					"bits_per_second":	652516392.88465261,
					"retransmits":	11924,
					"snd_cwnd":	16376880,
					"snd_wnd":	133832704,
					"rtt":	58858,
					"rttvar":	534,
					"pmtu":	1500,
					"omitted":	false,
					"sender":	true
				}],
			"sum":	{
				"start":	9.000876,
				"end":	10.000413,
				"seconds":	0.99953699111938477,
				"bytes":	81526784,
				"bits_per_second":	652516392.88465261,
				"retransmits":	11924,
				"omitted":	false,
				"sender":	true
			}
		}, {
			"streams":	[{
					"socket":	7,
					"start":	10.000413,
					"end":	11.000285,
					"seconds":	0.99987202882766724,
					"bytes":	139198464,
					"bits_per_second":	1113730237.3641379,
					"retransmits":	8115,
					"snd_cwnd":	5792,
					"snd_wnd":	115445760,
					"rtt":	58847,
					"rttvar":	527,
					"pmtu":	1500,
					"omitted":	false,
					"sender":	true
				}],
			"sum":	{
				"start":	10.000413,
				"end":	11.000285,
				"seconds":	0.99987202882766724,
				"bytes":	139198464,
				"bits_per_second":	1113730237.3641379,
				"retransmits":	8115,
				"omitted":	false,
				"sender":	true
			}
		}, {
			"streams":	[{
					"socket":	7,
					"start":	11.000285,
					"end":	12.000164,
					"seconds":	0.999879002571106,
					"bytes":	68943872,
					"bits_per_second":	551617720.325892,
					"retransmits":	8068,
					"snd_cwnd":	16840240,
					"snd_wnd":	135184384,
					"rtt":	59331,
					"rttvar":	510,
					"pmtu":	1500,
					"omitted":	false,
					"sender":	true
				}],
			"sum":	{
				"start":	11.000285,
				"end":	12.000164,
				"seconds":	0.999879002571106,
				"bytes":	68943872,
				"bits_per_second":	551617720.325892,
				"retransmits":	8068,
				"omitted":	false,
				"sender":	true
			}
		}, {
			"streams":	[{
					"socket":	7,
					"start":	12.000164,
					"end":	13.000301,
					"seconds":	1.0001369714736938,
					"bytes":	133038080,
					"bits_per_second":	1064158880.5898812,
					"retransmits":	12302,
					"snd_cwnd":	19843392,
					"snd_wnd":	132775936,
					"rtt":	59323,
					"rttvar":	323,
					"pmtu":	1500,
					"omitted":	false,
					"sender":	true
				}],
			"sum":	{
				"start":	12.000164,
				"end":	13.000301,
				"seconds":	1.0001369714736938,
				"bytes":	133038080,
				"bits_per_second":	1064158880.5898812,
				"retransmits":	12302,
				"omitted":	false,
				"sender":	true
			}
		}, {
			"streams":	[{
					"socket":	7,
					"start":	13.000301,
					"end":	14.000298,
					"seconds":	0.99999701976776123,
					"bytes":	163446784,
					"bits_per_second":	1307578168.8866136,
					"retransmits":	19092,
					"snd_cwnd":	19417680,
					"snd_wnd":	128606208,
					"rtt":	59090,
					"rttvar":	317,
					"pmtu":	1500,
					"omitted":	false,
					"sender":	true
				}],
			"sum":	{
				"start":	13.000301,
				"end":	14.000298,
				"seconds":	0.99999701976776123,
				"bytes":	163446784,
				"bits_per_second":	1307578168.8866136,
				"retransmits":	19092,
				"omitted":	false,
				"sender":	true
			}
		}, {
			"streams":	[{
					"socket":	7,
					"start":	14.000298,
					"end":	15.000456,
					"seconds":	1.0001579523086548,
					"bytes":	68812800,
					"bits_per_second":	550415460.60727775,
					"retransmits":	12302,
					"snd_cwnd":	15293776,
					"snd_wnd":	135991296,
					"rtt":	59614,
					"rttvar":	551,
					"pmtu":	1500,
					"omitted":	false,
					"sender":	true
				}],
			"sum":	{
				"start":	14.000298,
				"end":	15.000456,
				"seconds":	1.0001579523086548,
				"bytes":	68812800,
				"bits_per_second":	550415460.60727775,
				"retransmits":	12302,
				"omitted":	false,
				"sender":	true
			}
		}, {
			"streams":	[{
					"socket":	7,
					"start":	15.000456,
					"end":	16.000104,
					"seconds":	0.99964797496795654,
					"bytes":	141164544,
					"bits_per_second":	1129714039.6209974,
					"retransmits":	13210,
					"snd_cwnd":	15360384,
					"snd_wnd":	134582272,
					"rtt":	58974,
					"rttvar":	455,
					"pmtu":	1500,
					"omitted":	false,
					"sender":	true
				}],
			"sum":	{
				"start":	15.000456,
				"end":	16.000104,
				"seconds":	0.99964797496795654,
				"bytes":	141164544,
				"bits_per_second":	1129714039.6209974,
				"retransmits":	13210,
				"omitted":	false,
				"sender":	true
			}
		}, {
			"streams":	[{
					"socket":	7,
					"start":	16.000104,
					"end":	17.000103,
					"seconds":	0.99999898672103882,
					"bytes":	136839168,
					"bits_per_second":	1094714453.2511239,
					"retransmits":	13416,
					"snd_cwnd":	14603080,
					"snd_wnd":	136966144,
					"rtt":	60610,
					"rttvar":	878,
					"pmtu":	1500,
					"omitted":	false,
					"sender":	true
				}],
			"sum":	{
				"start":	16.000104,
				"end":	17.000103,
				"seconds":	0.99999898672103882,
				"bytes":	136839168,
				"bits_per_second":	1094714453.2511239,
				"retransmits":	13416,
				"omitted":	false,
				"sender":	true
			}
		}, {
			"streams":	[{
					"socket":	7,
					"start":	17.000103,
					"end":	18.000137,
					"seconds":	1.000033974647522,
					"bytes":	69730304,
					"bits_per_second":	557823480.14388263,
					"retransmits":	12480,
					"snd_cwnd":	19411888,
					"snd_wnd":	130461696,
					"rtt":	58387,
					"rttvar":	199,
					"pmtu":	1500,
					"omitted":	false,
					"sender":	true
				}],
			"sum":	{
				"start":	17.000103,
				"end":	18.000137,
				"seconds":	1.000033974647522,
				"bytes":	69730304,
				"bits_per_second":	557823480.14388263,
				"retransmits":	12480,
				"omitted":	false,
				"sender":	true
			}
		}, {
			"streams":	[{
					"socket":	7,
					"start":	18.000137,
					"end":	19.000197,
					"seconds":	1.000059962272644,
					"bytes":	143785984,
					"bits_per_second":	1150218902.2605822,
					"retransmits":	20477,
					"snd_cwnd":	14731952,
					"snd_wnd":	135696384,
					"rtt":	59131,
					"rttvar":	309,
					"pmtu":	1500,
					"omitted":	false,
					"sender":	true
				}],
			"sum":	{
				"start":	18.000137,
				"end":	19.000197,
				"seconds":	1.000059962272644,
				"bytes":	143785984,
				"bits_per_second":	1150218902.2605822,
				"retransmits":	20477,
				"omitted":	false,
				"sender":	true
			}
		}, {
			"streams":	[{
					"socket":	7,
					"start":	19.000197,
					"end":	20.000445,
					"seconds":	1.0002479553222656,
					"bytes":	72351744,
					"bits_per_second":	578670467.577726,
					"retransmits":	9295,
					"snd_cwnd":	14781184,
					"snd_wnd":	136880128,
					"rtt":	59186,
					"rttvar":	393,
					"pmtu":	1500,
					"omitted":	false,
					"sender":	true
				}],
			"sum":	{
				"start":	19.000197,
				"end":	20.000445,
				"seconds":	1.0002479553222656,
				"bytes":	72351744,
				"bits_per_second":	578670467.577726,
				"retransmits":	9295,
				"omitted":	false,
				"sender":	true
			}
		}, {
			"streams":	[{
					"socket":	7,
					"start":	20.000445,
					"end":	21.000068,
					"seconds":	0.99962300062179565,
					"bytes":	143261696,
					"bits_per_second":	1146525807.5165291,
					"retransmits":	13160,
					"snd_cwnd":	14772496,
					"snd_wnd":	129417216,
					"rtt":	59740,
					"rttvar":	379,
					"pmtu":	1500,
					"omitted":	false,
					"sender":	true
				}],
			"sum":	{
				"start":	20.000445,
				"end":	21.000068,
				"seconds":	0.99962300062179565,
				"bytes":	143261696,
				"bits_per_second":	1146525807.5165291,
				"retransmits":	13160,
				"omitted":	false,
				"sender":	true
			}
		}, {
			"streams":	[{
					"socket":	7,
					"start":	21.000068,
					"end":	22.001044,
					"seconds":	1.0009759664535522,
					"bytes":	66584576,
					"bits_per_second":	532157240.385369,
					"retransmits":	6640,
					"snd_cwnd":	16091624,
					"snd_wnd":	135266304,
					"rtt":	59051,
					"rttvar":	477,
					"pmtu":	1500,
					"omitted":	false,
					"sender":	true
				}],
			"sum":	{
				"start":	21.000068,
				"end":	22.001044,
				"seconds":	1.0009759664535522,
				"bytes":	66584576,
				"bits_per_second":	532157240.385369,
				"retransmits":	6640,
				"omitted":	false,
				"sender":	true
			}
		}, {
			"streams":	[{
					"socket":	7,
					"start":	22.001044,
					"end":	23.003118,
					"seconds":	1.0020740032196045,
					"bytes":	136577024,
					"bits_per_second":	1090354792.6495337,
					"retransmits":	14060,
					"snd_cwnd":	17910312,
					"snd_wnd":	133001216,
					"rtt":	59826,
					"rttvar":	1415,
					"pmtu":	1500,
					"omitted":	false,
					"sender":	true
				}],
			"sum":	{
				"start":	22.001044,
				"end":	23.003118,
				"seconds":	1.0020740032196045,
				"bytes":	136577024,
				"bits_per_second":	1090354792.6495337,
				"retransmits":	14060,
				"omitted":	false,
				"sender":	true
			}
		}, {
			"streams":	[{
					"socket":	7,
					"start":	23.003118,
					"end":	24.000196,
					"seconds":	0.997078001499176,
					"bytes":	69730304,
					"bits_per_second":	559477223.60862958,
					"retransmits":	15037,
					"snd_cwnd":	14330856,
					"snd_wnd":	133496832,
					"rtt":	58470,
					"rttvar":	489,
					"pmtu":	1500,
					"omitted":	false,
					"sender":	true
				}],
			"sum":	{
				"start":	23.003118,
				"end":	24.000196,
				"seconds":	0.997078001499176,
				"bytes":	69730304,
				"bits_per_second":	559477223.60862958,
				"retransmits":	15037,
				"omitted":	false,
				"sender":	true
			}
		}, {
			"streams":	[{
					"socket":	7,
					"start":	24.000196,
					"end":	25.001061,
					"seconds":	1.0008649826049805,
					"bytes":	119930880,
					"bits_per_second":	958617852.23299468,
					"retransmits":	10133,
					"snd_cwnd":	14375744,
					"snd_wnd":	139587584,
					"rtt":	59490,
					"rttvar":	602,
					"pmtu":	1500,
					"omitted":	false,
					"sender":	true
				}],
			"sum":	{
				"start":	24.000196,
				"end":	25.001061,
				"seconds":	1.0008649826049805,
				"bytes":	119930880,
				"bits_per_second":	958617852.23299468,
				"retransmits":	10133,
				"omitted":	false,
				"sender":	true
			}
		}, {
			"streams":	[{
					"socket":	7,
					"start":	25.001061,
					"end":	26.00014,
					"seconds":	0.99907898902893066,
					"bytes":	94371840,
					"bits_per_second":	755670701.00614226,
					"retransmits":	12502,
					"snd_cwnd":	14367056,
					"snd_wnd":	131760128,
					"rtt":	59119,
					"rttvar":	178,
					"pmtu":	1500,
					"omitted":	false,
					"sender":	true
				}],
			"sum":	{
				"start":	25.001061,
				"end":	26.00014,
				"seconds":	0.99907898902893066,
				"bytes":	94371840,
				"bits_per_second":	755670701.00614226,
				"retransmits":	12502,
				"omitted":	false,
				"sender":	true
			}
		}, {
			"streams":	[{
					"socket":	7,
					"start":	26.00014,
					"end":	27.000216,
					"seconds":	1.0000760555267334,
					"bytes":	80216064,
					"bits_per_second":	641679708.71175981,
					"retransmits":	10443,
					"snd_cwnd":	15131600,
					"snd_wnd":	134340608,
					"rtt":	59638,
					"rttvar":	863,
					"pmtu":	1500,
					"omitted":	false,
					"sender":	true
				}],
			"sum":	{
				"start":	26.00014,
				"end":	27.000216,
				"seconds":	1.0000760555267334,
				"bytes":	80216064,
				"bits_per_second":	641679708.71175981,
				"retransmits":	10443,
				"omitted":	false,
				"sender":	true
			}
		}, {
			"streams":	[{
					"socket":	7,
					"start":	27.000216,
					"end":	28.00018,
					"seconds":	0.99996399879455566,
					"bytes":	152829952,
					"bits_per_second":	1222683634.0847042,
					"retransmits":	10185,
					"snd_cwnd":	19733344,
					"snd_wnd":	131944448,
					"rtt":	59470,
					"rttvar":	296,
					"pmtu":	1500,
					"omitted":	false,
					"sender":	true
				}],
			"sum":	{
				"start":	27.000216,
				"end":	28.00018,
				"seconds":	0.99996399879455566,
				"bytes":	152829952,
				"bits_per_second":	1222683634.0847042,
				"retransmits":	10185,
				"omitted":	false,
				"sender":	true
			}
		}, {
			"streams":	[{
					"socket":	7,
					"start":	28.00018,
					"end":	29.000295,
					"seconds":	1.0001150369644165,
					"bytes":	146800640,
					"bits_per_second":	1174270035.5397062,
					"retransmits":	19936,
					"snd_cwnd":	16987936,
					"snd_wnd":	134365184,
					"rtt":	59594,
					"rttvar":	368,
					"pmtu":	1500,
					"omitted":	false,
					"sender":	true
				}],
			"sum":	{
				"start":	28.00018,
				"end":	29.000295,
				"seconds":	1.0001150369644165,
				"bytes":	146800640,
				"bits_per_second":	1174270035.5397062,
				"retransmits":	19936,
				"omitted":	false,
				"sender":	true
			}
		}, {
			"streams":	[{
					"socket":	7,
					"start":	29.000295,
					"end":	30.000098,
					"seconds":	0.99980300664901733,
					"bytes":	70909952,
					"bits_per_second":	567391388.330906,
					"retransmits":	12697,
					"snd_cwnd":	16692544,
					"snd_wnd":	134123520,
					"rtt":	59123,
					"rttvar":	632,
					"pmtu":	1500,
					"omitted":	false,
					"sender":	true
				}],
			"sum":	{
				"start":	29.000295,
				"end":	30.000098,
				"seconds":	0.99980300664901733,
				"bytes":	70909952,
				"bits_per_second":	567391388.330906,
				"retransmits":	12697,
				"omitted":	false,
				"sender":	true
			}
		}, {
			"streams":	[{
					"socket":	7,
					"start":	30.000098,
					"end":	31.000255,
					"seconds":	1.0001569986343384,
					"bytes":	140378112,
					"bits_per_second":	1122848610.3016138,
					"retransmits":	17439,
					"snd_cwnd":	16675168,
					"snd_wnd":	133619712,
					"rtt":	59190,
					"rttvar":	246,
					"pmtu":	1500,
					"omitted":	false,
					"sender":	true
				}],
			"sum":	{
				"start":	30.000098,
				"end":	31.000255,
				"seconds":	1.0001569986343384,
				"bytes":	140378112,
				"bits_per_second":	1122848610.3016138,
				"retransmits":	17439,
				"omitted":	false,
				"sender":	true
			}
		}, {
			"streams":	[{
					"socket":	7,
					"start":	31.000255,
					"end":	32.000167,
					"seconds":	0.99991202354431152,
					"bytes":	71303168,
					"bits_per_second":	570475532.415399,
					"retransmits":	5113,
					"snd_cwnd":	16631728,
					"snd_wnd":	132804608,
					"rtt":	58465,
					"rttvar":	842,
					"pmtu":	1500,
					"omitted":	false,
					"sender":	true
				}],
			"sum":	{
				"start":	31.000255,
				"end":	32.000167,
				"seconds":	0.99991202354431152,
				"bytes":	71303168,
				"bits_per_second":	570475532.415399,
				"retransmits":	5113,
				"omitted":	false,
				"sender":	true
			}
		}, {
			"streams":	[{
					"socket":	7,
					"start":	32.000167,
					"end":	33.000345,
					"seconds":	1.0001779794692993,
					"bytes":	135266304,
					"bits_per_second":	1081937869.272212,
					"retransmits":	7710,
					"snd_cwnd":	20463136,
					"snd_wnd":	132935680,
					"rtt":	59120,
					"rttvar":	190,
					"pmtu":	1500,
					"omitted":	false,
					"sender":	true
				}],
			"sum":	{
				"start":	32.000167,
				"end":	33.000345,
				"seconds":	1.0001779794692993,
				"bytes":	135266304,
				"bits_per_second":	1081937869.272212,
				"retransmits":	7710,
				"omitted":	false,
				"sender":	true
			}
		}, {
			"streams":	[{
					"socket":	7,
					"start":	33.000345,
					"end":	34.000422,
					"seconds":	1.00007700920105,
					"bytes":	141426688,
					"bits_per_second":	1131326381.4592373,
					"retransmits":	19064,
					"snd_cwnd":	17963888,
					"snd_wnd":	131207168,
					"rtt":	59607,
					"rttvar":	876,
					"pmtu":	1500,
					"omitted":	false,
					"sender":	true
				}],
			"sum":	{
				"start":	33.000345,
				"end":	34.000422,
				"seconds":	1.00007700920105,
				"bytes":	141426688,
				"bits_per_second":	1131326381.4592373,
				"retransmits":	19064,
				"omitted":	false,
				"sender":	true
			}
		}, {
			"streams":	[{
					"socket":	7,
					"start":	34.000422,
					"end":	35.000157,
					"seconds":	0.99973499774932861,
					"bytes":	74448896,
					"bits_per_second":	595749042.837187,
					"retransmits":	15457,
					"snd_cwnd":	16854720,
					"snd_wnd":	133906432,
					"rtt":	59044,
					"rttvar":	484,
					"pmtu":	1500,
					"omitted":	false,
					"sender":	true
				}],
			"sum":	{
				"start":	34.000422,
				"end":	35.000157,
				"seconds":	0.99973499774932861,
				"bytes":	74448896,
				"bits_per_second":	595749042.837187,
				"retransmits":	15457,
				"omitted":	false,
				"sender":	true
			}
		}, {
			"streams":	[{
					"socket":	7,
					"start":	35.000157,
					"end":	36.000691,
					"seconds":	1.0005340576171875,
					"bytes":	135921664,
					"bits_per_second":	1086792901.9723964,
					"retransmits":	13639,
					"snd_cwnd":	16449280,
					"snd_wnd":	138240000,
					"rtt":	59293,
					"rttvar":	655,
					"pmtu":	1500,
					"omitted":	false,
					"sender":	true
				}],
			"sum":	{
				"start":	35.000157,
				"end":	36.000691,
				"seconds":	1.0005340576171875,
				"bytes":	135921664,
				"bits_per_second":	1086792901.9723964,
				"retransmits":	13639,
				"omitted":	false,
				"sender":	true
			}
		}, {
			"streams":	[{
					"socket":	7,
					"start":	36.000691,
					"end":	37.001591,
					"seconds":	1.0009000301361084,
					"bytes":	142213120,
					"bits_per_second":	1136681912.024009,
					"retransmits":	12339,
					"snd_cwnd":	18708160,
					"snd_wnd":	137371648,
					"rtt":	58684,
					"rttvar":	427,
					"pmtu":	1500,
					"omitted":	false,
					"sender":	true
				}],
			"sum":	{
				"start":	36.000691,
				"end":	37.001591,
				"seconds":	1.0009000301361084,
				"bytes":	142213120,
				"bits_per_second":	1136681912.024009,
				"retransmits":	12339,
				"omitted":	false,
				"sender":	true
			}
		}, {
			"streams":	[{
					"socket":	7,
					"start":	37.001591,
					"end":	38.000144,
					"seconds":	0.998552978038788,
					"bytes":	109707264,
					"bits_per_second":	878929942.92978632,
					"retransmits":	15470,
					"snd_cwnd":	19180208,
					"snd_wnd":	129249280,
					"rtt":	59324,
					"rttvar":	549,
					"pmtu":	1500,
					"omitted":	false,
					"sender":	true
				}],
			"sum":	{
				"start":	37.001591,
				"end":	38.000144,
				"seconds":	0.998552978038788,
				"bytes":	109707264,
				"bits_per_second":	878929942.92978632,
				"retransmits":	15470,
				"omitted":	false,
				"sender":	true
			}
		}, {
			"streams":	[{
					"socket":	7,
					"start":	38.000144,
					"end":	39.001058,
					"seconds":	1.0009139776229858,
					"bytes":	162529280,
					"bits_per_second":	1299046940.1654806,
					"retransmits":	14188,
					"snd_cwnd":	20306752,
					"snd_wnd":	134615040,
					"rtt":	60022,
					"rttvar":	1290,
					"pmtu":	1500,
					"omitted":	false,
					"sender":	true
				}],
			"sum":	{
				"start":	38.000144,
				"end":	39.001058,
				"seconds":	1.0009139776229858,
				"bytes":	162529280,
				"bits_per_second":	1299046940.1654806,
				"retransmits":	14188,
				"omitted":	false,
				"sender":	true
			}
		}, {
			"streams":	[{
					"socket":	7,
					"start":	39.001058,
					"end":	40.000095,
					"seconds":	0.99903702735900879,
					"bytes":	136314880,
					"bits_per_second":	1091570192.23084,
					"retransmits":	19718,
					"snd_cwnd":	24190288,
					"snd_wnd":	119529472,
					"rtt":	59252,
					"rttvar":	200,
					"pmtu":	1500,
					"omitted":	false,
					"sender":	true
				}],
			"sum":	{
				"start":	39.001058,
				"end":	40.000095,
				"seconds":	0.99903702735900879,
				"bytes":	136314880,
				"bits_per_second":	1091570192.23084,
				"retransmits":	19718,
				"omitted":	false,
				"sender":	true
			}
		}, {
			"streams":	[{
					"socket":	7,
					"start":	40.000095,
					"end":	41.001049,
					"seconds":	1.0009540319442749,
					"bytes":	156762112,
					"bits_per_second":	1252901587.8621469,
					"retransmits":	14100,
					"snd_cwnd":	19721760,
					"snd_wnd":	127156224,
					"rtt":	58778,
					"rttvar":	416,
					"pmtu":	1500,
					"omitted":	false,
					"sender":	true
				}],
			"sum":	{
				"start":	40.000095,
				"end":	41.001049,
				"seconds":	1.0009540319442749,
				"bytes":	156762112,
				"bits_per_second":	1252901587.8621469,
				"retransmits":	14100,
				"omitted":	false,
				"sender":	true
			}
		}, {
			"streams":	[{
					"socket":	7,
					"start":	41.001049,
					"end":	42.000092,
					"seconds":	0.99904298782348633,
					"bytes":	159776768,
					"bits_per_second":	1279438582.3023648,
					"retransmits":	5527,
					"snd_cwnd":	5792,
					"snd_wnd":	136769536,
					"rtt":	58328,
					"rttvar":	156,
					"pmtu":	1500,
					"omitted":	false,
					"sender":	true
				}],
			"sum":	{
				"start":	41.001049,
				"end":	42.000092,
				"seconds":	0.99904298782348633,
				"bytes":	159776768,
				"bits_per_second":	1279438582.3023648,
				"retransmits":	5527,
				"omitted":	false,
				"sender":	true
			}
		}, {
			"streams":	[{
					"socket":	7,
					"start":	42.000092,
					"end":	43.000087,
					"seconds":	0.999994993209839,
					"bytes":	67895296,
					"bits_per_second":	543165087.513616,
					"retransmits":	7227,
					"snd_cwnd":	19490080,
					"snd_wnd":	135655424,
					"rtt":	58257,
					"rttvar":	348,
					"pmtu":	1500,
					"omitted":	false,
					"sender":	true
				}],
			"sum":	{
				"start":	42.000092,
				"end":	43.000087,
				"seconds":	0.999994993209839,
				"bytes":	67895296,
				"bits_per_second":	543165087.513616,
				"retransmits":	7227,
				"omitted":	false,
				"sender":	true
			}
		}, {
			"streams":	[{
					"socket":	7,
					"start":	43.000087,
					"end":	44.001051,
					"seconds":	1.0009640455245972,
					"bytes":	134610944,
					"bits_per_second":	1075850383.2528889,
					"retransmits":	11327,
					"snd_cwnd":	23550272,
					"snd_wnd":	133074944,
					"rtt":	59442,
					"rttvar":	423,
					"pmtu":	1500,
					"omitted":	false,
					"sender":	true
				}],
			"sum":	{
				"start":	43.000087,
				"end":	44.001051,
				"seconds":	1.0009640455245972,
				"bytes":	134610944,
				"bits_per_second":	1075850383.2528889,
				"retransmits":	11327,
				"omitted":	false,
				"sender":	true
			}
		}, {
			"streams":	[{
					"socket":	7,
					"start":	44.001051,
					"end":	45.0001,
					"seconds":	0.99904900789260864,
					"bytes":	218759168,
					"bits_per_second":	1751739234.1859186,
					"retransmits":	21094,
					"snd_cwnd":	28033280,
					"snd_wnd":	129277952,
					"rtt":	58699,
					"rttvar":	289,
					"pmtu":	1500,
					"omitted":	false,
					"sender":	true
				}],
			"sum":	{
				"start":	44.001051,
				"end":	45.0001,
				"seconds":	0.99904900789260864,
				"bytes":	218759168,
				"bits_per_second":	1751739234.1859186,
				"retransmits":	21094,
				"omitted":	false,
				"sender":	true
			}
		}, {
			"streams":	[{
					"socket":	7,
					"start":	45.0001,
					"end":	46.001087,
					"seconds":	1.0009870529174805,
					"bytes":	153747456,
					"bits_per_second":	1228766790.1548746,
					"retransmits":	25745,
					"snd_cwnd":	22994240,
					"snd_wnd":	115675136,
					"rtt":	59782,
					"rttvar":	1271,
					"pmtu":	1500,
					"omitted":	false,
					"sender":	true
				}],
			"sum":	{
				"start":	45.0001,
				"end":	46.001087,
				"seconds":	1.0009870529174805,
				"bytes":	153747456,
				"bits_per_second":	1228766790.1548746,
				"retransmits":	25745,
				"omitted":	false,
				"sender":	true
			}
		}, {
			"streams":	[{
					"socket":	7,
					"start":	46.001087,
					"end":	47.001059,
					"seconds":	0.99997198581695557,
					"bytes":	207618048,
					"bits_per_second":	1660990915.3035364,
					"retransmits":	19289,
					"snd_cwnd":	22597488,
					"snd_wnd":	135503872,
					"rtt":	58640,
					"rttvar":	334,
					"pmtu":	1500,
					"omitted":	false,
					"sender":	true
				}],
			"sum":	{
				"start":	46.001087,
				"end":	47.001059,
				"seconds":	0.99997198581695557,
				"bytes":	207618048,
				"bits_per_second":	1660990915.3035364,
				"retransmits":	19289,
				"omitted":	false,
				"sender":	true
			}
		}, {
			"streams":	[{
					"socket":	7,
					"start":	47.001059,
					"end":	48.000395,
					"seconds":	0.999336004257202,
					"bytes":	146669568,
					"bits_per_second":	1174136165.4153008,
					"retransmits":	17662,
					"snd_cwnd":	22527984,
					"snd_wnd":	128462848,
					"rtt":	59117,
					"rttvar":	273,
					"pmtu":	1500,
					"omitted":	false,
					"sender":	true
				}],
			"sum":	{
				"start":	47.001059,
				"end":	48.000395,
				"seconds":	0.999336004257202,
				"bytes":	146669568,
				"bits_per_second":	1174136165.4153008,
				"retransmits":	17662,
				"omitted":	false,
				"sender":	true
			}
		}, {
			"streams":	[{
					"socket":	7,
					"start":	48.000395,
					"end":	49.000618,
					"seconds":	1.0002230405807495,
					"bytes":	152567808,
					"bits_per_second":	1220270294.2049091,
					"retransmits":	21145,
					"snd_cwnd":	10490760,
					"snd_wnd":	141160448,
					"rtt":	59156,
					"rttvar":	1301,
					"pmtu":	1500,
					"omitted":	false,
					"sender":	true
				}],
			"sum":	{
				"start":	48.000395,
				"end":	49.000618,
				"seconds":	1.0002230405807495,
				"bytes":	152567808,
				"bits_per_second":	1220270294.2049091,
				"retransmits":	21145,
				"omitted":	false,
				"sender":	true
			}
		}, {
			"streams":	[{
					"socket":	7,
					"start":	49.000618,
					"end":	50.001047,
					"seconds":	1.0004290342330933,
					"bytes":	145096704,
					"bits_per_second":	1160275833.9474058,
					"retransmits":	21183,
					"snd_cwnd":	19553792,
					"snd_wnd":	128532480,
					"rtt":	58859,
					"rttvar":	216,
					"pmtu":	1500,
					"omitted":	false,
					"sender":	true
				}],
			"sum":	{
				"start":	49.000618,
				"end":	50.001047,
				"seconds":	1.0004290342330933,
				"bytes":	145096704,
				"bits_per_second":	1160275833.9474058,
				"retransmits":	21183,
				"omitted":	false,
				"sender":	true
			}
		}, {
			"streams":	[{
					"socket":	7,
					"start":	50.001047,
					"end":	51.000187,
					"seconds":	0.99914002418518066,
					"bytes":	138543104,
					"bits_per_second":	1109298802.1412494,
					"retransmits":	9343,
					"snd_cwnd":	9057240,
					"snd_wnd":	141344768,
					"rtt":	59122,
					"rttvar":	660,
					"pmtu":	1500,
					"omitted":	false,
					"sender":	true
				}],
			"sum":	{
				"start":	50.001047,
				"end":	51.000187,
				"seconds":	0.99914002418518066,
				"bytes":	138543104,
				"bits_per_second":	1109298802.1412494,
				"retransmits":	9343,
				"omitted":	false,
				"sender":	true
			}
		}, {
			"streams":	[{
					"socket":	7,
					"start":	51.000187,
					"end":	52.000139,
					"seconds":	0.99995201826095581,
					"bytes":	133169152,
					"bits_per_second":	1065404335.9528242,
					"retransmits":	9432,
					"snd_cwnd":	18482272,
					"snd_wnd":	131559424,
					"rtt":	58270,
					"rttvar":	560,
					"pmtu":	1500,
					"omitted":	false,
					"sender":	true
				}],
			"sum":	{
				"start":	51.000187,
				"end":	52.000139,
				"seconds":	0.99995201826095581,
				"bytes":	133169152,
				"bits_per_second":	1065404335.9528242,
				"retransmits":	9432,
				"omitted":	false,
				"sender":	true
			}
		}, {
			"streams":	[{
					"socket":	7,
					"start":	52.000139,
					"end":	53.000142,
					"seconds":	1.0000029802322388,
					"bytes":	72220672,
					"bits_per_second":	577763654.1301316,
					"retransmits":	3214,
					"snd_cwnd":	18314304,
					"snd_wnd":	138080256,
					"rtt":	58312,
					"rttvar":	283,
					"pmtu":	1500,
					"omitted":	false,
					"sender":	true
				}],
			"sum":	{
				"start":	52.000139,
				"end":	53.000142,
				"seconds":	1.0000029802322388,
				"bytes":	72220672,
				"bits_per_second":	577763654.1301316,
				"retransmits":	3214,
				"omitted":	false,
				"sender":	true
			}
		}, {
			"streams":	[{
					"socket":	7,
					"start":	53.000142,
					"end":	54.001059,
					"seconds":	1.0009169578552246,
					"bytes":	139984896,
					"bits_per_second":	1118853226.7448928,
					"retransmits":	10247,
					"snd_cwnd":	19894072,
					"snd_wnd":	119889920,
					"rtt":	60924,
					"rttvar":	2963,
					"pmtu":	1500,
					"omitted":	false,
					"sender":	true
				}],
			"sum":	{
				"start":	53.000142,
				"end":	54.001059,
				"seconds":	1.0009169578552246,
				"bytes":	139984896,
				"bits_per_second":	1118853226.7448928,
				"retransmits":	10247,
				"omitted":	false,
				"sender":	true
			}
		}, {
			"streams":	[{
					"socket":	7,
					"start":	54.001059,
					"end":	55.001048,
					"seconds":	0.99998897314071655,
					"bytes":	143130624,
					"bits_per_second":	1145057618.3892295,
					"retransmits":	18251,
					"snd_cwnd":	19947648,
					"snd_wnd":	124919808,
					"rtt":	58470,
					"rttvar":	457,
					"pmtu":	1500,
					"omitted":	false,
					"sender":	true
				}],
			"sum":	{
				"start":	54.001059,
				"end":	55.001048,
				"seconds":	0.99998897314071655,
				"bytes":	143130624,
				"bits_per_second":	1145057618.3892295,
				"retransmits":	18251,
				"omitted":	false,
				"sender":	true
			}
		}, {
			"streams":	[{
					"socket":	7,
					"start":	55.001048,
					"end":	56.000261,
					"seconds":	0.99921298027038574,
					"bytes":	144310272,
					"bits_per_second":	1155391491.8995533,
					"retransmits":	17993,
					"snd_cwnd":	16333440,
					"snd_wnd":	130613248,
					"rtt":	59287,
					"rttvar":	434,
					"pmtu":	1500,
					"omitted":	false,
					"sender":	true
				}],
			"sum":	{
				"start":	55.001048,
				"end":	56.000261,
				"seconds":	0.99921298027038574,
				"bytes":	144310272,
				"bits_per_second":	1155391491.8995533,
				"retransmits":	17993,
				"omitted":	false,
				"sender":	true
			}
		}, {
			"streams":	[{
					"socket":	7,
					"start":	56.000261,
					"end":	57.001054,
					"seconds":	1.0007929801940918,
					"bytes":	76677120,
					"bits_per_second":	612930917.9217416,
					"retransmits":	20566,
					"snd_cwnd":	16298688,
					"snd_wnd":	131420160,
					"rtt":	59491,
					"rttvar":	442,
					"pmtu":	1500,
					"omitted":	false,
					"sender":	true
				}],
			"sum":	{
				"start":	56.000261,
				"end":	57.001054,
				"seconds":	1.0007929801940918,
				"bytes":	76677120,
				"bits_per_second":	612930917.9217416,
				"retransmits":	20566,
				"omitted":	false,
				"sender":	true
			}
		}, {
			"streams":	[{
					"socket":	7,
					"start":	57.001054,
					"end":	58.001669,
					"seconds":	1.0006150007247925,
					"bytes":	149291008,
					"bits_per_second":	1193594002.8231559,
					"retransmits":	13932,
					"snd_cwnd":	16107552,
					"snd_wnd":	138670080,
					"rtt":	59003,
					"rttvar":	250,
					"pmtu":	1500,
					"omitted":	false,
					"sender":	true
				}],
			"sum":	{
				"start":	57.001054,
				"end":	58.001669,
				"seconds":	1.0006150007247925,
				"bytes":	149291008,
				"bits_per_second":	1193594002.8231559,
				"retransmits":	13932,
				"omitted":	false,
				"sender":	true
			}
		}, {
			"streams":	[{
					"socket":	7,
					"start":	58.001669,
					"end":	59.000301,
					"seconds":	0.99863201379776,
					"bytes":	68419584,
					"bits_per_second":	548106474.093919,
					"retransmits":	12798,
					"snd_cwnd":	18236112,
					"snd_wnd":	131555328,
					"rtt":	59042,
					"rttvar":	561,
					"pmtu":	1500,
					"omitted":	false,
					"sender":	true
				}],
			"sum":	{
				"start":	58.001669,
				"end":	59.000301,
				"seconds":	0.99863201379776,
				"bytes":	68419584,
				"bits_per_second":	548106474.093919,
				"retransmits":	12798,
				"omitted":	false,
				"sender":	true
			}
		}, {
			"streams":	[{
					"socket":	7,
					"start":	59.000301,
					"end":	60.000249,
					"seconds":	0.999948024749756,
					"bytes":	142213120,
					"bits_per_second":	1137764095.5735862,
					"retransmits":	16455,
					"snd_cwnd":	19927376,
					"snd_wnd":	134963200,
					"rtt":	59111,
					"rttvar":	127,
					"pmtu":	1500,
					"omitted":	false,
					"sender":	true
				}],
			"sum":	{
				"start":	59.000301,
				"end":	60.000249,
				"seconds":	0.999948024749756,
				"bytes":	142213120,
				"bits_per_second":	1137764095.5735862,
				"retransmits":	16455,
				"omitted":	false,
				"sender":	true
			}
		}, {
			"streams":	[{
					"socket":	7,
					"start":	60.000249,
					"end":	61.000189,
					"seconds":	0.99993997812271118,
					"bytes":	136708096,
					"bits_per_second":	1093730415.7528014,
					"retransmits":	15942,
					"snd_cwnd":	25322624,
					"snd_wnd":	122355712,
					"rtt":	58339,
					"rttvar":	397,
					"pmtu":	1500,
					"omitted":	false,
					"sender":	true
				}],
			"sum":	{
				"start":	60.000249,
				"end":	61.000189,
				"seconds":	0.99993997812271118,
				"bytes":	136708096,
				"bits_per_second":	1093730415.7528014,
				"retransmits":	15942,
				"omitted":	false,
				"sender":	true
			}
		}, {
			"streams":	[{
					"socket":	7,
					"start":	61.000189,
					"end":	62.001176,
					"seconds":	1.0009870529174805,
					"bytes":	165150720,
					"bits_per_second":	1319902945.9464126,
					"retransmits":	21915,
					"snd_cwnd":	19799952,
					"snd_wnd":	122863616,
					"rtt":	59309,
					"rttvar":	585,
					"pmtu":	1500,
					"omitted":	false,
					"sender":	true
				}],
			"sum":	{
				"start":	61.000189,
				"end":	62.001176,
				"seconds":	1.0009870529174805,
				"bytes":	165150720,
				"bits_per_second":	1319902945.9464126,
				"retransmits":	21915,
				"omitted":	false,
				"sender":	true
			}
		}, {
			"streams":	[{
					"socket":	7,
					"start":	62.001176,
					"end":	63.000161,
					"seconds":	0.99898499250412,
					"bytes":	160169984,
					"bits_per_second":	1282661783.3247535,
					"retransmits":	10788,
					"snd_cwnd":	19768096,
					"snd_wnd":	138448896,
					"rtt":	59264,
					"rttvar":	361,
					"pmtu":	1500,
					"omitted":	false,
					"sender":	true
				}],
			"sum":	{
				"start":	62.001176,
				"end":	63.000161,
				"seconds":	0.99898499250412,
				"bytes":	160169984,
				"bits_per_second":	1282661783.3247535,
				"retransmits":	10788,
				"omitted":	false,
				"sender":	true
			}
		}, {
			"streams":	[{
					"socket":	7,
					"start":	63.000161,
					"end":	64.000214,
					"seconds":	1.00005304813385,
					"bytes":	158859264,
					"bits_per_second":	1270806698.0761828,
					"retransmits":	10052,
					"snd_cwnd":	19988192,
					"snd_wnd":	136171520,
					"rtt":	59260,
					"rttvar":	780,
					"pmtu":	1500,
					"omitted":	false,
					"sender":	true
				}],
			"sum":	{
				"start":	63.000161,
				"end":	64.000214,
				"seconds":	1.00005304813385,
				"bytes":	158859264,
				"bits_per_second":	1270806698.0761828,
				"retransmits":	10052,
				"omitted":	false,
				"sender":	true
			}
		}, {
			"streams":	[{
					"socket":	7,
					"start":	64.000214,
					"end":	65.000113,
					"seconds":	0.99989902973175049,
					"bytes":	73138176,
					"bits_per_second":	585164492.215749,
					"retransmits":	18249,
					"snd_cwnd":	18279552,
					"snd_wnd":	135544832,
					"rtt":	59419,
					"rttvar":	247,
					"pmtu":	1500,
					"omitted":	false,
					"sender":	true
				}],
			"sum":	{
				"start":	64.000214,
				"end":	65.000113,
				"seconds":	0.99989902973175049,
				"bytes":	73138176,
				"bits_per_second":	585164492.215749,
				"retransmits":	18249,
				"omitted":	false,
				"sender":	true
			}
		}, {
			"streams":	[{
					"socket":	7,
					"start":	65.000113,
					"end":	66.000116,
					"seconds":	1.0000029802322388,
					"bytes":	135659520,
					"bits_per_second":	1085272925.6346393,
					"retransmits":	15617,
					"snd_cwnd":	13831296,
					"snd_wnd":	133750784,
					"rtt":	59280,
					"rttvar":	490,
					"pmtu":	1500,
					"omitted":	false,
					"sender":	true
				}],
			"sum":	{
				"start":	65.000113,
				"end":	66.000116,
				"seconds":	1.0000029802322388,
				"bytes":	135659520,
				"bits_per_second":	1085272925.6346393,
				"retransmits":	15617,
				"omitted":	false,
				"sender":	true
			}
		}, {
			"streams":	[{
					"socket":	7,
					"start":	66.000116,
					"end":	67.000226,
					"seconds":	1.0001100301742554,
					"bytes":	68288512,
					"bits_per_second":	546247992.23822737,
					"retransmits":	11658,
					"snd_cwnd":	13860256,
					"snd_wnd":	138633216,
					"rtt":	59503,
					"rttvar":	520,
					"pmtu":	1500,
					"omitted":	false,
					"sender":	true
				}],
			"sum":	{
				"start":	66.000116,
				"end":	67.000226,
				"seconds":	1.0001100301742554,
				"bytes":	68288512,
				"bits_per_second":	546247992.23822737,
				"retransmits":	11658,
				"omitted":	false,
				"sender":	true
			}
		}, {
			"streams":	[{
					"socket":	7,
					"start":	67.000226,
					"end":	68.000208,
					"seconds":	0.99998199939727783,
					"bytes":	119013376,
					"bits_per_second":	952124146.808509,
					"retransmits":	15216,
					"snd_cwnd":	13657536,
					"snd_wnd":	132788224,
					"rtt":	59384,
					"rttvar":	500,
					"pmtu":	1500,
					"omitted":	false,
					"sender":	true
				}],
			"sum":	{
				"start":	67.000226,
				"end":	68.000208,
				"seconds":	0.99998199939727783,
				"bytes":	119013376,
				"bits_per_second":	952124146.808509,
				"retransmits":	15216,
				"omitted":	false,
				"sender":	true
			}
		}, {
			"streams":	[{
					"socket":	7,
					"start":	68.000208,
					"end":	69.001066,
					"seconds":	1.000857949256897,
					"bytes":	96075776,
					"bits_per_second":	767947348.14332438,
					"retransmits":	12531,
					"snd_cwnd":	15399480,
					"snd_wnd":	130441216,
					"rtt":	59734,
					"rttvar":	678,
					"pmtu":	1500,
					"omitted":	false,
					"sender":	true
				}],
			"sum":	{
				"start":	68.000208,
				"end":	69.001066,
				"seconds":	1.000857949256897,
				"bytes":	96075776,
				"bits_per_second":	767947348.14332438,
				"retransmits":	12531,
				"omitted":	false,
				"sender":	true
			}
		}, {
			"streams":	[{
					"socket":	7,
					"start":	69.001066,
					"end":	70.000122,
					"seconds":	0.99905598163604736,
					"bytes":	68550656,
					"bits_per_second":	548923441.8094722,
					"retransmits":	13077,
					"snd_cwnd":	12319584,
					"snd_wnd":	131366912,
					"rtt":	59186,
					"rttvar":	331,
					"pmtu":	1500,
					"omitted":	false,
					"sender":	true
				}],
			"sum":	{
				"start":	69.001066,
				"end":	70.000122,
				"seconds":	0.99905598163604736,
				"bytes":	68550656,
				"bits_per_second":	548923441.8094722,
				"retransmits":	13077,
				"omitted":	false,
				"sender":	true
			}
		}, {
			"streams":	[{
					"socket":	7,
					"start":	70.000122,
					"end":	71.000298,
					"seconds":	1.000175952911377,
					"bytes":	142082048,
					"bits_per_second":	1136456421.1840396,
					"retransmits":	9363,
					"snd_cwnd":	12270352,
					"snd_wnd":	138588160,
					"rtt":	59148,
					"rttvar":	257,
					"pmtu":	1500,
					"omitted":	false,
					"sender":	true
				}],
			"sum":	{
				"start":	70.000122,
				"end":	71.000298,
				"seconds":	1.000175952911377,
				"bytes":	142082048,
				"bits_per_second":	1136456421.1840396,
				"retransmits":	9363,
				"omitted":	false,
				"sender":	true
			}
		}, {
			"streams":	[{
					"socket":	7,
					"start":	71.000298,
					"end":	72.000133,
					"seconds":	0.99983501434326172,
					"bytes":	67239936,
					"bits_per_second":	538008251.64472818,
					"retransmits":	9260,
					"snd_cwnd":	14317824,
					"snd_wnd":	136404992,
					"rtt":	59299,
					"rttvar":	709,
					"pmtu":	1500,
					"omitted":	false,
					"sender":	true
				}],
			"sum":	{
				"start":	71.000298,
				"end":	72.000133,
				"seconds":	0.99983501434326172,
				"bytes":	67239936,
				"bits_per_second":	538008251.64472818,
				"retransmits":	9260,
				"omitted":	false,
				"sender":	true
			}
		}, {
			"streams":	[{
					"socket":	7,
					"start":	72.000133,
					"end":	73.001082,
					"seconds":	1.0009490251541138,
					"bytes":	75366400,
					"bits_per_second":	602359545.6393677,
					"retransmits":	8300,
					"snd_cwnd":	5792,
					"snd_wnd":	131133440,
					"rtt":	58615,
					"rttvar":	224,
					"pmtu":	1500,
					"omitted":	false,
					"sender":	true
				}],
			"sum":	{
				"start":	72.000133,
				"end":	73.001082,
				"seconds":	1.0009490251541138,
				"bytes":	75366400,
				"bits_per_second":	602359545.6393677,
				"retransmits":	8300,
				"omitted":	false,
				"sender":	true
			}
		}, {
			"streams":	[{
					"socket":	7,
					"start":	73.001082,
					"end":	74.002637,
					"seconds":	1.0015549659729004,
					"bytes":	69206016,
					"bits_per_second":	552788560.59806144,
					"retransmits":	8499,
					"snd_cwnd":	11815680,
					"snd_wnd":	135159808,
					"rtt":	59480,
					"rttvar":	350,
					"pmtu":	1500,
					"omitted":	false,
					"sender":	true
				}],
			"sum":	{
				"start":	73.001082,
				"end":	74.002637,
				"seconds":	1.0015549659729004,
				"bytes":	69206016,
				"bits_per_second":	552788560.59806144,
				"retransmits":	8499,
				"omitted":	false,
				"sender":	true
			}
		}, {
			"streams":	[{
					"socket":	7,
					"start":	74.002637,
					"end":	75.000248,
					"seconds":	0.99761098623275757,
					"bytes":	67633152,
					"bits_per_second":	542360923.713566,
					"retransmits":	7578,
					"snd_cwnd":	14022432,
					"snd_wnd":	133554176,
					"rtt":	59355,
					"rttvar":	558,
					"pmtu":	1500,
					"omitted":	false,
					"sender":	true
				}],
			"sum":	{
				"start":	74.002637,
				"end":	75.000248,
				"seconds":	0.99761098623275757,
				"bytes":	67633152,
				"bits_per_second":	542360923.713566,
				"retransmits":	7578,
				"omitted":	false,
				"sender":	true
			}
		}, {
			"streams":	[{
					"socket":	7,
					"start":	75.000248,
					"end":	76.001075,
					"seconds":	1.0008269548416138,
					"bytes":	67108864,
					"bits_per_second":	536427310.83812857,
					"retransmits":	12391,
					"snd_cwnd":	12070528,
					"snd_wnd":	131268608,
					"rtt":	59667,
					"rttvar":	861,
					"pmtu":	1500,
					"omitted":	false,
					"sender":	true
				}],
			"sum":	{
				"start":	75.000248,
				"end":	76.001075,
				"seconds":	1.0008269548416138,
				"bytes":	67108864,
				"bits_per_second":	536427310.83812857,
				"retransmits":	12391,
				"omitted":	false,
				"sender":	true
			}
		}, {
			"streams":	[{
					"socket":	7,
					"start":	76.001075,
					"end":	77.001045,
					"seconds":	0.999970018863678,
					"bytes":	147456000,
					"bits_per_second":	1179683368.24788,
					"retransmits":	10806,
					"snd_cwnd":	11946000,
					"snd_wnd":	134463488,
					"rtt":	59268,
					"rttvar":	360,
					"pmtu":	1500,
					"omitted":	false,
					"sender":	true
				}],
			"sum":	{
				"start":	76.001075,
				"end":	77.001045,
				"seconds":	0.999970018863678,
				"bytes":	147456000,
				"bits_per_second":	1179683368.24788,
				"retransmits":	10806,
				"omitted":	false,
				"sender":	true
			}
		}, {
			"streams":	[{
					"socket":	7,
					"start":	77.001045,
					"end":	78.000272,
					"seconds":	0.999226987361908,
					"bytes":	72220672,
					"bits_per_second":	578212341.44743967,
					"retransmits":	8898,
					"snd_cwnd":	11974960,
					"snd_wnd":	132022272,
					"rtt":	59943,
					"rttvar":	885,
					"pmtu":	1500,
					"omitted":	false,
					"sender":	true
				}],
			"sum":	{
				"start":	77.001045,
				"end":	78.000272,
				"seconds":	0.999226987361908,
				"bytes":	72220672,
				"bits_per_second":	578212341.44743967,
				"retransmits":	8898,
				"omitted":	false,
				"sender":	true
			}
		}, {
			"streams":	[{
					"socket":	7,
					"start":	78.000272,
					"end":	79.001054,
					"seconds":	1.0007820129394531,
					"bytes":	66453504,
					"bits_per_second":	531212616.86001474,
					"retransmits":	7858,
					"snd_cwnd":	13567760,
					"snd_wnd":	136458240,
					"rtt":	59698,
					"rttvar":	316,
					"pmtu":	1500,
					"omitted":	false,
					"sender":	true
				}],
			"sum":	{
				"start":	78.000272,
				"end":	79.001054,
				"seconds":	1.0007820129394531,
				"bytes":	66453504,
				"bits_per_second":	531212616.86001474,
				"retransmits":	7858,
				"omitted":	false,
				"sender":	true
			}
		}, {
			"streams":	[{
					"socket":	7,
					"start":	79.001054,
					"end":	80.001041,
					"seconds":	0.999987006187439,
					"bytes":	134610944,
					"bits_per_second":	1076901545.0568233,
					"retransmits":	13475,
					"snd_cwnd":	14071664,
					"snd_wnd":	133595136,
					"rtt":	59206,
					"rttvar":	281,
					"pmtu":	1500,
					"omitted":	false,
					"sender":	true
				}],
			"sum":	{
				"start":	79.001054,
				"end":	80.001041,
				"seconds":	0.999987006187439,
				"bytes":	134610944,
				"bits_per_second":	1076901545.0568233,
				"retransmits":	13475,
				"omitted":	false,
				"sender":	true
			}
		}, {
			"streams":	[{
					"socket":	7,
					"start":	80.001041,
					"end":	81.000125,
					"seconds":	0.9990839958190918,
					"bytes":	73531392,
					"bits_per_second":	588790470.532687,
					"retransmits":	6917,
					"snd_cwnd":	17984160,
					"snd_wnd":	134873088,
					"rtt":	61184,
					"rttvar":	2605,
					"pmtu":	1500,
					"omitted":	false,
					"sender":	true
				}],
			"sum":	{
				"start":	80.001041,
				"end":	81.000125,
				"seconds":	0.9990839958190918,
				"bytes":	73531392,
				"bits_per_second":	588790470.532687,
				"retransmits":	6917,
				"omitted":	false,
				"sender":	true
			}
		}, {
			"streams":	[{
					"socket":	7,
					"start":	81.000125,
					"end":	82.000048,
					"seconds":	0.9999229907989502,
					"bytes":	158466048,
					"bits_per_second":	1267826018.2687371,
					"retransmits":	10768,
					"snd_cwnd":	20631104,
					"snd_wnd":	130351104,
					"rtt":	58696,
					"rttvar":	490,
					"pmtu":	1500,
					"omitted":	false,
					"sender":	true
				}],
			"sum":	{
				"start":	81.000125,
				"end":	82.000048,
				"seconds":	0.9999229907989502,
				"bytes":	158466048,
				"bits_per_second":	1267826018.2687371,
				"retransmits":	10768,
				"omitted":	false,
				"sender":	true
			}
		}, {
			"streams":	[{
					"socket":	7,
					"start":	82.000048,
					"end":	83.001055,
					"seconds":	1.0010069608688354,
					"bytes":	155058176,
					"bits_per_second":	1239217564.404671,
					"retransmits":	14179,
					"snd_cwnd":	21534656,
					"snd_wnd":	133955584,
					"rtt":	58758,
					"rttvar":	248,
					"pmtu":	1500,
					"omitted":	false,
					"sender":	true
				}],
			"sum":	{
				"start":	82.000048,
				"end":	83.001055,
				"seconds":	1.0010069608688354,
				"bytes":	155058176,
				"bits_per_second":	1239217564.404671,
				"retransmits":	14179,
				"omitted":	false,
				"sender":	true
			}
		}, {
			"streams":	[{
					"socket":	7,
					"start":	83.001055,
					"end":	84.000113,
					"seconds":	0.99905800819396973,
					"bytes":	146538496,
					"bits_per_second":	1173413313.7266173,
					"retransmits":	8637,
					"snd_cwnd":	20929392,
					"snd_wnd":	140607488,
					"rtt":	58988,
					"rttvar":	252,
					"pmtu":	1500,
					"omitted":	false,
					"sender":	true
				}],
			"sum":	{
				"start":	83.001055,
				"end":	84.000113,
				"seconds":	0.99905800819396973,
				"bytes":	146538496,
				"bits_per_second":	1173413313.7266173,
				"retransmits":	8637,
				"omitted":	false,
				"sender":	true
			}
		}, {
			"streams":	[{
					"socket":	7,
					"start":	84.000113,
					"end":	85.0001,
					"seconds":	0.999987006187439,
					"bytes":	142082048,
					"bits_per_second":	1136671153.6919146,
					"retransmits":	21972,
					"snd_cwnd":	20933736,
					"snd_wnd":	135610368,
					"rtt":	59522,
					"rttvar":	1059,
					"pmtu":	1500,
					"omitted":	false,
					"sender":	true
				}],
			"sum":	{
				"start":	84.000113,
				"end":	85.0001,
				"seconds":	0.999987006187439,
				"bytes":	142082048,
				"bits_per_second":	1136671153.6919146,
				"retransmits":	21972,
				"omitted":	false,
				"sender":	true
			}
		}, {
			"streams":	[{
					"socket":	7,
					"start":	85.0001,
					"end":	86.000206,
					"seconds":	1.0001059770584106,
					"bytes":	72613888,
					"bits_per_second":	580849547.27360082,
					"retransmits":	23523,
					"snd_cwnd":	18150680,
					"snd_wnd":	135147520,
					"rtt":	60176,
					"rttvar":	386,
					"pmtu":	1500,
					"omitted":	false,
					"sender":	true
				}],
			"sum":	{
				"start":	85.0001,
				"end":	86.000206,
				"seconds":	1.0001059770584106,
				"bytes":	72613888,
				"bits_per_second":	580849547.27360082,
				"retransmits":	23523,
				"omitted":	false,
				"sender":	true
			}
		}, {
			"streams":	[{
					"socket":	7,
					"start":	86.000206,
					"end":	87.001041,
					"seconds":	1.0008349418640137,
					"bytes":	140771328,
					"bits_per_second":	1125231121.430027,
					"retransmits":	22820,
					"snd_cwnd":	18265072,
					"snd_wnd":	124174336,
					"rtt":	59143,
					"rttvar":	522,
					"pmtu":	1500,
					"omitted":	false,
					"sender":	true
				}],
			"sum":	{
				"start":	86.000206,
				"end":	87.001041,
				"seconds":	1.0008349418640137,
				"bytes":	140771328,
				"bits_per_second":	1125231121.430027,
				"retransmits":	22820,
				"omitted":	false,
				"sender":	true
			}
		}, {
			"streams":	[{
					"socket":	7,
					"start":	87.001041,
					"end":	88.000291,
					"seconds":	0.99924999475479126,
					"bytes":	141557760,
					"bits_per_second":	1133312069.9969561,
					"retransmits":	20283,
					"snd_cwnd":	17914656,
					"snd_wnd":	133132288,
					"rtt":	58798,
					"rttvar":	238,
					"pmtu":	1500,
					"omitted":	false,
					"sender":	true
				}],
			"sum":	{
				"start":	87.001041,
				"end":	88.000291,
				"seconds":	0.99924999475479126,
				"bytes":	141557760,
				"bits_per_second":	1133312069.9969561,
				"retransmits":	20283,
				"omitted":	false,
				"sender":	true
			}
		}, {
			"streams":	[{
					"socket":	7,
					"start":	88.000291,
					"end":	89.000136,
					"seconds":	0.999845027923584,
					"bytes":	78118912,
					"bits_per_second":	625048161.011372,
					"retransmits":	17454,
					"snd_cwnd":	21126320,
					"snd_wnd":	131534848,
					"rtt":	59816,
					"rttvar":	263,
					"pmtu":	1500,
					"omitted":	false,
					"sender":	true
				}],
			"sum":	{
				"start":	88.000291,
				"end":	89.000136,
				"seconds":	0.999845027923584,
				"bytes":	78118912,
				"bits_per_second":	625048161.011372,
				"retransmits":	17454,
				"omitted":	false,
				"sender":	true
			}
		}, {
			"streams":	[{
					"socket":	7,
					"start":	89.000136,
					"end":	90.000112,
					"seconds":	0.99997597932815552,
					"bytes":	158334976,
					"bits_per_second":	1266710235.2308826,
					"retransmits":	14755,
					"snd_cwnd":	20810656,
					"snd_wnd":	132816896,
					"rtt":	58811,
					"rttvar":	423,
					"pmtu":	1500,
					"omitted":	false,
					"sender":	true
				}],
			"sum":	{
				"start":	89.000136,
				"end":	90.000112,
				"seconds":	0.99997597932815552,
				"bytes":	158334976,
				"bits_per_second":	1266710235.2308826,
				"retransmits":	14755,
				"omitted":	false,
				"sender":	true
			}
		}, {
			"streams":	[{
					"socket":	7,
					"start":	90.000112,
					"end":	91.000206,
					"seconds":	1.0000940561294556,
					"bytes":	133562368,
					"bits_per_second":	1068398454.5766462,
					"retransmits":	19669,
					"snd_cwnd":	18111584,
					"snd_wnd":	135344128,
					"rtt":	59337,
					"rttvar":	335,
					"pmtu":	1500,
					"omitted":	false,
					"sender":	true
				}],
			"sum":	{
				"start":	90.000112,
				"end":	91.000206,
				"seconds":	1.0000940561294556,
				"bytes":	133562368,
				"bits_per_second":	1068398454.5766462,
				"retransmits":	19669,
				"omitted":	false,
				"sender":	true
			}
		}, {
			"streams":	[{
					"socket":	7,
					"start":	91.000206,
					"end":	92.000569,
					"seconds":	1.0003629922866821,
					"bytes":	153485312,
					"bits_per_second":	1227436945.8562655,
					"retransmits":	11538,
					"snd_cwnd":	6891032,
					"snd_wnd":	140533760,
					"rtt":	59247,
					"rttvar":	407,
					"pmtu":	1500,
					"omitted":	false,
					"sender":	true
				}],
			"sum":	{
				"start":	91.000206,
				"end":	92.000569,
				"seconds":	1.0003629922866821,
				"bytes":	153485312,
				"bits_per_second":	1227436945.8562655,
				"retransmits":	11538,
				"omitted":	false,
				"sender":	true
			}
		}, {
			"streams":	[{
					"socket":	7,
					"start":	92.000569,
					"end":	93.001056,
					"seconds":	1.0004869699478149,
					"bytes":	137887744,
					"bits_per_second":	1102565035.9619751,
					"retransmits":	11528,
					"snd_cwnd":	17338352,
					"snd_wnd":	134119424,
					"rtt":	60469,
					"rttvar":	1693,
					"pmtu":	1500,
					"omitted":	false,
					"sender":	true
				}],
			"sum":	{
				"start":	92.000569,
				"end":	93.001056,
				"seconds":	1.0004869699478149,
				"bytes":	137887744,
				"bits_per_second":	1102565035.9619751,
				"retransmits":	11528,
				"omitted":	false,
				"sender":	true
			}
		}, {
			"streams":	[{
					"socket":	7,
					"start":	93.001056,
					"end":	94.000081,
					"seconds":	0.999024987220764,
					"bytes":	75235328,
					"bits_per_second":	602470039.988095,
					"retransmits":	7574,
					"snd_cwnd":	16127824,
					"snd_wnd":	132603904,
					"rtt":	58352,
					"rttvar":	399,
					"pmtu":	1500,
					"omitted":	false,
					"sender":	true
				}],
			"sum":	{
				"start":	93.001056,
				"end":	94.000081,
				"seconds":	0.999024987220764,
				"bytes":	75235328,
				"bits_per_second":	602470039.988095,
				"retransmits":	7574,
				"omitted":	false,
				"sender":	true
			}
		}, {
			"streams":	[{
					"socket":	7,
					"start":	94.000081,
					"end":	95.00011,
					"seconds":	1.0000289678573608,
					"bytes":	137494528,
					"bits_per_second":	1099924361.547987,
					"retransmits":	18969,
					"snd_cwnd":	16081488,
					"snd_wnd":	128708608,
					"rtt":	58340,
					"rttvar":	358,
					"pmtu":	1500,
					"omitted":	false,
					"sender":	true
				}],
			"sum":	{
				"start":	94.000081,
				"end":	95.00011,
				"seconds":	1.0000289678573608,
				"bytes":	137494528,
				"bits_per_second":	1099924361.547987,
				"retransmits":	18969,
				"omitted":	false,
				"sender":	true
			}
		}, {
			"streams":	[{
					"socket":	7,
					"start":	95.00011,
					"end":	96.000207,
					"seconds":	1.0000970363616943,
					"bytes":	73138176,
					"bits_per_second":	585048637.00885046,
					"retransmits":	6531,
					"snd_cwnd":	14592944,
					"snd_wnd":	135667712,
					"rtt":	58570,
					"rttvar":	277,
					"pmtu":	1500,
					"omitted":	false,
					"sender":	true
				}],
			"sum":	{
				"start":	95.00011,
				"end":	96.000207,
				"seconds":	1.0000970363616943,
				"bytes":	73138176,
				"bits_per_second":	585048637.00885046,
				"retransmits":	6531,
				"omitted":	false,
				"sender":	true
			}
		}, {
			"streams":	[{
					"socket":	7,
					"start":	96.000207,
					"end":	97.001044,
					"seconds":	1.000836968421936,
					"bytes":	145883136,
					"bits_per_second":	1166089108.23924,
					"retransmits":	12448,
					"snd_cwnd":	14429320,
					"snd_wnd":	135958528,
					"rtt":	59451,
					"rttvar":	487,
					"pmtu":	1500,
					"omitted":	false,
					"sender":	true
				}],
			"sum":	{
				"start":	96.000207,
				"end":	97.001044,
				"seconds":	1.000836968421936,
				"bytes":	145883136,
				"bits_per_second":	1166089108.23924,
				"retransmits":	12448,
				"omitted":	false,
				"sender":	true
			}
		}, {
			"streams":	[{
					"socket":	7,
					"start":	97.001044,
					"end":	98.000162,
					"seconds":	0.99911797046661377,
					"bytes":	66846720,
					"bits_per_second":	535245862.65848756,
					"retransmits":	12943,
					"snd_cwnd":	15146080,
					"snd_wnd":	135446528,
					"rtt":	59395,
					"rttvar":	318,
					"pmtu":	1500,
					"omitted":	false,
					"sender":	true
				}],
			"sum":	{
				"start":	97.001044,
				"end":	98.000162,
				"seconds":	0.99911797046661377,
				"bytes":	66846720,
				"bits_per_second":	535245862.65848756,
				"retransmits":	12943,
				"omitted":	false,
				"sender":	true
			}
		}, {
			"streams":	[{
					"socket":	7,
					"start":	98.000162,
					"end":	99.000158,
					"seconds":	0.9999960064888,
					"bytes":	143392768,
					"bits_per_second":	1147146725.1432948,
					"retransmits":	14111,
					"snd_cwnd":	19579856,
					"snd_wnd":	129441792,
					"rtt":	58686,
					"rttvar":	333,
					"pmtu":	1500,
					"omitted":	false,
					"sender":	true
				}],
			"sum":	{
				"start":	98.000162,
				"end":	99.000158,
				"seconds":	0.9999960064888,
				"bytes":	143392768,
				"bits_per_second":	1147146725.1432948,
				"retransmits":	14111,
				"omitted":	false,
				"sender":	true
			}
		}, {
			"streams":	[{
					"socket":	7,
					"start":	99.000158,
					"end":	100.000137,
					"seconds":	0.999979019165039,
					"bytes":	74317824,
					"bits_per_second":	594555066.26172042,
					"retransmits":	16704,
					"snd_cwnd":	22278928,
					"snd_wnd":	123580416,
					"rtt":	59168,
					"rttvar":	315,
					"pmtu":	1500,
					"omitted":	false,
					"sender":	true
				}],
			"sum":	{
				"start":	99.000158,
				"end":	100.000137,
				"seconds":	0.999979019165039,
				"bytes":	74317824,
				"bits_per_second":	594555066.26172042,
				"retransmits":	16704,
				"omitted":	false,
				"sender":	true
			}
		}, {
			"streams":	[{
					"socket":	7,
					"start":	100.000137,
					"end":	101.000337,
					"seconds":	1.0002000331878662,
					"bytes":	227409920,
					"bits_per_second":	1818915516.5307691,
					"retransmits":	16241,
					"snd_cwnd":	22733600,
					"snd_wnd":	129060864,
					"rtt":	58664,
					"rttvar":	217,
					"pmtu":	1500,
					"omitted":	false,
					"sender":	true
				}],
			"sum":	{
				"start":	100.000137,
				"end":	101.000337,
				"seconds":	1.0002000331878662,
				"bytes":	227409920,
				"bits_per_second":	1818915516.5307691,
				"retransmits":	16241,
				"omitted":	false,
				"sender":	true
			}
		}, {
			"streams":	[{
					"socket":	7,
					"start":	101.000337,
					"end":	102.000169,
					"seconds":	0.99983197450637817,
					"bytes":	136708096,
					"bits_per_second":	1093848562.4446523,
					"retransmits":	24539,
					"snd_cwnd":	20025840,
					"snd_wnd":	108539904,
					"rtt":	59381,
					"rttvar":	403,
					"pmtu":	1500,
					"omitted":	false,
					"sender":	true
				}],
			"sum":	{
				"start":	101.000337,
				"end":	102.000169,
				"seconds":	0.99983197450637817,
				"bytes":	136708096,
				"bits_per_second":	1093848562.4446523,
				"retransmits":	24539,
				"omitted":	false,
				"sender":	true
			}
		}, {
			"streams":	[{
					"socket":	7,
					"start":	102.000169,
					"end":	103.00146,
					"seconds":	1.001291036605835,
					"bytes":	154796032,
					"bits_per_second":	1236771538.6705215,
					"retransmits":	17362,
					"snd_cwnd":	19785472,
					"snd_wnd":	130842624,
					"rtt":	58886,
					"rttvar":	410,
					"pmtu":	1500,
					"omitted":	false,
					"sender":	true
				}],
			"sum":	{
				"start":	102.000169,
				"end":	103.00146,
				"seconds":	1.001291036605835,
				"bytes":	154796032,
				"bits_per_second":	1236771538.6705215,
				"retransmits":	17362,
				"omitted":	false,
				"sender":	true
			}
		}, {
			"streams":	[{
					"socket":	7,
					"start":	103.00146,
					"end":	104.000251,
					"seconds":	0.998790979385376,
					"bytes":	92274688,
					"bits_per_second":	739091080.35223055,
					"retransmits":	15867,
					"snd_cwnd":	5792,
					"snd_wnd":	132624384,
					"rtt":	58846,
					"rttvar":	139,
					"pmtu":	1500,
					"omitted":	false,
					"sender":	true
				}],
			"sum":	{
				"start":	103.00146,
				"end":	104.000251,
				"seconds":	0.998790979385376,
				"bytes":	92274688,
				"bits_per_second":	739091080.35223055,
				"retransmits":	15867,
				"omitted":	false,
				"sender":	true
			}
		}, {
			"streams":	[{
					"socket":	7,
					"start":	104.000251,
					"end":	105.001055,
					"seconds":	1.0008039474487305,
					"bytes":	141688832,
					"bits_per_second":	1132600105.0351253,
					"retransmits":	10720,
					"snd_cwnd":	19669632,
					"snd_wnd":	126119936,
					"rtt":	59222,
					"rttvar":	195,
					"pmtu":	1500,
					"omitted":	false,
					"sender":	true
				}],
			"sum":	{
				"start":	104.000251,
				"end":	105.001055,
				"seconds":	1.0008039474487305,
				"bytes":	141688832,
				"bits_per_second":	1132600105.0351253,
				"retransmits":	10720,
				"omitted":	false,
				"sender":	true
			}
		}, {
			"streams":	[{
					"socket":	7,
					"start":	105.001055,
					"end":	106.001115,
					"seconds":	1.000059962272644,
					"bytes":	137756672,
					"bits_per_second":	1101987298.3371668,
					"retransmits":	12472,
					"snd_cwnd":	20392184,
					"snd_wnd":	127291392,
					"rtt":	60340,
					"rttvar":	2224,
					"pmtu":	1500,
					"omitted":	false,
					"sender":	true
				}],
			"sum":	{
				"start":	105.001055,
				"end":	106.001115,
				"seconds":	1.000059962272644,
				"bytes":	137756672,
				"bits_per_second":	1101987298.3371668,
				"retransmits":	12472,
				"omitted":	false,
				"sender":	true
			}
		}, {
			"streams":	[{
					"socket":	7,
					"start":	106.001115,
					"end":	107.000247,
					"seconds":	0.999131977558136,
					"bytes":	147587072,
					"bits_per_second":	1181722337.50901,
					"retransmits":	18459,
					"snd_cwnd":	24459616,
					"snd_wnd":	133709824,
					"rtt":	58850,
					"rttvar":	282,
					"pmtu":	1500,
					"omitted":	false,
					"sender":	true
				}],
			"sum":	{
				"start":	106.001115,
				"end":	107.000247,
				"seconds":	0.999131977558136,
				"bytes":	147587072,
				"bits_per_second":	1181722337.50901,
				"retransmits":	18459,
				"omitted":	false,
				"sender":	true
			}
		}, {
			"streams":	[{
					"socket":	7,
					"start":	107.000247,
					"end":	108.001043,
					"seconds":	1.0007959604263306,
					"bytes":	140115968,
					"bits_per_second":	1120036239.47732,
					"retransmits":	19367,
					"snd_cwnd":	28415552,
					"snd_wnd":	120328192,
					"rtt":	58929,
					"rttvar":	499,
					"pmtu":	1500,
					"omitted":	false,
					"sender":	true
				}],
			"sum":	{
				"start":	107.000247,
				"end":	108.001043,
				"seconds":	1.0007959604263306,
				"bytes":	140115968,
				"bits_per_second":	1120036239.47732,
				"retransmits":	19367,
				"omitted":	false,
				"sender":	true
			}
		}, {
			"streams":	[{
					"socket":	7,
					"start":	108.001043,
					"end":	109.000322,
					"seconds":	0.999279022216797,
					"bytes":	218628096,
					"bits_per_second":	1750286685.8147087,
					"retransmits":	24101,
					"snd_cwnd":	25589056,
					"snd_wnd":	126259200,
					"rtt":	58970,
					"rttvar":	360,
					"pmtu":	1500,
					"omitted":	false,
					"sender":	true
				}],
			"sum":	{
				"start":	108.001043,
				"end":	109.000322,
				"seconds":	0.999279022216797,
				"bytes":	218628096,
				"bits_per_second":	1750286685.8147087,
				"retransmits":	24101,
				"omitted":	false,
				"sender":	true
			}
		}, {
			"streams":	[{
					"socket":	7,
					"start":	109.000322,
					"end":	110.000169,
					"seconds":	0.99984699487686157,
					"bytes":	160432128,
					"bits_per_second":	1283653429.5510554,
					"retransmits":	26508,
					"snd_cwnd":	26727184,
					"snd_wnd":	126644224,
					"rtt":	58662,
					"rttvar":	617,
					"pmtu":	1500,
					"omitted":	false,
					"sender":	true
				}],
			"sum":	{
				"start":	109.000322,
				"end":	110.000169,
				"seconds":	0.99984699487686157,
				"bytes":	160432128,
				"bits_per_second":	1283653429.5510554,
				"retransmits":	26508,
				"omitted":	false,
				"sender":	true
			}
		}, {
			"streams":	[{
					"socket":	7,
					"start":	110.000169,
					"end":	111.000114,
					"seconds":	0.99994498491287231,
					"bytes":	139067392,
					"bits_per_second":	1112600345.8049626,
					"retransmits":	16783,
					"snd_cwnd":	22082000,
					"snd_wnd":	132681728,
					"rtt":	59295,
					"rttvar":	384,
					"pmtu":	1500,
					"omitted":	false,
					"sender":	true
				}],
			"sum":	{
				"start":	110.000169,
				"end":	111.000114,
				"seconds":	0.99994498491287231,
				"bytes":	139067392,
				"bits_per_second":	1112600345.8049626,
				"retransmits":	16783,
				"omitted":	false,
				"sender":	true
			}
		}, {
			"streams":	[{
					"socket":	7,
					"start":	111.000114,
					"end":	112.000149,
					"seconds":	1.0000350475311279,
					"bytes":	162660352,
					"bits_per_second":	1301237210.8483479,
					"retransmits":	19254,
					"snd_cwnd":	22055936,
					"snd_wnd":	135950336,
					"rtt":	58128,
					"rttvar":	221,
					"pmtu":	1500,
					"omitted":	false,
					"sender":	true
				}],
			"sum":	{
				"start":	111.000114,
				"end":	112.000149,
				"seconds":	1.0000350475311279,
				"bytes":	162660352,
				"bits_per_second":	1301237210.8483479,
				"retransmits":	19254,
				"omitted":	false,
				"sender":	true
			}
		}, {
			"streams":	[{
					"socket":	7,
					"start":	112.000149,
					"end":	113.000114,
					"seconds":	0.999965012073517,
					"bytes":	210239488,
					"bits_per_second":	1681974752.8089979,
					"retransmits":	18307,
					"snd_cwnd":	21618640,
					"snd_wnd":	127115264,
					"rtt":	59577,
					"rttvar":	370,
					"pmtu":	1500,
					"omitted":	false,
					"sender":	true
				}],
			"sum":	{
				"start":	112.000149,
				"end":	113.000114,
				"seconds":	0.999965012073517,
				"bytes":	210239488,
				"bits_per_second":	1681974752.8089979,
				"retransmits":	18307,
				"omitted":	false,
				"sender":	true
			}
		}, {
			"streams":	[{
					"socket":	7,
					"start":	113.000114,
					"end":	114.000101,
					"seconds":	0.999987006187439,
					"bytes":	176029696,
					"bits_per_second":	1408255866.6127687,
					"retransmits":	18226,
					"snd_cwnd":	26738768,
					"snd_wnd":	130060288,
					"rtt":	58758,
					"rttvar":	347,
					"pmtu":	1500,
					"omitted":	false,
					"sender":	true
				}],
			"sum":	{
				"start":	113.000114,
				"end":	114.000101,
				"seconds":	0.999987006187439,
				"bytes":	176029696,
				"bits_per_second":	1408255866.6127687,
				"retransmits":	18226,
				"omitted":	false,
				"sender":	true
			}
		}, {
			"streams":	[{
					"socket":	7,
					"start":	114.000101,
					"end":	115.000533,
					"seconds":	1.000432014465332,
					"bytes":	76283904,
					"bits_per_second":	610007699.849701,
					"retransmits":	8576,
					"snd_cwnd":	24280064,
					"snd_wnd":	132964352,
					"rtt":	57675,
					"rttvar":	232,
					"pmtu":	1500,
					"omitted":	false,
					"sender":	true
				}],
			"sum":	{
				"start":	114.000101,
				"end":	115.000533,
				"seconds":	1.000432014465332,
				"bytes":	76283904,
				"bits_per_second":	610007699.849701,
				"retransmits":	8576,
				"omitted":	false,
				"sender":	true
			}
		}, {
			"streams":	[{
					"socket":	7,
					"start":	115.000533,
					"end":	116.000556,
					"seconds":	1.0000230073928833,
					"bytes":	151781376,
					"bits_per_second":	1214223071.8927369,
					"retransmits":	18030,
					"snd_cwnd":	9425032,
					"snd_wnd":	141352960,
					"rtt":	58546,
					"rttvar":	79,
					"pmtu":	1500,
					"omitted":	false,
					"sender":	true
				}],
			"sum":	{
				"start":	115.000533,
				"end":	116.000556,
				"seconds":	1.0000230073928833,
				"bytes":	151781376,
				"bits_per_second":	1214223071.8927369,
				"retransmits":	18030,
				"omitted":	false,
				"sender":	true
			}
		}, {
			"streams":	[{
					"socket":	7,
					"start":	116.000556,
					"end":	117.000106,
					"seconds":	0.9995499849319458,
					"bytes":	138543104,
					"bits_per_second":	1108843828.4309127,
					"retransmits":	12570,
					"snd_cwnd":	19397408,
					"snd_wnd":	130109440,
					"rtt":	59340,
					"rttvar":	418,
					"pmtu":	1500,
					"omitted":	false,
					"sender":	true
				}],
			"sum":	{
				"start":	116.000556,
				"end":	117.000106,
				"seconds":	0.9995499849319458,
				"bytes":	138543104,
				"bits_per_second":	1108843828.4309127,
				"retransmits":	12570,
				"omitted":	false,
				"sender":	true
			}
		}, {
			"streams":	[{
					"socket":	7,
					"start":	117.000106,
					"end":	118.000318,
					"seconds":	1.0002119541168213,
					"bytes":	149028864,
					"bits_per_second":	1191978267.2990844,
					"retransmits":	11525,
					"snd_cwnd":	19359760,
					"snd_wnd":	126132224,
					"rtt":	59156,
					"rttvar":	477,
					"pmtu":	1500,
					"omitted":	false,
					"sender":	true
				}],
			"sum":	{
				"start":	117.000106,
				"end":	118.000318,
				"seconds":	1.0002119541168213,
				"bytes":	149028864,
				"bits_per_second":	1191978267.2990844,
				"retransmits":	11525,
				"omitted":	false,
				"sender":	true
			}
		}, {
			"streams":	[{
					"socket":	7,
					"start":	118.000318,
					"end":	119.00073,
					"seconds":	1.0004119873046875,
					"bytes":	79822848,
					"bits_per_second":	638319804.34427953,
					"retransmits":	18134,
					"snd_cwnd":	21572304,
					"snd_wnd":	131452928,
					"rtt":	58963,
					"rttvar":	388,
					"pmtu":	1500,
					"omitted":	false,
					"sender":	true
				}],
			"sum":	{
				"start":	118.000318,
				"end":	119.00073,
				"seconds":	1.0004119873046875,
				"bytes":	79822848,
				"bits_per_second":	638319804.34427953,
				"retransmits":	18134,
				"omitted":	false,
				"sender":	true
			}
		}, {
			"streams":	[{
					"socket":	7,
					"start":	119.00073,
					"end":	120.002911,
					"seconds":	1.0021810531616211,
					"bytes":	142082048,
					"bits_per_second":	1134182671.2989078,
					"retransmits":	16284,
					"snd_cwnd":	17019792,
					"snd_wnd":	134496256,
					"rtt":	59830,
					"rttvar":	1075,
					"pmtu":	1500,
					"omitted":	false,
					"sender":	true
				}],
			"sum":	{
				"start":	119.00073,
				"end":	120.002911,
				"seconds":	1.0021810531616211,
				"bytes":	142082048,
				"bits_per_second":	1134182671.2989078,
				"retransmits":	16284,
				"omitted":	false,
				"sender":	true
			}
		}],
	"end":	{
		"streams":	[{
				"sender":	{
					"socket":	7,
					"start":	0,
					"end":	120.002911,
					"seconds":	120.002911,
					"bytes":	15411707904,
					"bits_per_second":	1027422270.0480992,
					"retransmits":	1834904,
					"max_snd_cwnd":	88177408,
					"max_snd_wnd":	141352960,
					"max_rtt":	61994,
					"min_rtt":	57675,
					"mean_rtt":	59214,
					"sender":	true
				},
				"receiver":	{
					"socket":	7,
					"start":	0,
					"end":	120.058655,
					"seconds":	120.002911,
					"bytes":	15274475520,
					"bits_per_second":	1017800875.4137717,
					"sender":	true
				}
			}],
		"sum_sent":	{
			"start":	0,
			"end":	120.002911,
			"seconds":	120.002911,
			"bytes":	15411707904,
			"bits_per_second":	1027422270.0480992,
			"retransmits":	1834904,
			"sender":	true
		},
		"sum_received":	{
			"start":	0,
			"end":	120.058655,
			"seconds":	120.058655,
			"bytes":	15274475520,
			"bits_per_second":	1017800875.4137717,
			"sender":	true
		},
		"cpu_utilization_percent":	{
			"host_total":	4.6844702539192946,
			"host_user":	0.024986516164035306,
			"host_system":	4.659474588841146,
			"remote_total":	8.26274541262398,
			"remote_user":	0.04418839666110902,
			"remote_system":	8.2185578488889934
		},
		"sender_tcp_congestion":	"bbr",
		"receiver_tcp_congestion":	"cubic"
	}
}
