{
	"start":	{
		"connected":	[{
				"socket":	7,
				"local_host":	"172.16.0.3",
				"local_port":	54458,
				"remote_host":	"172.17.0.3",
				"remote_port":	5201
			}],
		"version":	"iperf 3.16",
		"system_info":	"Linux h1 6.8.0-63-generic #66-Ubuntu SMP PREEMPT_DYNAMIC Fri Jun 13 20:25:30 UTC 2025 x86_64",
		"timestamp":	{
			"time":	"Sat, 31 Jan 2026 21:28:31 GMT",
			"timesecs":	1769894911
		},
		"connecting_to":	{
			"host":	"172.17.0.3",
			"port":	5201
		},
		"cookie":	"d4su4lj25bnvseioxo545jrb5h5tden7ddus",
		"tcp_mss_default":	1448,
		"target_bitrate":	0,
		"fq_rate":	0,
		"sock_bufsize":	0,
		"sndbuf_actual":	1000000,
		"rcvbuf_actual":	1000000,
		"test_start":	{
			"protocol":	"TCP",
			"num_streams":	1,
			"blksize":	131072,
			"omit":	0,
			"duration":	120,
			"bytes":	0,
			"blocks":	0,
			"reverse":	0,
			"tos":	0,
			"target_bitrate":	0,
			"bidir":	0,
			"fqrate":	0
		}
	},
	"intervals":	[{
			"streams":	[{
					"socket":	7,
					"start":	0,
					"end":	1.000405,
					"seconds":	1.000404953956604,
					"bytes":	365559808,
					"bits_per_second":	2923294664.2593889,
					"retransmits":	5344,
					"snd_cwnd":	124306456,
					"snd_wnd":	118697984,
					"rtt":	67653,
					"rttvar":	5360,
					"pmtu":	1500,
					"omitted":	false,
					"sender":	true
				}],
			"sum":	{
				"start":	0,
				"end":	1.000405,
				"seconds":	1.000404953956604,
				"bytes":	365559808,
				"bits_per_second":	2923294664.2593889,
				"retransmits":	5344,
				"omitted":	false,
				"sender":	true
			}
		}, {
			"streams":	[{
					"socket":	7,
					"start":	1.000405,
					"end":	2.001054,
					"seconds":	1.0006489753723145,
					"bytes":	297533440,
					"bits_per_second":	2378723786.844799,
					"retransmits":	80386,
					"snd_cwnd":	80268432,
					"snd_wnd":	126140416,
					"rtt":	61358,
					"rttvar":	332,
					"pmtu":	1500,
					"omitted":	false,
					"sender":	true
				}],
			"sum":	{
				"start":	1.000405,
				"end":	2.001054,
				"seconds":	1.0006489753723145,
				"bytes":	297533440,
				"bits_per_second":	2378723786.844799,
				"retransmits":	80386,
				"omitted":	false,
				"sender":	true
			}
		}, {
			"streams":	[{
					"socket":	7,
					"start":	2.001054,
					"end":	3.000256,
					"seconds":	0.999202013015747,
					"bytes":	374734848,
					"bits_per_second":	3000272962.773499,
					"retransmits":	57782,
					"snd_cwnd":	78368656,
					"snd_wnd":	89747456,
					"rtt":	61451,
					"rttvar":	510,
					"pmtu":	1500,
					"omitted":	false,
					"sender":	true
				}],
			"sum":	{
				"start":	2.001054,
				"end":	3.000256,
				"seconds":	0.999202013015747,
				"bytes":	374734848,
				"bits_per_second":	3000272962.773499,
				"retransmits":	57782,
				"omitted":	false,
				"sender":	true
			}
		}, {
			"streams":	[{
					"socket":	7,
					"start":	3.000256,
					"end":	4.00108,
					"seconds":	1.000823974609375,
					"bytes":	361234432,
					"bits_per_second":	2887496232.41982,
					"retransmits":	54829,
					"snd_cwnd":	69492416,
					"snd_wnd":	124456960,
					"rtt":	62354,
					"rttvar":	393,
					"pmtu":	1500,
					"omitted":	false,
					"sender":	true
				}],
			"sum":	{
				"start":	3.000256,
				"end":	4.00108,
				"seconds":	1.000823974609375,
				"bytes":	361234432,
				"bits_per_second":	2887496232.41982,
				"retransmits":	54829,
				"omitted":	false,
				"sender":	true
			}
		}, {
			"streams":	[{
					"socket":	7,
					"start":	4.00108,
					"end":	5.001068,
					"seconds":	0.9999880194664,
					"bytes":	391118848,
					"bits_per_second":	3128988270.9491138,
					"retransmits":	37588,
					"snd_cwnd":	49753280,
					"snd_wnd":	127107072,
					"rtt":	62759,
					"rttvar":	157,
					"pmtu":	1500,
					"omitted":	false,
					"sender":	true
				}],
			"sum":	{
				"start":	4.00108,
				"end":	5.001068,
				"seconds":	0.9999880194664,
				"bytes":	391118848,
				"bits_per_second":	3128988270.9491138,
				"retransmits":	37588,
				"omitted":	false,
				"sender":	true
			}
		}, {
			"streams":	[{
					"socket":	7,
					"start":	5.001068,
					"end":	6.001463,
					"seconds":	1.0003950595855713,
					"bytes":	448135168,
					"bits_per_second":	3583665582.5601277,
					"retransmits":	48123,
					"snd_cwnd":	63972640,
					"snd_wnd":	119693312,
					"rtt":	62485,
					"rttvar":	366,
					"pmtu":	1500,
					"omitted":	false,
					"sender":	true
				}],
			"sum":	{
				"start":	5.001068,
				"end":	6.001463,
				"seconds":	1.0003950595855713,
				"bytes":	448135168,
				"bits_per_second":	3583665582.5601277,
				"retransmits":	48123,
				"omitted":	false,
				"sender":	true
			}
		}, {
			"streams":	[{
					"socket":	7,
					"start":	6.001463,
					"end":	7.000587,
					"seconds":	0.999123990535736,
					"bytes":	485097472,
					"bits_per_second":	3884182356.5052257,
					"retransmits":	26514,
					"snd_cwnd":	38170728,
					"snd_wnd":	141340672,
					"rtt":	61590,
					"rttvar":	69,
					"pmtu":	1500,
					"omitted":	false,
					"sender":	true
				}],
			"sum":	{
				"start":	6.001463,
				"end":	7.000587,
				"seconds":	0.999123990535736,
				"bytes":	485097472,
				"bits_per_second":	3884182356.5052257,
				"retransmits":	26514,
				"omitted":	false,
				"sender":	true
			}
		}, {
			"streams":	[{
					"socket":	7,
					"start":	7.000587,
					"end":	8.000204,
					"seconds":	0.99961698055267334,
					"bytes":	395968512,
					"bits_per_second":	3168961870.024056,
					"retransmits":	33125,
					"snd_cwnd":	81661408,
					"snd_wnd":	111038464,
					"rtt":	61520,
					"rttvar":	139,
					"pmtu":	1500,
					"omitted":	false,
					"sender":	true
				}],
			"sum":	{
				"start":	7.000587,
				"end":	8.000204,
				"seconds":	0.99961698055267334,
				"bytes":	395968512,
				"bits_per_second":	3168961870.024056,
				"retransmits":	33125,
				"omitted":	false,
				"sender":	true
			}
		}, {
			"streams":	[{
					"socket":	7,
					"start":	8.000204,
					"end":	9.000183,
					"seconds":	0.999979019165039,
					"bytes":	482213888,
					"bits_per_second":	3857792043.6981826,
					"retransmits":	39446,
					"snd_cwnd":	75718816,
					"snd_wnd":	106377216,
					"rtt":	62186,
					"rttvar":	277,
					"pmtu":	1500,
					"omitted":	false,
					"sender":	true
				}],
			"sum":	{
				"start":	8.000204,
				"end":	9.000183,
				"seconds":	0.999979019165039,
				"bytes":	482213888,
				"bits_per_second":	3857792043.6981826,
				"retransmits":	39446,
				"omitted":	false,
				"sender":	true
			}
		}, {
			"streams":	[{
					"socket":	7,
					"start":	9.000183,
					"end":	10.001061,
					"seconds":	1.0008779764175415,
					"bytes":	510525440,
					"bits_per_second":	4080620831.14133,
					"retransmits":	43713,
					"snd_cwnd":	35319616,
					"snd_wnd":	139882496,
					"rtt":	62014,
					"rttvar":	96,
					"pmtu":	1500,
					"omitted":	false,
					"sender":	true
				}],
			"sum":	{
				"start":	9.000183,
				"end":	10.001061,
				"seconds":	1.0008779764175415,
				"bytes":	510525440,
				"bits_per_second":	4080620831.14133,
				"retransmits":	43713,
				"omitted":	false,
				"sender":	true
			}
		}, {
			"streams":	[{
					"socket":	7,
					"start":	10.001061,
					"end":	11.001054,
					"seconds":	0.99999302625656128,
					"bytes":	287571968,
					"bits_per_second":	2300591787.7368851,
					"retransmits":	41153,
					"snd_cwnd":	69535856,
					"snd_wnd":	75718656,
					"rtt":	63271,
					"rttvar":	1491,
					"pmtu":	1500,
					"omitted":	false,
					"sender":	true
				}],
			"sum":	{
				"start":	10.001061,
				"end":	11.001054,
				"seconds":	0.99999302625656128,
				"bytes":	287571968,
				"bits_per_second":	2300591787.7368851,
				"retransmits":	41153,
				"omitted":	false,
				"sender":	true
			}
		}, {
			"streams":	[{
					"socket":	7,
					"start":	11.001054,
					"end":	12.000274,
					"seconds":	0.99922001361846924,
					"bytes":	298319872,
					"bits_per_second":	2388421912.56515,
					"retransmits":	25257,
					"snd_cwnd":	59718416,
					"snd_wnd":	91103232,
					"rtt":	61261,
					"rttvar":	270,
					"pmtu":	1500,
					"omitted":	false,
					"sender":	true
				}],
			"sum":	{
				"start":	11.001054,
				"end":	12.000274,
				"seconds":	0.99922001361846924,
				"bytes":	298319872,
				"bits_per_second":	2388421912.56515,
				"retransmits":	25257,
				"omitted":	false,
				"sender":	true
			}
		}, {
			"streams":	[{
					"socket":	7,
					"start":	12.000274,
					"end":	13.000261,
					"seconds":	0.999987006187439,
					"bytes":	486408192,
					"bits_per_second":	3891316099.0320067,
					"retransmits":	39912,
					"snd_cwnd":	64120336,
					"snd_wnd":	138457088,
					"rtt":	62022,
					"rttvar":	242,
					"pmtu":	1500,
					"omitted":	false,
					"sender":	true
				}],
			"sum":	{
				"start":	12.000274,
				"end":	13.000261,
				"seconds":	0.999987006187439,
				"bytes":	486408192,
				"bits_per_second":	3891316099.0320067,
				"retransmits":	39912,
				"omitted":	false,
				"sender":	true
			}
		}, {
			"streams":	[{
					"socket":	7,
					"start":	13.000261,
					"end":	14.000091,
					"seconds":	0.99983000755310059,
					"bytes":	375521280,
					"bits_per_second":	3004681013.0775652,
					"retransmits":	29805,
					"snd_cwnd":	72541904,
					"snd_wnd":	124596224,
					"rtt":	62801,
					"rttvar":	163,
					"pmtu":	1500,
					"omitted":	false,
					"sender":	true
				}],
			"sum":	{
				"start":	13.000261,
				"end":	14.000091,
				"seconds":	0.99983000755310059,
				"bytes":	375521280,
				"bits_per_second":	3004681013.0775652,
				"retransmits":	29805,
				"omitted":	false,
				"sender":	true
			}
		}, {
			"streams":	[{
					"socket":	7,
					"start":	14.000091,
					"end":	15.000195,
					"seconds":	1.0001039505004883,
					"bytes":	448528384,
					"bits_per_second":	3587854112.7692986,
					"retransmits":	42629,
					"snd_cwnd":	34974992,
					"snd_wnd":	126959616,
					"rtt":	62521,
					"rttvar":	271,
					"pmtu":	1500,
					"omitted":	false,
					"sender":	true
				}],
			"sum":	{
				"start":	14.000091,
				"end":	15.000195,
				"seconds":	1.0001039505004883,
				"bytes":	448528384,
				"bits_per_second":	3587854112.7692986,
				"retransmits":	42629,
				"omitted":	false,
				"sender":	true
			}
		}, {
			"streams":	[{
					"socket":	7,
					"start":	15.000195,
					"end":	16.00107,
					"seconds":	1.0008749961853027,
					"bytes":	424935424,
					"bits_per_second":	3396511457.43141,
					"retransmits":	34146,
					"snd_cwnd":	31491104,
					"snd_wnd":	141377536,
					"rtt":	62715,
					"rttvar":	94,
					"pmtu":	1500,
					"omitted":	false,
					"sender":	true
				}],
			"sum":	{
				"start":	15.000195,
				"end":	16.00107,
				"seconds":	1.0008749961853027,
				"bytes":	424935424,
				"bits_per_second":	3396511457.43141,
				"retransmits":	34146,
				"omitted":	false,
				"sender":	true
			}
		}, {
			"streams":	[{
					"socket":	7,
					"start":	16.00107,
					"end":	17.000342,
					"seconds":	0.99927198886871338,
					"bytes":	404094976,
					"bits_per_second":	3235115007.7366247,
					"retransmits":	34933,
					"snd_cwnd":	71253184,
					"snd_wnd":	103690240,
					"rtt":	61851,
					"rttvar":	721,
					"pmtu":	1500,
					"omitted":	false,
					"sender":	true
				}],
			"sum":	{
				"start":	16.00107,
				"end":	17.000342,
				"seconds":	0.99927198886871338,
				"bytes":	404094976,
				"bits_per_second":	3235115007.7366247,
				"retransmits":	34933,
				"omitted":	false,
				"sender":	true
			}
		}, {
			"streams":	[{
					"socket":	7,
					"start":	17.000342,
					"end":	18.001415,
					"seconds":	1.0010730028152466,
					"bytes":	455606272,
					"bits_per_second":	3640943433.44576,
					"retransmits":	42586,
					"snd_cwnd":	77294240,
					"snd_wnd":	86577152,
					"rtt":	62253,
					"rttvar":	1484,
					"pmtu":	1500,
					"omitted":	false,
					"sender":	true
				}],
			"sum":	{
				"start":	17.000342,
				"end":	18.001415,
				"seconds":	1.0010730028152466,
				"bytes":	455606272,
				"bits_per_second":	3640943433.44576,
				"retransmits":	42586,
				"omitted":	false,
				"sender":	true
			}
		}, {
			"streams":	[{
					"socket":	7,
					"start":	18.001415,
					"end":	19.000496,
					"seconds":	0.999081015586853,
					"bytes":	374865920,
					"bits_per_second":	3001685862.52082,
					"retransmits":	53361,
					"snd_cwnd":	71354544,
					"snd_wnd":	104931328,
					"rtt":	62650,
					"rttvar":	144,
					"pmtu":	1500,
					"omitted":	false,
					"sender":	true
				}],
			"sum":	{
				"start":	18.001415,
				"end":	19.000496,
				"seconds":	0.999081015586853,
				"bytes":	374865920,
				"bits_per_second":	3001685862.52082,
				"retransmits":	53361,
				"omitted":	false,
				"sender":	true
			}
		}, {
			"streams":	[{
					"socket":	7,
					"start":	19.000496,
					"end":	20.000132,
					"seconds":	0.99963599443435669,
					"bytes":	426115072,
					"bits_per_second":	3410161893.9091277,
					"retransmits":	29999,
					"snd_cwnd":	76839568,
					"snd_wnd":	113340416,
					"rtt":	62529,
					"rttvar":	156,
					"pmtu":	1500,
					"omitted":	false,
					"sender":	true
				}],
			"sum":	{
				"start":	19.000496,
				"end":	20.000132,
				"seconds":	0.99963599443435669,
				"bytes":	426115072,
				"bits_per_second":	3410161893.9091277,
				"retransmits":	29999,
				"omitted":	false,
				"sender":	true
			}
		}, {
			"streams":	[{
					"socket":	7,
					"start":	20.000132,
					"end":	21.00081,
					"seconds":	1.0006779432296753,
					"bytes":	394526720,
					"bits_per_second":	3154075475.8852386,
					"retransmits":	43575,
					"snd_cwnd":	76121360,
					"snd_wnd":	98652160,
					"rtt":	62301,
					"rttvar":	546,
					"pmtu":	1500,
					"omitted":	false,
					"sender":	true
				}],
			"sum":	{
				"start":	20.000132,
				"end":	21.00081,
				"seconds":	1.0006779432296753,
				"bytes":	394526720,
				"bits_per_second":	3154075475.8852386,
				"retransmits":	43575,
				"omitted":	false,
				"sender":	true
			}
		}, {
			"streams":	[{
					"socket":	7,
					"start":	21.00081,
					"end":	22.000401,
					"seconds":	0.99959099292755127,
					"bytes":	530972672,
					"bits_per_second":	4249519459.51345,
					"retransmits":	39305,
					"snd_cwnd":	72098816,
					"snd_wnd":	141410304,
					"rtt":	61764,
					"rttvar":	874,
					"pmtu":	1500,
					"omitted":	false,
					"sender":	true
				}],
			"sum":	{
				"start":	21.00081,
				"end":	22.000401,
				"seconds":	0.99959099292755127,
				"bytes":	530972672,
				"bits_per_second":	4249519459.51345,
				"retransmits":	39305,
				"omitted":	false,
				"sender":	true
			}
		}, {
			"streams":	[{
					"socket":	7,
					"start":	22.000401,
					"end":	23.000055,
					"seconds":	0.999653995037079,
					"bytes":	72876032,
					"bits_per_second":	583210049.57157731,
					"retransmits":	30895,
					"snd_cwnd":	63040128,
					"snd_wnd":	106242048,
					"rtt":	61642,
					"rttvar":	255,
					"pmtu":	1500,
					"omitted":	false,
					"sender":	true
				}],
			"sum":	{
				"start":	22.000401,
				"end":	23.000055,
				"seconds":	0.999653995037079,
				"bytes":	72876032,
				"bits_per_second":	583210049.57157731,
				"retransmits":	30895,
				"omitted":	false,
				"sender":	true
			}
		}, {
			"streams":	[{
					"socket":	7,
					"start":	23.000055,
					"end":	24.001427,
					"seconds":	1.00137197971344,
					"bytes":	453246976,
					"bits_per_second":	3621007858.67569,
					"retransmits":	36042,
					"snd_cwnd":	15929448,
					"snd_wnd":	135356416,
					"rtt":	61857,
					"rttvar":	255,
					"pmtu":	1500,
					"omitted":	false,
					"sender":	true
				}],
			"sum":	{
				"start":	23.000055,
				"end":	24.001427,
				"seconds":	1.00137197971344,
				"bytes":	453246976,
				"bits_per_second":	3621007858.67569,
				"retransmits":	36042,
				"omitted":	false,
				"sender":	true
			}
		}, {
			"streams":	[{
					"socket":	7,
					"start":	24.001427,
					"end":	25.001073,
					"seconds":	0.999646008014679,
					"bytes":	319815680,
					"bits_per_second":	2559431458.22319,
					"retransmits":	47050,
					"snd_cwnd":	60952112,
					"snd_wnd":	101994496,
					"rtt":	62429,
					"rttvar":	443,
					"pmtu":	1500,
					"omitted":	false,
					"sender":	true
				}],
			"sum":	{
				"start":	24.001427,
				"end":	25.001073,
				"seconds":	0.999646008014679,
				"bytes":	319815680,
				"bits_per_second":	2559431458.22319,
				"retransmits":	47050,
				"omitted":	false,
				"sender":	true
			}
		}, {
			"streams":	[{
					"socket":	7,
					"start":	25.001073,
					"end":	26.001063,
					"seconds":	0.99998998641967773,
					"bytes":	346685440,
					"bits_per_second":	2773511292.7781048,
					"retransmits":	45449,
					"snd_cwnd":	25125696,
					"snd_wnd":	141344768,
					"rtt":	62467,
					"rttvar":	94,
					"pmtu":	1500,
					"omitted":	false,
					"sender":	true
				}],
			"sum":	{
				"start":	25.001073,
				"end":	26.001063,
				"seconds":	0.99998998641967773,
				"bytes":	346685440,
				"bits_per_second":	2773511292.7781048,
				"retransmits":	45449,
				"omitted":	false,
				"sender":	true
			}
		}, {
			"streams":	[{
					"socket":	7,
					"start":	26.001063,
					"end":	27.000504,
					"seconds":	0.99944102764129639,
					"bytes":	276430848,
					"bits_per_second":	2212683612.9782114,
					"retransmits":	42237,
					"snd_cwnd":	52959152,
					"snd_wnd":	107769856,
					"rtt":	62379,
					"rttvar":	141,
					"pmtu":	1500,
					"omitted":	false,
					"sender":	true
				}],
			"sum":	{
				"start":	26.001063,
				"end":	27.000504,
				"seconds":	0.99944102764129639,
				"bytes":	276430848,
				"bits_per_second":	2212683612.9782114,
				"retransmits":	42237,
				"omitted":	false,
				"sender":	true
			}
		}, {
			"streams":	[{
					"socket":	7,
					"start":	27.000504,
					"end":	28.000342,
					"seconds":	0.99983799457550049,
					"bytes":	304611328,
					"bits_per_second":	2437285477.4684038,
					"retransmits":	40642,
					"snd_cwnd":	55148528,
					"snd_wnd":	119402496,
					"rtt":	62840,
					"rttvar":	585,
					"pmtu":	1500,
					"omitted":	false,
					"sender":	true
				}],
			"sum":	{
				"start":	27.000504,
				"end":	28.000342,
				"seconds":	0.99983799457550049,
				"bytes":	304611328,
				"bits_per_second":	2437285477.4684038,
				"retransmits":	40642,
				"omitted":	false,
				"sender":	true
			}
		}, {
			"streams":	[{
					"socket":	7,
					"start":	28.000342,
					"end":	29.000433,
					"seconds":	1.0000909566879272,
					"bytes":	390463488,
					"bits_per_second":	3123423807.715457,
					"retransmits":	26313,
					"snd_cwnd":	57439264,
					"snd_wnd":	130052096,
					"rtt":	62350,
					"rttvar":	209,
					"pmtu":	1500,
					"omitted":	false,
					"sender":	true
				}],
			"sum":	{
				"start":	28.000342,
				"end":	29.000433,
				"seconds":	1.0000909566879272,
				"bytes":	390463488,
				"bits_per_second":	3123423807.715457,
				"retransmits":	26313,
				"omitted":	false,
				"sender":	true
			}
		}, {
			"streams":	[{
					"socket":	7,
					"start":	29.000433,
					"end":	30.000448,
					"seconds":	1.0000150203704834,
					"bytes":	379584512,
					"bits_per_second":	3036630484.6850986,
					"retransmits":	41801,
					"snd_cwnd":	53764240,
					"snd_wnd":	123793408,
					"rtt":	62882,
					"rttvar":	152,
					"pmtu":	1500,
					"omitted":	false,
					"sender":	true
				}],
			"sum":	{
				"start":	29.000433,
				"end":	30.000448,
				"seconds":	1.0000150203704834,
				"bytes":	379584512,
				"bits_per_second":	3036630484.6850986,
				"retransmits":	41801,
				"omitted":	false,
				"sender":	true
			}
		}, {
			"streams":	[{
					"socket":	7,
					"start":	30.000448,
					"end":	31.000181,
					"seconds":	0.99973297119140625,
					"bytes":	312213504,
					"bits_per_second":	2498375170.1451039,
					"retransmits":	38126,
					"snd_cwnd":	51554592,
					"snd_wnd":	109625344,
					"rtt":	62346,
					"rttvar":	534,
					"pmtu":	1500,
					"omitted":	false,
					"sender":	true
				}],
			"sum":	{
				"start":	30.000448,
				"end":	31.000181,
				"seconds":	0.99973297119140625,
				"bytes":	312213504,
				"bits_per_second":	2498375170.1451039,
				"retransmits":	38126,
				"omitted":	false,
				"sender":	true
			}
		}, {
			"streams":	[{
					"socket":	7,
					"start":	31.000181,
					"end":	32.000162,
					"seconds":	0.99998098611831665,
					"bytes":	334102528,
					"bits_per_second":	2672871045.6538167,
					"retransmits":	27615,
					"snd_cwnd":	31926952,
					"snd_wnd":	132296704,
					"rtt":	61513,
					"rttvar":	587,
					"pmtu":	1500,
					"omitted":	false,
					"sender":	true
				}],
			"sum":	{
				"start":	31.000181,
				"end":	32.000162,
				"seconds":	0.99998098611831665,
				"bytes":	334102528,
				"bits_per_second":	2672871045.6538167,
				"retransmits":	27615,
				"omitted":	false,
				"sender":	true
			}
		}, {
			"streams":	[{
					"socket":	7,
					"start":	32.000162,
					"end":	33.000216,
					"seconds":	1.0000540018081665,
					"bytes":	378667008,
					"bits_per_second":	3029172483.2086587,
					"retransmits":	38318,
					"snd_cwnd":	60194808,
					"snd_wnd":	59879424,
					"rtt":	62953,
					"rttvar":	591,
					"pmtu":	1500,
					"omitted":	false,
					"sender":	true
				}],
			"sum":	{
				"start":	32.000162,
				"end":	33.000216,
				"seconds":	1.0000540018081665,
				"bytes":	378667008,
				"bits_per_second":	3029172483.2086587,
				"retransmits":	38318,
				"omitted":	false,
				"sender":	true
			}
		}, {
			"streams":	[{
					"socket":	7,
					"start":	33.000216,
					"end":	34.000478,
					"seconds":	1.0002620220184326,
					"bytes":	408813568,
					"bits_per_second":	3269651823.2297053,
					"retransmits":	39572,
					"snd_cwnd":	23732720,
					"snd_wnd":	141357056,
					"rtt":	62956,
					"rttvar":	409,
					"pmtu":	1500,
					"omitted":	false,
					"sender":	true
				}],
			"sum":	{
				"start":	33.000216,
				"end":	34.000478,
				"seconds":	1.0002620220184326,
				"bytes":	408813568,
				"bits_per_second":	3269651823.2297053,
				"retransmits":	39572,
				"omitted":	false,
				"sender":	true
			}
		}, {
			"streams":	[{
					"socket":	7,
					"start":	34.000478,
					"end":	35.000422,
					"seconds":	0.999943971633911,
					"bytes":	228851712,
					"bits_per_second":	1830916279.2475717,
					"retransmits":	34515,
					"snd_cwnd":	55058752,
					"snd_wnd":	100823040,
					"rtt":	61476,
					"rttvar":	456,
					"pmtu":	1500,
					"omitted":	false,
					"sender":	true
				}],
			"sum":	{
				"start":	34.000478,
				"end":	35.000422,
				"seconds":	0.999943971633911,
				"bytes":	228851712,
				"bits_per_second":	1830916279.2475717,
				"retransmits":	34515,
				"omitted":	false,
				"sender":	true
			}
		}, {
			"streams":	[{
					"socket":	7,
					"start":	35.000422,
					"end":	36.000048,
					"seconds":	0.99962598085403442,
					"bytes":	316276736,
					"bits_per_second":	2531160590.5223689,
					"retransmits":	32691,
					"snd_cwnd":	46614016,
					"snd_wnd":	140308480,
					"rtt":	62380,
					"rttvar":	275,
					"pmtu":	1500,
					"omitted":	false,
					"sender":	true
				}],
			"sum":	{
				"start":	35.000422,
				"end":	36.000048,
				"seconds":	0.99962598085403442,
				"bytes":	316276736,
				"bits_per_second":	2531160590.5223689,
				"retransmits":	32691,
				"omitted":	false,
				"sender":	true
			}
		}, {
			"streams":	[{
					"socket":	7,
					"start":	36.000048,
					"end":	37.001066,
					"seconds":	1.0010180473327637,
					"bytes":	334102528,
					"bits_per_second":	2670101933.8480387,
					"retransmits":	23761,
					"snd_cwnd":	44311696,
					"snd_wnd":	121593856,
					"rtt":	62149,
					"rttvar":	123,
					"pmtu":	1500,
					"omitted":	false,
					"sender":	true
				}],
			"sum":	{
				"start":	36.000048,
				"end":	37.001066,
				"seconds":	1.0010180473327637,
				"bytes":	334102528,
				"bits_per_second":	2670101933.8480387,
				"retransmits":	23761,
				"omitted":	false,
				"sender":	true
			}
		}, {
			"streams":	[{
					"socket":	7,
					"start":	37.001066,
					"end":	38.002947,
					"seconds":	1.0018810033798218,
					"bytes":	274464768,
					"bits_per_second":	2191595744.9964585,
					"retransmits":	17167,
					"snd_cwnd":	44329072,
					"snd_wnd":	121774080,
					"rtt":	61581,
					"rttvar":	193,
					"pmtu":	1500,
					"omitted":	false,
					"sender":	true
				}],
			"sum":	{
				"start":	37.001066,
				"end":	38.002947,
				"seconds":	1.0018810033798218,
				"bytes":	274464768,
				"bits_per_second":	2191595744.9964585,
				"retransmits":	17167,
				"omitted":	false,
				"sender":	true
			}
		}, {
			"streams":	[{
					"socket":	7,
					"start":	38.002947,
					"end":	39.00022,
					"seconds":	0.997273027896881,
					"bytes":	369229824,
					"bits_per_second":	2961915653.3585,
					"retransmits":	24579,
					"snd_cwnd":	52032432,
					"snd_wnd":	124637184,
					"rtt":	61264,
					"rttvar":	124,
					"pmtu":	1500,
					"omitted":	false,
					"sender":	true
				}],
			"sum":	{
				"start":	38.002947,
				"end":	39.00022,
				"seconds":	0.997273027896881,
				"bytes":	369229824,
				"bits_per_second":	2961915653.3585,
				"retransmits":	24579,
				"omitted":	false,
				"sender":	true
			}
		}, {
			"streams":	[{
					"socket":	7,
					"start":	39.00022,
					"end":	40.00007,
					"seconds":	0.99984997510910034,
					"bytes":	319815680,
					"bits_per_second":	2558909340.09457,
					"retransmits":	41682,
					"snd_cwnd":	56515440,
					"snd_wnd":	115535872,
					"rtt":	62818,
					"rttvar":	1088,
					"pmtu":	1500,
					"omitted":	false,
					"sender":	true
				}],
			"sum":	{
				"start":	39.00022,
				"end":	40.00007,
				"seconds":	0.99984997510910034,
				"bytes":	319815680,
				"bits_per_second":	2558909340.09457,
				"retransmits":	41682,
				"omitted":	false,
				"sender":	true
			}
		}, {
			"streams":	[{
					"socket":	7,
					"start":	40.00007,
					"end":	41.001034,
					"seconds":	1.0009640455245972,
					"bytes":	327417856,
					"bits_per_second":	2616820114.2801523,
					"retransmits":	45959,
					"snd_cwnd":	67250912,
					"snd_wnd":	84066304,
					"rtt":	62284,
					"rttvar":	270,
					"pmtu":	1500,
					"omitted":	false,
					"sender":	true
				}],
			"sum":	{
				"start":	40.00007,
				"end":	41.001034,
				"seconds":	1.0009640455245972,
				"bytes":	327417856,
				"bits_per_second":	2616820114.2801523,
				"retransmits":	45959,
				"omitted":	false,
				"sender":	true
			}
		}, {
			"streams":	[{
					"socket":	7,
					"start":	41.001034,
					"end":	42.000183,
					"seconds":	0.99914902448654175,
					"bytes":	354025472,
					"bits_per_second":	2834615964.7760825,
					"retransmits":	37343,
					"snd_cwnd":	73891440,
					"snd_wnd":	101625856,
					"rtt":	62068,
					"rttvar":	345,
					"pmtu":	1500,
					"omitted":	false,
					"sender":	true
				}],
			"sum":	{
				"start":	41.001034,
				"end":	42.000183,
				"seconds":	0.99914902448654175,
				"bytes":	354025472,
				"bits_per_second":	2834615964.7760825,
				"retransmits":	37343,
				"omitted":	false,
				"sender":	true
			}
		}, {
			"streams":	[{
					"socket":	7,
					"start":	42.000183,
					"end":	43.000472,
					"seconds":	1.0002889633178711,
					"bytes":	502005760,
					"bits_per_second":	4014885925.2421679,
					"retransmits":	39256,
					"snd_cwnd":	32936208,
					"snd_wnd":	134316032,
					"rtt":	62592,
					"rttvar":	320,
					"pmtu":	1500,
					"omitted":	false,
					"sender":	true
				}],
			"sum":	{
				"start":	42.000183,
				"end":	43.000472,
				"seconds":	1.0002889633178711,
				"bytes":	502005760,
				"bits_per_second":	4014885925.2421679,
				"retransmits":	39256,
				"omitted":	false,
				"sender":	true
			}
		}, {
			"streams":	[{
					"socket":	7,
					"start":	43.000472,
					"end":	44.00014,
					"seconds":	0.999668002128601,
					"bytes":	430964736,
					"bits_per_second":	3448862903.14259,
					"retransmits":	36168,
					"snd_cwnd":	37388808,
					"snd_wnd":	133406720,
					"rtt":	61318,
					"rttvar":	360,
					"pmtu":	1500,
					"omitted":	false,
					"sender":	true
				}],
			"sum":	{
				"start":	43.000472,
				"end":	44.00014,
				"seconds":	0.999668002128601,
				"bytes":	430964736,
				"bits_per_second":	3448862903.14259,
				"retransmits":	36168,
				"omitted":	false,
				"sender":	true
			}
		}, {
			"streams":	[{
					"socket":	7,
					"start":	44.00014,
					"end":	45.000081,
					"seconds":	0.99994099140167236,
					"bytes":	376569856,
					"bits_per_second":	3012736625.3653932,
					"retransmits":	34340,
					"snd_cwnd":	69440288,
					"snd_wnd":	93478912,
					"rtt":	62114,
					"rttvar":	158,
					"pmtu":	1500,
					"omitted":	false,
					"sender":	true
				}],
			"sum":	{
				"start":	44.00014,
				"end":	45.000081,
				"seconds":	0.99994099140167236,
				"bytes":	376569856,
				"bits_per_second":	3012736625.3653932,
				"retransmits":	34340,
				"omitted":	false,
				"sender":	true
			}
		}, {
			"streams":	[{
					"socket":	7,
					"start":	45.000081,
					"end":	46.000984,
					"seconds":	1.0009030103683472,
					"bytes":	208404480,
					"bits_per_second":	1665731667.0337844,
					"retransmits":	22121,
					"snd_cwnd":	67120592,
					"snd_wnd":	122290176,
					"rtt":	61880,
					"rttvar":	480,
					"pmtu":	1500,
					"omitted":	false,
					"sender":	true
				}],
			"sum":	{
				"start":	45.000081,
				"end":	46.000984,
				"seconds":	1.0009030103683472,
				"bytes":	208404480,
				"bits_per_second":	1665731667.0337844,
				"retransmits":	22121,
				"omitted":	false,
				"sender":	true
			}
		}, {
			"streams":	[{
					"socket":	7,
					"start":	46.000984,
					"end":	47.001038,
					"seconds":	1.0000540018081665,
					"bytes":	304087040,
					"bits_per_second":	2432564957.0938344,
					"retransmits":	56538,
					"snd_cwnd":	70468368,
					"snd_wnd":	137539584,
					"rtt":	62405,
					"rttvar":	200,
					"pmtu":	1500,
					"omitted":	false,
					"sender":	true
				}],
			"sum":	{
				"start":	46.000984,
				"end":	47.001038,
				"seconds":	1.0000540018081665,
				"bytes":	304087040,
				"bits_per_second":	2432564957.0938344,
				"retransmits":	56538,
				"omitted":	false,
				"sender":	true
			}
		}, {
			"streams":	[{
					"socket":	7,
					"start":	47.001038,
					"end":	48.000747,
					"seconds":	0.99970901012420654,
					"bytes":	335806464,
					"bits_per_second":	2687233669.7918,
					"retransmits":	32843,
					"snd_cwnd":	44569440,
					"snd_wnd":	108507136,
					"rtt":	63142,
					"rttvar":	479,
					"pmtu":	1500,
					"omitted":	false,
					"sender":	true
				}],
			"sum":	{
				"start":	47.001038,
				"end":	48.000747,
				"seconds":	0.99970901012420654,
				"bytes":	335806464,
				"bits_per_second":	2687233669.7918,
				"retransmits":	32843,
				"omitted":	false,
				"sender":	true
			}
		}, {
			"streams":	[{
					"socket":	7,
					"start":	48.000747,
					"end":	49.000151,
					"seconds":	0.999404013156891,
					"bytes":	332005376,
					"bits_per_second":	2657626918.6774244,
					"retransmits":	24313,
					"snd_cwnd":	45009632,
					"snd_wnd":	130465792,
					"rtt":	63009,
					"rttvar":	473,
					"pmtu":	1500,
					"omitted":	false,
					"sender":	true
				}],
			"sum":	{
				"start":	48.000747,
				"end":	49.000151,
				"seconds":	0.999404013156891,
				"bytes":	332005376,
				"bits_per_second":	2657626918.6774244,
				"retransmits":	24313,
				"omitted":	false,
				"sender":	true
			}
		}, {
			"streams":	[{
					"socket":	7,
					"start":	49.000151,
					"end":	50.000103,
					"seconds":	0.99995201826095581,
					"bytes":	295436288,
					"bits_per_second":	2363603713.8166,
					"retransmits":	21419,
					"snd_cwnd":	44621568,
					"snd_wnd":	141344768,
					"rtt":	61706,
					"rttvar":	175,
					"pmtu":	1500,
					"omitted":	false,
					"sender":	true
				}],
			"sum":	{
				"start":	49.000151,
				"end":	50.000103,
				"seconds":	0.99995201826095581,
				"bytes":	295436288,
				"bits_per_second":	2363603713.8166,
				"retransmits":	21419,
				"omitted":	false,
				"sender":	true
			}
		}, {
			"streams":	[{
					"socket":	7,
					"start":	50.000103,
					"end":	51.001037,
					"seconds":	1.0009340047836304,
					"bytes":	257687552,
					"bits_per_second":	2059576761.4525495,
					"retransmits":	25561,
					"snd_cwnd":	52875168,
					"snd_wnd":	98906112,
					"rtt":	62010,
					"rttvar":	171,
					"pmtu":	1500,
					"omitted":	false,
					"sender":	true
				}],
			"sum":	{
				"start":	50.000103,
				"end":	51.001037,
				"seconds":	1.0009340047836304,
				"bytes":	257687552,
				"bits_per_second":	2059576761.4525495,
				"retransmits":	25561,
				"omitted":	false,
				"sender":	true
			}
		}, {
			"streams":	[{
					"socket":	7,
					"start":	51.001037,
					"end":	52.000235,
					"seconds":	0.999198019504547,
					"bytes":	317849600,
					"bits_per_second":	2544837710.20768,
					"retransmits":	45342,
					"snd_cwnd":	54401360,
					"snd_wnd":	105250816,
					"rtt":	62814,
					"rttvar":	265,
					"pmtu":	1500,
					"omitted":	false,
					"sender":	true
				}],
			"sum":	{
				"start":	51.001037,
				"end":	52.000235,
				"seconds":	0.999198019504547,
				"bytes":	317849600,
				"bits_per_second":	2544837710.20768,
				"retransmits":	45342,
				"omitted":	false,
				"sender":	true
			}
		}, {
			"streams":	[{
					"socket":	7,
					"start":	52.000235,
					"end":	53.000111,
					"seconds":	0.99987602233886719,
					"bytes":	342097920,
					"bits_per_second":	2737122702.0708361,
					"retransmits":	27676,
					"snd_cwnd":	60233904,
					"snd_wnd":	135024640,
					"rtt":	62426,
					"rttvar":	245,
					"pmtu":	1500,
					"omitted":	false,
					"sender":	true
				}],
			"sum":	{
				"start":	52.000235,
				"end":	53.000111,
				"seconds":	0.99987602233886719,
				"bytes":	342097920,
				"bits_per_second":	2737122702.0708361,
				"retransmits":	27676,
				"omitted":	false,
				"sender":	true
			}
		}, {
			"streams":	[{
					"socket":	7,
					"start":	53.000111,
					"end":	54.000085,
					"seconds":	0.999974012374878,
					"bytes":	352321536,
					"bits_per_second":	2818645537.9035912,
					"retransmits":	39105,
					"snd_cwnd":	52991008,
					"snd_wnd":	90873856,
					"rtt":	63031,
					"rttvar":	339,
					"pmtu":	1500,
					"omitted":	false,
					"sender":	true
				}],
			"sum":	{
				"start":	53.000111,
				"end":	54.000085,
				"seconds":	0.999974012374878,
				"bytes":	352321536,
				"bits_per_second":	2818645537.9035912,
				"retransmits":	39105,
				"omitted":	false,
				"sender":	true
			}
		}, {
			"streams":	[{
					"socket":	7,
					"start":	54.000085,
					"end":	55.00007,
					"seconds":	0.9999849796295166,
					"bytes":	176160768,
					"bits_per_second":	1409307312.317956,
					"retransmits":	30168,
					"snd_cwnd":	48812080,
					"snd_wnd":	130617344,
					"rtt":	61965,
					"rttvar":	178,
					"pmtu":	1500,
					"omitted":	false,
					"sender":	true
				}],
			"sum":	{
				"start":	54.000085,
				"end":	55.00007,
				"seconds":	0.9999849796295166,
				"bytes":	176160768,
				"bits_per_second":	1409307312.317956,
				"retransmits":	30168,
				"omitted":	false,
				"sender":	true
			}
		}, {
			"streams":	[{
					"socket":	7,
					"start":	55.00007,
					"end":	56.000367,
					"seconds":	1.000296950340271,
					"bytes":	340000768,
					"bits_per_second":	2719198677.0275922,
					"retransmits":	38964,
					"snd_cwnd":	52180128,
					"snd_wnd":	104800256,
					"rtt":	62428,
					"rttvar":	1189,
					"pmtu":	1500,
					"omitted":	false,
					"sender":	true
				}],
			"sum":	{
				"start":	55.00007,
				"end":	56.000367,
				"seconds":	1.000296950340271,
				"bytes":	340000768,
				"bits_per_second":	2719198677.0275922,
				"retransmits":	38964,
				"omitted":	false,
				"sender":	true
			}
		}, {
			"streams":	[{
					"socket":	7,
					"start":	56.000367,
					"end":	57.000085,
					"seconds":	0.99971801042556763,
					"bytes":	141033472,
					"bits_per_second":	1128586025.4930391,
					"retransmits":	20410,
					"snd_cwnd":	47346704,
					"snd_wnd":	111927296,
					"rtt":	62935,
					"rttvar":	247,
					"pmtu":	1500,
					"omitted":	false,
					"sender":	true
				}],
			"sum":	{
				"start":	56.000367,
				"end":	57.000085,
				"seconds":	0.99971801042556763,
				"bytes":	141033472,
				"bits_per_second":	1128586025.4930391,
				"retransmits":	20410,
				"omitted":	false,
				"sender":	true
			}
		}, {
			"streams":	[{
					"socket":	7,
					"start":	57.000085,
					"end":	58.000974,
					"seconds":	1.00088894367218,
					"bytes":	213516288,
					"bits_per_second":	1706613220.9763541,
					"retransmits":	29956,
					"snd_cwnd":	36107328,
					"snd_wnd":	101785600,
					"rtt":	61989,
					"rttvar":	365,
					"pmtu":	1500,
					"omitted":	false,
					"sender":	true
				}],
			"sum":	{
				"start":	57.000085,
				"end":	58.000974,
				"seconds":	1.00088894367218,
				"bytes":	213516288,
				"bits_per_second":	1706613220.9763541,
				"retransmits":	29956,
				"omitted":	false,
				"sender":	true
			}
		}, {
			"streams":	[{
					"socket":	7,
					"start":	58.000974,
					"end":	59.000813,
					"seconds":	0.99983900785446167,
					"bytes":	312606720,
					"bits_per_second":	2501256442.6412425,
					"retransmits":	14216,
					"snd_cwnd":	36052304,
					"snd_wnd":	125632512,
					"rtt":	62748,
					"rttvar":	1360,
					"pmtu":	1500,
					"omitted":	false,
					"sender":	true
				}],
			"sum":	{
				"start":	58.000974,
				"end":	59.000813,
				"seconds":	0.99983900785446167,
				"bytes":	312606720,
				"bits_per_second":	2501256442.6412425,
				"retransmits":	14216,
				"omitted":	false,
				"sender":	true
			}
		}, {
			"streams":	[{
					"socket":	7,
					"start":	59.000813,
					"end":	60.000121,
					"seconds":	0.99930799007415771,
					"bytes":	236716032,
					"bits_per_second":	1895039642.2422962,
					"retransmits":	15360,
					"snd_cwnd":	35881440,
					"snd_wnd":	128184320,
					"rtt":	62455,
					"rttvar":	215,
					"pmtu":	1500,
					"omitted":	false,
					"sender":	true
				}],
			"sum":	{
				"start":	59.000813,
				"end":	60.000121,
				"seconds":	0.99930799007415771,
				"bytes":	236716032,
				"bits_per_second":	1895039642.2422962,
				"retransmits":	15360,
				"omitted":	false,
				"sender":	true
			}
		}, {
			"streams":	[{
					"socket":	7,
					"start":	60.000121,
					"end":	61.001111,
					"seconds":	1.0009900331497192,
					"bytes":	293994496,
					"bits_per_second":	2349629756.6513486,
					"retransmits":	16815,
					"snd_cwnd":	47097648,
					"snd_wnd":	115359744,
					"rtt":	62083,
					"rttvar":	286,
					"pmtu":	1500,
					"omitted":	false,
					"sender":	true
				}],
			"sum":	{
				"start":	60.000121,
				"end":	61.001111,
				"seconds":	1.0009900331497192,
				"bytes":	293994496,
				"bits_per_second":	2349629756.6513486,
				"retransmits":	16815,
				"omitted":	false,
				"sender":	true
			}
		}, {
			"streams":	[{
					"socket":	7,
					"start":	61.001111,
					"end":	62.001059,
					"seconds":	0.999948024749756,
					"bytes":	350879744,
					"bits_per_second":	2807183856.0834012,
					"retransmits":	30431,
					"snd_cwnd":	56289552,
					"snd_wnd":	100761600,
					"rtt":	62341,
					"rttvar":	141,
					"pmtu":	1500,
					"omitted":	false,
					"sender":	true
				}],
			"sum":	{
				"start":	61.001111,
				"end":	62.001059,
				"seconds":	0.999948024749756,
				"bytes":	350879744,
				"bits_per_second":	2807183856.0834012,
				"retransmits":	30431,
				"omitted":	false,
				"sender":	true
			}
		}, {
			"streams":	[{
					"socket":	7,
					"start":	62.001059,
					"end":	63.000125,
					"seconds":	0.99906599521636963,
					"bytes":	420872192,
					"bits_per_second":	3370125249.1040969,
					"retransmits":	30772,
					"snd_cwnd":	31341960,
					"snd_wnd":	141357056,
					"rtt":	62404,
					"rttvar":	239,
					"pmtu":	1500,
					"omitted":	false,
					"sender":	true
				}],
			"sum":	{
				"start":	62.001059,
				"end":	63.000125,
				"seconds":	0.99906599521636963,
				"bytes":	420872192,
				"bits_per_second":	3370125249.1040969,
				"retransmits":	30772,
				"omitted":	false,
				"sender":	true
			}
		}, {
			"streams":	[{
					"socket":	7,
					"start":	63.000125,
					"end":	64.000128,
					"seconds":	1.0000029802322388,
					"bytes":	320339968,
					"bits_per_second":	2562712106.5227613,
					"retransmits":	32990,
					"snd_cwnd":	48079392,
					"snd_wnd":	134709248,
					"rtt":	62017,
					"rttvar":	175,
					"pmtu":	1500,
					"omitted":	false,
					"sender":	true
				}],
			"sum":	{
				"start":	63.000125,
				"end":	64.000128,
				"seconds":	1.0000029802322388,
				"bytes":	320339968,
				"bits_per_second":	2562712106.5227613,
				"retransmits":	32990,
				"omitted":	false,
				"sender":	true
			}
		}, {
			"streams":	[{
					"socket":	7,
					"start":	64.000128,
					"end":	65.000182,
					"seconds":	1.0000540018081665,
					"bytes":	383254528,
					"bits_per_second":	3065870661.4406776,
					"retransmits":	33750,
					"snd_cwnd":	63932096,
					"snd_wnd":	139300864,
					"rtt":	61993,
					"rttvar":	527,
					"pmtu":	1500,
					"omitted":	false,
					"sender":	true
				}],
			"sum":	{
				"start":	64.000128,
				"end":	65.000182,
				"seconds":	1.0000540018081665,
				"bytes":	383254528,
				"bits_per_second":	3065870661.4406776,
				"retransmits":	33750,
				"omitted":	false,
				"sender":	true
			}
		}, {
			"streams":	[{
					"socket":	7,
					"start":	65.000182,
					"end":	66.000086,
					"seconds":	0.999903976917267,
					"bytes":	266469376,
					"bits_per_second":	2131959725.3450906,
					"retransmits":	46473,
					"snd_cwnd":	67809840,
					"snd_wnd":	90808320,
					"rtt":	62155,
					"rttvar":	140,
					"pmtu":	1500,
					"omitted":	false,
					"sender":	true
				}],
			"sum":	{
				"start":	65.000182,
				"end":	66.000086,
				"seconds":	0.999903976917267,
				"bytes":	266469376,
				"bits_per_second":	2131959725.3450906,
				"retransmits":	46473,
				"omitted":	false,
				"sender":	true
			}
		}, {
			"streams":	[{
					"socket":	7,
					"start":	66.000086,
					"end":	67.000172,
					"seconds":	1.0000859498977661,
					"bytes":	285736960,
					"bits_per_second":	2285699224.38534,
					"retransmits":	37196,
					"snd_cwnd":	34860600,
					"snd_wnd":	126312448,
					"rtt":	61801,
					"rttvar":	469,
					"pmtu":	1500,
					"omitted":	false,
					"sender":	true
				}],
			"sum":	{
				"start":	66.000086,
				"end":	67.000172,
				"seconds":	1.0000859498977661,
				"bytes":	285736960,
				"bits_per_second":	2285699224.38534,
				"retransmits":	37196,
				"omitted":	false,
				"sender":	true
			}
		}, {
			"streams":	[{
					"socket":	7,
					"start":	67.000172,
					"end":	68.00015,
					"seconds":	0.999978005886078,
					"bytes":	289800192,
					"bits_per_second":	2318452528.30903,
					"retransmits":	40497,
					"snd_cwnd":	33123000,
					"snd_wnd":	140165120,
					"rtt":	62167,
					"rttvar":	309,
					"pmtu":	1500,
					"omitted":	false,
					"sender":	true
				}],
			"sum":	{
				"start":	67.000172,
				"end":	68.00015,
				"seconds":	0.999978005886078,
				"bytes":	289800192,
				"bits_per_second":	2318452528.30903,
				"retransmits":	40497,
				"omitted":	false,
				"sender":	true
			}
		}, {
			"streams":	[{
					"socket":	7,
					"start":	68.00015,
					"end":	69.000484,
					"seconds":	1.0003340244293213,
					"bytes":	227934208,
					"bits_per_second":	1822864782.6312518,
					"retransmits":	39226,
					"snd_cwnd":	56761600,
					"snd_wnd":	86458368,
					"rtt":	61913,
					"rttvar":	188,
					"pmtu":	1500,
					"omitted":	false,
					"sender":	true
				}],
			"sum":	{
				"start":	68.00015,
				"end":	69.000484,
				"seconds":	1.0003340244293213,
				"bytes":	227934208,
				"bits_per_second":	1822864782.6312518,
				"retransmits":	39226,
				"omitted":	false,
				"sender":	true
			}
		}, {
			"streams":	[{
					"socket":	7,
					"start":	69.000484,
					"end":	70.000336,
					"seconds":	0.99985200166702271,
					"bytes":	375914496,
					"bits_per_second":	3007761111.6305151,
					"retransmits":	28324,
					"snd_cwnd":	51933968,
					"snd_wnd":	107229184,
					"rtt":	61937,
					"rttvar":	105,
					"pmtu":	1500,
					"omitted":	false,
					"sender":	true
				}],
			"sum":	{
				"start":	69.000484,
				"end":	70.000336,
				"seconds":	0.99985200166702271,
				"bytes":	375914496,
				"bits_per_second":	3007761111.6305151,
				"retransmits":	28324,
				"omitted":	false,
				"sender":	true
			}
		}, {
			"streams":	[{
					"socket":	7,
					"start":	70.000336,
					"end":	71.000083,
					"seconds":	0.99974697828292847,
					"bytes":	399507456,
					"bits_per_second":	3196868525.1634889,
					"retransmits":	24149,
					"snd_cwnd":	65759472,
					"snd_wnd":	107192320,
					"rtt":	62043,
					"rttvar":	235,
					"pmtu":	1500,
					"omitted":	false,
					"sender":	true
				}],
			"sum":	{
				"start":	70.000336,
				"end":	71.000083,
				"seconds":	0.99974697828292847,
				"bytes":	399507456,
				"bits_per_second":	3196868525.1634889,
				"retransmits":	24149,
				"omitted":	false,
				"sender":	true
			}
		}, {
			"streams":	[{
					"socket":	7,
					"start":	71.000083,
					"end":	72.000589,
					"seconds":	1.0005060434341431,
					"bytes":	339869696,
					"bits_per_second":	2717582353.2933726,
					"retransmits":	38166,
					"snd_cwnd":	65779744,
					"snd_wnd":	110743552,
					"rtt":	62241,
					"rttvar":	75,
					"pmtu":	1500,
					"omitted":	false,
					"sender":	true
				}],
			"sum":	{
				"start":	71.000083,
				"end":	72.000589,
				"seconds":	1.0005060434341431,
				"bytes":	339869696,
				"bits_per_second":	2717582353.2933726,
				"retransmits":	38166,
				"omitted":	false,
				"sender":	true
			}
		}, {
			"streams":	[{
					"socket":	7,
					"start":	72.000589,
					"end":	73.00021,
					"seconds":	0.99962097406387329,
					"bytes":	333840384,
					"bits_per_second":	2671735729.135819,
					"retransmits":	28469,
					"snd_cwnd":	70775344,
					"snd_wnd":	63496192,
					"rtt":	61972,
					"rttvar":	237,
					"pmtu":	1500,
					"omitted":	false,
					"sender":	true
				}],
			"sum":	{
				"start":	72.000589,
				"end":	73.00021,
				"seconds":	0.99962097406387329,
				"bytes":	333840384,
				"bits_per_second":	2671735729.135819,
				"retransmits":	28469,
				"omitted":	false,
				"sender":	true
			}
		}, {
			"streams":	[{
					"socket":	7,
					"start":	73.00021,
					"end":	74.000153,
					"seconds":	0.99994301795959473,
					"bytes":	477495296,
					"bits_per_second":	3820180049.653945,
					"retransmits":	26304,
					"snd_cwnd":	69026160,
					"snd_wnd":	104521728,
					"rtt":	62705,
					"rttvar":	560,
					"pmtu":	1500,
					"omitted":	false,
					"sender":	true
				}],
			"sum":	{
				"start":	73.00021,
				"end":	74.000153,
				"seconds":	0.99994301795959473,
				"bytes":	477495296,
				"bits_per_second":	3820180049.653945,
				"retransmits":	26304,
				"omitted":	false,
				"sender":	true
			}
		}, {
			"streams":	[{
					"socket":	7,
					"start":	74.000153,
					"end":	75.000117,
					"seconds":	0.99996399879455566,
					"bytes":	330956800,
					"bits_per_second":	2647749722.1817136,
					"retransmits":	45954,
					"snd_cwnd":	45139952,
					"snd_wnd":	122036224,
					"rtt":	63245,
					"rttvar":	1095,
					"pmtu":	1500,
					"omitted":	false,
					"sender":	true
				}],
			"sum":	{
				"start":	74.000153,
				"end":	75.000117,
				"seconds":	0.99996399879455566,
				"bytes":	330956800,
				"bits_per_second":	2647749722.1817136,
				"retransmits":	45954,
				"omitted":	false,
				"sender":	true
			}
		}, {
			"streams":	[{
					"socket":	7,
					"start":	75.000117,
					"end":	76.001048,
					"seconds":	1.0009310245513916,
					"bytes":	295698432,
					"bits_per_second":	2363387084.5997958,
					"retransmits":	24047,
					"snd_cwnd":	45354256,
					"snd_wnd":	113459200,
					"rtt":	62208,
					"rttvar":	300,
					"pmtu":	1500,
					"omitted":	false,
					"sender":	true
				}],
			"sum":	{
				"start":	75.000117,
				"end":	76.001048,
				"seconds":	1.0009310245513916,
				"bytes":	295698432,
				"bits_per_second":	2363387084.5997958,
				"retransmits":	24047,
				"omitted":	false,
				"sender":	true
			}
		}, {
			"streams":	[{
					"socket":	7,
					"start":	76.001048,
					"end":	77.001036,
					"seconds":	0.9999880194664,
					"bytes":	340656128,
					"bits_per_second":	2725281674.3286686,
					"retransmits":	28652,
					"snd_cwnd":	44780848,
					"snd_wnd":	112676864,
					"rtt":	62224,
					"rttvar":	225,
					"pmtu":	1500,
					"omitted":	false,
					"sender":	true
				}],
			"sum":	{
				"start":	76.001048,
				"end":	77.001036,
				"seconds":	0.9999880194664,
				"bytes":	340656128,
				"bits_per_second":	2725281674.3286686,
				"retransmits":	28652,
				"omitted":	false,
				"sender":	true
			}
		}, {
			"streams":	[{
					"socket":	7,
					"start":	77.001036,
					"end":	78.000194,
					"seconds":	0.99915802478790283,
					"bytes":	309723136,
					"bits_per_second":	2479873079.6622229,
					"retransmits":	30656,
					"snd_cwnd":	44164000,
					"snd_wnd":	107978752,
					"rtt":	62105,
					"rttvar":	310,
					"pmtu":	1500,
					"omitted":	false,
					"sender":	true
				}],
			"sum":	{
				"start":	77.001036,
				"end":	78.000194,
				"seconds":	0.99915802478790283,
				"bytes":	309723136,
				"bits_per_second":	2479873079.6622229,
				"retransmits":	30656,
				"omitted":	false,
				"sender":	true
			}
		}, {
			"streams":	[{
					"socket":	7,
					"start":	78.000194,
					"end":	79.00105,
					"seconds":	1.0008560419082642,
					"bytes":	278396928,
					"bits_per_second":	2225270499.1954646,
					"retransmits":	29968,
					"snd_cwnd":	48484832,
					"snd_wnd":	111955968,
					"rtt":	62825,
					"rttvar":	240,
					"pmtu":	1500,
					"omitted":	false,
					"sender":	true
				}],
			"sum":	{
				"start":	78.000194,
				"end":	79.00105,
				"seconds":	1.0008560419082642,
				"bytes":	278396928,
				"bits_per_second":	2225270499.1954646,
				"retransmits":	29968,
				"omitted":	false,
				"sender":	true
			}
		}, {
			"streams":	[{
					"socket":	7,
					"start":	79.00105,
					"end":	80.001059,
					"seconds":	1.0000089406967163,
					"bytes":	263716864,
					"bits_per_second":	2109716049.6686423,
					"retransmits":	31918,
					"snd_cwnd":	52935984,
					"snd_wnd":	130011136,
					"rtt":	61929,
					"rttvar":	307,
					"pmtu":	1500,
					"omitted":	false,
					"sender":	true
				}],
			"sum":	{
				"start":	79.00105,
				"end":	80.001059,
				"seconds":	1.0000089406967163,
				"bytes":	263716864,
				"bits_per_second":	2109716049.6686423,
				"retransmits":	31918,
				"omitted":	false,
				"sender":	true
			}
		}, {
			"streams":	[{
					"socket":	7,
					"start":	80.001059,
					"end":	81.000047,
					"seconds":	0.99898797273635864,
					"bytes":	390725632,
					"bits_per_second":	3128971660.6277165,
					"retransmits":	35105,
					"snd_cwnd":	30620856,
					"snd_wnd":	141357056,
					"rtt":	62405,
					"rttvar":	316,
					"pmtu":	1500,
					"omitted":	false,
					"sender":	true
				}],
			"sum":	{
				"start":	80.001059,
				"end":	81.000047,
				"seconds":	0.99898797273635864,
				"bytes":	390725632,
				"bits_per_second":	3128971660.6277165,
				"retransmits":	35105,
				"omitted":	false,
				"sender":	true
			}
		}, {
			"streams":	[{
					"socket":	7,
					"start":	81.000047,
					"end":	82.000151,
					"seconds":	1.0001039505004883,
					"bytes":	88997888,
					"bits_per_second":	711909100.692681,
					"retransmits":	28536,
					"snd_cwnd":	51024624,
					"snd_wnd":	75350016,
					"rtt":	61851,
					"rttvar":	161,
					"pmtu":	1500,
					"omitted":	false,
					"sender":	true
				}],
			"sum":	{
				"start":	81.000047,
				"end":	82.000151,
				"seconds":	1.0001039505004883,
				"bytes":	88997888,
				"bits_per_second":	711909100.692681,
				"retransmits":	28536,
				"omitted":	false,
				"sender":	true
			}
		}, {
			"streams":	[{
					"socket":	7,
					"start":	82.000151,
					"end":	83.001044,
					"seconds":	1.0008929967880249,
					"bytes":	317325312,
					"bits_per_second":	2536337554.7102966,
					"retransmits":	42663,
					"snd_cwnd":	45817616,
					"snd_wnd":	108281856,
					"rtt":	62280,
					"rttvar":	296,
					"pmtu":	1500,
					"omitted":	false,
					"sender":	true
				}],
			"sum":	{
				"start":	82.000151,
				"end":	83.001044,
				"seconds":	1.0008929967880249,
				"bytes":	317325312,
				"bits_per_second":	2536337554.7102966,
				"retransmits":	42663,
				"omitted":	false,
				"sender":	true
			}
		}, {
			"streams":	[{
					"socket":	7,
					"start":	83.001044,
					"end":	84.000895,
					"seconds":	0.99985098838806152,
					"bytes":	307494912,
					"bits_per_second":	2460325913.13021,
					"retransmits":	26209,
					"snd_cwnd":	38102672,
					"snd_wnd":	132321280,
					"rtt":	61514,
					"rttvar":	527,
					"pmtu":	1500,
					"omitted":	false,
					"sender":	true
				}],
			"sum":	{
				"start":	83.001044,
				"end":	84.000895,
				"seconds":	0.99985098838806152,
				"bytes":	307494912,
				"bits_per_second":	2460325913.13021,
				"retransmits":	26209,
				"omitted":	false,
				"sender":	true
			}
		}, {
			"streams":	[{
					"socket":	7,
					"start":	84.000895,
					"end":	85.000927,
					"seconds":	1.0000319480895996,
					"bytes":	169476096,
					"bits_per_second":	1355765453.8838034,
					"retransmits":	15970,
					"snd_cwnd":	31803872,
					"snd_wnd":	130826240,
					"rtt":	62611,
					"rttvar":	464,
					"pmtu":	1500,
					"omitted":	false,
					"sender":	true
				}],
			"sum":	{
				"start":	84.000895,
				"end":	85.000927,
				"seconds":	1.0000319480895996,
				"bytes":	169476096,
				"bits_per_second":	1355765453.8838034,
				"retransmits":	15970,
				"omitted":	false,
				"sender":	true
			}
		}, {
			"streams":	[{
					"socket":	7,
					"start":	85.000927,
					"end":	86.000134,
					"seconds":	0.9992070198059082,
					"bytes":	220200960,
					"bits_per_second":	1763005708.6089978,
					"retransmits":	21805,
					"snd_cwnd":	31711200,
					"snd_wnd":	116412416,
					"rtt":	62208,
					"rttvar":	176,
					"pmtu":	1500,
					"omitted":	false,
					"sender":	true
				}],
			"sum":	{
				"start":	85.000927,
				"end":	86.000134,
				"seconds":	0.9992070198059082,
				"bytes":	220200960,
				"bits_per_second":	1763005708.6089978,
				"retransmits":	21805,
				"omitted":	false,
				"sender":	true
			}
		}, {
			"streams":	[{
					"socket":	7,
					"start":	86.000134,
					"end":	87.000359,
					"seconds":	1.0002249479293823,
					"bytes":	251133952,
					"bits_per_second":	2008619781.1393163,
					"retransmits":	20955,
					"snd_cwnd":	33657312,
					"snd_wnd":	118050816,
					"rtt":	61854,
					"rttvar":	294,
					"pmtu":	1500,
					"omitted":	false,
					"sender":	true
				}],
			"sum":	{
				"start":	86.000134,
				"end":	87.000359,
				"seconds":	1.0002249479293823,
				"bytes":	251133952,
				"bits_per_second":	2008619781.1393163,
				"retransmits":	20955,
				"omitted":	false,
				"sender":	true
			}
		}, {
			"streams":	[{
					"socket":	7,
					"start":	87.000359,
					"end":	88.000346,
					"seconds":	0.999987006187439,
					"bytes":	278265856,
					"bits_per_second":	2226155774.2508621,
					"retransmits":	25812,
					"snd_cwnd":	41661856,
					"snd_wnd":	131919872,
					"rtt":	62462,
					"rttvar":	254,
					"pmtu":	1500,
					"omitted":	false,
					"sender":	true
				}],
			"sum":	{
				"start":	87.000359,
				"end":	88.000346,
				"seconds":	0.999987006187439,
				"bytes":	278265856,
				"bits_per_second":	2226155774.2508621,
				"retransmits":	25812,
				"omitted":	false,
				"sender":	true
			}
		}, {
			"streams":	[{
					"socket":	7,
					"start":	88.000346,
					"end":	89.000226,
					"seconds":	0.999880015850067,
					"bytes":	279969792,
					"bits_per_second":	2240027103.74787,
					"retransmits":	30993,
					"snd_cwnd":	16879336,
					"snd_wnd":	134705152,
					"rtt":	61257,
					"rttvar":	350,
					"pmtu":	1500,
					"omitted":	false,
					"sender":	true
				}],
			"sum":	{
				"start":	88.000346,
				"end":	89.000226,
				"seconds":	0.999880015850067,
				"bytes":	279969792,
				"bits_per_second":	2240027103.74787,
				"retransmits":	30993,
				"omitted":	false,
				"sender":	true
			}
		}, {
			"streams":	[{
					"socket":	7,
					"start":	89.000226,
					"end":	90.00037,
					"seconds":	1.0001440048217773,
					"bytes":	200802304,
					"bits_per_second":	1606187133.3081269,
					"retransmits":	34107,
					"snd_cwnd":	45116784,
					"snd_wnd":	101052416,
					"rtt":	62512,
					"rttvar":	260,
					"pmtu":	1500,
					"omitted":	false,
					"sender":	true
				}],
			"sum":	{
				"start":	89.000226,
				"end":	90.00037,
				"seconds":	1.0001440048217773,
				"bytes":	200802304,
				"bits_per_second":	1606187133.3081269,
				"retransmits":	34107,
				"omitted":	false,
				"sender":	true
			}
		}, {
			"streams":	[{
					"socket":	7,
					"start":	90.00037,
					"end":	91.000403,
					"seconds":	1.0000330209732056,
					"bytes":	322043904,
					"bits_per_second":	2576266161.1841211,
					"retransmits":	17511,
					"snd_cwnd":	50653936,
					"snd_wnd":	132046848,
					"rtt":	62677,
					"rttvar":	243,
					"pmtu":	1500,
					"omitted":	false,
					"sender":	true
				}],
			"sum":	{
				"start":	90.00037,
				"end":	91.000403,
				"seconds":	1.0000330209732056,
				"bytes":	322043904,
				"bits_per_second":	2576266161.1841211,
				"retransmits":	17511,
				"omitted":	false,
				"sender":	true
			}
		}, {
			"streams":	[{
					"socket":	7,
					"start":	91.000403,
					"end":	92.000108,
					"seconds":	0.99970501661300659,
					"bytes":	180879360,
					"bits_per_second":	1447461857.2011809,
					"retransmits":	26418,
					"snd_cwnd":	54294208,
					"snd_wnd":	96157696,
					"rtt":	61712,
					"rttvar":	595,
					"pmtu":	1500,
					"omitted":	false,
					"sender":	true
				}],
			"sum":	{
				"start":	91.000403,
				"end":	92.000108,
				"seconds":	0.99970501661300659,
				"bytes":	180879360,
				"bits_per_second":	1447461857.2011809,
				"retransmits":	26418,
				"omitted":	false,
				"sender":	true
			}
		}, {
			"streams":	[{
					"socket":	7,
					"start":	92.000108,
					"end":	93.001051,
					"seconds":	1.0009429454803467,
					"bytes":	244973568,
					"bits_per_second":	1957942311.1469245,
					"retransmits":	36236,
					"snd_cwnd":	55527904,
					"snd_wnd":	115961856,
					"rtt":	62008,
					"rttvar":	203,
					"pmtu":	1500,
					"omitted":	false,
					"sender":	true
				}],
			"sum":	{
				"start":	92.000108,
				"end":	93.001051,
				"seconds":	1.0009429454803467,
				"bytes":	244973568,
				"bits_per_second":	1957942311.1469245,
				"retransmits":	36236,
				"omitted":	false,
				"sender":	true
			}
		}, {
			"streams":	[{
					"socket":	7,
					"start":	93.001051,
					"end":	94.00007,
					"seconds":	0.99901902675628662,
					"bytes":	371064832,
					"bits_per_second":	2971433552.81078,
					"retransmits":	42445,
					"snd_cwnd":	21161072,
					"snd_wnd":	120184832,
					"rtt":	62319,
					"rttvar":	124,
					"pmtu":	1500,
					"omitted":	false,
					"sender":	true
				}],
			"sum":	{
				"start":	93.001051,
				"end":	94.00007,
				"seconds":	0.99901902675628662,
				"bytes":	371064832,
				"bits_per_second":	2971433552.81078,
				"retransmits":	42445,
				"omitted":	false,
				"sender":	true
			}
		}, {
			"streams":	[{
					"socket":	7,
					"start":	94.00007,
					"end":	95.00019,
					"seconds":	1.0001200437545776,
					"bytes":	262668288,
					"bits_per_second":	2101094080.7778225,
					"retransmits":	39143,
					"snd_cwnd":	56211360,
					"snd_wnd":	115765248,
					"rtt":	62192,
					"rttvar":	184,
					"pmtu":	1500,
					"omitted":	false,
					"sender":	true
				}],
			"sum":	{
				"start":	94.00007,
				"end":	95.00019,
				"seconds":	1.0001200437545776,
				"bytes":	262668288,
				"bits_per_second":	2101094080.7778225,
				"retransmits":	39143,
				"omitted":	false,
				"sender":	true
			}
		}, {
			"streams":	[{
					"socket":	7,
					"start":	95.00019,
					"end":	96.001045,
					"seconds":	1.0008549690246582,
					"bytes":	207093760,
					"bits_per_second":	1655334820.003459,
					"retransmits":	37886,
					"snd_cwnd":	35229840,
					"snd_wnd":	109817856,
					"rtt":	62329,
					"rttvar":	322,
					"pmtu":	1500,
					"omitted":	false,
					"sender":	true
				}],
			"sum":	{
				"start":	95.00019,
				"end":	96.001045,
				"seconds":	1.0008549690246582,
				"bytes":	207093760,
				"bits_per_second":	1655334820.003459,
				"retransmits":	37886,
				"omitted":	false,
				"sender":	true
			}
		}, {
			"streams":	[{
					"socket":	7,
					"start":	96.001045,
					"end":	97.000097,
					"seconds":	0.99905198812484741,
					"bytes":	297140224,
					"bits_per_second":	2379377470.0971227,
					"retransmits":	15387,
					"snd_cwnd":	34259680,
					"snd_wnd":	117329920,
					"rtt":	62390,
					"rttvar":	234,
					"pmtu":	1500,
					"omitted":	false,
					"sender":	true
				}],
			"sum":	{
				"start":	96.001045,
				"end":	97.000097,
				"seconds":	0.99905198812484741,
				"bytes":	297140224,
				"bits_per_second":	2379377470.0971227,
				"retransmits":	15387,
				"omitted":	false,
				"sender":	true
			}
		}, {
			"streams":	[{
					"socket":	7,
					"start":	97.000097,
					"end":	98.000037,
					"seconds":	0.99993997812271118,
					"bytes":	219807744,
					"bits_per_second":	1758567504.5229607,
					"retransmits":	20011,
					"snd_cwnd":	34337872,
					"snd_wnd":	125009920,
					"rtt":	62554,
					"rttvar":	319,
					"pmtu":	1500,
					"omitted":	false,
					"sender":	true
				}],
			"sum":	{
				"start":	97.000097,
				"end":	98.000037,
				"seconds":	0.99993997812271118,
				"bytes":	219807744,
				"bits_per_second":	1758567504.5229607,
				"retransmits":	20011,
				"omitted":	false,
				"sender":	true
			}
		}, {
			"streams":	[{
					"socket":	7,
					"start":	98.000037,
					"end":	99.000392,
					"seconds":	1.0003550052642822,
					"bytes":	242221056,
					"bits_per_second":	1937080774.1278448,
					"retransmits":	18971,
					"snd_cwnd":	38438608,
					"snd_wnd":	106455040,
					"rtt":	63157,
					"rttvar":	354,
					"pmtu":	1500,
					"omitted":	false,
					"sender":	true
				}],
			"sum":	{
				"start":	98.000037,
				"end":	99.000392,
				"seconds":	1.0003550052642822,
				"bytes":	242221056,
				"bits_per_second":	1937080774.1278448,
				"retransmits":	18971,
				"omitted":	false,
				"sender":	true
			}
		}, {
			"streams":	[{
					"socket":	7,
					"start":	99.000392,
					"end":	100.000232,
					"seconds":	0.999840021133423,
					"bytes":	270008320,
					"bits_per_second":	2160412180.2919426,
					"retransmits":	39617,
					"snd_cwnd":	39310304,
					"snd_wnd":	122634240,
					"rtt":	62601,
					"rttvar":	506,
					"pmtu":	1500,
					"omitted":	false,
					"sender":	true
				}],
			"sum":	{
				"start":	99.000392,
				"end":	100.000232,
				"seconds":	0.999840021133423,
				"bytes":	270008320,
				"bits_per_second":	2160412180.2919426,
				"retransmits":	39617,
				"omitted":	false,
				"sender":	true
			}
		}, {
			"streams":	[{
					"socket":	7,
					"start":	100.000232,
					"end":	101.000228,
					"seconds":	0.9999960064888,
					"bytes":	252182528,
					"bits_per_second":	2017468280.7821748,
					"retransmits":	14628,
					"snd_cwnd":	34097504,
					"snd_wnd":	121856000,
					"rtt":	62355,
					"rttvar":	119,
					"pmtu":	1500,
					"omitted":	false,
					"sender":	true
				}],
			"sum":	{
				"start":	100.000232,
				"end":	101.000228,
				"seconds":	0.9999960064888,
				"bytes":	252182528,
				"bits_per_second":	2017468280.7821748,
				"retransmits":	14628,
				"omitted":	false,
				"sender":	true
			}
		}, {
			"streams":	[{
					"socket":	7,
					"start":	101.000228,
					"end":	102.000167,
					"seconds":	0.99993902444839478,
					"bytes":	261226496,
					"bits_per_second":	2089939403.207932,
					"retransmits":	16443,
					"snd_cwnd":	34010624,
					"snd_wnd":	106602496,
					"rtt":	62082,
					"rttvar":	324,
					"pmtu":	1500,
					"omitted":	false,
					"sender":	true
				}],
			"sum":	{
				"start":	101.000228,
				"end":	102.000167,
				"seconds":	0.99993902444839478,
				"bytes":	261226496,
				"bits_per_second":	2089939403.207932,
				"retransmits":	16443,
				"omitted":	false,
				"sender":	true
			}
		}, {
			"streams":	[{
					"socket":	7,
					"start":	102.000167,
					"end":	103.000059,
					"seconds":	0.999891996383667,
					"bytes":	177733632,
					"bits_per_second":	1422022639.5875828,
					"retransmits":	23258,
					"snd_cwnd":	5792,
					"snd_wnd":	108306432,
					"rtt":	62080,
					"rttvar":	361,
					"pmtu":	1500,
					"omitted":	false,
					"sender":	true
				}],
			"sum":	{
				"start":	102.000167,
				"end":	103.000059,
				"seconds":	0.999891996383667,
				"bytes":	177733632,
				"bits_per_second":	1422022639.5875828,
				"retransmits":	23258,
				"omitted":	false,
				"sender":	true
			}
		}, {
			"streams":	[{
					"socket":	7,
					"start":	103.000059,
					"end":	104.001153,
					"seconds":	1.0010939836502075,
					"bytes":	190840832,
					"bits_per_second":	1525058267.19008,
					"retransmits":	17944,
					"snd_cwnd":	33839760,
					"snd_wnd":	116756480,
					"rtt":	65112,
					"rttvar":	2469,
					"pmtu":	1500,
					"omitted":	false,
					"sender":	true
				}],
			"sum":	{
				"start":	103.000059,
				"end":	104.001153,
				"seconds":	1.0010939836502075,
				"bytes":	190840832,
				"bits_per_second":	1525058267.19008,
				"retransmits":	17944,
				"omitted":	false,
				"sender":	true
			}
		}, {
			"streams":	[{
					"socket":	7,
					"start":	104.001153,
					"end":	105.000096,
					"seconds":	0.99894297122955322,
					"bytes":	243138560,
					"bits_per_second":	1947166691.2134683,
					"retransmits":	20135,
					"snd_cwnd":	43222800,
					"snd_wnd":	106749952,
					"rtt":	62380,
					"rttvar":	386,
					"pmtu":	1500,
					"omitted":	false,
					"sender":	true
				}],
			"sum":	{
				"start":	104.001153,
				"end":	105.000096,
				"seconds":	0.99894297122955322,
				"bytes":	243138560,
				"bits_per_second":	1947166691.2134683,
				"retransmits":	20135,
				"omitted":	false,
				"sender":	true
			}
		}, {
			"streams":	[{
					"socket":	7,
					"start":	105.000096,
					"end":	106.000152,
					"seconds":	1.0000560283660889,
					"bytes":	313786368,
					"bits_per_second":	2510150304.3798079,
					"retransmits":	22434,
					"snd_cwnd":	24695640,
					"snd_wnd":	140312576,
					"rtt":	62380,
					"rttvar":	201,
					"pmtu":	1500,
					"omitted":	false,
					"sender":	true
				}],
			"sum":	{
				"start":	105.000096,
				"end":	106.000152,
				"seconds":	1.0000560283660889,
				"bytes":	313786368,
				"bits_per_second":	2510150304.3798079,
				"retransmits":	22434,
				"omitted":	false,
				"sender":	true
			}
		}, {
			"streams":	[{
					"socket":	7,
					"start":	106.000152,
					"end":	107.001998,
					"seconds":	1.0018459558486938,
					"bytes":	299106304,
					"bits_per_second":	2388441474.4909,
					"retransmits":	26674,
					"snd_cwnd":	53602064,
					"snd_wnd":	120246272,
					"rtt":	62311,
					"rttvar":	181,
					"pmtu":	1500,
					"omitted":	false,
					"sender":	true
				}],
			"sum":	{
				"start":	106.000152,
				"end":	107.001998,
				"seconds":	1.0018459558486938,
				"bytes":	299106304,
				"bits_per_second":	2388441474.4909,
				"retransmits":	26674,
				"omitted":	false,
				"sender":	true
			}
		}, {
			"streams":	[{
					"socket":	7,
					"start":	107.001998,
					"end":	108.000159,
					"seconds":	0.998161017894745,
					"bytes":	251789312,
					"bits_per_second":	2018025608.982866,
					"retransmits":	50019,
					"snd_cwnd":	53057616,
					"snd_wnd":	91320320,
					"rtt":	62377,
					"rttvar":	200,
					"pmtu":	1500,
					"omitted":	false,
					"sender":	true
				}],
			"sum":	{
				"start":	107.001998,
				"end":	108.000159,
				"seconds":	0.998161017894745,
				"bytes":	251789312,
				"bits_per_second":	2018025608.982866,
				"retransmits":	50019,
				"omitted":	false,
				"sender":	true
			}
		}, {
			"streams":	[{
					"socket":	7,
					"start":	108.000159,
					"end":	109.000086,
					"seconds":	0.99992698431015,
					"bytes":	379322368,
					"bits_per_second":	3034800532.0544047,
					"retransmits":	40400,
					"snd_cwnd":	51189696,
					"snd_wnd":	92508160,
					"rtt":	62600,
					"rttvar":	308,
					"pmtu":	1500,
					"omitted":	false,
					"sender":	true
				}],
			"sum":	{
				"start":	108.000159,
				"end":	109.000086,
				"seconds":	0.99992698431015,
				"bytes":	379322368,
				"bits_per_second":	3034800532.0544047,
				"retransmits":	40400,
				"omitted":	false,
				"sender":	true
			}
		}, {
			"streams":	[{
					"socket":	7,
					"start":	109.000086,
					"end":	110.000063,
					"seconds":	0.9999769926071167,
					"bytes":	275906560,
					"bits_per_second":	2207303264.2934141,
					"retransmits":	22849,
					"snd_cwnd":	54963184,
					"snd_wnd":	122564608,
					"rtt":	62195,
					"rttvar":	400,
					"pmtu":	1500,
					"omitted":	false,
					"sender":	true
				}],
			"sum":	{
				"start":	109.000086,
				"end":	110.000063,
				"seconds":	0.9999769926071167,
				"bytes":	275906560,
				"bits_per_second":	2207303264.2934141,
				"retransmits":	22849,
				"omitted":	false,
				"sender":	true
			}
		}, {
			"streams":	[{
					"socket":	7,
					"start":	110.000063,
					"end":	111.000409,
					"seconds":	1.0003459453582764,
					"bytes":	332529664,
					"bits_per_second":	2659317333.5122876,
					"retransmits":	31959,
					"snd_cwnd":	51664640,
					"snd_wnd":	125788160,
					"rtt":	62565,
					"rttvar":	262,
					"pmtu":	1500,
					"omitted":	false,
					"sender":	true
				}],
			"sum":	{
				"start":	110.000063,
				"end":	111.000409,
				"seconds":	1.0003459453582764,
				"bytes":	332529664,
				"bits_per_second":	2659317333.5122876,
				"retransmits":	31959,
				"omitted":	false,
				"sender":	true
			}
		}, {
			"streams":	[{
					"socket":	7,
					"start":	111.000409,
					"end":	112.001055,
					"seconds":	1.0006459951400757,
					"bytes":	364904448,
					"bits_per_second":	2917350989.4389277,
					"retransmits":	32220,
					"snd_cwnd":	59420128,
					"snd_wnd":	115773440,
					"rtt":	62162,
					"rttvar":	76,
					"pmtu":	1500,
					"omitted":	false,
					"sender":	true
				}],
			"sum":	{
				"start":	111.000409,
				"end":	112.001055,
				"seconds":	1.0006459951400757,
				"bytes":	364904448,
				"bits_per_second":	2917350989.4389277,
				"retransmits":	32220,
				"omitted":	false,
				"sender":	true
			}
		}, {
			"streams":	[{
					"socket":	7,
					"start":	112.001055,
					"end":	113.000089,
					"seconds":	0.99903398752212524,
					"bytes":	272498688,
					"bits_per_second":	2182097437.3524208,
					"retransmits":	39934,
					"snd_cwnd":	42070192,
					"snd_wnd":	128036864,
					"rtt":	61546,
					"rttvar":	231,
					"pmtu":	1500,
					"omitted":	false,
					"sender":	true
				}],
			"sum":	{
				"start":	112.001055,
				"end":	113.000089,
				"seconds":	0.99903398752212524,
				"bytes":	272498688,
				"bits_per_second":	2182097437.3524208,
				"retransmits":	39934,
				"omitted":	false,
				"sender":	true
			}
		}, {
			"streams":	[{
					"socket":	7,
					"start":	113.000089,
					"end":	114.000118,
					"seconds":	1.0000289678573608,
					"bytes":	164626432,
					"bits_per_second":	1316973306.1051207,
					"retransmits":	21792,
					"snd_cwnd":	41456240,
					"snd_wnd":	120061952,
					"rtt":	62131,
					"rttvar":	207,
					"pmtu":	1500,
					"omitted":	false,
					"sender":	true
				}],
			"sum":	{
				"start":	113.000089,
				"end":	114.000118,
				"seconds":	1.0000289678573608,
				"bytes":	164626432,
				"bits_per_second":	1316973306.1051207,
				"retransmits":	21792,
				"omitted":	false,
				"sender":	true
			}
		}, {
			"streams":	[{
					"socket":	7,
					"start":	114.000118,
					"end":	115.000195,
					"seconds":	1.00007700920105,
					"bytes":	358088704,
					"bits_per_second":	2864489039.9876146,
					"retransmits":	24317,
					"snd_cwnd":	18192672,
					"snd_wnd":	135663616,
					"rtt":	62899,
					"rttvar":	341,
					"pmtu":	1500,
					"omitted":	false,
					"sender":	true
				}],
			"sum":	{
				"start":	114.000118,
				"end":	115.000195,
				"seconds":	1.00007700920105,
				"bytes":	358088704,
				"bits_per_second":	2864489039.9876146,
				"retransmits":	24317,
				"omitted":	false,
				"sender":	true
			}
		}, {
			"streams":	[{
					"socket":	7,
					"start":	115.000195,
					"end":	116.000075,
					"seconds":	0.999880015850067,
					"bytes":	209059840,
					"bits_per_second":	1672679415.0177212,
					"retransmits":	22826,
					"snd_cwnd":	40558480,
					"snd_wnd":	123273216,
					"rtt":	62350,
					"rttvar":	354,
					"pmtu":	1500,
					"omitted":	false,
					"sender":	true
				}],
			"sum":	{
				"start":	115.000195,
				"end":	116.000075,
				"seconds":	0.999880015850067,
				"bytes":	209059840,
				"bits_per_second":	1672679415.0177212,
				"retransmits":	22826,
				"omitted":	false,
				"sender":	true
			}
		}, {
			"streams":	[{
					"socket":	7,
					"start":	116.000075,
					"end":	117.000058,
					"seconds":	0.999983012676239,
					"bytes":	289013760,
					"bits_per_second":	2312149357.2297149,
					"retransmits":	30846,
					"snd_cwnd":	47019456,
					"snd_wnd":	96989184,
					"rtt":	61808,
					"rttvar":	430,
					"pmtu":	1500,
					"omitted":	false,
					"sender":	true
				}],
			"sum":	{
				"start":	116.000075,
				"end":	117.000058,
				"seconds":	0.999983012676239,
				"bytes":	289013760,
				"bits_per_second":	2312149357.2297149,
				"retransmits":	30846,
				"omitted":	false,
				"sender":	true
			}
		}, {
			"streams":	[{
					"socket":	7,
					"start":	117.000058,
					"end":	118.000394,
					"seconds":	1.0003360509872437,
					"bytes":	323616768,
					"bits_per_second":	2588064422.3958039,
					"retransmits":	28688,
					"snd_cwnd":	53046032,
					"snd_wnd":	129994752,
					"rtt":	62106,
					"rttvar":	374,
					"pmtu":	1500,
					"omitted":	false,
					"sender":	true
				}],
			"sum":	{
				"start":	117.000058,
				"end":	118.000394,
				"seconds":	1.0003360509872437,
				"bytes":	323616768,
				"bits_per_second":	2588064422.3958039,
				"retransmits":	28688,
				"omitted":	false,
				"sender":	true
			}
		}, {
			"streams":	[{
					"socket":	7,
					"start":	118.000394,
					"end":	119.000601,
					"seconds":	1.00020694732666,
					"bytes":	259129344,
					"bits_per_second":	2072605831.7638962,
					"retransmits":	41527,
					"snd_cwnd":	49295712,
					"snd_wnd":	121405440,
					"rtt":	62523,
					"rttvar":	376,
					"pmtu":	1500,
					"omitted":	false,
					"sender":	true
				}],
			"sum":	{
				"start":	118.000394,
				"end":	119.000601,
				"seconds":	1.00020694732666,
				"bytes":	259129344,
				"bits_per_second":	2072605831.7638962,
				"retransmits":	41527,
				"omitted":	false,
				"sender":	true
			}
		}, {
			"streams":	[{
					"socket":	7,
					"start":	119.000601,
					"end":	120.001777,
					"seconds":	1.0011759996414185,
					"bytes":	251658240,
					"bits_per_second":	2010901101.0262651,
					"retransmits":	30288,
					"snd_cwnd":	45748112,
					"snd_wnd":	126222336,
					"rtt":	62748,
					"rttvar":	382,
					"pmtu":	1500,
					"omitted":	false,
					"sender":	true
				}],
			"sum":	{
				"start":	119.000601,
				"end":	120.001777,
				"seconds":	1.0011759996414185,
				"bytes":	251658240,
				"bits_per_second":	2010901101.0262651,
				"retransmits":	30288,
				"omitted":	false,
				"sender":	true
			}
		}],
	"end":	{
		"streams":	[{
				"sender":	{
					"socket":	7,
					"start":	0,
					"end":	120.001777,
					"seconds":	120.001777,
					"bytes":	38221512704,
					"bits_per_second":	2548063114.3653812,
					"retransmits":	3928742,
					"max_snd_cwnd":	124306456,
					"max_snd_wnd":	141410304,
					"max_rtt":	67653,
					"min_rtt":	61257,
					"mean_rtt":	62323,
					"sender":	true
				},
				"receiver":	{
					"socket":	7,
					"start":	0,
					"end":	120.064717,
					"seconds":	120.001777,
					"bytes":	38110756864,
					"bits_per_second":	2539347632.9269986,
					"sender":	true
				}
			}],
		"sum_sent":	{
			"start":	0,
			"end":	120.001777,
			"seconds":	120.001777,
			"bytes":	38221512704,
			"bits_per_second":	2548063114.3653812,
			"retransmits":	3928742,
			"sender":	true
		},
		"sum_received":	{
			"start":	0,
			"end":	120.064717,
			"seconds":	120.064717,
			"bytes":	38110756864,
			"bits_per_second":	2539347632.9269986,
			"sender":	true
		},
		"cpu_utilization_percent":	{
			"host_total":	12.106058410325303,
			"host_user":	0.07820627798514064,
			"host_system":	12.027852132340163,
			"remote_total":	17.98727078354856,
			"remote_user":	0.10248471376711904,
			"remote_system":	17.884787735549494
		},
		"sender_tcp_congestion":	"bbr",
		"receiver_tcp_congestion":	"cubic"
	}
}
