{
	"start":	{
		"connected":	[{
				"socket":	7,
				"local_host":	"172.16.0.4",
				"local_port":	41022,
				"remote_host":	"172.17.0.4",
				"remote_port":	5201
			}],
		"version":	"iperf 3.16",
		"system_info":	"Linux h1 6.8.0-63-generic #66-Ubuntu SMP PREEMPT_DYNAMIC Fri Jun 13 20:25:30 UTC 2025 x86_64",
		"timestamp":	{
			"time":	"Sat, 31 Jan 2026 21:28:42 GMT",
			"timesecs":	1769894922
		},
		"connecting_to":	{
			"host":	"172.17.0.4",
			"port":	5201
		},
		"cookie":	"e5avjanuw242gatnjzlifo3utytk5ptr77ah",
		"tcp_mss_default":	1448,
		"target_bitrate":	0,
		"fq_rate":	0,
		"sock_bufsize":	0,
		"sndbuf_actual":	1000000,
		"rcvbuf_actual":	1000000,
		"test_start":	{
			"protocol":	"TCP",
			"num_streams":	1,
			"blksize":	131072,
			"omit":	0,
			"duration":	120,
			"bytes":	0,
			"blocks":	0,
			"reverse":	0,
			"tos":	0,
			"target_bitrate":	0,
			"bidir":	0,
			"fqrate":	0
		}
	},
	"intervals":	[{
			"streams":	[{
					"socket":	7,
					"start":	0,
					"end":	1.000131,
					"seconds":	1.0001310110092163,
					"bytes":	5636096,
					"bits_per_second":	45082861.648797035,
					"retransmits":	269,
					"snd_cwnd":	2331280,
					"snd_wnd":	6787072,
					"rtt":	57284,
					"rttvar":	64,
					"pmtu":	1500,
					"omitted":	false,
					"sender":	true
				}],
			"sum":	{
				"start":	0,
				"end":	1.000131,
				"seconds":	1.0001310110092163,
				"bytes":	5636096,
				"bits_per_second":	45082861.648797035,
				"retransmits":	269,
				"omitted":	false,
				"sender":	true
			}
		}, {
			"streams":	[{
					"socket":	7,
					"start":	1.000131,
					"end":	2.000102,
					"seconds":	0.99997097253799438,
					"bytes":	5898240,
					"bits_per_second":	47187289.7272597,
					"retransmits":	755,
					"snd_cwnd":	1138128,
					"snd_wnd":	6561792,
					"rtt":	58766,
					"rttvar":	353,
					"pmtu":	1500,
					"omitted":	false,
					"sender":	true
				}],
			"sum":	{
				"start":	1.000131,
				"end":	2.000102,
				"seconds":	0.99997097253799438,
				"bytes":	5898240,
				"bits_per_second":	47187289.7272597,
				"retransmits":	755,
				"omitted":	false,
				"sender":	true
			}
		}, {
			"streams":	[{
					"socket":	7,
					"start":	2.000102,
					"end":	3.000114,
					"seconds":	1.0000120401382446,
					"bytes":	6553600,
					"bits_per_second":	52428168.757600248,
					"retransmits":	377,
					"snd_cwnd":	906448,
					"snd_wnd":	6512640,
					"rtt":	58941,
					"rttvar":	838,
					"pmtu":	1500,
					"omitted":	false,
					"sender":	true
				}],
			"sum":	{
				"start":	2.000102,
				"end":	3.000114,
				"seconds":	1.0000120401382446,
				"bytes":	6553600,
				"bits_per_second":	52428168.757600248,
				"retransmits":	377,
				"omitted":	false,
				"sender":	true
			}
		}, {
			"streams":	[{
					"socket":	7,
					"start":	3.000114,
					"end":	4.000165,
					"seconds":	1.0000510215759277,
					"bytes":	6684672,
					"bits_per_second":	53474647.63920527,
					"retransmits":	521,
					"snd_cwnd":	1132336,
					"snd_wnd":	6483968,
					"rtt":	58468,
					"rttvar":	66,
					"pmtu":	1500,
					"omitted":	false,
					"sender":	true
				}],
			"sum":	{
				"start":	3.000114,
				"end":	4.000165,
				"seconds":	1.0000510215759277,
				"bytes":	6684672,
				"bits_per_second":	53474647.63920527,
				"retransmits":	521,
				"omitted":	false,
				"sender":	true
			}
		}, {
			"streams":	[{
					"socket":	7,
					"start":	4.000165,
					"end":	5.000094,
					"seconds":	0.99992901086807251,
					"bytes":	7340032,
					"bits_per_second":	58724424.7959392,
					"retransmits":	417,
					"snd_cwnd":	1865024,
					"snd_wnd":	6778880,
					"rtt":	57666,
					"rttvar":	348,
					"pmtu":	1500,
					"omitted":	false,
					"sender":	true
				}],
			"sum":	{
				"start":	4.000165,
				"end":	5.000094,
				"seconds":	0.99992901086807251,
				"bytes":	7340032,
				"bits_per_second":	58724424.7959392,
				"retransmits":	417,
				"omitted":	false,
				"sender":	true
			}
		}, {
			"streams":	[{
					"socket":	7,
					"start":	5.000094,
					"end":	6.000126,
					"seconds":	1.0000319480895996,
					"bytes":	7077888,
					"bits_per_second":	56621295.057792246,
					"retransmits":	375,
					"snd_cwnd":	916584,
					"snd_wnd":	6524928,
					"rtt":	57933,
					"rttvar":	944,
					"pmtu":	1500,
					"omitted":	false,
					"sender":	true
				}],
			"sum":	{
				"start":	5.000094,
				"end":	6.000126,
				"seconds":	1.0000319480895996,
				"bytes":	7077888,
				"bits_per_second":	56621295.057792246,
				"retransmits":	375,
				"omitted":	false,
				"sender":	true
			}
		}, {
			"streams":	[{
					"socket":	7,
					"start":	6.000126,
					"end":	7.000605,
					"seconds":	1.000478982925415,
					"bytes":	6946816,
					"bits_per_second":	55547921.494062051,
					"retransmits":	559,
					"snd_cwnd":	553136,
					"snd_wnd":	6782976,
					"rtt":	59238,
					"rttvar":	386,
					"pmtu":	1500,
					"omitted":	false,
					"sender":	true
				}],
			"sum":	{
				"start":	6.000126,
				"end":	7.000605,
				"seconds":	1.000478982925415,
				"bytes":	6946816,
				"bits_per_second":	55547921.494062051,
				"retransmits":	559,
				"omitted":	false,
				"sender":	true
			}
		}, {
			"streams":	[{
					"socket":	7,
					"start":	7.000605,
					"end":	8.000151,
					"seconds":	0.999545991420746,
					"bytes":	6029312,
					"bits_per_second":	48256404.821793057,
					"retransmits":	367,
					"snd_cwnd":	867352,
					"snd_wnd":	6471680,
					"rtt":	58814,
					"rttvar":	372,
					"pmtu":	1500,
					"omitted":	false,
					"sender":	true
				}],
			"sum":	{
				"start":	7.000605,
				"end":	8.000151,
				"seconds":	0.999545991420746,
				"bytes":	6029312,
				"bits_per_second":	48256404.821793057,
				"retransmits":	367,
				"omitted":	false,
				"sender":	true
			}
		}, {
			"streams":	[{
					"socket":	7,
					"start":	8.000151,
					"end":	9.000135,
					"seconds":	0.9999840259552002,
					"bytes":	7471104,
					"bits_per_second":	59769786.765251465,
					"retransmits":	337,
					"snd_cwnd":	883280,
					"snd_wnd":	6729728,
					"rtt":	58557,
					"rttvar":	290,
					"pmtu":	1500,
					"omitted":	false,
					"sender":	true
				}],
			"sum":	{
				"start":	8.000151,
				"end":	9.000135,
				"seconds":	0.9999840259552002,
				"bytes":	7471104,
				"bits_per_second":	59769786.765251465,
				"retransmits":	337,
				"omitted":	false,
				"sender":	true
			}
		}, {
			"streams":	[{
					"socket":	7,
					"start":	9.000135,
					"end":	10.000161,
					"seconds":	1.0000259876251221,
					"bytes":	5111808,
					"bits_per_second":	40893401.277617633,
					"retransmits":	591,
					"snd_cwnd":	635672,
					"snd_wnd":	6791168,
					"rtt":	58362,
					"rttvar":	74,
					"pmtu":	1500,
					"omitted":	false,
					"sender":	true
				}],
			"sum":	{
				"start":	9.000135,
				"end":	10.000161,
				"seconds":	1.0000259876251221,
				"bytes":	5111808,
				"bits_per_second":	40893401.277617633,
				"retransmits":	591,
				"omitted":	false,
				"sender":	true
			}
		}, {
			"streams":	[{
					"socket":	7,
					"start":	10.000161,
					"end":	11.001099,
					"seconds":	1.0009380578994751,
					"bytes":	5373952,
					"bits_per_second":	42951325.170131236,
					"retransmits":	282,
					"snd_cwnd":	1436416,
					"snd_wnd":	6791168,
					"rtt":	57284,
					"rttvar":	42,
					"pmtu":	1500,
					"omitted":	false,
					"sender":	true
				}],
			"sum":	{
				"start":	10.000161,
				"end":	11.001099,
				"seconds":	1.0009380578994751,
				"bytes":	5373952,
				"bits_per_second":	42951325.170131236,
				"retransmits":	282,
				"omitted":	false,
				"sender":	true
			}
		}, {
			"streams":	[{
					"socket":	7,
					"start":	11.001099,
					"end":	12.001094,
					"seconds":	0.999994993209839,
					"bytes":	7995392,
					"bits_per_second":	63963456.251603432,
					"retransmits":	276,
					"snd_cwnd":	556032,
					"snd_wnd":	6791168,
					"rtt":	59122,
					"rttvar":	94,
					"pmtu":	1500,
					"omitted":	false,
					"sender":	true
				}],
			"sum":	{
				"start":	11.001099,
				"end":	12.001094,
				"seconds":	0.999994993209839,
				"bytes":	7995392,
				"bits_per_second":	63963456.251603432,
				"retransmits":	276,
				"omitted":	false,
				"sender":	true
			}
		}, {
			"streams":	[{
					"socket":	7,
					"start":	12.001094,
					"end":	13.000111,
					"seconds":	0.99901700019836426,
					"bytes":	6422528,
					"bits_per_second":	51430780.446977347,
					"retransmits":	590,
					"snd_cwnd":	632776,
					"snd_wnd":	6791168,
					"rtt":	57810,
					"rttvar":	313,
					"pmtu":	1500,
					"omitted":	false,
					"sender":	true
				}],
			"sum":	{
				"start":	12.001094,
				"end":	13.000111,
				"seconds":	0.99901700019836426,
				"bytes":	6422528,
				"bits_per_second":	51430780.446977347,
				"retransmits":	590,
				"omitted":	false,
				"sender":	true
			}
		}, {
			"streams":	[{
					"socket":	7,
					"start":	13.000111,
					"end":	14.001052,
					"seconds":	1.0009410381317139,
					"bytes":	5242880,
					"bits_per_second":	41903607.107855149,
					"retransmits":	817,
					"snd_cwnd":	907896,
					"snd_wnd":	6254592,
					"rtt":	58477,
					"rttvar":	491,
					"pmtu":	1500,
					"omitted":	false,
					"sender":	true
				}],
			"sum":	{
				"start":	13.000111,
				"end":	14.001052,
				"seconds":	1.0009410381317139,
				"bytes":	5242880,
				"bits_per_second":	41903607.107855149,
				"retransmits":	817,
				"omitted":	false,
				"sender":	true
			}
		}, {
			"streams":	[{
					"socket":	7,
					"start":	14.001052,
					"end":	15.000121,
					"seconds":	0.9990689754486084,
					"bytes":	3014656,
					"bits_per_second":	24139722.674473718,
					"retransmits":	554,
					"snd_cwnd":	634224,
					"snd_wnd":	6713344,
					"rtt":	58821,
					"rttvar":	210,
					"pmtu":	1500,
					"omitted":	false,
					"sender":	true
				}],
			"sum":	{
				"start":	14.001052,
				"end":	15.000121,
				"seconds":	0.9990689754486084,
				"bytes":	3014656,
				"bits_per_second":	24139722.674473718,
				"retransmits":	554,
				"omitted":	false,
				"sender":	true
			}
		}, {
			"streams":	[{
					"socket":	7,
					"start":	15.000121,
					"end":	16.000109,
					"seconds":	0.9999880194664,
					"bytes":	4456448,
					"bits_per_second":	35652011.130117245,
					"retransmits":	444,
					"snd_cwnd":	637120,
					"snd_wnd":	6619136,
					"rtt":	58616,
					"rttvar":	396,
					"pmtu":	1500,
					"omitted":	false,
					"sender":	true
				}],
			"sum":	{
				"start":	15.000121,
				"end":	16.000109,
				"seconds":	0.9999880194664,
				"bytes":	4456448,
				"bits_per_second":	35652011.130117245,
				"retransmits":	444,
				"omitted":	false,
				"sender":	true
			}
		}, {
			"streams":	[{
					"socket":	7,
					"start":	16.000109,
					"end":	17.001053,
					"seconds":	1.0009440183639526,
					"bytes":	4456448,
					"bits_per_second":	35617959.991681322,
					"retransmits":	336,
					"snd_cwnd":	634224,
					"snd_wnd":	6656000,
					"rtt":	58586,
					"rttvar":	360,
					"pmtu":	1500,
					"omitted":	false,
					"sender":	true
				}],
			"sum":	{
				"start":	16.000109,
				"end":	17.001053,
				"seconds":	1.0009440183639526,
				"bytes":	4456448,
				"bits_per_second":	35617959.991681322,
				"retransmits":	336,
				"omitted":	false,
				"sender":	true
			}
		}, {
			"streams":	[{
					"socket":	7,
					"start":	17.001053,
					"end":	18.000198,
					"seconds":	0.999144971370697,
					"bytes":	4456448,
					"bits_per_second":	35682093.211249076,
					"retransmits":	362,
					"snd_cwnd":	683456,
					"snd_wnd":	6631424,
					"rtt":	59044,
					"rttvar":	226,
					"pmtu":	1500,
					"omitted":	false,
					"sender":	true
				}],
			"sum":	{
				"start":	17.001053,
				"end":	18.000198,
				"seconds":	0.999144971370697,
				"bytes":	4456448,
				"bits_per_second":	35682093.211249076,
				"retransmits":	362,
				"omitted":	false,
				"sender":	true
			}
		}, {
			"streams":	[{
					"socket":	7,
					"start":	18.000198,
					"end":	19.000106,
					"seconds":	0.9999079704284668,
					"bytes":	4063232,
					"bits_per_second":	32508847.7753318,
					"retransmits":	617,
					"snd_cwnd":	696488,
					"snd_wnd":	6709248,
					"rtt":	59278,
					"rttvar":	144,
					"pmtu":	1500,
					"omitted":	false,
					"sender":	true
				}],
			"sum":	{
				"start":	18.000198,
				"end":	19.000106,
				"seconds":	0.9999079704284668,
				"bytes":	4063232,
				"bits_per_second":	32508847.7753318,
				"retransmits":	617,
				"omitted":	false,
				"sender":	true
			}
		}, {
			"streams":	[{
					"socket":	7,
					"start":	19.000106,
					"end":	20.00017,
					"seconds":	1.0000640153884888,
					"bytes":	3670016,
					"bits_per_second":	29358248.620309222,
					"retransmits":	435,
					"snd_cwnd":	556032,
					"snd_wnd":	6672384,
					"rtt":	58524,
					"rttvar":	111,
					"pmtu":	1500,
					"omitted":	false,
					"sender":	true
				}],
			"sum":	{
				"start":	19.000106,
				"end":	20.00017,
				"seconds":	1.0000640153884888,
				"bytes":	3670016,
				"bits_per_second":	29358248.620309222,
				"retransmits":	435,
				"omitted":	false,
				"sender":	true
			}
		}, {
			"streams":	[{
					"socket":	7,
					"start":	20.00017,
					"end":	21.000249,
					"seconds":	1.0000790357589722,
					"bytes":	3014656,
					"bits_per_second":	24115342.02564013,
					"retransmits":	220,
					"snd_cwnd":	534312,
					"snd_wnd":	6709248,
					"rtt":	58693,
					"rttvar":	344,
					"pmtu":	1500,
					"omitted":	false,
					"sender":	true
				}],
			"sum":	{
				"start":	20.00017,
				"end":	21.000249,
				"seconds":	1.0000790357589722,
				"bytes":	3014656,
				"bits_per_second":	24115342.02564013,
				"retransmits":	220,
				"omitted":	false,
				"sender":	true
			}
		}, {
			"streams":	[{
					"socket":	7,
					"start":	21.000249,
					"end":	22.000176,
					"seconds":	0.99992698431015,
					"bytes":	3801088,
					"bits_per_second":	30410924.474629488,
					"retransmits":	428,
					"snd_cwnd":	556032,
					"snd_wnd":	6709248,
					"rtt":	58422,
					"rttvar":	92,
					"pmtu":	1500,
					"omitted":	false,
					"sender":	true
				}],
			"sum":	{
				"start":	21.000249,
				"end":	22.000176,
				"seconds":	0.99992698431015,
				"bytes":	3801088,
				"bits_per_second":	30410924.474629488,
				"retransmits":	428,
				"omitted":	false,
				"sender":	true
			}
		}, {
			"streams":	[{
					"socket":	7,
					"start":	22.000176,
					"end":	23.000379,
					"seconds":	1.000203013420105,
					"bytes":	4063232,
					"bits_per_second":	32499258.214439012,
					"retransmits":	318,
					"snd_cwnd":	278016,
					"snd_wnd":	6787072,
					"rtt":	58555,
					"rttvar":	155,
					"pmtu":	1500,
					"omitted":	false,
					"sender":	true
				}],
			"sum":	{
				"start":	22.000176,
				"end":	23.000379,
				"seconds":	1.000203013420105,
				"bytes":	4063232,
				"bits_per_second":	32499258.214439012,
				"retransmits":	318,
				"omitted":	false,
				"sender":	true
			}
		}, {
			"streams":	[{
					"socket":	7,
					"start":	23.000379,
					"end":	24.000353,
					"seconds":	0.999974012374878,
					"bytes":	4063232,
					"bits_per_second":	32506700.771953616,
					"retransmits":	387,
					"snd_cwnd":	347520,
					"snd_wnd":	6701056,
					"rtt":	57999,
					"rttvar":	241,
					"pmtu":	1500,
					"omitted":	false,
					"sender":	true
				}],
			"sum":	{
				"start":	23.000379,
				"end":	24.000353,
				"seconds":	0.999974012374878,
				"bytes":	4063232,
				"bits_per_second":	32506700.771953616,
				"retransmits":	387,
				"omitted":	false,
				"sender":	true
			}
		}, {
			"streams":	[{
					"socket":	7,
					"start":	24.000353,
					"end":	25.000184,
					"seconds":	0.99983102083206177,
					"bytes":	4718592,
					"bits_per_second":	37755115.828058034,
					"retransmits":	327,
					"snd_cwnd":	689248,
					"snd_wnd":	6594560,
					"rtt":	58082,
					"rttvar":	385,
					"pmtu":	1500,
					"omitted":	false,
					"sender":	true
				}],
			"sum":	{
				"start":	24.000353,
				"end":	25.000184,
				"seconds":	0.99983102083206177,
				"bytes":	4718592,
				"bits_per_second":	37755115.828058034,
				"retransmits":	327,
				"omitted":	false,
				"sender":	true
			}
		}, {
			"streams":	[{
					"socket":	7,
					"start":	25.000184,
					"end":	26.000243,
					"seconds":	1.0000590085983276,
					"bytes":	3932160,
					"bits_per_second":	31455423.859528247,
					"retransmits":	378,
					"snd_cwnd":	456120,
					"snd_wnd":	6787072,
					"rtt":	59320,
					"rttvar":	387,
					"pmtu":	1500,
					"omitted":	false,
					"sender":	true
				}],
			"sum":	{
				"start":	25.000184,
				"end":	26.000243,
				"seconds":	1.0000590085983276,
				"bytes":	3932160,
				"bits_per_second":	31455423.859528247,
				"retransmits":	378,
				"omitted":	false,
				"sender":	true
			}
		}, {
			"streams":	[{
					"socket":	7,
					"start":	26.000243,
					"end":	27.00006,
					"seconds":	0.99981701374053955,
					"bytes":	5767168,
					"bits_per_second":	46145788.045144238,
					"retransmits":	239,
					"snd_cwnd":	487976,
					"snd_wnd":	6623232,
					"rtt":	58675,
					"rttvar":	253,
					"pmtu":	1500,
					"omitted":	false,
					"sender":	true
				}],
			"sum":	{
				"start":	26.000243,
				"end":	27.00006,
				"seconds":	0.99981701374053955,
				"bytes":	5767168,
				"bits_per_second":	46145788.045144238,
				"retransmits":	239,
				"omitted":	false,
				"sender":	true
			}
		}, {
			"streams":	[{
					"socket":	7,
					"start":	27.00006,
					"end":	28.000092,
					"seconds":	1.0000319480895996,
					"bytes":	5111808,
					"bits_per_second":	40893157.541738845,
					"retransmits":	569,
					"snd_cwnd":	958576,
					"snd_wnd":	6672384,
					"rtt":	58496,
					"rttvar":	288,
					"pmtu":	1500,
					"omitted":	false,
					"sender":	true
				}],
			"sum":	{
				"start":	27.00006,
				"end":	28.000092,
				"seconds":	1.0000319480895996,
				"bytes":	5111808,
				"bits_per_second":	40893157.541738845,
				"retransmits":	569,
				"omitted":	false,
				"sender":	true
			}
		}, {
			"streams":	[{
					"socket":	7,
					"start":	28.000092,
					"end":	29.002101,
					"seconds":	1.0020090341567993,
					"bytes":	3932160,
					"bits_per_second":	31394207.963874914,
					"retransmits":	709,
					"snd_cwnd":	492320,
					"snd_wnd":	6615040,
					"rtt":	58820,
					"rttvar":	221,
					"pmtu":	1500,
					"omitted":	false,
					"sender":	true
				}],
			"sum":	{
				"start":	28.000092,
				"end":	29.002101,
				"seconds":	1.0020090341567993,
				"bytes":	3932160,
				"bits_per_second":	31394207.963874914,
				"retransmits":	709,
				"omitted":	false,
				"sender":	true
			}
		}, {
			"streams":	[{
					"socket":	7,
					"start":	29.002101,
					"end":	30.000162,
					"seconds":	0.99806100130081177,
					"bytes":	3407872,
					"bits_per_second":	27315941.57518138,
					"retransmits":	267,
					"snd_cwnd":	428608,
					"snd_wnd":	6742016,
					"rtt":	58708,
					"rttvar":	397,
					"pmtu":	1500,
					"omitted":	false,
					"sender":	true
				}],
			"sum":	{
				"start":	29.002101,
				"end":	30.000162,
				"seconds":	0.99806100130081177,
				"bytes":	3407872,
				"bits_per_second":	27315941.57518138,
				"retransmits":	267,
				"omitted":	false,
				"sender":	true
			}
		}, {
			"streams":	[{
					"socket":	7,
					"start":	30.000162,
					"end":	31.00017,
					"seconds":	1.0000079870224,
					"bytes":	3145728,
					"bits_per_second":	25165623.00160538,
					"retransmits":	195,
					"snd_cwnd":	5792,
					"snd_wnd":	6701056,
					"rtt":	58388,
					"rttvar":	228,
					"pmtu":	1500,
					"omitted":	false,
					"sender":	true
				}],
			"sum":	{
				"start":	30.000162,
				"end":	31.00017,
				"seconds":	1.0000079870224,
				"bytes":	3145728,
				"bits_per_second":	25165623.00160538,
				"retransmits":	195,
				"omitted":	false,
				"sender":	true
			}
		}, {
			"streams":	[{
					"socket":	7,
					"start":	31.00017,
					"end":	32.000574,
					"seconds":	1.0004040002822876,
					"bytes":	1703936,
					"bits_per_second":	13625983.098981565,
					"retransmits":	214,
					"snd_cwnd":	398200,
					"snd_wnd":	6664192,
					"rtt":	58895,
					"rttvar":	344,
					"pmtu":	1500,
					"omitted":	false,
					"sender":	true
				}],
			"sum":	{
				"start":	31.00017,
				"end":	32.000574,
				"seconds":	1.0004040002822876,
				"bytes":	1703936,
				"bits_per_second":	13625983.098981565,
				"retransmits":	214,
				"omitted":	false,
				"sender":	true
			}
		}, {
			"streams":	[{
					"socket":	7,
					"start":	32.000574,
					"end":	33.000152,
					"seconds":	0.99957799911499023,
					"bytes":	3670016,
					"bits_per_second":	29372523.230798367,
					"retransmits":	254,
					"snd_cwnd":	651600,
					"snd_wnd":	6610944,
					"rtt":	58797,
					"rttvar":	366,
					"pmtu":	1500,
					"omitted":	false,
					"sender":	true
				}],
			"sum":	{
				"start":	32.000574,
				"end":	33.000152,
				"seconds":	0.99957799911499023,
				"bytes":	3670016,
				"bits_per_second":	29372523.230798367,
				"retransmits":	254,
				"omitted":	false,
				"sender":	true
			}
		}, {
			"streams":	[{
					"socket":	7,
					"start":	33.000152,
					"end":	34.000436,
					"seconds":	1.00028395652771,
					"bytes":	4325376,
					"bits_per_second":	34593185.0392938,
					"retransmits":	297,
					"snd_cwnd":	356208,
					"snd_wnd":	6791168,
					"rtt":	58647,
					"rttvar":	233,
					"pmtu":	1500,
					"omitted":	false,
					"sender":	true
				}],
			"sum":	{
				"start":	33.000152,
				"end":	34.000436,
				"seconds":	1.00028395652771,
				"bytes":	4325376,
				"bits_per_second":	34593185.0392938,
				"retransmits":	297,
				"omitted":	false,
				"sender":	true
			}
		}, {
			"streams":	[{
					"socket":	7,
					"start":	34.000436,
					"end":	35.000526,
					"seconds":	1.0000900030136108,
					"bytes":	6160384,
					"bits_per_second":	49278636.7741837,
					"retransmits":	451,
					"snd_cwnd":	1071520,
					"snd_wnd":	6782976,
					"rtt":	57594,
					"rttvar":	573,
					"pmtu":	1500,
					"omitted":	false,
					"sender":	true
				}],
			"sum":	{
				"start":	34.000436,
				"end":	35.000526,
				"seconds":	1.0000900030136108,
				"bytes":	6160384,
				"bits_per_second":	49278636.7741837,
				"retransmits":	451,
				"omitted":	false,
				"sender":	true
			}
		}, {
			"streams":	[{
					"socket":	7,
					"start":	35.000526,
					"end":	36.00017,
					"seconds":	0.99964398145675659,
					"bytes":	4063232,
					"bits_per_second":	32517432.8090587,
					"retransmits":	531,
					"snd_cwnd":	441640,
					"snd_wnd":	6791168,
					"rtt":	60635,
					"rttvar":	3006,
					"pmtu":	1500,
					"omitted":	false,
					"sender":	true
				}],
			"sum":	{
				"start":	35.000526,
				"end":	36.00017,
				"seconds":	0.99964398145675659,
				"bytes":	4063232,
				"bits_per_second":	32517432.8090587,
				"retransmits":	531,
				"omitted":	false,
				"sender":	true
			}
		}, {
			"streams":	[{
					"socket":	7,
					"start":	36.00017,
					"end":	37.001111,
					"seconds":	1.0009410381317139,
					"bytes":	4980736,
					"bits_per_second":	39808426.7524624,
					"retransmits":	355,
					"snd_cwnd":	1038216,
					"snd_wnd":	6725632,
					"rtt":	58645,
					"rttvar":	343,
					"pmtu":	1500,
					"omitted":	false,
					"sender":	true
				}],
			"sum":	{
				"start":	36.00017,
				"end":	37.001111,
				"seconds":	1.0009410381317139,
				"bytes":	4980736,
				"bits_per_second":	39808426.7524624,
				"retransmits":	355,
				"omitted":	false,
				"sender":	true
			}
		}, {
			"streams":	[{
					"socket":	7,
					"start":	37.001111,
					"end":	38.000197,
					"seconds":	0.999086022377014,
					"bytes":	5373952,
					"bits_per_second":	43030945.321119428,
					"retransmits":	484,
					"snd_cwnd":	1083104,
					"snd_wnd":	6295552,
					"rtt":	58965,
					"rttvar":	219,
					"pmtu":	1500,
					"omitted":	false,
					"sender":	true
				}],
			"sum":	{
				"start":	37.001111,
				"end":	38.000197,
				"seconds":	0.999086022377014,
				"bytes":	5373952,
				"bits_per_second":	43030945.321119428,
				"retransmits":	484,
				"omitted":	false,
				"sender":	true
			}
		}, {
			"streams":	[{
					"socket":	7,
					"start":	38.000197,
					"end":	39.001113,
					"seconds":	1.0009160041809082,
					"bytes":	5767168,
					"bits_per_second":	46095120.676740639,
					"retransmits":	417,
					"snd_cwnd":	495216,
					"snd_wnd":	6791168,
					"rtt":	59703,
					"rttvar":	577,
					"pmtu":	1500,
					"omitted":	false,
					"sender":	true
				}],
			"sum":	{
				"start":	38.000197,
				"end":	39.001113,
				"seconds":	1.0009160041809082,
				"bytes":	5767168,
				"bits_per_second":	46095120.676740639,
				"retransmits":	417,
				"omitted":	false,
				"sender":	true
			}
		}, {
			"streams":	[{
					"socket":	7,
					"start":	39.001113,
					"end":	40.001248,
					"seconds":	1.0001349449157715,
					"bytes":	5767168,
					"bits_per_second":	46131118.840053685,
					"retransmits":	628,
					"snd_cwnd":	1013600,
					"snd_wnd":	6443008,
					"rtt":	59128,
					"rttvar":	429,
					"pmtu":	1500,
					"omitted":	false,
					"sender":	true
				}],
			"sum":	{
				"start":	39.001113,
				"end":	40.001248,
				"seconds":	1.0001349449157715,
				"bytes":	5767168,
				"bits_per_second":	46131118.840053685,
				"retransmits":	628,
				"omitted":	false,
				"sender":	true
			}
		}, {
			"streams":	[{
					"socket":	7,
					"start":	40.001248,
					"end":	41.00019,
					"seconds":	0.99894201755523682,
					"bytes":	5373952,
					"bits_per_second":	43037148.547636062,
					"retransmits":	640,
					"snd_cwnd":	781920,
					"snd_wnd":	6713344,
					"rtt":	58680,
					"rttvar":	212,
					"pmtu":	1500,
					"omitted":	false,
					"sender":	true
				}],
			"sum":	{
				"start":	40.001248,
				"end":	41.00019,
				"seconds":	0.99894201755523682,
				"bytes":	5373952,
				"bits_per_second":	43037148.547636062,
				"retransmits":	640,
				"omitted":	false,
				"sender":	true
			}
		}, {
			"streams":	[{
					"socket":	7,
					"start":	41.00019,
					"end":	42.000142,
					"seconds":	0.99995201826095581,
					"bytes":	3276800,
					"bits_per_second":	26215657.872854926,
					"retransmits":	378,
					"snd_cwnd":	709520,
					"snd_wnd":	6516736,
					"rtt":	59095,
					"rttvar":	290,
					"pmtu":	1500,
					"omitted":	false,
					"sender":	true
				}],
			"sum":	{
				"start":	41.00019,
				"end":	42.000142,
				"seconds":	0.99995201826095581,
				"bytes":	3276800,
				"bits_per_second":	26215657.872854926,
				"retransmits":	378,
				"omitted":	false,
				"sender":	true
			}
		}, {
			"streams":	[{
					"socket":	7,
					"start":	42.000142,
					"end":	43.00012,
					"seconds":	0.999978005886078,
					"bytes":	3932160,
					"bits_per_second":	31457971.890217513,
					"retransmits":	521,
					"snd_cwnd":	628432,
					"snd_wnd":	6672384,
					"rtt":	61560,
					"rttvar":	5864,
					"pmtu":	1500,
					"omitted":	false,
					"sender":	true
				}],
			"sum":	{
				"start":	42.000142,
				"end":	43.00012,
				"seconds":	0.999978005886078,
				"bytes":	3932160,
				"bits_per_second":	31457971.890217513,
				"retransmits":	521,
				"omitted":	false,
				"sender":	true
			}
		}, {
			"streams":	[{
					"socket":	7,
					"start":	43.00012,
					"end":	44.001106,
					"seconds":	1.0009859800338745,
					"bytes":	4456448,
					"bits_per_second":	35616466.874784313,
					"retransmits":	514,
					"snd_cwnd":	697936,
					"snd_wnd":	6336512,
					"rtt":	58209,
					"rttvar":	430,
					"pmtu":	1500,
					"omitted":	false,
					"sender":	true
				}],
			"sum":	{
				"start":	43.00012,
				"end":	44.001106,
				"seconds":	1.0009859800338745,
				"bytes":	4456448,
				"bits_per_second":	35616466.874784313,
				"retransmits":	514,
				"omitted":	false,
				"sender":	true
			}
		}, {
			"streams":	[{
					"socket":	7,
					"start":	44.001106,
					"end":	45.001061,
					"seconds":	0.99995499849319458,
					"bytes":	3932160,
					"bits_per_second":	31458695.688708127,
					"retransmits":	367,
					"snd_cwnd":	463360,
					"snd_wnd":	6791168,
					"rtt":	58926,
					"rttvar":	417,
					"pmtu":	1500,
					"omitted":	false,
					"sender":	true
				}],
			"sum":	{
				"start":	44.001106,
				"end":	45.001061,
				"seconds":	0.99995499849319458,
				"bytes":	3932160,
				"bits_per_second":	31458695.688708127,
				"retransmits":	367,
				"omitted":	false,
				"sender":	true
			}
		}, {
			"streams":	[{
					"socket":	7,
					"start":	45.001061,
					"end":	46.000107,
					"seconds":	0.99904602766037,
					"bytes":	6029312,
					"bits_per_second":	48280554.313356951,
					"retransmits":	693,
					"snd_cwnd":	692144,
					"snd_wnd":	6443008,
					"rtt":	59190,
					"rttvar":	734,
					"pmtu":	1500,
					"omitted":	false,
					"sender":	true
				}],
			"sum":	{
				"start":	45.001061,
				"end":	46.000107,
				"seconds":	0.99904602766037,
				"bytes":	6029312,
				"bits_per_second":	48280554.313356951,
				"retransmits":	693,
				"omitted":	false,
				"sender":	true
			}
		}, {
			"streams":	[{
					"socket":	7,
					"start":	46.000107,
					"end":	47.00126,
					"seconds":	1.0011529922485352,
					"bytes":	4718592,
					"bits_per_second":	37705262.125040844,
					"retransmits":	607,
					"snd_cwnd":	761648,
					"snd_wnd":	6557696,
					"rtt":	58783,
					"rttvar":	493,
					"pmtu":	1500,
					"omitted":	false,
					"sender":	true
				}],
			"sum":	{
				"start":	46.000107,
				"end":	47.00126,
				"seconds":	1.0011529922485352,
				"bytes":	4718592,
				"bits_per_second":	37705262.125040844,
				"retransmits":	607,
				"omitted":	false,
				"sender":	true
			}
		}, {
			"streams":	[{
					"socket":	7,
					"start":	47.00126,
					"end":	48.000154,
					"seconds":	0.998893976211548,
					"bytes":	6422528,
					"bits_per_second":	51437114.672437057,
					"retransmits":	376,
					"snd_cwnd":	1282928,
					"snd_wnd":	6791168,
					"rtt":	57538,
					"rttvar":	263,
					"pmtu":	1500,
					"omitted":	false,
					"sender":	true
				}],
			"sum":	{
				"start":	47.00126,
				"end":	48.000154,
				"seconds":	0.998893976211548,
				"bytes":	6422528,
				"bits_per_second":	51437114.672437057,
				"retransmits":	376,
				"omitted":	false,
				"sender":	true
			}
		}, {
			"streams":	[{
					"socket":	7,
					"start":	48.000154,
					"end":	49.000139,
					"seconds":	0.9999849796295166,
					"bytes":	6291456,
					"bits_per_second":	50332404.011355571,
					"retransmits":	367,
					"snd_cwnd":	741376,
					"snd_wnd":	6512640,
					"rtt":	58567,
					"rttvar":	1555,
					"pmtu":	1500,
					"omitted":	false,
					"sender":	true
				}],
			"sum":	{
				"start":	48.000154,
				"end":	49.000139,
				"seconds":	0.9999849796295166,
				"bytes":	6291456,
				"bits_per_second":	50332404.011355571,
				"retransmits":	367,
				"omitted":	false,
				"sender":	true
			}
		}, {
			"streams":	[{
					"socket":	7,
					"start":	49.000139,
					"end":	50.001098,
					"seconds":	1.000959038734436,
					"bytes":	6291456,
					"bits_per_second":	50283424.24844566,
					"retransmits":	429,
					"snd_cwnd":	699384,
					"snd_wnd":	6373376,
					"rtt":	58563,
					"rttvar":	566,
					"pmtu":	1500,
					"omitted":	false,
					"sender":	true
				}],
			"sum":	{
				"start":	49.000139,
				"end":	50.001098,
				"seconds":	1.000959038734436,
				"bytes":	6291456,
				"bits_per_second":	50283424.24844566,
				"retransmits":	429,
				"omitted":	false,
				"sender":	true
			}
		}, {
			"streams":	[{
					"socket":	7,
					"start":	50.001098,
					"end":	51.000108,
					"seconds":	0.99901002645492554,
					"bytes":	5242880,
					"bits_per_second":	41984603.646910876,
					"retransmits":	514,
					"snd_cwnd":	1666648,
					"snd_wnd":	6778880,
					"rtt":	57354,
					"rttvar":	58,
					"pmtu":	1500,
					"omitted":	false,
					"sender":	true
				}],
			"sum":	{
				"start":	50.001098,
				"end":	51.000108,
				"seconds":	0.99901002645492554,
				"bytes":	5242880,
				"bits_per_second":	41984603.646910876,
				"retransmits":	514,
				"omitted":	false,
				"sender":	true
			}
		}, {
			"streams":	[{
					"socket":	7,
					"start":	51.000108,
					"end":	52.001052,
					"seconds":	1.0009440183639526,
					"bytes":	4718592,
					"bits_per_second":	37713134.10883905,
					"retransmits":	401,
					"snd_cwnd":	1048352,
					"snd_wnd":	6651904,
					"rtt":	58350,
					"rttvar":	215,
					"pmtu":	1500,
					"omitted":	false,
					"sender":	true
				}],
			"sum":	{
				"start":	51.000108,
				"end":	52.001052,
				"seconds":	1.0009440183639526,
				"bytes":	4718592,
				"bits_per_second":	37713134.10883905,
				"retransmits":	401,
				"omitted":	false,
				"sender":	true
			}
		}, {
			"streams":	[{
					"socket":	7,
					"start":	52.001052,
					"end":	53.000119,
					"seconds":	0.99906700849533081,
					"bytes":	24379392,
					"bits_per_second":	195217272.0563933,
					"retransmits":	1065,
					"snd_cwnd":	1943216,
					"snd_wnd":	8884224,
					"rtt":	58862,
					"rttvar":	162,
					"pmtu":	1500,
					"omitted":	false,
					"sender":	true
				}],
			"sum":	{
				"start":	52.001052,
				"end":	53.000119,
				"seconds":	0.99906700849533081,
				"bytes":	24379392,
				"bits_per_second":	195217272.0563933,
				"retransmits":	1065,
				"omitted":	false,
				"sender":	true
			}
		}, {
			"streams":	[{
					"socket":	7,
					"start":	53.000119,
					"end":	54.000241,
					"seconds":	1.0001219511032104,
					"bytes":	11927552,
					"bits_per_second":	95408780.793926224,
					"retransmits":	1427,
					"snd_cwnd":	2875728,
					"snd_wnd":	8880128,
					"rtt":	58315,
					"rttvar":	567,
					"pmtu":	1500,
					"omitted":	false,
					"sender":	true
				}],
			"sum":	{
				"start":	53.000119,
				"end":	54.000241,
				"seconds":	1.0001219511032104,
				"bytes":	11927552,
				"bits_per_second":	95408780.793926224,
				"retransmits":	1427,
				"omitted":	false,
				"sender":	true
			}
		}, {
			"streams":	[{
					"socket":	7,
					"start":	54.000241,
					"end":	55.00015,
					"seconds":	0.999908983707428,
					"bytes":	19529728,
					"bits_per_second":	156252045.48188657,
					"retransmits":	2797,
					"snd_cwnd":	1689816,
					"snd_wnd":	12922880,
					"rtt":	59203,
					"rttvar":	292,
					"pmtu":	1500,
					"omitted":	false,
					"sender":	true
				}],
			"sum":	{
				"start":	54.000241,
				"end":	55.00015,
				"seconds":	0.999908983707428,
				"bytes":	19529728,
				"bits_per_second":	156252045.48188657,
				"retransmits":	2797,
				"omitted":	false,
				"sender":	true
			}
		}, {
			"streams":	[{
					"socket":	7,
					"start":	55.00015,
					"end":	56.000206,
					"seconds":	1.0000560283660889,
					"bytes":	20185088,
					"bits_per_second":	161471657.00688824,
					"retransmits":	1553,
					"snd_cwnd":	2638256,
					"snd_wnd":	12505088,
					"rtt":	59006,
					"rttvar":	368,
					"pmtu":	1500,
					"omitted":	false,
					"sender":	true
				}],
			"sum":	{
				"start":	55.00015,
				"end":	56.000206,
				"seconds":	1.0000560283660889,
				"bytes":	20185088,
				"bits_per_second":	161471657.00688824,
				"retransmits":	1553,
				"omitted":	false,
				"sender":	true
			}
		}, {
			"streams":	[{
					"socket":	7,
					"start":	56.000206,
					"end":	57.000137,
					"seconds":	0.99993097782135,
					"bytes":	17432576,
					"bits_per_second":	139470234.53944471,
					"retransmits":	1766,
					"snd_cwnd":	1391528,
					"snd_wnd":	12374016,
					"rtt":	57565,
					"rttvar":	394,
					"pmtu":	1500,
					"omitted":	false,
					"sender":	true
				}],
			"sum":	{
				"start":	56.000206,
				"end":	57.000137,
				"seconds":	0.99993097782135,
				"bytes":	17432576,
				"bits_per_second":	139470234.53944471,
				"retransmits":	1766,
				"omitted":	false,
				"sender":	true
			}
		}, {
			"streams":	[{
					"socket":	7,
					"start":	57.000137,
					"end":	58.001114,
					"seconds":	1.0009770393371582,
					"bytes":	18219008,
					"bits_per_second":	145609797.49996689,
					"retransmits":	1816,
					"snd_cwnd":	3008944,
					"snd_wnd":	12955648,
					"rtt":	58732,
					"rttvar":	254,
					"pmtu":	1500,
					"omitted":	false,
					"sender":	true
				}],
			"sum":	{
				"start":	57.000137,
				"end":	58.001114,
				"seconds":	1.0009770393371582,
				"bytes":	18219008,
				"bits_per_second":	145609797.49996689,
				"retransmits":	1816,
				"omitted":	false,
				"sender":	true
			}
		}, {
			"streams":	[{
					"socket":	7,
					"start":	58.001114,
					"end":	59.000345,
					"seconds":	0.999230980873108,
					"bytes":	27131904,
					"bits_per_second":	217222280.08817491,
					"retransmits":	1018,
					"snd_cwnd":	3854576,
					"snd_wnd":	12111872,
					"rtt":	58912,
					"rttvar":	288,
					"pmtu":	1500,
					"omitted":	false,
					"sender":	true
				}],
			"sum":	{
				"start":	58.001114,
				"end":	59.000345,
				"seconds":	0.999230980873108,
				"bytes":	27131904,
				"bits_per_second":	217222280.08817491,
				"retransmits":	1018,
				"omitted":	false,
				"sender":	true
			}
		}, {
			"streams":	[{
					"socket":	7,
					"start":	59.000345,
					"end":	60.000494,
					"seconds":	1.0001490116119385,
					"bytes":	25165824,
					"bits_per_second":	201296596.46968234,
					"retransmits":	2561,
					"snd_cwnd":	2014168,
					"snd_wnd":	12886016,
					"rtt":	59499,
					"rttvar":	381,
					"pmtu":	1500,
					"omitted":	false,
					"sender":	true
				}],
			"sum":	{
				"start":	59.000345,
				"end":	60.000494,
				"seconds":	1.0001490116119385,
				"bytes":	25165824,
				"bits_per_second":	201296596.46968234,
				"retransmits":	2561,
				"omitted":	false,
				"sender":	true
			}
		}, {
			"streams":	[{
					"socket":	7,
					"start":	60.000494,
					"end":	61.000138,
					"seconds":	0.99964398145675659,
					"bytes":	37879808,
					"bits_per_second":	303146389.73606336,
					"retransmits":	3642,
					"snd_cwnd":	3356464,
					"snd_wnd":	33267712,
					"rtt":	58882,
					"rttvar":	461,
					"pmtu":	1500,
					"omitted":	false,
					"sender":	true
				}],
			"sum":	{
				"start":	60.000494,
				"end":	61.000138,
				"seconds":	0.99964398145675659,
				"bytes":	37879808,
				"bits_per_second":	303146389.73606336,
				"retransmits":	3642,
				"omitted":	false,
				"sender":	true
			}
		}, {
			"streams":	[{
					"socket":	7,
					"start":	61.000138,
					"end":	62.001045,
					"seconds":	1.0009069442749023,
					"bytes":	41418752,
					"bits_per_second":	331049772.3043009,
					"retransmits":	1136,
					"snd_cwnd":	5792,
					"snd_wnd":	33554432,
					"rtt":	57596,
					"rttvar":	371,
					"pmtu":	1500,
					"omitted":	false,
					"sender":	true
				}],
			"sum":	{
				"start":	61.000138,
				"end":	62.001045,
				"seconds":	1.0009069442749023,
				"bytes":	41418752,
				"bits_per_second":	331049772.3043009,
				"retransmits":	1136,
				"omitted":	false,
				"sender":	true
			}
		}, {
			"streams":	[{
					"socket":	7,
					"start":	62.001045,
					"end":	63.001064,
					"seconds":	1.0000189542770386,
					"bytes":	52428800,
					"bits_per_second":	419422450.15068364,
					"retransmits":	4184,
					"snd_cwnd":	8769088,
					"snd_wnd":	30658560,
					"rtt":	59218,
					"rttvar":	538,
					"pmtu":	1500,
					"omitted":	false,
					"sender":	true
				}],
			"sum":	{
				"start":	62.001045,
				"end":	63.001064,
				"seconds":	1.0000189542770386,
				"bytes":	52428800,
				"bits_per_second":	419422450.15068364,
				"retransmits":	4184,
				"omitted":	false,
				"sender":	true
			}
		}, {
			"streams":	[{
					"socket":	7,
					"start":	63.001064,
					"end":	64.001053,
					"seconds":	0.99998897314071655,
					"bytes":	59637760,
					"bits_per_second":	477107340.99551225,
					"retransmits":	5393,
					"snd_cwnd":	8586640,
					"snd_wnd":	32227328,
					"rtt":	58904,
					"rttvar":	188,
					"pmtu":	1500,
					"omitted":	false,
					"sender":	true
				}],
			"sum":	{
				"start":	63.001064,
				"end":	64.001053,
				"seconds":	0.99998897314071655,
				"bytes":	59637760,
				"bits_per_second":	477107340.99551225,
				"retransmits":	5393,
				"omitted":	false,
				"sender":	true
			}
		}, {
			"streams":	[{
					"socket":	7,
					"start":	64.001053,
					"end":	65.000098,
					"seconds":	0.99904501438140869,
					"bytes":	61210624,
					"bits_per_second":	490153081.14340019,
					"retransmits":	6700,
					"snd_cwnd":	10758640,
					"snd_wnd":	31940608,
					"rtt":	59324,
					"rttvar":	185,
					"pmtu":	1500,
					"omitted":	false,
					"sender":	true
				}],
			"sum":	{
				"start":	64.001053,
				"end":	65.000098,
				"seconds":	0.99904501438140869,
				"bytes":	61210624,
				"bits_per_second":	490153081.14340019,
				"retransmits":	6700,
				"omitted":	false,
				"sender":	true
			}
		}, {
			"streams":	[{
					"socket":	7,
					"start":	65.000098,
					"end":	66.000133,
					"seconds":	1.0000350475311279,
					"bytes":	77856768,
					"bits_per_second":	622832315.26504326,
					"retransmits":	6957,
					"snd_cwnd":	14810144,
					"snd_wnd":	28811264,
					"rtt":	58117,
					"rttvar":	447,
					"pmtu":	1500,
					"omitted":	false,
					"sender":	true
				}],
			"sum":	{
				"start":	65.000098,
				"end":	66.000133,
				"seconds":	1.0000350475311279,
				"bytes":	77856768,
				"bits_per_second":	622832315.26504326,
				"retransmits":	6957,
				"omitted":	false,
				"sender":	true
			}
		}, {
			"streams":	[{
					"socket":	7,
					"start":	66.000133,
					"end":	67.00021,
					"seconds":	1.00007700920105,
					"bytes":	78118912,
					"bits_per_second":	624903172.70593643,
					"retransmits":	5835,
					"snd_cwnd":	13182592,
					"snd_wnd":	36782080,
					"rtt":	58752,
					"rttvar":	337,
					"pmtu":	1500,
					"omitted":	false,
					"sender":	true
				}],
			"sum":	{
				"start":	66.000133,
				"end":	67.00021,
				"seconds":	1.00007700920105,
				"bytes":	78118912,
				"bits_per_second":	624903172.70593643,
				"retransmits":	5835,
				"omitted":	false,
				"sender":	true
			}
		}, {
			"streams":	[{
					"socket":	7,
					"start":	67.00021,
					"end":	68.000159,
					"seconds":	0.99994897842407227,
					"bytes":	67895296,
					"bits_per_second":	543190082.414033,
					"retransmits":	10848,
					"snd_cwnd":	15047616,
					"snd_wnd":	37449728,
					"rtt":	58438,
					"rttvar":	308,
					"pmtu":	1500,
					"omitted":	false,
					"sender":	true
				}],
			"sum":	{
				"start":	67.00021,
				"end":	68.000159,
				"seconds":	0.99994897842407227,
				"bytes":	67895296,
				"bits_per_second":	543190082.414033,
				"retransmits":	10848,
				"omitted":	false,
				"sender":	true
			}
		}, {
			"streams":	[{
					"socket":	7,
					"start":	68.000159,
					"end":	69.00104,
					"seconds":	1.00088095664978,
					"bytes":	74973184,
					"bits_per_second":	599257552.074569,
					"retransmits":	5485,
					"snd_cwnd":	15076576,
					"snd_wnd":	37515264,
					"rtt":	59010,
					"rttvar":	584,
					"pmtu":	1500,
					"omitted":	false,
					"sender":	true
				}],
			"sum":	{
				"start":	68.000159,
				"end":	69.00104,
				"seconds":	1.00088095664978,
				"bytes":	74973184,
				"bits_per_second":	599257552.074569,
				"retransmits":	5485,
				"omitted":	false,
				"sender":	true
			}
		}, {
			"streams":	[{
					"socket":	7,
					"start":	69.00104,
					"end":	70.001039,
					"seconds":	0.99999898672103882,
					"bytes":	83755008,
					"bits_per_second":	670040742.938188,
					"retransmits":	9286,
					"snd_cwnd":	13460608,
					"snd_wnd":	38043648,
					"rtt":	57860,
					"rttvar":	1004,
					"pmtu":	1500,
					"omitted":	false,
					"sender":	true
				}],
			"sum":	{
				"start":	69.00104,
				"end":	70.001039,
				"seconds":	0.99999898672103882,
				"bytes":	83755008,
				"bits_per_second":	670040742.938188,
				"retransmits":	9286,
				"omitted":	false,
				"sender":	true
			}
		}, {
			"streams":	[{
					"socket":	7,
					"start":	70.001039,
					"end":	71.000137,
					"seconds":	0.999098002910614,
					"bytes":	65798144,
					"bits_per_second":	526860378.527945,
					"retransmits":	7208,
					"snd_cwnd":	13139152,
					"snd_wnd":	30720000,
					"rtt":	59614,
					"rttvar":	903,
					"pmtu":	1500,
					"omitted":	false,
					"sender":	true
				}],
			"sum":	{
				"start":	70.001039,
				"end":	71.000137,
				"seconds":	0.999098002910614,
				"bytes":	65798144,
				"bits_per_second":	526860378.527945,
				"retransmits":	7208,
				"omitted":	false,
				"sender":	true
			}
		}, {
			"streams":	[{
					"socket":	7,
					"start":	71.000137,
					"end":	72.000165,
					"seconds":	1.0000280141830444,
					"bytes":	58195968,
					"bits_per_second":	465554701.86536473,
					"retransmits":	8633,
					"snd_cwnd":	6753472,
					"snd_wnd":	38055936,
					"rtt":	57423,
					"rttvar":	68,
					"pmtu":	1500,
					"omitted":	false,
					"sender":	true
				}],
			"sum":	{
				"start":	71.000137,
				"end":	72.000165,
				"seconds":	1.0000280141830444,
				"bytes":	58195968,
				"bits_per_second":	465554701.86536473,
				"retransmits":	8633,
				"omitted":	false,
				"sender":	true
			}
		}, {
			"streams":	[{
					"socket":	7,
					"start":	72.000165,
					"end":	73.000059,
					"seconds":	0.99989402294158936,
					"bytes":	32112640,
					"bits_per_second":	256928348.51059747,
					"retransmits":	2902,
					"snd_cwnd":	6767952,
					"snd_wnd":	33488896,
					"rtt":	59304,
					"rttvar":	491,
					"pmtu":	1500,
					"omitted":	false,
					"sender":	true
				}],
			"sum":	{
				"start":	72.000165,
				"end":	73.000059,
				"seconds":	0.99989402294158936,
				"bytes":	32112640,
				"bits_per_second":	256928348.51059747,
				"retransmits":	2902,
				"omitted":	false,
				"sender":	true
			}
		}, {
			"streams":	[{
					"socket":	7,
					"start":	73.000059,
					"end":	74.001081,
					"seconds":	1.0010219812393188,
					"bytes":	43515904,
					"bits_per_second":	347771815.72876137,
					"retransmits":	4659,
					"snd_cwnd":	7651232,
					"snd_wnd":	35110912,
					"rtt":	59348,
					"rttvar":	636,
					"pmtu":	1500,
					"omitted":	false,
					"sender":	true
				}],
			"sum":	{
				"start":	73.000059,
				"end":	74.001081,
				"seconds":	1.0010219812393188,
				"bytes":	43515904,
				"bits_per_second":	347771815.72876137,
				"retransmits":	4659,
				"omitted":	false,
				"sender":	true
			}
		}, {
			"streams":	[{
					"socket":	7,
					"start":	74.001081,
					"end":	75.000119,
					"seconds":	0.9990379810333252,
					"bytes":	57278464,
					"bits_per_second":	458668960.239175,
					"retransmits":	4166,
					"snd_cwnd":	3498368,
					"snd_wnd":	38088704,
					"rtt":	59125,
					"rttvar":	867,
					"pmtu":	1500,
					"omitted":	false,
					"sender":	true
				}],
			"sum":	{
				"start":	74.001081,
				"end":	75.000119,
				"seconds":	0.9990379810333252,
				"bytes":	57278464,
				"bits_per_second":	458668960.239175,
				"retransmits":	4166,
				"omitted":	false,
				"sender":	true
			}
		}, {
			"streams":	[{
					"socket":	7,
					"start":	75.000119,
					"end":	76.000127,
					"seconds":	1.0000079870224,
					"bytes":	54657024,
					"bits_per_second":	437252699.65289348,
					"retransmits":	8211,
					"snd_cwnd":	11010592,
					"snd_wnd":	32903168,
					"rtt":	59213,
					"rttvar":	450,
					"pmtu":	1500,
					"omitted":	false,
					"sender":	true
				}],
			"sum":	{
				"start":	75.000119,
				"end":	76.000127,
				"seconds":	1.0000079870224,
				"bytes":	54657024,
				"bits_per_second":	437252699.65289348,
				"retransmits":	8211,
				"omitted":	false,
				"sender":	true
			}
		}, {
			"streams":	[{
					"socket":	7,
					"start":	76.000127,
					"end":	77.001195,
					"seconds":	1.0010679960250854,
					"bytes":	61079552,
					"bits_per_second":	488115111.001666,
					"retransmits":	9090,
					"snd_cwnd":	7056104,
					"snd_wnd":	34951168,
					"rtt":	58708,
					"rttvar":	204,
					"pmtu":	1500,
					"omitted":	false,
					"sender":	true
				}],
			"sum":	{
				"start":	76.000127,
				"end":	77.001195,
				"seconds":	1.0010679960250854,
				"bytes":	61079552,
				"bits_per_second":	488115111.001666,
				"retransmits":	9090,
				"omitted":	false,
				"sender":	true
			}
		}, {
			"streams":	[{
					"socket":	7,
					"start":	77.001195,
					"end":	78.000176,
					"seconds":	0.99898099899292,
					"bytes":	49414144,
					"bits_per_second":	395716387.397276,
					"retransmits":	5825,
					"snd_cwnd":	7100992,
					"snd_wnd":	37240832,
					"rtt":	58652,
					"rttvar":	454,
					"pmtu":	1500,
					"omitted":	false,
					"sender":	true
				}],
			"sum":	{
				"start":	77.001195,
				"end":	78.000176,
				"seconds":	0.99898099899292,
				"bytes":	49414144,
				"bits_per_second":	395716387.397276,
				"retransmits":	5825,
				"omitted":	false,
				"sender":	true
			}
		}, {
			"streams":	[{
					"socket":	7,
					"start":	78.000176,
					"end":	79.000283,
					"seconds":	1.0001070499420166,
					"bytes":	55574528,
					"bits_per_second":	444548635.09438956,
					"retransmits":	4089,
					"snd_cwnd":	3427416,
					"snd_wnd":	38096896,
					"rtt":	61050,
					"rttvar":	857,
					"pmtu":	1500,
					"omitted":	false,
					"sender":	true
				}],
			"sum":	{
				"start":	78.000176,
				"end":	79.000283,
				"seconds":	1.0001070499420166,
				"bytes":	55574528,
				"bits_per_second":	444548635.09438956,
				"retransmits":	4089,
				"omitted":	false,
				"sender":	true
			}
		}, {
			"streams":	[{
					"socket":	7,
					"start":	79.000283,
					"end":	80.000277,
					"seconds":	0.99999397993087769,
					"bytes":	43253760,
					"bits_per_second":	346032163.13754064,
					"retransmits":	4831,
					"snd_cwnd":	7187872,
					"snd_wnd":	36065280,
					"rtt":	58876,
					"rttvar":	345,
					"pmtu":	1500,
					"omitted":	false,
					"sender":	true
				}],
			"sum":	{
				"start":	79.000283,
				"end":	80.000277,
				"seconds":	0.99999397993087769,
				"bytes":	43253760,
				"bits_per_second":	346032163.13754064,
				"retransmits":	4831,
				"omitted":	false,
				"sender":	true
			}
		}, {
			"streams":	[{
					"socket":	7,
					"start":	80.000277,
					"end":	81.001049,
					"seconds":	1.0007719993591309,
					"bytes":	57409536,
					"bits_per_second":	458922000.50971544,
					"retransmits":	5457,
					"snd_cwnd":	8586640,
					"snd_wnd":	36118528,
					"rtt":	59792,
					"rttvar":	436,
					"pmtu":	1500,
					"omitted":	false,
					"sender":	true
				}],
			"sum":	{
				"start":	80.000277,
				"end":	81.001049,
				"seconds":	1.0007719993591309,
				"bytes":	57409536,
				"bits_per_second":	458922000.50971544,
				"retransmits":	5457,
				"omitted":	false,
				"sender":	true
			}
		}, {
			"streams":	[{
					"socket":	7,
					"start":	81.001049,
					"end":	82.001105,
					"seconds":	1.0000560283660889,
					"bytes":	59637760,
					"bits_per_second":	477075350.24762434,
					"retransmits":	6676,
					"snd_cwnd":	6863520,
					"snd_wnd":	38105088,
					"rtt":	59244,
					"rttvar":	139,
					"pmtu":	1500,
					"omitted":	false,
					"sender":	true
				}],
			"sum":	{
				"start":	81.001049,
				"end":	82.001105,
				"seconds":	1.0000560283660889,
				"bytes":	59637760,
				"bits_per_second":	477075350.24762434,
				"retransmits":	6676,
				"omitted":	false,
				"sender":	true
			}
		}, {
			"streams":	[{
					"socket":	7,
					"start":	82.001105,
					"end":	83.000113,
					"seconds":	0.99900799989700317,
					"bytes":	34603008,
					"bits_per_second":	277098946.183154,
					"retransmits":	3027,
					"snd_cwnd":	6666592,
					"snd_wnd":	35434496,
					"rtt":	58318,
					"rttvar":	281,
					"pmtu":	1500,
					"omitted":	false,
					"sender":	true
				}],
			"sum":	{
				"start":	82.001105,
				"end":	83.000113,
				"seconds":	0.99900799989700317,
				"bytes":	34603008,
				"bits_per_second":	277098946.183154,
				"retransmits":	3027,
				"omitted":	false,
				"sender":	true
			}
		}, {
			"streams":	[{
					"socket":	7,
					"start":	83.000113,
					"end":	84.000099,
					"seconds":	0.99998599290847778,
					"bytes":	39714816,
					"bits_per_second":	317722978.3748368,
					"retransmits":	5730,
					"snd_cwnd":	6715824,
					"snd_wnd":	35438592,
					"rtt":	58173,
					"rttvar":	261,
					"pmtu":	1500,
					"omitted":	false,
					"sender":	true
				}],
			"sum":	{
				"start":	83.000113,
				"end":	84.000099,
				"seconds":	0.99998599290847778,
				"bytes":	39714816,
				"bits_per_second":	317722978.3748368,
				"retransmits":	5730,
				"omitted":	false,
				"sender":	true
			}
		}, {
			"streams":	[{
					"socket":	7,
					"start":	84.000099,
					"end":	85.000799,
					"seconds":	1.0006999969482422,
					"bytes":	52166656,
					"bits_per_second":	417041320.3484652,
					"retransmits":	3159,
					"snd_cwnd":	7843816,
					"snd_wnd":	35508224,
					"rtt":	58075,
					"rttvar":	399,
					"pmtu":	1500,
					"omitted":	false,
					"sender":	true
				}],
			"sum":	{
				"start":	84.000099,
				"end":	85.000799,
				"seconds":	1.0006999969482422,
				"bytes":	52166656,
				"bits_per_second":	417041320.3484652,
				"retransmits":	3159,
				"omitted":	false,
				"sender":	true
			}
		}, {
			"streams":	[{
					"socket":	7,
					"start":	85.000799,
					"end":	86.000389,
					"seconds":	0.99958997964859,
					"bytes":	48365568,
					"bits_per_second":	387083256.0126552,
					"retransmits":	4241,
					"snd_cwnd":	6862072,
					"snd_wnd":	37113856,
					"rtt":	58747,
					"rttvar":	247,
					"pmtu":	1500,
					"omitted":	false,
					"sender":	true
				}],
			"sum":	{
				"start":	85.000799,
				"end":	86.000389,
				"seconds":	0.99958997964859,
				"bytes":	48365568,
				"bits_per_second":	387083256.0126552,
				"retransmits":	4241,
				"omitted":	false,
				"sender":	true
			}
		}, {
			"streams":	[{
					"socket":	7,
					"start":	86.000389,
					"end":	87.000106,
					"seconds":	0.99971699714660645,
					"bytes":	71565312,
					"bits_per_second":	572684567.366659,
					"retransmits":	6423,
					"snd_cwnd":	11760656,
					"snd_wnd":	38002688,
					"rtt":	58662,
					"rttvar":	448,
					"pmtu":	1500,
					"omitted":	false,
					"sender":	true
				}],
			"sum":	{
				"start":	86.000389,
				"end":	87.000106,
				"seconds":	0.99971699714660645,
				"bytes":	71565312,
				"bits_per_second":	572684567.366659,
				"retransmits":	6423,
				"omitted":	false,
				"sender":	true
			}
		}, {
			"streams":	[{
					"socket":	7,
					"start":	87.000106,
					"end":	88.002166,
					"seconds":	1.0020600557327271,
					"bytes":	85196800,
					"bits_per_second":	680173205.28919661,
					"retransmits":	7115,
					"snd_cwnd":	11847536,
					"snd_wnd":	38068224,
					"rtt":	59431,
					"rttvar":	1956,
					"pmtu":	1500,
					"omitted":	false,
					"sender":	true
				}],
			"sum":	{
				"start":	87.000106,
				"end":	88.002166,
				"seconds":	1.0020600557327271,
				"bytes":	85196800,
				"bits_per_second":	680173205.28919661,
				"retransmits":	7115,
				"omitted":	false,
				"sender":	true
			}
		}, {
			"streams":	[{
					"socket":	7,
					"start":	88.002166,
					"end":	89.000194,
					"seconds":	0.9980279803276062,
					"bytes":	61603840,
					"bits_per_second":	493804512.21239966,
					"retransmits":	8734,
					"snd_cwnd":	10451664,
					"snd_wnd":	36458496,
					"rtt":	59509,
					"rttvar":	353,
					"pmtu":	1500,
					"omitted":	false,
					"sender":	true
				}],
			"sum":	{
				"start":	88.002166,
				"end":	89.000194,
				"seconds":	0.9980279803276062,
				"bytes":	61603840,
				"bits_per_second":	493804512.21239966,
				"retransmits":	8734,
				"omitted":	false,
				"sender":	true
			}
		}, {
			"streams":	[{
					"socket":	7,
					"start":	89.000194,
					"end":	90.000391,
					"seconds":	1.0001970529556274,
					"bytes":	90439680,
					"bits_per_second":	723374896.83855128,
					"retransmits":	4053,
					"snd_cwnd":	16394256,
					"snd_wnd":	38105088,
					"rtt":	58619,
					"rttvar":	114,
					"pmtu":	1500,
					"omitted":	false,
					"sender":	true
				}],
			"sum":	{
				"start":	89.000194,
				"end":	90.000391,
				"seconds":	1.0001970529556274,
				"bytes":	90439680,
				"bits_per_second":	723374896.83855128,
				"retransmits":	4053,
				"omitted":	false,
				"sender":	true
			}
		}, {
			"streams":	[{
					"socket":	7,
					"start":	90.000391,
					"end":	91.000157,
					"seconds":	0.99976599216461182,
					"bytes":	62652416,
					"bits_per_second":	501336644.70302773,
					"retransmits":	7859,
					"snd_cwnd":	14151304,
					"snd_wnd":	33103872,
					"rtt":	61027,
					"rttvar":	3842,
					"pmtu":	1500,
					"omitted":	false,
					"sender":	true
				}],
			"sum":	{
				"start":	90.000391,
				"end":	91.000157,
				"seconds":	0.99976599216461182,
				"bytes":	62652416,
				"bits_per_second":	501336644.70302773,
				"retransmits":	7859,
				"omitted":	false,
				"sender":	true
			}
		}, {
			"streams":	[{
					"socket":	7,
					"start":	91.000157,
					"end":	92.000105,
					"seconds":	0.999948024749756,
					"bytes":	86900736,
					"bits_per_second":	695242023.37814534,
					"retransmits":	3660,
					"snd_cwnd":	17384688,
					"snd_wnd":	38043648,
					"rtt":	59280,
					"rttvar":	295,
					"pmtu":	1500,
					"omitted":	false,
					"sender":	true
				}],
			"sum":	{
				"start":	91.000157,
				"end":	92.000105,
				"seconds":	0.999948024749756,
				"bytes":	86900736,
				"bits_per_second":	695242023.37814534,
				"retransmits":	3660,
				"omitted":	false,
				"sender":	true
			}
		}, {
			"streams":	[{
					"socket":	7,
					"start":	92.000105,
					"end":	93.000138,
					"seconds":	1.0000330209732056,
					"bytes":	62128128,
					"bits_per_second":	497008612.29193056,
					"retransmits":	8510,
					"snd_cwnd":	1448,
					"snd_wnd":	34480128,
					"rtt":	60402,
					"rttvar":	1671,
					"pmtu":	1500,
					"omitted":	false,
					"sender":	true
				}],
			"sum":	{
				"start":	92.000105,
				"end":	93.000138,
				"seconds":	1.0000330209732056,
				"bytes":	62128128,
				"bits_per_second":	497008612.29193056,
				"retransmits":	8510,
				"omitted":	false,
				"sender":	true
			}
		}, {
			"streams":	[{
					"socket":	7,
					"start":	93.000138,
					"end":	94.000433,
					"seconds":	1.0002950429916382,
					"bytes":	57671680,
					"bits_per_second":	461237355.150881,
					"retransmits":	6699,
					"snd_cwnd":	18641552,
					"snd_wnd":	31186944,
					"rtt":	58352,
					"rttvar":	394,
					"pmtu":	1500,
					"omitted":	false,
					"sender":	true
				}],
			"sum":	{
				"start":	93.000138,
				"end":	94.000433,
				"seconds":	1.0002950429916382,
				"bytes":	57671680,
				"bits_per_second":	461237355.150881,
				"retransmits":	6699,
				"omitted":	false,
				"sender":	true
			}
		}, {
			"streams":	[{
					"socket":	7,
					"start":	94.000433,
					"end":	95.000208,
					"seconds":	0.999774992465973,
					"bytes":	88997888,
					"bits_per_second":	712143341.617171,
					"retransmits":	7913,
					"snd_cwnd":	16426112,
					"snd_wnd":	34926592,
					"rtt":	58716,
					"rttvar":	405,
					"pmtu":	1500,
					"omitted":	false,
					"sender":	true
				}],
			"sum":	{
				"start":	94.000433,
				"end":	95.000208,
				"seconds":	0.999774992465973,
				"bytes":	88997888,
				"bits_per_second":	712143341.617171,
				"retransmits":	7913,
				"omitted":	false,
				"sender":	true
			}
		}, {
			"streams":	[{
					"socket":	7,
					"start":	95.000208,
					"end":	96.00011,
					"seconds":	0.99990200996398926,
					"bytes":	84541440,
					"bits_per_second":	676397800.24480355,
					"retransmits":	7234,
					"snd_cwnd":	5039040,
					"snd_wnd":	38088704,
					"rtt":	59346,
					"rttvar":	396,
					"pmtu":	1500,
					"omitted":	false,
					"sender":	true
				}],
			"sum":	{
				"start":	95.000208,
				"end":	96.00011,
				"seconds":	0.99990200996398926,
				"bytes":	84541440,
				"bits_per_second":	676397800.24480355,
				"retransmits":	7234,
				"omitted":	false,
				"sender":	true
			}
		}, {
			"streams":	[{
					"socket":	7,
					"start":	96.00011,
					"end":	97.001199,
					"seconds":	1.0010889768600464,
					"bytes":	71041024,
					"bits_per_second":	567709968.98056257,
					"retransmits":	9163,
					"snd_cwnd":	18907984,
					"snd_wnd":	34504704,
					"rtt":	57731,
					"rttvar":	323,
					"pmtu":	1500,
					"omitted":	false,
					"sender":	true
				}],
			"sum":	{
				"start":	96.00011,
				"end":	97.001199,
				"seconds":	1.0010889768600464,
				"bytes":	71041024,
				"bits_per_second":	567709968.98056257,
				"retransmits":	9163,
				"omitted":	false,
				"sender":	true
			}
		}, {
			"streams":	[{
					"socket":	7,
					"start":	97.001199,
					"end":	98.000185,
					"seconds":	0.998986005783081,
					"bytes":	56492032,
					"bits_per_second":	452394981.89540511,
					"retransmits":	6747,
					"snd_cwnd":	8800944,
					"snd_wnd":	34631680,
					"rtt":	59441,
					"rttvar":	299,
					"pmtu":	1500,
					"omitted":	false,
					"sender":	true
				}],
			"sum":	{
				"start":	97.001199,
				"end":	98.000185,
				"seconds":	0.998986005783081,
				"bytes":	56492032,
				"bits_per_second":	452394981.89540511,
				"retransmits":	6747,
				"omitted":	false,
				"sender":	true
			}
		}, {
			"streams":	[{
					"socket":	7,
					"start":	98.000185,
					"end":	99.000223,
					"seconds":	1.0000380277633667,
					"bytes":	63438848,
					"bits_per_second":	507491485.233889,
					"retransmits":	5082,
					"snd_cwnd":	2726584,
					"snd_wnd":	37707776,
					"rtt":	58536,
					"rttvar":	515,
					"pmtu":	1500,
					"omitted":	false,
					"sender":	true
				}],
			"sum":	{
				"start":	98.000185,
				"end":	99.000223,
				"seconds":	1.0000380277633667,
				"bytes":	63438848,
				"bits_per_second":	507491485.233889,
				"retransmits":	5082,
				"omitted":	false,
				"sender":	true
			}
		}, {
			"streams":	[{
					"socket":	7,
					"start":	99.000223,
					"end":	100.000396,
					"seconds":	1.0001729726791382,
					"bytes":	62259200,
					"bits_per_second":	497987461.77455962,
					"retransmits":	5472,
					"snd_cwnd":	8850176,
					"snd_wnd":	37466112,
					"rtt":	58750,
					"rttvar":	288,
					"pmtu":	1500,
					"omitted":	false,
					"sender":	true
				}],
			"sum":	{
				"start":	99.000223,
				"end":	100.000396,
				"seconds":	1.0001729726791382,
				"bytes":	62259200,
				"bits_per_second":	497987461.77455962,
				"retransmits":	5472,
				"omitted":	false,
				"sender":	true
			}
		}, {
			"streams":	[{
					"socket":	7,
					"start":	100.000396,
					"end":	101.000623,
					"seconds":	1.0002269744873047,
					"bytes":	64618496,
					"bits_per_second":	516830660.62578112,
					"retransmits":	6883,
					"snd_cwnd":	6042504,
					"snd_wnd":	36093952,
					"rtt":	59658,
					"rttvar":	625,
					"pmtu":	1500,
					"omitted":	false,
					"sender":	true
				}],
			"sum":	{
				"start":	100.000396,
				"end":	101.000623,
				"seconds":	1.0002269744873047,
				"bytes":	64618496,
				"bits_per_second":	516830660.62578112,
				"retransmits":	6883,
				"omitted":	false,
				"sender":	true
			}
		}, {
			"streams":	[{
					"socket":	7,
					"start":	101.000623,
					"end":	102.000357,
					"seconds":	0.99973398447036743,
					"bytes":	74973184,
					"bits_per_second":	599945066.70467,
					"retransmits":	6820,
					"snd_cwnd":	13428752,
					"snd_wnd":	34693120,
					"rtt":	58784,
					"rttvar":	270,
					"pmtu":	1500,
					"omitted":	false,
					"sender":	true
				}],
			"sum":	{
				"start":	101.000623,
				"end":	102.000357,
				"seconds":	0.99973398447036743,
				"bytes":	74973184,
				"bits_per_second":	599945066.70467,
				"retransmits":	6820,
				"omitted":	false,
				"sender":	true
			}
		}, {
			"streams":	[{
					"socket":	7,
					"start":	102.000357,
					"end":	103.000137,
					"seconds":	0.999779999256134,
					"bytes":	81657856,
					"bits_per_second":	653406597.93759322,
					"retransmits":	10225,
					"snd_cwnd":	14704440,
					"snd_wnd":	31154176,
					"rtt":	58161,
					"rttvar":	393,
					"pmtu":	1500,
					"omitted":	false,
					"sender":	true
				}],
			"sum":	{
				"start":	102.000357,
				"end":	103.000137,
				"seconds":	0.999779999256134,
				"bytes":	81657856,
				"bits_per_second":	653406597.93759322,
				"retransmits":	10225,
				"omitted":	false,
				"sender":	true
			}
		}, {
			"streams":	[{
					"socket":	7,
					"start":	103.000137,
					"end":	104.00054,
					"seconds":	1.0004030466079712,
					"bytes":	69992448,
					"bits_per_second":	559713993.17361736,
					"retransmits":	3834,
					"snd_cwnd":	12959600,
					"snd_wnd":	37486592,
					"rtt":	58445,
					"rttvar":	418,
					"pmtu":	1500,
					"omitted":	false,
					"sender":	true
				}],
			"sum":	{
				"start":	103.000137,
				"end":	104.00054,
				"seconds":	1.0004030466079712,
				"bytes":	69992448,
				"bits_per_second":	559713993.17361736,
				"retransmits":	3834,
				"omitted":	false,
				"sender":	true
			}
		}, {
			"streams":	[{
					"socket":	7,
					"start":	104.00054,
					"end":	105.000182,
					"seconds":	0.999642014503479,
					"bytes":	74448896,
					"bits_per_second":	595804457.35449553,
					"retransmits":	6834,
					"snd_cwnd":	11146704,
					"snd_wnd":	34750464,
					"rtt":	58304,
					"rttvar":	945,
					"pmtu":	1500,
					"omitted":	false,
					"sender":	true
				}],
			"sum":	{
				"start":	104.00054,
				"end":	105.000182,
				"seconds":	0.999642014503479,
				"bytes":	74448896,
				"bits_per_second":	595804457.35449553,
				"retransmits":	6834,
				"omitted":	false,
				"sender":	true
			}
		}, {
			"streams":	[{
					"socket":	7,
					"start":	105.000182,
					"end":	106.00041,
					"seconds":	1.0002280473709106,
					"bytes":	90701824,
					"bits_per_second":	725449155.227421,
					"retransmits":	8476,
					"snd_cwnd":	6216264,
					"snd_wnd":	37285888,
					"rtt":	58665,
					"rttvar":	422,
					"pmtu":	1500,
					"omitted":	false,
					"sender":	true
				}],
			"sum":	{
				"start":	105.000182,
				"end":	106.00041,
				"seconds":	1.0002280473709106,
				"bytes":	90701824,
				"bits_per_second":	725449155.227421,
				"retransmits":	8476,
				"omitted":	false,
				"sender":	true
			}
		}, {
			"streams":	[{
					"socket":	7,
					"start":	106.00041,
					"end":	107.0001,
					"seconds":	0.99968999624252319,
					"bytes":	63176704,
					"bits_per_second":	505570360.71148944,
					"retransmits":	9012,
					"snd_cwnd":	13546040,
					"snd_wnd":	31358976,
					"rtt":	58747,
					"rttvar":	354,
					"pmtu":	1500,
					"omitted":	false,
					"sender":	true
				}],
			"sum":	{
				"start":	106.00041,
				"end":	107.0001,
				"seconds":	0.99968999624252319,
				"bytes":	63176704,
				"bits_per_second":	505570360.71148944,
				"retransmits":	9012,
				"omitted":	false,
				"sender":	true
			}
		}, {
			"streams":	[{
					"socket":	7,
					"start":	107.0001,
					"end":	108.001044,
					"seconds":	1.0009440183639526,
					"bytes":	60162048,
					"bits_per_second":	480842459.88769788,
					"retransmits":	9236,
					"snd_cwnd":	14676928,
					"snd_wnd":	35934208,
					"rtt":	59751,
					"rttvar":	474,
					"pmtu":	1500,
					"omitted":	false,
					"sender":	true
				}],
			"sum":	{
				"start":	107.0001,
				"end":	108.001044,
				"seconds":	1.0009440183639526,
				"bytes":	60162048,
				"bits_per_second":	480842459.88769788,
				"retransmits":	9236,
				"omitted":	false,
				"sender":	true
			}
		}, {
			"streams":	[{
					"socket":	7,
					"start":	108.001044,
					"end":	109.000178,
					"seconds":	0.99913400411605835,
					"bytes":	209321984,
					"bits_per_second":	1676027304.7472849,
					"retransmits":	5084,
					"snd_cwnd":	16318960,
					"snd_wnd":	38072320,
					"rtt":	57272,
					"rttvar":	82,
					"pmtu":	1500,
					"omitted":	false,
					"sender":	true
				}],
			"sum":	{
				"start":	108.001044,
				"end":	109.000178,
				"seconds":	0.99913400411605835,
				"bytes":	209321984,
				"bits_per_second":	1676027304.7472849,
				"retransmits":	5084,
				"omitted":	false,
				"sender":	true
			}
		}, {
			"streams":	[{
					"socket":	7,
					"start":	109.000178,
					"end":	110.00113,
					"seconds":	1.0009520053863525,
					"bytes":	412483584,
					"bits_per_second":	3296730167.1235476,
					"retransmits":	3270,
					"snd_cwnd":	66150432,
					"snd_wnd":	141406208,
					"rtt":	57323,
					"rttvar":	34,
					"pmtu":	1500,
					"omitted":	false,
					"sender":	true
				}],
			"sum":	{
				"start":	109.000178,
				"end":	110.00113,
				"seconds":	1.0009520053863525,
				"bytes":	412483584,
				"bits_per_second":	3296730167.1235476,
				"retransmits":	3270,
				"omitted":	false,
				"sender":	true
			}
		}, {
			"streams":	[{
					"socket":	7,
					"start":	110.00113,
					"end":	111.000094,
					"seconds":	0.998964011669159,
					"bytes":	597819392,
					"bits_per_second":	4787514945.6173868,
					"retransmits":	22180,
					"snd_cwnd":	60488752,
					"snd_wnd":	137306112,
					"rtt":	57528,
					"rttvar":	241,
					"pmtu":	1500,
					"omitted":	false,
					"sender":	true
				}],
			"sum":	{
				"start":	110.00113,
				"end":	111.000094,
				"seconds":	0.998964011669159,
				"bytes":	597819392,
				"bits_per_second":	4787514945.6173868,
				"retransmits":	22180,
				"omitted":	false,
				"sender":	true
			}
		}, {
			"streams":	[{
					"socket":	7,
					"start":	111.000094,
					"end":	112.001029,
					"seconds":	1.0009349584579468,
					"bytes":	756416512,
					"bits_per_second":	6045679636.68964,
					"retransmits":	7220,
					"snd_cwnd":	103572544,
					"snd_wnd":	141344768,
					"rtt":	57377,
					"rttvar":	120,
					"pmtu":	1500,
					"omitted":	false,
					"sender":	true
				}],
			"sum":	{
				"start":	111.000094,
				"end":	112.001029,
				"seconds":	1.0009349584579468,
				"bytes":	756416512,
				"bits_per_second":	6045679636.68964,
				"retransmits":	7220,
				"omitted":	false,
				"sender":	true
			}
		}, {
			"streams":	[{
					"socket":	7,
					"start":	112.001029,
					"end":	113.001024,
					"seconds":	0.999994993209839,
					"bytes":	623771648,
					"bits_per_second":	4990198168.8750944,
					"retransmits":	33126,
					"snd_cwnd":	85886672,
					"snd_wnd":	100540416,
					"rtt":	57357,
					"rttvar":	78,
					"pmtu":	1500,
					"omitted":	false,
					"sender":	true
				}],
			"sum":	{
				"start":	112.001029,
				"end":	113.001024,
				"seconds":	0.999994993209839,
				"bytes":	623771648,
				"bits_per_second":	4990198168.8750944,
				"retransmits":	33126,
				"omitted":	false,
				"sender":	true
			}
		}, {
			"streams":	[{
					"socket":	7,
					"start":	113.001024,
					"end":	114.001039,
					"seconds":	1.0000150203704834,
					"bytes":	611188736,
					"bits_per_second":	4889436446.8531132,
					"retransmits":	28937,
					"snd_cwnd":	5792,
					"snd_wnd":	141373440,
					"rtt":	58122,
					"rttvar":	264,
					"pmtu":	1500,
					"omitted":	false,
					"sender":	true
				}],
			"sum":	{
				"start":	113.001024,
				"end":	114.001039,
				"seconds":	1.0000150203704834,
				"bytes":	611188736,
				"bits_per_second":	4889436446.8531132,
				"retransmits":	28937,
				"omitted":	false,
				"sender":	true
			}
		}, {
			"streams":	[{
					"socket":	7,
					"start":	114.001039,
					"end":	115.001099,
					"seconds":	1.000059962272644,
					"bytes":	567279616,
					"bits_per_second":	4537964821.3161354,
					"retransmits":	43760,
					"snd_cwnd":	128886480,
					"snd_wnd":	128446464,
					"rtt":	57972,
					"rttvar":	152,
					"pmtu":	1500,
					"omitted":	false,
					"sender":	true
				}],
			"sum":	{
				"start":	114.001039,
				"end":	115.001099,
				"seconds":	1.000059962272644,
				"bytes":	567279616,
				"bits_per_second":	4537964821.3161354,
				"retransmits":	43760,
				"omitted":	false,
				"sender":	true
			}
		}, {
			"streams":	[{
					"socket":	7,
					"start":	115.001099,
					"end":	116.001036,
					"seconds":	0.99993699789047241,
					"bytes":	651165696,
					"bits_per_second":	5209653787.1785,
					"retransmits":	31713,
					"snd_cwnd":	104807688,
					"snd_wnd":	82964480,
					"rtt":	58383,
					"rttvar":	353,
					"pmtu":	1500,
					"omitted":	false,
					"sender":	true
				}],
			"sum":	{
				"start":	115.001099,
				"end":	116.001036,
				"seconds":	0.99993699789047241,
				"bytes":	651165696,
				"bits_per_second":	5209653787.1785,
				"retransmits":	31713,
				"omitted":	false,
				"sender":	true
			}
		}, {
			"streams":	[{
					"socket":	7,
					"start":	116.001036,
					"end":	117.000098,
					"seconds":	0.99906200170516968,
					"bytes":	587988992,
					"bits_per_second":	4708328339.9543781,
					"retransmits":	81923,
					"snd_cwnd":	59876248,
					"snd_wnd":	141377536,
					"rtt":	58055,
					"rttvar":	77,
					"pmtu":	1500,
					"omitted":	false,
					"sender":	true
				}],
			"sum":	{
				"start":	116.001036,
				"end":	117.000098,
				"seconds":	0.99906200170516968,
				"bytes":	587988992,
				"bits_per_second":	4708328339.9543781,
				"retransmits":	81923,
				"omitted":	false,
				"sender":	true
			}
		}, {
			"streams":	[{
					"socket":	7,
					"start":	117.000098,
					"end":	118.001038,
					"seconds":	1.0009399652481079,
					"bytes":	683802624,
					"bits_per_second":	5465283815.14272,
					"retransmits":	53330,
					"snd_cwnd":	141203168,
					"snd_wnd":	43032576,
					"rtt":	57671,
					"rttvar":	159,
					"pmtu":	1500,
					"omitted":	false,
					"sender":	true
				}],
			"sum":	{
				"start":	117.000098,
				"end":	118.001038,
				"seconds":	1.0009399652481079,
				"bytes":	683802624,
				"bits_per_second":	5465283815.14272,
				"retransmits":	53330,
				"omitted":	false,
				"sender":	true
			}
		}, {
			"streams":	[{
					"socket":	7,
					"start":	118.001038,
					"end":	119.001035,
					"seconds":	0.99999701976776123,
					"bytes":	750780416,
					"bits_per_second":	6006261228.0533466,
					"retransmits":	46678,
					"snd_cwnd":	110939968,
					"snd_wnd":	141410304,
					"rtt":	58663,
					"rttvar":	2799,
					"pmtu":	1500,
					"omitted":	false,
					"sender":	true
				}],
			"sum":	{
				"start":	118.001038,
				"end":	119.001035,
				"seconds":	0.99999701976776123,
				"bytes":	750780416,
				"bits_per_second":	6006261228.0533466,
				"retransmits":	46678,
				"omitted":	false,
				"sender":	true
			}
		}, {
			"streams":	[{
					"socket":	7,
					"start":	119.001035,
					"end":	120.00103,
					"seconds":	0.999994993209839,
					"bytes":	617349120,
					"bits_per_second":	4938817687.623806,
					"retransmits":	76380,
					"snd_cwnd":	147310832,
					"snd_wnd":	140943360,
					"rtt":	58689,
					"rttvar":	137,
					"pmtu":	1500,
					"omitted":	false,
					"sender":	true
				}],
			"sum":	{
				"start":	119.001035,
				"end":	120.00103,
				"seconds":	0.999994993209839,
				"bytes":	617349120,
				"bits_per_second":	4938817687.623806,
				"retransmits":	76380,
				"omitted":	false,
				"sender":	true
			}
		}],
	"end":	{
		"streams":	[{
				"sender":	{
					"socket":	7,
					"start":	0,
					"end":	120.00103,
					"seconds":	120.00103,
					"bytes":	10536091648,
					"bits_per_second":	702400080.93263865,
					"retransmits":	773714,
					"max_snd_cwnd":	147310832,
					"max_snd_wnd":	141410304,
					"max_rtt":	61560,
					"min_rtt":	57272,
					"mean_rtt":	58684,
					"sender":	true
				},
				"receiver":	{
					"socket":	7,
					"start":	0,
					"end":	120.064055,
					"seconds":	120.00103,
					"bytes":	10340925440,
					"bits_per_second":	689027232.33860457,
					"sender":	true
				}
			}],
		"sum_sent":	{
			"start":	0,
			"end":	120.00103,
			"seconds":	120.00103,
			"bytes":	10536091648,
			"bits_per_second":	702400080.93263865,
			"retransmits":	773714,
			"sender":	true
		},
		"sum_received":	{
			"start":	0,
			"end":	120.064055,
			"seconds":	120.064055,
			"bytes":	10340925440,
			"bits_per_second":	689027232.33860457,
			"sender":	true
		},
		"cpu_utilization_percent":	{
			"host_total":	3.2856755113796177,
			"host_user":	0.025021497873230891,
			"host_system":	3.2606548450892863,
			"remote_total":	6.2116736960517471,
			"remote_user":	0.047093184787770255,
			"remote_system":	6.1645813441525341
		},
		"sender_tcp_congestion":	"bbr",
		"receiver_tcp_congestion":	"cubic"
	}
}
