{
	"start":	{
		"connected":	[{
				"socket":	7,
				"local_host":	"172.16.0.5",
				"local_port":	35852,
				"remote_host":	"172.17.0.5",
				"remote_port":	5201
			}],
		"version":	"iperf 3.16",
		"system_info":	"Linux h1 6.8.0-63-generic #66-Ubuntu SMP PREEMPT_DYNAMIC Fri Jun 13 20:25:30 UTC 2025 x86_64",
		"timestamp":	{
			"time":	"Sat, 31 Jan 2026 21:28:31 GMT",
			"timesecs":	1769894911
		},
		"connecting_to":	{
			"host":	"172.17.0.5",
			"port":	5201
		},
		"cookie":	"fvn2i2o67zlnciiatgzodqbi7332x3upaktb",
		"tcp_mss_default":	1448,
		"target_bitrate":	0,
		"fq_rate":	0,
		"sock_bufsize":	0,
		"sndbuf_actual":	1000000,
		"rcvbuf_actual":	1000000,
		"test_start":	{
			"protocol":	"TCP",
			"num_streams":	1,
			"blksize":	131072,
			"omit":	0,
			"duration":	120,
			"bytes":	0,
			"blocks":	0,
			"reverse":	0,
			"tos":	0,
			"target_bitrate":	0,
			"bidir":	0,
			"fqrate":	0
		}
	},
	"intervals":	[{
			"streams":	[{
					"socket":	7,
					"start":	0,
					"end":	1.000109,
					"seconds":	1.0001089572906494,
					"bytes":	289538048,
					"bits_per_second":	2316052033.2454543,
					"retransmits":	29706,
					"snd_cwnd":	96723504,
					"snd_wnd":	116953088,
					"rtt":	63998,
					"rttvar":	9840,
					"pmtu":	1500,
					"omitted":	false,
					"sender":	true
				}],
			"sum":	{
				"start":	0,
				"end":	1.000109,
				"seconds":	1.0001089572906494,
				"bytes":	289538048,
				"bits_per_second":	2316052033.2454543,
				"retransmits":	29706,
				"omitted":	false,
				"sender":	true
			}
		}, {
			"streams":	[{
					"socket":	7,
					"start":	1.000109,
					"end":	2.00013,
					"seconds":	1.0000209808349609,
					"bytes":	423493632,
					"bits_per_second":	3387877975.4913282,
					"retransmits":	41184,
					"snd_cwnd":	89425584,
					"snd_wnd":	141164544,
					"rtt":	58465,
					"rttvar":	219,
					"pmtu":	1500,
					"omitted":	false,
					"sender":	true
				}],
			"sum":	{
				"start":	1.000109,
				"end":	2.00013,
				"seconds":	1.0000209808349609,
				"bytes":	423493632,
				"bits_per_second":	3387877975.4913282,
				"retransmits":	41184,
				"omitted":	false,
				"sender":	true
			}
		}, {
			"streams":	[{
					"socket":	7,
					"start":	2.00013,
					"end":	3.000167,
					"seconds":	1.0000369548797607,
					"bytes":	410910720,
					"bits_per_second":	3287164283.2391591,
					"retransmits":	58335,
					"snd_cwnd":	90850416,
					"snd_wnd":	104140800,
					"rtt":	58219,
					"rttvar":	136,
					"pmtu":	1500,
					"omitted":	false,
					"sender":	true
				}],
			"sum":	{
				"start":	2.00013,
				"end":	3.000167,
				"seconds":	1.0000369548797607,
				"bytes":	410910720,
				"bits_per_second":	3287164283.2391591,
				"retransmits":	58335,
				"omitted":	false,
				"sender":	true
			}
		}, {
			"streams":	[{
					"socket":	7,
					"start":	3.000167,
					"end":	4.00107,
					"seconds":	1.0009030103683472,
					"bytes":	385744896,
					"bits_per_second":	3083175028.9814,
					"retransmits":	66435,
					"snd_cwnd":	74225928,
					"snd_wnd":	130043904,
					"rtt":	58944,
					"rttvar":	79,
					"pmtu":	1500,
					"omitted":	false,
					"sender":	true
				}],
			"sum":	{
				"start":	3.000167,
				"end":	4.00107,
				"seconds":	1.0009030103683472,
				"bytes":	385744896,
				"bits_per_second":	3083175028.9814,
				"retransmits":	66435,
				"omitted":	false,
				"sender":	true
			}
		}, {
			"streams":	[{
					"socket":	7,
					"start":	4.00107,
					"end":	5.001065,
					"seconds":	0.999994993209839,
					"bytes":	336330752,
					"bits_per_second":	2690659487.5674491,
					"retransmits":	60743,
					"snd_cwnd":	48487728,
					"snd_wnd":	106557440,
					"rtt":	58643,
					"rttvar":	244,
					"pmtu":	1500,
					"omitted":	false,
					"sender":	true
				}],
			"sum":	{
				"start":	4.00107,
				"end":	5.001065,
				"seconds":	0.999994993209839,
				"bytes":	336330752,
				"bits_per_second":	2690659487.5674491,
				"retransmits":	60743,
				"omitted":	false,
				"sender":	true
			}
		}, {
			"streams":	[{
					"socket":	7,
					"start":	5.001065,
					"end":	6.000705,
					"seconds":	0.99963998794555664,
					"bytes":	251265024,
					"bits_per_second":	2010844120.1228509,
					"retransmits":	49567,
					"snd_cwnd":	47491504,
					"snd_wnd":	100319232,
					"rtt":	59561,
					"rttvar":	1524,
					"pmtu":	1500,
					"omitted":	false,
					"sender":	true
				}],
			"sum":	{
				"start":	5.001065,
				"end":	6.000705,
				"seconds":	0.99963998794555664,
				"bytes":	251265024,
				"bits_per_second":	2010844120.1228509,
				"retransmits":	49567,
				"omitted":	false,
				"sender":	true
			}
		}, {
			"streams":	[{
					"socket":	7,
					"start":	6.000705,
					"end":	7.000088,
					"seconds":	0.999382972717285,
					"bytes":	338558976,
					"bits_per_second":	2710144040.8132687,
					"retransmits":	36399,
					"snd_cwnd":	49145120,
					"snd_wnd":	96849920,
					"rtt":	58206,
					"rttvar":	384,
					"pmtu":	1500,
					"omitted":	false,
					"sender":	true
				}],
			"sum":	{
				"start":	6.000705,
				"end":	7.000088,
				"seconds":	0.999382972717285,
				"bytes":	338558976,
				"bits_per_second":	2710144040.8132687,
				"retransmits":	36399,
				"omitted":	false,
				"sender":	true
			}
		}, {
			"streams":	[{
					"socket":	7,
					"start":	7.000088,
					"end":	8.000291,
					"seconds":	1.000203013420105,
					"bytes":	357433344,
					"bits_per_second":	2858886359.7024255,
					"retransmits":	28637,
					"snd_cwnd":	56159232,
					"snd_wnd":	119201792,
					"rtt":	58829,
					"rttvar":	194,
					"pmtu":	1500,
					"omitted":	false,
					"sender":	true
				}],
			"sum":	{
				"start":	7.000088,
				"end":	8.000291,
				"seconds":	1.000203013420105,
				"bytes":	357433344,
				"bits_per_second":	2858886359.7024255,
				"retransmits":	28637,
				"omitted":	false,
				"sender":	true
			}
		}, {
			"streams":	[{
					"socket":	7,
					"start":	8.000291,
					"end":	9.001051,
					"seconds":	1.0007599592208862,
					"bytes":	273809408,
					"bits_per_second":	2188811856.24706,
					"retransmits":	32875,
					"snd_cwnd":	43412488,
					"snd_wnd":	137637888,
					"rtt":	58361,
					"rttvar":	501,
					"pmtu":	1500,
					"omitted":	false,
					"sender":	true
				}],
			"sum":	{
				"start":	8.000291,
				"end":	9.001051,
				"seconds":	1.0007599592208862,
				"bytes":	273809408,
				"bits_per_second":	2188811856.24706,
				"retransmits":	32875,
				"omitted":	false,
				"sender":	true
			}
		}, {
			"streams":	[{
					"socket":	7,
					"start":	9.001051,
					"end":	10.00028,
					"seconds":	0.99922901391983032,
					"bytes":	354942976,
					"bits_per_second":	2841734745.9326487,
					"retransmits":	31799,
					"snd_cwnd":	58305168,
					"snd_wnd":	107929600,
					"rtt":	58794,
					"rttvar":	172,
					"pmtu":	1500,
					"omitted":	false,
					"sender":	true
				}],
			"sum":	{
				"start":	9.001051,
				"end":	10.00028,
				"seconds":	0.99922901391983032,
				"bytes":	354942976,
				"bits_per_second":	2841734745.9326487,
				"retransmits":	31799,
				"omitted":	false,
				"sender":	true
			}
		}, {
			"streams":	[{
					"socket":	7,
					"start":	10.00028,
					"end":	11.001058,
					"seconds":	1.0007779598236084,
					"bytes":	420741120,
					"bits_per_second":	3363312438.0489554,
					"retransmits":	21208,
					"snd_cwnd":	5792,
					"snd_wnd":	115249152,
					"rtt":	58481,
					"rttvar":	242,
					"pmtu":	1500,
					"omitted":	false,
					"sender":	true
				}],
			"sum":	{
				"start":	10.00028,
				"end":	11.001058,
				"seconds":	1.0007779598236084,
				"bytes":	420741120,
				"bits_per_second":	3363312438.0489554,
				"retransmits":	21208,
				"omitted":	false,
				"sender":	true
			}
		}, {
			"streams":	[{
					"socket":	7,
					"start":	11.001058,
					"end":	12.000325,
					"seconds":	0.99926698207855225,
					"bytes":	242352128,
					"bits_per_second":	1940239254.1451848,
					"retransmits":	25905,
					"snd_cwnd":	65481456,
					"snd_wnd":	98873344,
					"rtt":	58012,
					"rttvar":	192,
					"pmtu":	1500,
					"omitted":	false,
					"sender":	true
				}],
			"sum":	{
				"start":	11.001058,
				"end":	12.000325,
				"seconds":	0.99926698207855225,
				"bytes":	242352128,
				"bits_per_second":	1940239254.1451848,
				"retransmits":	25905,
				"omitted":	false,
				"sender":	true
			}
		}, {
			"streams":	[{
					"socket":	7,
					"start":	12.000325,
					"end":	13.000134,
					"seconds":	0.99980902671813965,
					"bytes":	318242816,
					"bits_per_second":	2546428827.8702822,
					"retransmits":	34755,
					"snd_cwnd":	56390912,
					"snd_wnd":	122392576,
					"rtt":	59281,
					"rttvar":	793,
					"pmtu":	1500,
					"omitted":	false,
					"sender":	true
				}],
			"sum":	{
				"start":	12.000325,
				"end":	13.000134,
				"seconds":	0.99980902671813965,
				"bytes":	318242816,
				"bits_per_second":	2546428827.8702822,
				"retransmits":	34755,
				"omitted":	false,
				"sender":	true
			}
		}, {
			"streams":	[{
					"socket":	7,
					"start":	13.000134,
					"end":	14.000117,
					"seconds":	0.999983012676239,
					"bytes":	364511232,
					"bits_per_second":	2916139393.4040079,
					"retransmits":	33488,
					"snd_cwnd":	48791808,
					"snd_wnd":	121503744,
					"rtt":	58615,
					"rttvar":	113,
					"pmtu":	1500,
					"omitted":	false,
					"sender":	true
				}],
			"sum":	{
				"start":	13.000134,
				"end":	14.000117,
				"seconds":	0.999983012676239,
				"bytes":	364511232,
				"bits_per_second":	2916139393.4040079,
				"retransmits":	33488,
				"omitted":	false,
				"sender":	true
			}
		}, {
			"streams":	[{
					"socket":	7,
					"start":	14.000117,
					"end":	15.000462,
					"seconds":	1.00034499168396,
					"bytes":	340131840,
					"bits_per_second":	2720116302.4962349,
					"retransmits":	33404,
					"snd_cwnd":	50346960,
					"snd_wnd":	96198656,
					"rtt":	59094,
					"rttvar":	2831,
					"pmtu":	1500,
					"omitted":	false,
					"sender":	true
				}],
			"sum":	{
				"start":	14.000117,
				"end":	15.000462,
				"seconds":	1.00034499168396,
				"bytes":	340131840,
				"bits_per_second":	2720116302.4962349,
				"retransmits":	33404,
				"omitted":	false,
				"sender":	true
			}
		}, {
			"streams":	[{
					"socket":	7,
					"start":	15.000462,
					"end":	16.001052,
					"seconds":	1.0005899667739868,
					"bytes":	272105472,
					"bits_per_second":	2175560267.7272348,
					"retransmits":	32238,
					"snd_cwnd":	56341680,
					"snd_wnd":	89849856,
					"rtt":	57993,
					"rttvar":	527,
					"pmtu":	1500,
					"omitted":	false,
					"sender":	true
				}],
			"sum":	{
				"start":	15.000462,
				"end":	16.001052,
				"seconds":	1.0005899667739868,
				"bytes":	272105472,
				"bits_per_second":	2175560267.7272348,
				"retransmits":	32238,
				"omitted":	false,
				"sender":	true
			}
		}, {
			"streams":	[{
					"socket":	7,
					"start":	16.001052,
					"end":	17.000083,
					"seconds":	0.99903100728988647,
					"bytes":	338296832,
					"bits_per_second":	2708999656.9192548,
					"retransmits":	26864,
					"snd_cwnd":	52872272,
					"snd_wnd":	97353728,
					"rtt":	58784,
					"rttvar":	275,
					"pmtu":	1500,
					"omitted":	false,
					"sender":	true
				}],
			"sum":	{
				"start":	16.001052,
				"end":	17.000083,
				"seconds":	0.99903100728988647,
				"bytes":	338296832,
				"bits_per_second":	2708999656.9192548,
				"retransmits":	26864,
				"omitted":	false,
				"sender":	true
			}
		}, {
			"streams":	[{
					"socket":	7,
					"start":	17.000083,
					"end":	18.000157,
					"seconds":	1.000074028968811,
					"bytes":	390987776,
					"bits_per_second":	3127670669.7655368,
					"retransmits":	32923,
					"snd_cwnd":	65177376,
					"snd_wnd":	104423424,
					"rtt":	58521,
					"rttvar":	91,
					"pmtu":	1500,
					"omitted":	false,
					"sender":	true
				}],
			"sum":	{
				"start":	17.000083,
				"end":	18.000157,
				"seconds":	1.000074028968811,
				"bytes":	390987776,
				"bits_per_second":	3127670669.7655368,
				"retransmits":	32923,
				"omitted":	false,
				"sender":	true
			}
		}, {
			"streams":	[{
					"socket":	7,
					"start":	18.000157,
					"end":	19.000468,
					"seconds":	1.000311017036438,
					"bytes":	359661568,
					"bits_per_second":	2876397935.2385659,
					"retransmits":	46471,
					"snd_cwnd":	60633552,
					"snd_wnd":	112201728,
					"rtt":	58510,
					"rttvar":	300,
					"pmtu":	1500,
					"omitted":	false,
					"sender":	true
				}],
			"sum":	{
				"start":	18.000157,
				"end":	19.000468,
				"seconds":	1.000311017036438,
				"bytes":	359661568,
				"bits_per_second":	2876397935.2385659,
				"retransmits":	46471,
				"omitted":	false,
				"sender":	true
			}
		}, {
			"streams":	[{
					"socket":	7,
					"start":	19.000468,
					"end":	20.000293,
					"seconds":	0.99982500076293945,
					"bytes":	332267520,
					"bits_per_second":	2658605413.9190807,
					"retransmits":	24057,
					"snd_cwnd":	55339664,
					"snd_wnd":	119279616,
					"rtt":	58711,
					"rttvar":	310,
					"pmtu":	1500,
					"omitted":	false,
					"sender":	true
				}],
			"sum":	{
				"start":	19.000468,
				"end":	20.000293,
				"seconds":	0.99982500076293945,
				"bytes":	332267520,
				"bits_per_second":	2658605413.9190807,
				"retransmits":	24057,
				"omitted":	false,
				"sender":	true
			}
		}, {
			"streams":	[{
					"socket":	7,
					"start":	20.000293,
					"end":	21.000126,
					"seconds":	0.99983298778533936,
					"bytes":	325058560,
					"bits_per_second":	2600902862.5471911,
					"retransmits":	41114,
					"snd_cwnd":	53109744,
					"snd_wnd":	80412672,
					"rtt":	58425,
					"rttvar":	252,
					"pmtu":	1500,
					"omitted":	false,
					"sender":	true
				}],
			"sum":	{
				"start":	20.000293,
				"end":	21.000126,
				"seconds":	0.99983298778533936,
				"bytes":	325058560,
				"bits_per_second":	2600902862.5471911,
				"retransmits":	41114,
				"omitted":	false,
				"sender":	true
			}
		}, {
			"streams":	[{
					"socket":	7,
					"start":	21.000126,
					"end":	22.000222,
					"seconds":	1.0000959634780884,
					"bytes":	222822400,
					"bits_per_second":	1782408153.9141774,
					"retransmits":	25262,
					"snd_cwnd":	49139328,
					"snd_wnd":	95821824,
					"rtt":	58485,
					"rttvar":	231,
					"pmtu":	1500,
					"omitted":	false,
					"sender":	true
				}],
			"sum":	{
				"start":	21.000126,
				"end":	22.000222,
				"seconds":	1.0000959634780884,
				"bytes":	222822400,
				"bits_per_second":	1782408153.9141774,
				"retransmits":	25262,
				"omitted":	false,
				"sender":	true
			}
		}, {
			"streams":	[{
					"socket":	7,
					"start":	22.000222,
					"end":	23.002279,
					"seconds":	1.0020569562911987,
					"bytes":	341835776,
					"bits_per_second":	2729072624.8950839,
					"retransmits":	24549,
					"snd_cwnd":	59210168,
					"snd_wnd":	115023872,
					"rtt":	58325,
					"rttvar":	59,
					"pmtu":	1500,
					"omitted":	false,
					"sender":	true
				}],
			"sum":	{
				"start":	22.000222,
				"end":	23.002279,
				"seconds":	1.0020569562911987,
				"bytes":	341835776,
				"bits_per_second":	2729072624.8950839,
				"retransmits":	24549,
				"omitted":	false,
				"sender":	true
			}
		}, {
			"streams":	[{
					"socket":	7,
					"start":	23.002279,
					"end":	24.000106,
					"seconds":	0.99782699346542358,
					"bytes":	363331584,
					"bits_per_second":	2912982602.2297525,
					"retransmits":	39719,
					"snd_cwnd":	42881072,
					"snd_wnd":	121528320,
					"rtt":	59068,
					"rttvar":	367,
					"pmtu":	1500,
					"omitted":	false,
					"sender":	true
				}],
			"sum":	{
				"start":	23.002279,
				"end":	24.000106,
				"seconds":	0.99782699346542358,
				"bytes":	363331584,
				"bits_per_second":	2912982602.2297525,
				"retransmits":	39719,
				"omitted":	false,
				"sender":	true
			}
		}, {
			"streams":	[{
					"socket":	7,
					"start":	24.000106,
					"end":	25.001365,
					"seconds":	1.0012589693069458,
					"bytes":	256770048,
					"bits_per_second":	2051577510.882978,
					"retransmits":	25212,
					"snd_cwnd":	43083792,
					"snd_wnd":	121733120,
					"rtt":	58272,
					"rttvar":	181,
					"pmtu":	1500,
					"omitted":	false,
					"sender":	true
				}],
			"sum":	{
				"start":	24.000106,
				"end":	25.001365,
				"seconds":	1.0012589693069458,
				"bytes":	256770048,
				"bits_per_second":	2051577510.882978,
				"retransmits":	25212,
				"omitted":	false,
				"sender":	true
			}
		}, {
			"streams":	[{
					"socket":	7,
					"start":	25.001365,
					"end":	26.00109,
					"seconds":	0.99972498416900635,
					"bytes":	374079488,
					"bits_per_second":	2993459152.6564136,
					"retransmits":	27683,
					"snd_cwnd":	43292304,
					"snd_wnd":	112500736,
					"rtt":	57735,
					"rttvar":	444,
					"pmtu":	1500,
					"omitted":	false,
					"sender":	true
				}],
			"sum":	{
				"start":	25.001365,
				"end":	26.00109,
				"seconds":	0.99972498416900635,
				"bytes":	374079488,
				"bits_per_second":	2993459152.6564136,
				"retransmits":	27683,
				"omitted":	false,
				"sender":	true
			}
		}, {
			"streams":	[{
					"socket":	7,
					"start":	26.00109,
					"end":	27.001083,
					"seconds":	0.99999302625656128,
					"bytes":	225574912,
					"bits_per_second":	1804611880.9002638,
					"retransmits":	37549,
					"snd_cwnd":	41644480,
					"snd_wnd":	108630016,
					"rtt":	59103,
					"rttvar":	208,
					"pmtu":	1500,
					"omitted":	false,
					"sender":	true
				}],
			"sum":	{
				"start":	26.00109,
				"end":	27.001083,
				"seconds":	0.99999302625656128,
				"bytes":	225574912,
				"bits_per_second":	1804611880.9002638,
				"retransmits":	37549,
				"omitted":	false,
				"sender":	true
			}
		}, {
			"streams":	[{
					"socket":	7,
					"start":	27.001083,
					"end":	28.001117,
					"seconds":	1.000033974647522,
					"bytes":	268304384,
					"bits_per_second":	2146362150.1024957,
					"retransmits":	30105,
					"snd_cwnd":	30697600,
					"snd_wnd":	122691584,
					"rtt":	58823,
					"rttvar":	192,
					"pmtu":	1500,
					"omitted":	false,
					"sender":	true
				}],
			"sum":	{
				"start":	27.001083,
				"end":	28.001117,
				"seconds":	1.000033974647522,
				"bytes":	268304384,
				"bits_per_second":	2146362150.1024957,
				"retransmits":	30105,
				"omitted":	false,
				"sender":	true
			}
		}, {
			"streams":	[{
					"socket":	7,
					"start":	28.001117,
					"end":	29.001068,
					"seconds":	0.99995100498199463,
					"bytes":	251133952,
					"bits_per_second":	2009170055.3230364,
					"retransmits":	21141,
					"snd_cwnd":	30630992,
					"snd_wnd":	123260928,
					"rtt":	58834,
					"rttvar":	452,
					"pmtu":	1500,
					"omitted":	false,
					"sender":	true
				}],
			"sum":	{
				"start":	28.001117,
				"end":	29.001068,
				"seconds":	0.99995100498199463,
				"bytes":	251133952,
				"bits_per_second":	2009170055.3230364,
				"retransmits":	21141,
				"omitted":	false,
				"sender":	true
			}
		}, {
			"streams":	[{
					"socket":	7,
					"start":	29.001068,
					"end":	30.00018,
					"seconds":	0.99911201000213623,
					"bytes":	221249536,
					"bits_per_second":	1771569423.92897,
					"retransmits":	14689,
					"snd_cwnd":	30998784,
					"snd_wnd":	136794112,
					"rtt":	58540,
					"rttvar":	79,
					"pmtu":	1500,
					"omitted":	false,
					"sender":	true
				}],
			"sum":	{
				"start":	29.001068,
				"end":	30.00018,
				"seconds":	0.99911201000213623,
				"bytes":	221249536,
				"bits_per_second":	1771569423.92897,
				"retransmits":	14689,
				"omitted":	false,
				"sender":	true
			}
		}, {
			"streams":	[{
					"socket":	7,
					"start":	30.00018,
					"end":	31.000915,
					"seconds":	1.00073504447937,
					"bytes":	263192576,
					"bits_per_second":	2103994078.7677743,
					"retransmits":	16129,
					"snd_cwnd":	42643600,
					"snd_wnd":	116256768,
					"rtt":	58792,
					"rttvar":	196,
					"pmtu":	1500,
					"omitted":	false,
					"sender":	true
				}],
			"sum":	{
				"start":	30.00018,
				"end":	31.000915,
				"seconds":	1.00073504447937,
				"bytes":	263192576,
				"bits_per_second":	2103994078.7677743,
				"retransmits":	16129,
				"omitted":	false,
				"sender":	true
			}
		}, {
			"streams":	[{
					"socket":	7,
					"start":	31.000915,
					"end":	32.000155,
					"seconds":	0.999239981174469,
					"bytes":	220463104,
					"bits_per_second":	1765046300.41625,
					"retransmits":	19254,
					"snd_cwnd":	39472480,
					"snd_wnd":	139272192,
					"rtt":	57559,
					"rttvar":	392,
					"pmtu":	1500,
					"omitted":	false,
					"sender":	true
				}],
			"sum":	{
				"start":	31.000915,
				"end":	32.000155,
				"seconds":	0.999239981174469,
				"bytes":	220463104,
				"bits_per_second":	1765046300.41625,
				"retransmits":	19254,
				"omitted":	false,
				"sender":	true
			}
		}, {
			"streams":	[{
					"socket":	7,
					"start":	32.000155,
					"end":	33.000125,
					"seconds":	0.999970018863678,
					"bytes":	262012928,
					"bits_per_second":	2096166269.4466779,
					"retransmits":	37802,
					"snd_cwnd":	46732752,
					"snd_wnd":	104755200,
					"rtt":	58443,
					"rttvar":	257,
					"pmtu":	1500,
					"omitted":	false,
					"sender":	true
				}],
			"sum":	{
				"start":	32.000155,
				"end":	33.000125,
				"seconds":	0.999970018863678,
				"bytes":	262012928,
				"bits_per_second":	2096166269.4466779,
				"retransmits":	37802,
				"omitted":	false,
				"sender":	true
			}
		}, {
			"streams":	[{
					"socket":	7,
					"start":	33.000125,
					"end":	34.000393,
					"seconds":	1.00026798248291,
					"bytes":	334888960,
					"bits_per_second":	2678393917.3478179,
					"retransmits":	33121,
					"snd_cwnd":	48256048,
					"snd_wnd":	73916416,
					"rtt":	58317,
					"rttvar":	1348,
					"pmtu":	1500,
					"omitted":	false,
					"sender":	true
				}],
			"sum":	{
				"start":	33.000125,
				"end":	34.000393,
				"seconds":	1.00026798248291,
				"bytes":	334888960,
				"bits_per_second":	2678393917.3478179,
				"retransmits":	33121,
				"omitted":	false,
				"sender":	true
			}
		}, {
			"streams":	[{
					"socket":	7,
					"start":	34.000393,
					"end":	35.000105,
					"seconds":	0.99971199035644531,
					"bytes":	336723968,
					"bits_per_second":	2694567805.5132,
					"retransmits":	32800,
					"snd_cwnd":	45438240,
					"snd_wnd":	114868224,
					"rtt":	58296,
					"rttvar":	225,
					"pmtu":	1500,
					"omitted":	false,
					"sender":	true
				}],
			"sum":	{
				"start":	34.000393,
				"end":	35.000105,
				"seconds":	0.99971199035644531,
				"bytes":	336723968,
				"bits_per_second":	2694567805.5132,
				"retransmits":	32800,
				"omitted":	false,
				"sender":	true
			}
		}, {
			"streams":	[{
					"socket":	7,
					"start":	35.000105,
					"end":	36.000441,
					"seconds":	1.0003360509872437,
					"bytes":	225574912,
					"bits_per_second":	1803993062.3504164,
					"retransmits":	33797,
					"snd_cwnd":	43596384,
					"snd_wnd":	98091008,
					"rtt":	59002,
					"rttvar":	221,
					"pmtu":	1500,
					"omitted":	false,
					"sender":	true
				}],
			"sum":	{
				"start":	35.000105,
				"end":	36.000441,
				"seconds":	1.0003360509872437,
				"bytes":	225574912,
				"bits_per_second":	1803993062.3504164,
				"retransmits":	33797,
				"omitted":	false,
				"sender":	true
			}
		}, {
			"streams":	[{
					"socket":	7,
					"start":	36.000441,
					"end":	37.000338,
					"seconds":	0.999897003173828,
					"bytes":	317980672,
					"bits_per_second":	2544107410.9887724,
					"retransmits":	25074,
					"snd_cwnd":	50572848,
					"snd_wnd":	61755392,
					"rtt":	59316,
					"rttvar":	1380,
					"pmtu":	1500,
					"omitted":	false,
					"sender":	true
				}],
			"sum":	{
				"start":	36.000441,
				"end":	37.000338,
				"seconds":	0.999897003173828,
				"bytes":	317980672,
				"bits_per_second":	2544107410.9887724,
				"retransmits":	25074,
				"omitted":	false,
				"sender":	true
			}
		}, {
			"streams":	[{
					"socket":	7,
					"start":	37.000338,
					"end":	38.000131,
					"seconds":	0.999792993068695,
					"bytes":	447348736,
					"bits_per_second":	3579530875.70209,
					"retransmits":	26646,
					"snd_cwnd":	54717024,
					"snd_wnd":	116920320,
					"rtt":	58849,
					"rttvar":	191,
					"pmtu":	1500,
					"omitted":	false,
					"sender":	true
				}],
			"sum":	{
				"start":	37.000338,
				"end":	38.000131,
				"seconds":	0.999792993068695,
				"bytes":	447348736,
				"bits_per_second":	3579530875.70209,
				"retransmits":	26646,
				"omitted":	false,
				"sender":	true
			}
		}, {
			"streams":	[{
					"socket":	7,
					"start":	38.000131,
					"end":	39.00011,
					"seconds":	0.999979019165039,
					"bytes":	314179584,
					"bits_per_second":	2513489407.1064267,
					"retransmits":	31898,
					"snd_cwnd":	60655272,
					"snd_wnd":	94818304,
					"rtt":	58497,
					"rttvar":	433,
					"pmtu":	1500,
					"omitted":	false,
					"sender":	true
				}],
			"sum":	{
				"start":	38.000131,
				"end":	39.00011,
				"seconds":	0.999979019165039,
				"bytes":	314179584,
				"bits_per_second":	2513489407.1064267,
				"retransmits":	31898,
				"omitted":	false,
				"sender":	true
			}
		}, {
			"streams":	[{
					"socket":	7,
					"start":	39.00011,
					"end":	40.000218,
					"seconds":	1.000108003616333,
					"bytes":	399638528,
					"bits_per_second":	3196762962.03954,
					"retransmits":	46997,
					"snd_cwnd":	68000976,
					"snd_wnd":	85278720,
					"rtt":	58175,
					"rttvar":	330,
					"pmtu":	1500,
					"omitted":	false,
					"sender":	true
				}],
			"sum":	{
				"start":	39.00011,
				"end":	40.000218,
				"seconds":	1.000108003616333,
				"bytes":	399638528,
				"bits_per_second":	3196762962.03954,
				"retransmits":	46997,
				"omitted":	false,
				"sender":	true
			}
		}, {
			"streams":	[{
					"socket":	7,
					"start":	40.000218,
					"end":	41.000124,
					"seconds":	0.99990600347518921,
					"bytes":	381288448,
					"bits_per_second":	3050594329.2655582,
					"retransmits":	53164,
					"snd_cwnd":	51343184,
					"snd_wnd":	102055936,
					"rtt":	58596,
					"rttvar":	348,
					"pmtu":	1500,
					"omitted":	false,
					"sender":	true
				}],
			"sum":	{
				"start":	40.000218,
				"end":	41.000124,
				"seconds":	0.99990600347518921,
				"bytes":	381288448,
				"bits_per_second":	3050594329.2655582,
				"retransmits":	53164,
				"omitted":	false,
				"sender":	true
			}
		}, {
			"streams":	[{
					"socket":	7,
					"start":	41.000124,
					"end":	42.000165,
					"seconds":	1.0000410079956055,
					"bytes":	344326144,
					"bits_per_second":	2754496195.6321144,
					"retransmits":	24981,
					"snd_cwnd":	5792,
					"snd_wnd":	140201984,
					"rtt":	58655,
					"rttvar":	166,
					"pmtu":	1500,
					"omitted":	false,
					"sender":	true
				}],
			"sum":	{
				"start":	41.000124,
				"end":	42.000165,
				"seconds":	1.0000410079956055,
				"bytes":	344326144,
				"bits_per_second":	2754496195.6321144,
				"retransmits":	24981,
				"omitted":	false,
				"sender":	true
			}
		}, {
			"streams":	[{
					"socket":	7,
					"start":	42.000165,
					"end":	43.000127,
					"seconds":	0.9999619722366333,
					"bytes":	166068224,
					"bits_per_second":	1328596315.5462976,
					"retransmits":	19259,
					"snd_cwnd":	47103440,
					"snd_wnd":	109342720,
					"rtt":	58674,
					"rttvar":	447,
					"pmtu":	1500,
					"omitted":	false,
					"sender":	true
				}],
			"sum":	{
				"start":	42.000165,
				"end":	43.000127,
				"seconds":	0.9999619722366333,
				"bytes":	166068224,
				"bits_per_second":	1328596315.5462976,
				"retransmits":	19259,
				"omitted":	false,
				"sender":	true
			}
		}, {
			"streams":	[{
					"socket":	7,
					"start":	43.000127,
					"end":	44.000175,
					"seconds":	1.000048041343689,
					"bytes":	327024640,
					"bits_per_second":	2616071440.412816,
					"retransmits":	22986,
					"snd_cwnd":	47297472,
					"snd_wnd":	106287104,
					"rtt":	58713,
					"rttvar":	238,
					"pmtu":	1500,
					"omitted":	false,
					"sender":	true
				}],
			"sum":	{
				"start":	43.000127,
				"end":	44.000175,
				"seconds":	1.000048041343689,
				"bytes":	327024640,
				"bits_per_second":	2616071440.412816,
				"retransmits":	22986,
				"omitted":	false,
				"sender":	true
			}
		}, {
			"streams":	[{
					"socket":	7,
					"start":	44.000175,
					"end":	45.00046,
					"seconds":	1.0002850294113159,
					"bytes":	425066496,
					"bits_per_second":	3399562992.5614986,
					"retransmits":	22208,
					"snd_cwnd":	54360816,
					"snd_wnd":	101629952,
					"rtt":	58021,
					"rttvar":	490,
					"pmtu":	1500,
					"omitted":	false,
					"sender":	true
				}],
			"sum":	{
				"start":	44.000175,
				"end":	45.00046,
				"seconds":	1.0002850294113159,
				"bytes":	425066496,
				"bits_per_second":	3399562992.5614986,
				"retransmits":	22208,
				"omitted":	false,
				"sender":	true
			}
		}, {
			"streams":	[{
					"socket":	7,
					"start":	45.00046,
					"end":	46.000133,
					"seconds":	0.99967300891876221,
					"bytes":	389939200,
					"bits_per_second":	3120533986.7823772,
					"retransmits":	23330,
					"snd_cwnd":	71884512,
					"snd_wnd":	77443072,
					"rtt":	58767,
					"rttvar":	2236,
					"pmtu":	1500,
					"omitted":	false,
					"sender":	true
				}],
			"sum":	{
				"start":	45.00046,
				"end":	46.000133,
				"seconds":	0.99967300891876221,
				"bytes":	389939200,
				"bits_per_second":	3120533986.7823772,
				"retransmits":	23330,
				"omitted":	false,
				"sender":	true
			}
		}, {
			"streams":	[{
					"socket":	7,
					"start":	46.000133,
					"end":	47.000125,
					"seconds":	0.9999920129776,
					"bytes":	400949248,
					"bits_per_second":	3207619603.3296223,
					"retransmits":	58612,
					"snd_cwnd":	28606688,
					"snd_wnd":	141201408,
					"rtt":	58397,
					"rttvar":	219,
					"pmtu":	1500,
					"omitted":	false,
					"sender":	true
				}],
			"sum":	{
				"start":	46.000133,
				"end":	47.000125,
				"seconds":	0.9999920129776,
				"bytes":	400949248,
				"bits_per_second":	3207619603.3296223,
				"retransmits":	58612,
				"omitted":	false,
				"sender":	true
			}
		}, {
			"streams":	[{
					"socket":	7,
					"start":	47.000125,
					"end":	48.00013,
					"seconds":	1.0000050067901611,
					"bytes":	258342912,
					"bits_per_second":	2066732948.3018088,
					"retransmits":	18619,
					"snd_cwnd":	35244320,
					"snd_wnd":	119525376,
					"rtt":	58861,
					"rttvar":	291,
					"pmtu":	1500,
					"omitted":	false,
					"sender":	true
				}],
			"sum":	{
				"start":	47.000125,
				"end":	48.00013,
				"seconds":	1.0000050067901611,
				"bytes":	258342912,
				"bits_per_second":	2066732948.3018088,
				"retransmits":	18619,
				"omitted":	false,
				"sender":	true
			}
		}, {
			"streams":	[{
					"socket":	7,
					"start":	48.00013,
					"end":	49.000149,
					"seconds":	1.0000189542770386,
					"bytes":	248119296,
					"bits_per_second":	1984916745.3381104,
					"retransmits":	16396,
					"snd_cwnd":	35053184,
					"snd_wnd":	116494336,
					"rtt":	58028,
					"rttvar":	309,
					"pmtu":	1500,
					"omitted":	false,
					"sender":	true
				}],
			"sum":	{
				"start":	48.00013,
				"end":	49.000149,
				"seconds":	1.0000189542770386,
				"bytes":	248119296,
				"bits_per_second":	1984916745.3381104,
				"retransmits":	16396,
				"omitted":	false,
				"sender":	true
			}
		}, {
			"streams":	[{
					"socket":	7,
					"start":	49.000149,
					"end":	50.000119,
					"seconds":	0.999970018863678,
					"bytes":	239206400,
					"bits_per_second":	1913708575.1576724,
					"retransmits":	17975,
					"snd_cwnd":	37306272,
					"snd_wnd":	122920960,
					"rtt":	58425,
					"rttvar":	299,
					"pmtu":	1500,
					"omitted":	false,
					"sender":	true
				}],
			"sum":	{
				"start":	49.000149,
				"end":	50.000119,
				"seconds":	0.999970018863678,
				"bytes":	239206400,
				"bits_per_second":	1913708575.1576724,
				"retransmits":	17975,
				"omitted":	false,
				"sender":	true
			}
		}, {
			"streams":	[{
					"socket":	7,
					"start":	50.000119,
					"end":	51.000218,
					"seconds":	1.0000989437103271,
					"bytes":	264241152,
					"bits_per_second":	2113720076.6930189,
					"retransmits":	22800,
					"snd_cwnd":	41085552,
					"snd_wnd":	116363264,
					"rtt":	58340,
					"rttvar":	317,
					"pmtu":	1500,
					"omitted":	false,
					"sender":	true
				}],
			"sum":	{
				"start":	50.000119,
				"end":	51.000218,
				"seconds":	1.0000989437103271,
				"bytes":	264241152,
				"bits_per_second":	2113720076.6930189,
				"retransmits":	22800,
				"omitted":	false,
				"sender":	true
			}
		}, {
			"streams":	[{
					"socket":	7,
					"start":	51.000218,
					"end":	52.000285,
					"seconds":	1.0000669956207275,
					"bytes":	354942976,
					"bits_per_second":	2839353583.7441921,
					"retransmits":	35880,
					"snd_cwnd":	41693712,
					"snd_wnd":	131846144,
					"rtt":	58598,
					"rttvar":	239,
					"pmtu":	1500,
					"omitted":	false,
					"sender":	true
				}],
			"sum":	{
				"start":	51.000218,
				"end":	52.000285,
				"seconds":	1.0000669956207275,
				"bytes":	354942976,
				"bits_per_second":	2839353583.7441921,
				"retransmits":	35880,
				"omitted":	false,
				"sender":	true
			}
		}, {
			"streams":	[{
					"socket":	7,
					"start":	52.000285,
					"end":	53.000198,
					"seconds":	0.999912977218628,
					"bytes":	178651136,
					"bits_per_second":	1429333472.5742917,
					"retransmits":	14194,
					"snd_cwnd":	19300392,
					"snd_wnd":	141135872,
					"rtt":	58499,
					"rttvar":	74,
					"pmtu":	1500,
					"omitted":	false,
					"sender":	true
				}],
			"sum":	{
				"start":	52.000285,
				"end":	53.000198,
				"seconds":	0.999912977218628,
				"bytes":	178651136,
				"bits_per_second":	1429333472.5742917,
				"retransmits":	14194,
				"omitted":	false,
				"sender":	true
			}
		}, {
			"streams":	[{
					"socket":	7,
					"start":	53.000198,
					"end":	54.001399,
					"seconds":	1.0012010335922241,
					"bytes":	230293504,
					"bits_per_second":	1840137964.49032,
					"retransmits":	31566,
					"snd_cwnd":	47975136,
					"snd_wnd":	80056320,
					"rtt":	58176,
					"rttvar":	615,
					"pmtu":	1500,
					"omitted":	false,
					"sender":	true
				}],
			"sum":	{
				"start":	53.000198,
				"end":	54.001399,
				"seconds":	1.0012010335922241,
				"bytes":	230293504,
				"bits_per_second":	1840137964.49032,
				"retransmits":	31566,
				"omitted":	false,
				"sender":	true
			}
		}, {
			"streams":	[{
					"socket":	7,
					"start":	54.001399,
					"end":	55.000814,
					"seconds":	0.99941498041152954,
					"bytes":	379584512,
					"bits_per_second":	3038453650.9044385,
					"retransmits":	39969,
					"snd_cwnd":	39263968,
					"snd_wnd":	113897472,
					"rtt":	58429,
					"rttvar":	503,
					"pmtu":	1500,
					"omitted":	false,
					"sender":	true
				}],
			"sum":	{
				"start":	54.001399,
				"end":	55.000814,
				"seconds":	0.99941498041152954,
				"bytes":	379584512,
				"bits_per_second":	3038453650.9044385,
				"retransmits":	39969,
				"omitted":	false,
				"sender":	true
			}
		}, {
			"streams":	[{
					"socket":	7,
					"start":	55.000814,
					"end":	56.000115,
					"seconds":	0.999301016330719,
					"bytes":	224919552,
					"bits_per_second":	1800615016.4911895,
					"retransmits":	27505,
					"snd_cwnd":	37468448,
					"snd_wnd":	131948544,
					"rtt":	58561,
					"rttvar":	512,
					"pmtu":	1500,
					"omitted":	false,
					"sender":	true
				}],
			"sum":	{
				"start":	55.000814,
				"end":	56.000115,
				"seconds":	0.999301016330719,
				"bytes":	224919552,
				"bits_per_second":	1800615016.4911895,
				"retransmits":	27505,
				"omitted":	false,
				"sender":	true
			}
		}, {
			"streams":	[{
					"socket":	7,
					"start":	56.000115,
					"end":	57.000359,
					"seconds":	1.0002440214157104,
					"bytes":	291373056,
					"bits_per_second":	2330415776.64299,
					"retransmits":	18351,
					"snd_cwnd":	37175952,
					"snd_wnd":	121176064,
					"rtt":	58952,
					"rttvar":	463,
					"pmtu":	1500,
					"omitted":	false,
					"sender":	true
				}],
			"sum":	{
				"start":	56.000115,
				"end":	57.000359,
				"seconds":	1.0002440214157104,
				"bytes":	291373056,
				"bits_per_second":	2330415776.64299,
				"retransmits":	18351,
				"omitted":	false,
				"sender":	true
			}
		}, {
			"streams":	[{
					"socket":	7,
					"start":	57.000359,
					"end":	58.000282,
					"seconds":	0.9999229907989502,
					"bytes":	313655296,
					"bits_per_second":	2509435617.632,
					"retransmits":	26970,
					"snd_cwnd":	36703904,
					"snd_wnd":	119943168,
					"rtt":	58800,
					"rttvar":	179,
					"pmtu":	1500,
					"omitted":	false,
					"sender":	true
				}],
			"sum":	{
				"start":	57.000359,
				"end":	58.000282,
				"seconds":	0.9999229907989502,
				"bytes":	313655296,
				"bits_per_second":	2509435617.632,
				"retransmits":	26970,
				"omitted":	false,
				"sender":	true
			}
		}, {
			"streams":	[{
					"socket":	7,
					"start":	58.000282,
					"end":	59.000137,
					"seconds":	0.99985498189926147,
					"bytes":	206962688,
					"bits_per_second":	1655941645.5123661,
					"retransmits":	20971,
					"snd_cwnd":	40323904,
					"snd_wnd":	111869952,
					"rtt":	58204,
					"rttvar":	357,
					"pmtu":	1500,
					"omitted":	false,
					"sender":	true
				}],
			"sum":	{
				"start":	58.000282,
				"end":	59.000137,
				"seconds":	0.99985498189926147,
				"bytes":	206962688,
				"bits_per_second":	1655941645.5123661,
				"retransmits":	20971,
				"omitted":	false,
				"sender":	true
			}
		}, {
			"streams":	[{
					"socket":	7,
					"start":	59.000137,
					"end":	60.000334,
					"seconds":	1.0001970529556274,
					"bytes":	398852096,
					"bits_per_second":	3190188131.9995818,
					"retransmits":	30575,
					"snd_cwnd":	54688064,
					"snd_wnd":	116252672,
					"rtt":	58900,
					"rttvar":	336,
					"pmtu":	1500,
					"omitted":	false,
					"sender":	true
				}],
			"sum":	{
				"start":	59.000137,
				"end":	60.000334,
				"seconds":	1.0001970529556274,
				"bytes":	398852096,
				"bits_per_second":	3190188131.9995818,
				"retransmits":	30575,
				"omitted":	false,
				"sender":	true
			}
		}, {
			"streams":	[{
					"socket":	7,
					"start":	60.000334,
					"end":	61.000084,
					"seconds":	0.999750018119812,
					"bytes":	372506624,
					"bits_per_second":	2980798137.5228786,
					"retransmits":	27967,
					"snd_cwnd":	54111760,
					"snd_wnd":	109424640,
					"rtt":	58057,
					"rttvar":	493,
					"pmtu":	1500,
					"omitted":	false,
					"sender":	true
				}],
			"sum":	{
				"start":	60.000334,
				"end":	61.000084,
				"seconds":	0.999750018119812,
				"bytes":	372506624,
				"bits_per_second":	2980798137.5228786,
				"retransmits":	27967,
				"omitted":	false,
				"sender":	true
			}
		}, {
			"streams":	[{
					"socket":	7,
					"start":	61.000084,
					"end":	62.000068,
					"seconds":	0.9999840259552002,
					"bytes":	300023808,
					"bits_per_second":	2400228805.3624668,
					"retransmits":	47286,
					"snd_cwnd":	57520352,
					"snd_wnd":	77336576,
					"rtt":	59387,
					"rttvar":	1139,
					"pmtu":	1500,
					"omitted":	false,
					"sender":	true
				}],
			"sum":	{
				"start":	61.000084,
				"end":	62.000068,
				"seconds":	0.9999840259552002,
				"bytes":	300023808,
				"bits_per_second":	2400228805.3624668,
				"retransmits":	47286,
				"omitted":	false,
				"sender":	true
			}
		}, {
			"streams":	[{
					"socket":	7,
					"start":	62.000068,
					"end":	63.000825,
					"seconds":	1.0007569789886475,
					"bytes":	179044352,
					"bits_per_second":	1431271373.6430995,
					"retransmits":	26050,
					"snd_cwnd":	38369104,
					"snd_wnd":	114720768,
					"rtt":	57733,
					"rttvar":	335,
					"pmtu":	1500,
					"omitted":	false,
					"sender":	true
				}],
			"sum":	{
				"start":	62.000068,
				"end":	63.000825,
				"seconds":	1.0007569789886475,
				"bytes":	179044352,
				"bits_per_second":	1431271373.6430995,
				"retransmits":	26050,
				"omitted":	false,
				"sender":	true
			}
		}, {
			"streams":	[{
					"socket":	7,
					"start":	63.000825,
					"end":	64.000088,
					"seconds":	0.99926298856735229,
					"bytes":	278528000,
					"bits_per_second":	2229867437.7949438,
					"retransmits":	21180,
					"snd_cwnd":	39055456,
					"snd_wnd":	122568704,
					"rtt":	58356,
					"rttvar":	325,
					"pmtu":	1500,
					"omitted":	false,
					"sender":	true
				}],
			"sum":	{
				"start":	63.000825,
				"end":	64.000088,
				"seconds":	0.99926298856735229,
				"bytes":	278528000,
				"bits_per_second":	2229867437.7949438,
				"retransmits":	21180,
				"omitted":	false,
				"sender":	true
			}
		}, {
			"streams":	[{
					"socket":	7,
					"start":	64.000088,
					"end":	65.000079,
					"seconds":	0.999990999698639,
					"bytes":	280363008,
					"bits_per_second":	2242924250.9941893,
					"retransmits":	22304,
					"snd_cwnd":	39043872,
					"snd_wnd":	105197568,
					"rtt":	58626,
					"rttvar":	117,
					"pmtu":	1500,
					"omitted":	false,
					"sender":	true
				}],
			"sum":	{
				"start":	64.000088,
				"end":	65.000079,
				"seconds":	0.999990999698639,
				"bytes":	280363008,
				"bits_per_second":	2242924250.9941893,
				"retransmits":	22304,
				"omitted":	false,
				"sender":	true
			}
		}, {
			"streams":	[{
					"socket":	7,
					"start":	65.000079,
					"end":	66.000086,
					"seconds":	1.0000070333480835,
					"bytes":	273940480,
					"bits_per_second":	2191508426.35841,
					"retransmits":	30893,
					"snd_cwnd":	45782864,
					"snd_wnd":	118857728,
					"rtt":	59168,
					"rttvar":	400,
					"pmtu":	1500,
					"omitted":	false,
					"sender":	true
				}],
			"sum":	{
				"start":	65.000079,
				"end":	66.000086,
				"seconds":	1.0000070333480835,
				"bytes":	273940480,
				"bits_per_second":	2191508426.35841,
				"retransmits":	30893,
				"omitted":	false,
				"sender":	true
			}
		}, {
			"streams":	[{
					"socket":	7,
					"start":	66.000086,
					"end":	67.000324,
					"seconds":	1.0002379417419434,
					"bytes":	344981504,
					"bits_per_second":	2759195504.2153649,
					"retransmits":	31464,
					"snd_cwnd":	29439288,
					"snd_wnd":	129576960,
					"rtt":	58846,
					"rttvar":	199,
					"pmtu":	1500,
					"omitted":	false,
					"sender":	true
				}],
			"sum":	{
				"start":	66.000086,
				"end":	67.000324,
				"seconds":	1.0002379417419434,
				"bytes":	344981504,
				"bits_per_second":	2759195504.2153649,
				"retransmits":	31464,
				"omitted":	false,
				"sender":	true
			}
		}, {
			"streams":	[{
					"socket":	7,
					"start":	67.000324,
					"end":	68.000192,
					"seconds":	0.99986797571182251,
					"bytes":	299237376,
					"bits_per_second":	2394215102.5446572,
					"retransmits":	25409,
					"snd_cwnd":	53161872,
					"snd_wnd":	120983552,
					"rtt":	58876,
					"rttvar":	147,
					"pmtu":	1500,
					"omitted":	false,
					"sender":	true
				}],
			"sum":	{
				"start":	67.000324,
				"end":	68.000192,
				"seconds":	0.99986797571182251,
				"bytes":	299237376,
				"bits_per_second":	2394215102.5446572,
				"retransmits":	25409,
				"omitted":	false,
				"sender":	true
			}
		}, {
			"streams":	[{
					"socket":	7,
					"start":	68.000192,
					"end":	69.000526,
					"seconds":	1.0003340244293213,
					"bytes":	326500352,
					"bits_per_second":	2611130634.5799012,
					"retransmits":	40829,
					"snd_cwnd":	50766880,
					"snd_wnd":	94175232,
					"rtt":	58904,
					"rttvar":	245,
					"pmtu":	1500,
					"omitted":	false,
					"sender":	true
				}],
			"sum":	{
				"start":	68.000192,
				"end":	69.000526,
				"seconds":	1.0003340244293213,
				"bytes":	326500352,
				"bits_per_second":	2611130634.5799012,
				"retransmits":	40829,
				"omitted":	false,
				"sender":	true
			}
		}, {
			"streams":	[{
					"socket":	7,
					"start":	69.000526,
					"end":	70.000056,
					"seconds":	0.999530017375946,
					"bytes":	327811072,
					"bits_per_second":	2623721679.5997658,
					"retransmits":	30799,
					"snd_cwnd":	51305536,
					"snd_wnd":	114466816,
					"rtt":	58910,
					"rttvar":	233,
					"pmtu":	1500,
					"omitted":	false,
					"sender":	true
				}],
			"sum":	{
				"start":	69.000526,
				"end":	70.000056,
				"seconds":	0.999530017375946,
				"bytes":	327811072,
				"bits_per_second":	2623721679.5997658,
				"retransmits":	30799,
				"omitted":	false,
				"sender":	true
			}
		}, {
			"streams":	[{
					"socket":	7,
					"start":	70.000056,
					"end":	71.000164,
					"seconds":	1.000108003616333,
					"bytes":	425590784,
					"bits_per_second":	3404358588.9610977,
					"retransmits":	28490,
					"snd_cwnd":	56825312,
					"snd_wnd":	131411968,
					"rtt":	58604,
					"rttvar":	463,
					"pmtu":	1500,
					"omitted":	false,
					"sender":	true
				}],
			"sum":	{
				"start":	70.000056,
				"end":	71.000164,
				"seconds":	1.000108003616333,
				"bytes":	425590784,
				"bits_per_second":	3404358588.9610977,
				"retransmits":	28490,
				"omitted":	false,
				"sender":	true
			}
		}, {
			"streams":	[{
					"socket":	7,
					"start":	71.000164,
					"end":	72.001323,
					"seconds":	1.0011589527130127,
					"bytes":	252706816,
					"bits_per_second":	2019314238.2851143,
					"retransmits":	40816,
					"snd_cwnd":	62605728,
					"snd_wnd":	97542144,
					"rtt":	58094,
					"rttvar":	331,
					"pmtu":	1500,
					"omitted":	false,
					"sender":	true
				}],
			"sum":	{
				"start":	71.000164,
				"end":	72.001323,
				"seconds":	1.0011589527130127,
				"bytes":	252706816,
				"bits_per_second":	2019314238.2851143,
				"retransmits":	40816,
				"omitted":	false,
				"sender":	true
			}
		}, {
			"streams":	[{
					"socket":	7,
					"start":	72.001323,
					"end":	73.000364,
					"seconds":	0.99904102087020874,
					"bytes":	348913664,
					"bits_per_second":	2793988688.8414717,
					"retransmits":	28887,
					"snd_cwnd":	5792,
					"snd_wnd":	108404736,
					"rtt":	58264,
					"rttvar":	197,
					"pmtu":	1500,
					"omitted":	false,
					"sender":	true
				}],
			"sum":	{
				"start":	72.001323,
				"end":	73.000364,
				"seconds":	0.99904102087020874,
				"bytes":	348913664,
				"bits_per_second":	2793988688.8414717,
				"retransmits":	28887,
				"omitted":	false,
				"sender":	true
			}
		}, {
			"streams":	[{
					"socket":	7,
					"start":	73.000364,
					"end":	74.000119,
					"seconds":	0.999755024909973,
					"bytes":	283115520,
					"bits_per_second":	2265479145.9577351,
					"retransmits":	20232,
					"snd_cwnd":	60326576,
					"snd_wnd":	90378240,
					"rtt":	58204,
					"rttvar":	125,
					"pmtu":	1500,
					"omitted":	false,
					"sender":	true
				}],
			"sum":	{
				"start":	73.000364,
				"end":	74.000119,
				"seconds":	0.999755024909973,
				"bytes":	283115520,
				"bits_per_second":	2265479145.9577351,
				"retransmits":	20232,
				"omitted":	false,
				"sender":	true
			}
		}, {
			"streams":	[{
					"socket":	7,
					"start":	74.000119,
					"end":	75.001337,
					"seconds":	1.00121796131134,
					"bytes":	307232768,
					"bits_per_second":	2454872204.6304755,
					"retransmits":	37833,
					"snd_cwnd":	61800640,
					"snd_wnd":	85037056,
					"rtt":	57944,
					"rttvar":	213,
					"pmtu":	1500,
					"omitted":	false,
					"sender":	true
				}],
			"sum":	{
				"start":	74.000119,
				"end":	75.001337,
				"seconds":	1.00121796131134,
				"bytes":	307232768,
				"bits_per_second":	2454872204.6304755,
				"retransmits":	37833,
				"omitted":	false,
				"sender":	true
			}
		}, {
			"streams":	[{
					"socket":	7,
					"start":	75.001337,
					"end":	76.001056,
					"seconds":	0.99971902370452881,
					"bytes":	384434176,
					"bits_per_second":	3076337785.9947267,
					"retransmits":	36031,
					"snd_cwnd":	58696128,
					"snd_wnd":	115245056,
					"rtt":	58556,
					"rttvar":	183,
					"pmtu":	1500,
					"omitted":	false,
					"sender":	true
				}],
			"sum":	{
				"start":	75.001337,
				"end":	76.001056,
				"seconds":	0.99971902370452881,
				"bytes":	384434176,
				"bits_per_second":	3076337785.9947267,
				"retransmits":	36031,
				"omitted":	false,
				"sender":	true
			}
		}, {
			"streams":	[{
					"socket":	7,
					"start":	76.001056,
					"end":	77.001081,
					"seconds":	1.0000250339508057,
					"bytes":	308805632,
					"bits_per_second":	2470383212.5481858,
					"retransmits":	34782,
					"snd_cwnd":	63315248,
					"snd_wnd":	95387648,
					"rtt":	58751,
					"rttvar":	217,
					"pmtu":	1500,
					"omitted":	false,
					"sender":	true
				}],
			"sum":	{
				"start":	76.001056,
				"end":	77.001081,
				"seconds":	1.0000250339508057,
				"bytes":	308805632,
				"bits_per_second":	2470383212.5481858,
				"retransmits":	34782,
				"omitted":	false,
				"sender":	true
			}
		}, {
			"streams":	[{
					"socket":	7,
					"start":	77.001081,
					"end":	78.000163,
					"seconds":	0.99908202886581421,
					"bytes":	341442560,
					"bits_per_second":	2734050259.2173748,
					"retransmits":	42111,
					"snd_cwnd":	59735792,
					"snd_wnd":	112979968,
					"rtt":	58323,
					"rttvar":	360,
					"pmtu":	1500,
					"omitted":	false,
					"sender":	true
				}],
			"sum":	{
				"start":	77.001081,
				"end":	78.000163,
				"seconds":	0.99908202886581421,
				"bytes":	341442560,
				"bits_per_second":	2734050259.2173748,
				"retransmits":	42111,
				"omitted":	false,
				"sender":	true
			}
		}, {
			"streams":	[{
					"socket":	7,
					"start":	78.000163,
					"end":	79.001077,
					"seconds":	1.0009139776229858,
					"bytes":	371720192,
					"bits_per_second":	2971046066.37847,
					"retransmits":	40912,
					"snd_cwnd":	66474784,
					"snd_wnd":	93872128,
					"rtt":	57905,
					"rttvar":	165,
					"pmtu":	1500,
					"omitted":	false,
					"sender":	true
				}],
			"sum":	{
				"start":	78.000163,
				"end":	79.001077,
				"seconds":	1.0009139776229858,
				"bytes":	371720192,
				"bits_per_second":	2971046066.37847,
				"retransmits":	40912,
				"omitted":	false,
				"sender":	true
			}
		}, {
			"streams":	[{
					"socket":	7,
					"start":	79.001077,
					"end":	80.001056,
					"seconds":	0.999979019165039,
					"bytes":	316014592,
					"bits_per_second":	2528169779.1128888,
					"retransmits":	37146,
					"snd_cwnd":	42562512,
					"snd_wnd":	109506560,
					"rtt":	58644,
					"rttvar":	161,
					"pmtu":	1500,
					"omitted":	false,
					"sender":	true
				}],
			"sum":	{
				"start":	79.001077,
				"end":	80.001056,
				"seconds":	0.999979019165039,
				"bytes":	316014592,
				"bits_per_second":	2528169779.1128888,
				"retransmits":	37146,
				"omitted":	false,
				"sender":	true
			}
		}, {
			"streams":	[{
					"socket":	7,
					"start":	80.001056,
					"end":	81.000083,
					"seconds":	0.99902701377868652,
					"bytes":	280363008,
					"bits_per_second":	2245088504.1801968,
					"retransmits":	23289,
					"snd_cwnd":	42238160,
					"snd_wnd":	107261952,
					"rtt":	59641,
					"rttvar":	275,
					"pmtu":	1500,
					"omitted":	false,
					"sender":	true
				}],
			"sum":	{
				"start":	80.001056,
				"end":	81.000083,
				"seconds":	0.99902701377868652,
				"bytes":	280363008,
				"bits_per_second":	2245088504.1801968,
				"retransmits":	23289,
				"omitted":	false,
				"sender":	true
			}
		}, {
			"streams":	[{
					"socket":	7,
					"start":	81.000083,
					"end":	82.000223,
					"seconds":	1.0001399517059326,
					"bytes":	298188800,
					"bits_per_second":	2385176590.4672136,
					"retransmits":	24336,
					"snd_cwnd":	42371376,
					"snd_wnd":	119488512,
					"rtt":	59061,
					"rttvar":	217,
					"pmtu":	1500,
					"omitted":	false,
					"sender":	true
				}],
			"sum":	{
				"start":	81.000083,
				"end":	82.000223,
				"seconds":	1.0001399517059326,
				"bytes":	298188800,
				"bits_per_second":	2385176590.4672136,
				"retransmits":	24336,
				"omitted":	false,
				"sender":	true
			}
		}, {
			"streams":	[{
					"socket":	7,
					"start":	82.000223,
					"end":	83.001049,
					"seconds":	1.0008260011672974,
					"bytes":	319291392,
					"bits_per_second":	2552222996.8254189,
					"retransmits":	25024,
					"snd_cwnd":	40344176,
					"snd_wnd":	108969984,
					"rtt":	58057,
					"rttvar":	737,
					"pmtu":	1500,
					"omitted":	false,
					"sender":	true
				}],
			"sum":	{
				"start":	82.000223,
				"end":	83.001049,
				"seconds":	1.0008260011672974,
				"bytes":	319291392,
				"bits_per_second":	2552222996.8254189,
				"retransmits":	25024,
				"omitted":	false,
				"sender":	true
			}
		}, {
			"streams":	[{
					"socket":	7,
					"start":	83.001049,
					"end":	84.000141,
					"seconds":	0.9990919828414917,
					"bytes":	174063616,
					"bits_per_second":	1393774499.1603289,
					"retransmits":	16476,
					"snd_cwnd":	33926640,
					"snd_wnd":	141410304,
					"rtt":	57296,
					"rttvar":	54,
					"pmtu":	1500,
					"omitted":	false,
					"sender":	true
				}],
			"sum":	{
				"start":	83.001049,
				"end":	84.000141,
				"seconds":	0.9990919828414917,
				"bytes":	174063616,
				"bits_per_second":	1393774499.1603289,
				"retransmits":	16476,
				"omitted":	false,
				"sender":	true
			}
		}, {
			"streams":	[{
					"socket":	7,
					"start":	84.000141,
					"end":	85.00011,
					"seconds":	0.9999690055847168,
					"bytes":	246415360,
					"bits_per_second":	1971383981.8938174,
					"retransmits":	13587,
					"snd_cwnd":	33243184,
					"snd_wnd":	117866496,
					"rtt":	58763,
					"rttvar":	246,
					"pmtu":	1500,
					"omitted":	false,
					"sender":	true
				}],
			"sum":	{
				"start":	84.000141,
				"end":	85.00011,
				"seconds":	0.9999690055847168,
				"bytes":	246415360,
				"bits_per_second":	1971383981.8938174,
				"retransmits":	13587,
				"omitted":	false,
				"sender":	true
			}
		}, {
			"streams":	[{
					"socket":	7,
					"start":	85.00011,
					"end":	86.000211,
					"seconds":	1.0001009702682495,
					"bytes":	213778432,
					"bits_per_second":	1710054791.309,
					"retransmits":	16536,
					"snd_cwnd":	32626336,
					"snd_wnd":	125485056,
					"rtt":	60545,
					"rttvar":	2216,
					"pmtu":	1500,
					"omitted":	false,
					"sender":	true
				}],
			"sum":	{
				"start":	85.00011,
				"end":	86.000211,
				"seconds":	1.0001009702682495,
				"bytes":	213778432,
				"bits_per_second":	1710054791.309,
				"retransmits":	16536,
				"omitted":	false,
				"sender":	true
			}
		}, {
			"streams":	[{
					"socket":	7,
					"start":	86.000211,
					"end":	87.001059,
					"seconds":	1.0008480548858643,
					"bytes":	287440896,
					"bits_per_second":	2297578695.16191,
					"retransmits":	15679,
					"snd_cwnd":	36892144,
					"snd_wnd":	121622528,
					"rtt":	58522,
					"rttvar":	89,
					"pmtu":	1500,
					"omitted":	false,
					"sender":	true
				}],
			"sum":	{
				"start":	86.000211,
				"end":	87.001059,
				"seconds":	1.0008480548858643,
				"bytes":	287440896,
				"bits_per_second":	2297578695.16191,
				"retransmits":	15679,
				"omitted":	false,
				"sender":	true
			}
		}, {
			"streams":	[{
					"socket":	7,
					"start":	87.001059,
					"end":	88.001377,
					"seconds":	1.0003180503845215,
					"bytes":	253624320,
					"bits_per_second":	2028349442.6798117,
					"retransmits":	15878,
					"snd_cwnd":	43871504,
					"snd_wnd":	132243456,
					"rtt":	59538,
					"rttvar":	451,
					"pmtu":	1500,
					"omitted":	false,
					"sender":	true
				}],
			"sum":	{
				"start":	87.001059,
				"end":	88.001377,
				"seconds":	1.0003180503845215,
				"bytes":	253624320,
				"bits_per_second":	2028349442.6798117,
				"retransmits":	15878,
				"omitted":	false,
				"sender":	true
			}
		}, {
			"streams":	[{
					"socket":	7,
					"start":	88.001377,
					"end":	89.001086,
					"seconds":	0.99970901012420654,
					"bytes":	344719360,
					"bits_per_second":	2758557592.3311615,
					"retransmits":	27443,
					"snd_cwnd":	14672584,
					"snd_wnd":	135589888,
					"rtt":	59639,
					"rttvar":	1062,
					"pmtu":	1500,
					"omitted":	false,
					"sender":	true
				}],
			"sum":	{
				"start":	88.001377,
				"end":	89.001086,
				"seconds":	0.99970901012420654,
				"bytes":	344719360,
				"bits_per_second":	2758557592.3311615,
				"retransmits":	27443,
				"omitted":	false,
				"sender":	true
			}
		}, {
			"streams":	[{
					"socket":	7,
					"start":	89.001086,
					"end":	90.000123,
					"seconds":	0.99903702735900879,
					"bytes":	277086208,
					"bits_per_second":	2218826333.0538416,
					"retransmits":	50647,
					"snd_cwnd":	44948816,
					"snd_wnd":	106668032,
					"rtt":	58389,
					"rttvar":	304,
					"pmtu":	1500,
					"omitted":	false,
					"sender":	true
				}],
			"sum":	{
				"start":	89.001086,
				"end":	90.000123,
				"seconds":	0.99903702735900879,
				"bytes":	277086208,
				"bits_per_second":	2218826333.0538416,
				"retransmits":	50647,
				"omitted":	false,
				"sender":	true
			}
		}, {
			"streams":	[{
					"socket":	7,
					"start":	90.000123,
					"end":	91.00143,
					"seconds":	1.0013070106506348,
					"bytes":	302383104,
					"bits_per_second":	2415907215.5383458,
					"retransmits":	20329,
					"snd_cwnd":	39640448,
					"snd_wnd":	120758272,
					"rtt":	58956,
					"rttvar":	333,
					"pmtu":	1500,
					"omitted":	false,
					"sender":	true
				}],
			"sum":	{
				"start":	90.000123,
				"end":	91.00143,
				"seconds":	1.0013070106506348,
				"bytes":	302383104,
				"bits_per_second":	2415907215.5383458,
				"retransmits":	20329,
				"omitted":	false,
				"sender":	true
			}
		}, {
			"streams":	[{
					"socket":	7,
					"start":	91.00143,
					"end":	92.000193,
					"seconds":	0.99876302480697632,
					"bytes":	293863424,
					"bits_per_second":	2353819007.7214189,
					"retransmits":	25499,
					"snd_cwnd":	39599904,
					"snd_wnd":	139927552,
					"rtt":	58397,
					"rttvar":	412,
					"pmtu":	1500,
					"omitted":	false,
					"sender":	true
				}],
			"sum":	{
				"start":	91.00143,
				"end":	92.000193,
				"seconds":	0.99876302480697632,
				"bytes":	293863424,
				"bits_per_second":	2353819007.7214189,
				"retransmits":	25499,
				"omitted":	false,
				"sender":	true
			}
		}, {
			"streams":	[{
					"socket":	7,
					"start":	92.000193,
					"end":	93.000197,
					"seconds":	1.0000040531158447,
					"bytes":	326631424,
					"bits_per_second":	2613040801.0429263,
					"retransmits":	22984,
					"snd_cwnd":	38238784,
					"snd_wnd":	124452864,
					"rtt":	58403,
					"rttvar":	583,
					"pmtu":	1500,
					"omitted":	false,
					"sender":	true
				}],
			"sum":	{
				"start":	92.000193,
				"end":	93.000197,
				"seconds":	1.0000040531158447,
				"bytes":	326631424,
				"bits_per_second":	2613040801.0429263,
				"retransmits":	22984,
				"omitted":	false,
				"sender":	true
			}
		}, {
			"streams":	[{
					"socket":	7,
					"start":	93.000197,
					"end":	94.000193,
					"seconds":	0.9999960064888,
					"bytes":	191365120,
					"bits_per_second":	1530927073.7744155,
					"retransmits":	24965,
					"snd_cwnd":	1448,
					"snd_wnd":	108941312,
					"rtt":	59166,
					"rttvar":	364,
					"pmtu":	1500,
					"omitted":	false,
					"sender":	true
				}],
			"sum":	{
				"start":	93.000197,
				"end":	94.000193,
				"seconds":	0.9999960064888,
				"bytes":	191365120,
				"bits_per_second":	1530927073.7744155,
				"retransmits":	24965,
				"omitted":	false,
				"sender":	true
			}
		}, {
			"streams":	[{
					"socket":	7,
					"start":	94.000193,
					"end":	95.000455,
					"seconds":	1.0002620220184326,
					"bytes":	163315712,
					"bits_per_second":	1306183447.1767275,
					"retransmits":	21287,
					"snd_cwnd":	50289040,
					"snd_wnd":	104157184,
					"rtt":	58570,
					"rttvar":	210,
					"pmtu":	1500,
					"omitted":	false,
					"sender":	true
				}],
			"sum":	{
				"start":	94.000193,
				"end":	95.000455,
				"seconds":	1.0002620220184326,
				"bytes":	163315712,
				"bits_per_second":	1306183447.1767275,
				"retransmits":	21287,
				"omitted":	false,
				"sender":	true
			}
		}, {
			"streams":	[{
					"socket":	7,
					"start":	95.000455,
					"end":	96.000109,
					"seconds":	0.999653995037079,
					"bytes":	431226880,
					"bits_per_second":	3451009106.2778583,
					"retransmits":	40804,
					"snd_cwnd":	51574864,
					"snd_wnd":	128737280,
					"rtt":	58650,
					"rttvar":	86,
					"pmtu":	1500,
					"omitted":	false,
					"sender":	true
				}],
			"sum":	{
				"start":	95.000455,
				"end":	96.000109,
				"seconds":	0.999653995037079,
				"bytes":	431226880,
				"bits_per_second":	3451009106.2778583,
				"retransmits":	40804,
				"omitted":	false,
				"sender":	true
			}
		}, {
			"streams":	[{
					"socket":	7,
					"start":	96.000109,
					"end":	97.000154,
					"seconds":	1.0000449419021606,
					"bytes":	332267520,
					"bits_per_second":	2658020703.4936028,
					"retransmits":	27321,
					"snd_cwnd":	53295088,
					"snd_wnd":	128684032,
					"rtt":	58579,
					"rttvar":	158,
					"pmtu":	1500,
					"omitted":	false,
					"sender":	true
				}],
			"sum":	{
				"start":	96.000109,
				"end":	97.000154,
				"seconds":	1.0000449419021606,
				"bytes":	332267520,
				"bits_per_second":	2658020703.4936028,
				"retransmits":	27321,
				"omitted":	false,
				"sender":	true
			}
		}, {
			"streams":	[{
					"socket":	7,
					"start":	97.000154,
					"end":	98.000232,
					"seconds":	1.0000779628753662,
					"bytes":	370933760,
					"bits_per_second":	2967238745.5355,
					"retransmits":	26917,
					"snd_cwnd":	59475152,
					"snd_wnd":	122834944,
					"rtt":	58694,
					"rttvar":	280,
					"pmtu":	1500,
					"omitted":	false,
					"sender":	true
				}],
			"sum":	{
				"start":	97.000154,
				"end":	98.000232,
				"seconds":	1.0000779628753662,
				"bytes":	370933760,
				"bits_per_second":	2967238745.5355,
				"retransmits":	26917,
				"omitted":	false,
				"sender":	true
			}
		}, {
			"streams":	[{
					"socket":	7,
					"start":	98.000232,
					"end":	99.000368,
					"seconds":	1.0001360177993774,
					"bytes":	369229824,
					"bits_per_second":	2953436872.016068,
					"retransmits":	33192,
					"snd_cwnd":	58722192,
					"snd_wnd":	110170112,
					"rtt":	57373,
					"rttvar":	428,
					"pmtu":	1500,
					"omitted":	false,
					"sender":	true
				}],
			"sum":	{
				"start":	98.000232,
				"end":	99.000368,
				"seconds":	1.0001360177993774,
				"bytes":	369229824,
				"bits_per_second":	2953436872.016068,
				"retransmits":	33192,
				"omitted":	false,
				"sender":	true
			}
		}, {
			"streams":	[{
					"socket":	7,
					"start":	99.000368,
					"end":	100.000124,
					"seconds":	0.99975597858428955,
					"bytes":	290193408,
					"bits_per_second":	2322113909.523643,
					"retransmits":	46772,
					"snd_cwnd":	42782608,
					"snd_wnd":	127209472,
					"rtt":	59009,
					"rttvar":	305,
					"pmtu":	1500,
					"omitted":	false,
					"sender":	true
				}],
			"sum":	{
				"start":	99.000368,
				"end":	100.000124,
				"seconds":	0.99975597858428955,
				"bytes":	290193408,
				"bits_per_second":	2322113909.523643,
				"retransmits":	46772,
				"omitted":	false,
				"sender":	true
			}
		}, {
			"streams":	[{
					"socket":	7,
					"start":	100.000124,
					"end":	101.000153,
					"seconds":	1.0000289678573608,
					"bytes":	333578240,
					"bits_per_second":	2668548617.8642774,
					"retransmits":	18072,
					"snd_cwnd":	40428160,
					"snd_wnd":	97153024,
					"rtt":	59037,
					"rttvar":	217,
					"pmtu":	1500,
					"omitted":	false,
					"sender":	true
				}],
			"sum":	{
				"start":	100.000124,
				"end":	101.000153,
				"seconds":	1.0000289678573608,
				"bytes":	333578240,
				"bits_per_second":	2668548617.8642774,
				"retransmits":	18072,
				"omitted":	false,
				"sender":	true
			}
		}, {
			"streams":	[{
					"socket":	7,
					"start":	101.000153,
					"end":	102.000117,
					"seconds":	0.99996399879455566,
					"bytes":	259653632,
					"bits_per_second":	2077303841.4423661,
					"retransmits":	17235,
					"snd_cwnd":	40532416,
					"snd_wnd":	113123328,
					"rtt":	58284,
					"rttvar":	218,
					"pmtu":	1500,
					"omitted":	false,
					"sender":	true
				}],
			"sum":	{
				"start":	101.000153,
				"end":	102.000117,
				"seconds":	0.99996399879455566,
				"bytes":	259653632,
				"bits_per_second":	2077303841.4423661,
				"retransmits":	17235,
				"omitted":	false,
				"sender":	true
			}
		}, {
			"streams":	[{
					"socket":	7,
					"start":	102.000117,
					"end":	103.000099,
					"seconds":	0.99998199939727783,
					"bytes":	346685440,
					"bits_per_second":	2773533445.273685,
					"retransmits":	25490,
					"snd_cwnd":	43912048,
					"snd_wnd":	114069504,
					"rtt":	58702,
					"rttvar":	218,
					"pmtu":	1500,
					"omitted":	false,
					"sender":	true
				}],
			"sum":	{
				"start":	102.000117,
				"end":	103.000099,
				"seconds":	0.99998199939727783,
				"bytes":	346685440,
				"bits_per_second":	2773533445.273685,
				"retransmits":	25490,
				"omitted":	false,
				"sender":	true
			}
		}, {
			"streams":	[{
					"socket":	7,
					"start":	103.000099,
					"end":	104.000305,
					"seconds":	1.0002059936523438,
					"bytes":	303431680,
					"bits_per_second":	2426953502.9838519,
					"retransmits":	25635,
					"snd_cwnd":	50381712,
					"snd_wnd":	99381248,
					"rtt":	58322,
					"rttvar":	407,
					"pmtu":	1500,
					"omitted":	false,
					"sender":	true
				}],
			"sum":	{
				"start":	103.000099,
				"end":	104.000305,
				"seconds":	1.0002059936523438,
				"bytes":	303431680,
				"bits_per_second":	2426953502.9838519,
				"retransmits":	25635,
				"omitted":	false,
				"sender":	true
			}
		}, {
			"streams":	[{
					"socket":	7,
					"start":	104.000305,
					"end":	105.00051,
					"seconds":	1.0002050399780273,
					"bytes":	209059840,
					"bits_per_second":	1672135865.2989204,
					"retransmits":	19064,
					"snd_cwnd":	36101536,
					"snd_wnd":	117055488,
					"rtt":	58683,
					"rttvar":	313,
					"pmtu":	1500,
					"omitted":	false,
					"sender":	true
				}],
			"sum":	{
				"start":	104.000305,
				"end":	105.00051,
				"seconds":	1.0002050399780273,
				"bytes":	209059840,
				"bits_per_second":	1672135865.2989204,
				"retransmits":	19064,
				"omitted":	false,
				"sender":	true
			}
		}, {
			"streams":	[{
					"socket":	7,
					"start":	105.00051,
					"end":	106.000091,
					"seconds":	0.999580979347229,
					"bytes":	266731520,
					"bits_per_second":	2134746662.9402058,
					"retransmits":	14352,
					"snd_cwnd":	18892056,
					"snd_wnd":	135704576,
					"rtt":	58506,
					"rttvar":	443,
					"pmtu":	1500,
					"omitted":	false,
					"sender":	true
				}],
			"sum":	{
				"start":	105.00051,
				"end":	106.000091,
				"seconds":	0.999580979347229,
				"bytes":	266731520,
				"bits_per_second":	2134746662.9402058,
				"retransmits":	14352,
				"omitted":	false,
				"sender":	true
			}
		}, {
			"streams":	[{
					"socket":	7,
					"start":	106.000091,
					"end":	107.000071,
					"seconds":	0.99997997283935547,
					"bytes":	273678336,
					"bits_per_second":	2189470536.8781686,
					"retransmits":	17054,
					"snd_cwnd":	41569184,
					"snd_wnd":	94494720,
					"rtt":	58866,
					"rttvar":	324,
					"pmtu":	1500,
					"omitted":	false,
					"sender":	true
				}],
			"sum":	{
				"start":	106.000091,
				"end":	107.000071,
				"seconds":	0.99997997283935547,
				"bytes":	273678336,
				"bits_per_second":	2189470536.8781686,
				"retransmits":	17054,
				"omitted":	false,
				"sender":	true
			}
		}, {
			"streams":	[{
					"socket":	7,
					"start":	107.000071,
					"end":	108.000142,
					"seconds":	1.0000710487365723,
					"bytes":	256376832,
					"bits_per_second":	2050868944.3526285,
					"retransmits":	27799,
					"snd_cwnd":	13551832,
					"snd_wnd":	141283328,
					"rtt":	59566,
					"rttvar":	1086,
					"pmtu":	1500,
					"omitted":	false,
					"sender":	true
				}],
			"sum":	{
				"start":	107.000071,
				"end":	108.000142,
				"seconds":	1.0000710487365723,
				"bytes":	256376832,
				"bits_per_second":	2050868944.3526285,
				"retransmits":	27799,
				"omitted":	false,
				"sender":	true
			}
		}, {
			"streams":	[{
					"socket":	7,
					"start":	108.000142,
					"end":	109.00022,
					"seconds":	1.0000779628753662,
					"bytes":	214040576,
					"bits_per_second":	1712191120.657057,
					"retransmits":	22229,
					"snd_cwnd":	28218624,
					"snd_wnd":	120143872,
					"rtt":	58831,
					"rttvar":	348,
					"pmtu":	1500,
					"omitted":	false,
					"sender":	true
				}],
			"sum":	{
				"start":	108.000142,
				"end":	109.00022,
				"seconds":	1.0000779628753662,
				"bytes":	214040576,
				"bits_per_second":	1712191120.657057,
				"retransmits":	22229,
				"omitted":	false,
				"sender":	true
			}
		}, {
			"streams":	[{
					"socket":	7,
					"start":	109.00022,
					"end":	110.0001,
					"seconds":	0.999880015850067,
					"bytes":	218234880,
					"bits_per_second":	1746088542.9495332,
					"retransmits":	14938,
					"snd_cwnd":	27862416,
					"snd_wnd":	128688128,
					"rtt":	58643,
					"rttvar":	229,
					"pmtu":	1500,
					"omitted":	false,
					"sender":	true
				}],
			"sum":	{
				"start":	109.00022,
				"end":	110.0001,
				"seconds":	0.999880015850067,
				"bytes":	218234880,
				"bits_per_second":	1746088542.9495332,
				"retransmits":	14938,
				"omitted":	false,
				"sender":	true
			}
		}, {
			"streams":	[{
					"socket":	7,
					"start":	110.0001,
					"end":	111.000237,
					"seconds":	1.0001369714736938,
					"bytes":	146931712,
					"bits_per_second":	1175292714.4248836,
					"retransmits":	19763,
					"snd_cwnd":	27584400,
					"snd_wnd":	135258112,
					"rtt":	58272,
					"rttvar":	663,
					"pmtu":	1500,
					"omitted":	false,
					"sender":	true
				}],
			"sum":	{
				"start":	110.0001,
				"end":	111.000237,
				"seconds":	1.0001369714736938,
				"bytes":	146931712,
				"bits_per_second":	1175292714.4248836,
				"retransmits":	19763,
				"omitted":	false,
				"sender":	true
			}
		}, {
			"streams":	[{
					"socket":	7,
					"start":	111.000237,
					"end":	112.000104,
					"seconds":	0.999867022037506,
					"bytes":	216268800,
					"bits_per_second":	1730380502.4735582,
					"retransmits":	21047,
					"snd_cwnd":	31827040,
					"snd_wnd":	118452224,
					"rtt":	58771,
					"rttvar":	241,
					"pmtu":	1500,
					"omitted":	false,
					"sender":	true
				}],
			"sum":	{
				"start":	111.000237,
				"end":	112.000104,
				"seconds":	0.999867022037506,
				"bytes":	216268800,
				"bits_per_second":	1730380502.4735582,
				"retransmits":	21047,
				"omitted":	false,
				"sender":	true
			}
		}, {
			"streams":	[{
					"socket":	7,
					"start":	112.000104,
					"end":	113.001074,
					"seconds":	1.0009700059890747,
					"bytes":	260702208,
					"bits_per_second":	2083596562.8552151,
					"retransmits":	29292,
					"snd_cwnd":	31780704,
					"snd_wnd":	112373760,
					"rtt":	58928,
					"rttvar":	332,
					"pmtu":	1500,
					"omitted":	false,
					"sender":	true
				}],
			"sum":	{
				"start":	112.000104,
				"end":	113.001074,
				"seconds":	1.0009700059890747,
				"bytes":	260702208,
				"bits_per_second":	2083596562.8552151,
				"retransmits":	29292,
				"omitted":	false,
				"sender":	true
			}
		}, {
			"streams":	[{
					"socket":	7,
					"start":	113.001074,
					"end":	114.001055,
					"seconds":	0.99998098611831665,
					"bytes":	251133952,
					"bits_per_second":	2009109816.9763489,
					"retransmits":	24982,
					"snd_cwnd":	40523728,
					"snd_wnd":	140718080,
					"rtt":	58256,
					"rttvar":	146,
					"pmtu":	1500,
					"omitted":	false,
					"sender":	true
				}],
			"sum":	{
				"start":	113.001074,
				"end":	114.001055,
				"seconds":	0.99998098611831665,
				"bytes":	251133952,
				"bits_per_second":	2009109816.9763489,
				"retransmits":	24982,
				"omitted":	false,
				"sender":	true
			}
		}, {
			"streams":	[{
					"socket":	7,
					"start":	114.001055,
					"end":	115.000102,
					"seconds":	0.99904698133468628,
					"bytes":	184811520,
					"bits_per_second":	1479902534.7384508,
					"retransmits":	25710,
					"snd_cwnd":	40735136,
					"snd_wnd":	130248704,
					"rtt":	57940,
					"rttvar":	99,
					"pmtu":	1500,
					"omitted":	false,
					"sender":	true
				}],
			"sum":	{
				"start":	114.001055,
				"end":	115.000102,
				"seconds":	0.99904698133468628,
				"bytes":	184811520,
				"bits_per_second":	1479902534.7384508,
				"retransmits":	25710,
				"omitted":	false,
				"sender":	true
			}
		}, {
			"streams":	[{
					"socket":	7,
					"start":	115.000102,
					"end":	116.000193,
					"seconds":	1.0000909566879272,
					"bytes":	264896512,
					"bits_per_second":	2118979360.6555686,
					"retransmits":	25159,
					"snd_cwnd":	49735904,
					"snd_wnd":	120713216,
					"rtt":	58952,
					"rttvar":	220,
					"pmtu":	1500,
					"omitted":	false,
					"sender":	true
				}],
			"sum":	{
				"start":	115.000102,
				"end":	116.000193,
				"seconds":	1.0000909566879272,
				"bytes":	264896512,
				"bits_per_second":	2118979360.6555686,
				"retransmits":	25159,
				"omitted":	false,
				"sender":	true
			}
		}, {
			"streams":	[{
					"socket":	7,
					"start":	116.000193,
					"end":	117.000151,
					"seconds":	0.99995797872543335,
					"bytes":	388104192,
					"bits_per_second":	3104964010.5452065,
					"retransmits":	45785,
					"snd_cwnd":	50926160,
					"snd_wnd":	106409984,
					"rtt":	58027,
					"rttvar":	230,
					"pmtu":	1500,
					"omitted":	false,
					"sender":	true
				}],
			"sum":	{
				"start":	116.000193,
				"end":	117.000151,
				"seconds":	0.99995797872543335,
				"bytes":	388104192,
				"bits_per_second":	3104964010.5452065,
				"retransmits":	45785,
				"omitted":	false,
				"sender":	true
			}
		}, {
			"streams":	[{
					"socket":	7,
					"start":	117.000151,
					"end":	118.000298,
					"seconds":	1.0001469850540161,
					"bytes":	252575744,
					"bits_per_second":	2020308996.77298,
					"retransmits":	32139,
					"snd_cwnd":	39449312,
					"snd_wnd":	95772672,
					"rtt":	58077,
					"rttvar":	343,
					"pmtu":	1500,
					"omitted":	false,
					"sender":	true
				}],
			"sum":	{
				"start":	117.000151,
				"end":	118.000298,
				"seconds":	1.0001469850540161,
				"bytes":	252575744,
				"bits_per_second":	2020308996.77298,
				"retransmits":	32139,
				"omitted":	false,
				"sender":	true
			}
		}, {
			"streams":	[{
					"socket":	7,
					"start":	118.000298,
					"end":	119.000305,
					"seconds":	1.0000070333480835,
					"bytes":	284819456,
					"bits_per_second":	2278539622.2377148,
					"retransmits":	25693,
					"snd_cwnd":	39880816,
					"snd_wnd":	116359168,
					"rtt":	58574,
					"rttvar":	235,
					"pmtu":	1500,
					"omitted":	false,
					"sender":	true
				}],
			"sum":	{
				"start":	118.000298,
				"end":	119.000305,
				"seconds":	1.0000070333480835,
				"bytes":	284819456,
				"bits_per_second":	2278539622.2377148,
				"retransmits":	25693,
				"omitted":	false,
				"sender":	true
			}
		}, {
			"streams":	[{
					"socket":	7,
					"start":	119.000305,
					"end":	120.001458,
					"seconds":	1.0011529922485352,
					"bytes":	278921216,
					"bits_per_second":	2228799938.9468584,
					"retransmits":	26287,
					"snd_cwnd":	38838256,
					"snd_wnd":	101654528,
					"rtt":	58266,
					"rttvar":	811,
					"pmtu":	1500,
					"omitted":	false,
					"sender":	true
				}],
			"sum":	{
				"start":	119.000305,
				"end":	120.001458,
				"seconds":	1.0011529922485352,
				"bytes":	278921216,
				"bits_per_second":	2228799938.9468584,
				"retransmits":	26287,
				"omitted":	false,
				"sender":	true
			}
		}],
	"end":	{
		"streams":	[{
				"sender":	{
					"socket":	7,
					"start":	0,
					"end":	120.001458,
					"seconds":	120.001458,
					"bytes":	36129996800,
					"bits_per_second":	2408637188.3914943,
					"retransmits":	3531956,
					"max_snd_cwnd":	96723504,
					"max_snd_wnd":	141410304,
					"max_rtt":	63998,
					"min_rtt":	57296,
					"mean_rtt":	58636,
					"sender":	true
				},
				"receiver":	{
					"socket":	7,
					"start":	0,
					"end":	120.057238,
					"seconds":	120.001458,
					"bytes":	36016095232,
					"bits_per_second":	2399928289.6712985,
					"sender":	true
				}
			}],
		"sum_sent":	{
			"start":	0,
			"end":	120.001458,
			"seconds":	120.001458,
			"bytes":	36129996800,
			"bits_per_second":	2408637188.3914943,
			"retransmits":	3531956,
			"sender":	true
		},
		"sum_received":	{
			"start":	0,
			"end":	120.057238,
			"seconds":	120.057238,
			"bytes":	36016095232,
			"bits_per_second":	2399928289.6712985,
			"sender":	true
		},
		"cpu_utilization_percent":	{
			"host_total":	11.917272857997288,
			"host_user":	0.079922996193882823,
			"host_system":	11.837373981842218,
			"remote_total":	16.841162011507478,
			"remote_user":	0.0850627428101767,
			"remote_system":	16.7560992686973
		},
		"sender_tcp_congestion":	"bbr",
		"receiver_tcp_congestion":	"cubic"
	}
}
