{
	"start":	{
		"connected":	[{
				"socket":	7,
				"local_host":	"172.16.0.6",
				"local_port":	57334,
				"remote_host":	"172.17.0.6",
				"remote_port":	5201
			}],
		"version":	"iperf 3.16",
		"system_info":	"Linux h1 6.8.0-63-generic #66-Ubuntu SMP PREEMPT_DYNAMIC Fri Jun 13 20:25:30 UTC 2025 x86_64",
		"timestamp":	{
			"time":	"Sat, 31 Jan 2026 21:28:31 GMT",
			"timesecs":	1769894911
		},
		"connecting_to":	{
			"host":	"172.17.0.6",
			"port":	5201
		},
		"cookie":	"vfly6vcdu2j44z7zwe42hdtejfmwkgugxpde",
		"tcp_mss_default":	1448,
		"target_bitrate":	0,
		"fq_rate":	0,
		"sock_bufsize":	0,
		"sndbuf_actual":	1000000,
		"rcvbuf_actual":	1000000,
		"test_start":	{
			"protocol":	"TCP",
			"num_streams":	1,
			"blksize":	131072,
			"omit":	0,
			"duration":	120,
			"bytes":	0,
			"blocks":	0,
			"reverse":	0,
			"tos":	0,
			"target_bitrate":	0,
			"bidir":	0,
			"fqrate":	0
		}
	},
	"intervals":	[{
			"streams":	[{
					"socket":	7,
					"start":	0,
					"end":	1.000655,
					"seconds":	1.0006550550460815,
					"bytes":	222822400,
					"bits_per_second":	1781412276.8988657,
					"retransmits":	4631,
					"snd_cwnd":	41073968,
					"snd_wnd":	100089856,
					"rtt":	60996,
					"rttvar":	50,
					"pmtu":	1500,
					"omitted":	false,
					"sender":	true
				}],
			"sum":	{
				"start":	0,
				"end":	1.000655,
				"seconds":	1.0006550550460815,
				"bytes":	222822400,
				"bits_per_second":	1781412276.8988657,
				"retransmits":	4631,
				"omitted":	false,
				"sender":	true
			}
		}, {
			"streams":	[{
					"socket":	7,
					"start":	1.000655,
					"end":	2.001093,
					"seconds":	1.0004379749298096,
					"bytes":	451411968,
					"bits_per_second":	3609714779.42285,
					"retransmits":	52759,
					"snd_cwnd":	95625920,
					"snd_wnd":	112459776,
					"rtt":	62199,
					"rttvar":	113,
					"pmtu":	1500,
					"omitted":	false,
					"sender":	true
				}],
			"sum":	{
				"start":	1.000655,
				"end":	2.001093,
				"seconds":	1.0004379749298096,
				"bytes":	451411968,
				"bits_per_second":	3609714779.42285,
				"retransmits":	52759,
				"omitted":	false,
				"sender":	true
			}
		}, {
			"streams":	[{
					"socket":	7,
					"start":	2.001093,
					"end":	3.001074,
					"seconds":	0.99998098611831665,
					"bytes":	454164480,
					"bits_per_second":	3633384924.7510691,
					"retransmits":	32876,
					"snd_cwnd":	86555648,
					"snd_wnd":	116862976,
					"rtt":	63130,
					"rttvar":	188,
					"pmtu":	1500,
					"omitted":	false,
					"sender":	true
				}],
			"sum":	{
				"start":	2.001093,
				"end":	3.001074,
				"seconds":	0.99998098611831665,
				"bytes":	454164480,
				"bits_per_second":	3633384924.7510691,
				"retransmits":	32876,
				"omitted":	false,
				"sender":	true
			}
		}, {
			"streams":	[{
					"socket":	7,
					"start":	3.001074,
					"end":	4.001084,
					"seconds":	1.0000100135803223,
					"bytes":	470155264,
					"bits_per_second":	3761204448.8771429,
					"retransmits":	36514,
					"snd_cwnd":	96626488,
					"snd_wnd":	138997760,
					"rtt":	63287,
					"rttvar":	303,
					"pmtu":	1500,
					"omitted":	false,
					"sender":	true
				}],
			"sum":	{
				"start":	3.001074,
				"end":	4.001084,
				"seconds":	1.0000100135803223,
				"bytes":	470155264,
				"bits_per_second":	3761204448.8771429,
				"retransmits":	36514,
				"omitted":	false,
				"sender":	true
			}
		}, {
			"streams":	[{
					"socket":	7,
					"start":	4.001084,
					"end":	5.001058,
					"seconds":	0.999974012374878,
					"bytes":	437256192,
					"bits_per_second":	3498140444.3624926,
					"retransmits":	38765,
					"snd_cwnd":	81423936,
					"snd_wnd":	141410304,
					"rtt":	61155,
					"rttvar":	108,
					"pmtu":	1500,
					"omitted":	false,
					"sender":	true
				}],
			"sum":	{
				"start":	4.001084,
				"end":	5.001058,
				"seconds":	0.999974012374878,
				"bytes":	437256192,
				"bits_per_second":	3498140444.3624926,
				"retransmits":	38765,
				"omitted":	false,
				"sender":	true
			}
		}, {
			"streams":	[{
					"socket":	7,
					"start":	5.001058,
					"end":	6.000347,
					"seconds":	0.99928897619247437,
					"bytes":	382992384,
					"bits_per_second":	3066119155.7164249,
					"retransmits":	42883,
					"snd_cwnd":	78223856,
					"snd_wnd":	111726592,
					"rtt":	62435,
					"rttvar":	611,
					"pmtu":	1500,
					"omitted":	false,
					"sender":	true
				}],
			"sum":	{
				"start":	5.001058,
				"end":	6.000347,
				"seconds":	0.99928897619247437,
				"bytes":	382992384,
				"bits_per_second":	3066119155.7164249,
				"retransmits":	42883,
				"omitted":	false,
				"sender":	true
			}
		}, {
			"streams":	[{
					"socket":	7,
					"start":	6.000347,
					"end":	7.00008,
					"seconds":	0.99973297119140625,
					"bytes":	321781760,
					"bits_per_second":	2574941663.6046309,
					"retransmits":	47843,
					"snd_cwnd":	61689144,
					"snd_wnd":	103505920,
					"rtt":	61886,
					"rttvar":	169,
					"pmtu":	1500,
					"omitted":	false,
					"sender":	true
				}],
			"sum":	{
				"start":	6.000347,
				"end":	7.00008,
				"seconds":	0.99973297119140625,
				"bytes":	321781760,
				"bits_per_second":	2574941663.6046309,
				"retransmits":	47843,
				"omitted":	false,
				"sender":	true
			}
		}, {
			"streams":	[{
					"socket":	7,
					"start":	7.00008,
					"end":	8.000069,
					"seconds":	0.99998897314071655,
					"bytes":	322961408,
					"bits_per_second":	2583719754.3141589,
					"retransmits":	29368,
					"snd_cwnd":	60028288,
					"snd_wnd":	124813312,
					"rtt":	62164,
					"rttvar":	136,
					"pmtu":	1500,
					"omitted":	false,
					"sender":	true
				}],
			"sum":	{
				"start":	7.00008,
				"end":	8.000069,
				"seconds":	0.99998897314071655,
				"bytes":	322961408,
				"bits_per_second":	2583719754.3141589,
				"retransmits":	29368,
				"omitted":	false,
				"sender":	true
			}
		}, {
			"streams":	[{
					"socket":	7,
					"start":	8.000069,
					"end":	9.000203,
					"seconds":	1.0001339912414551,
					"bytes":	403046400,
					"bits_per_second":	3223939220.3814855,
					"retransmits":	30115,
					"snd_cwnd":	68968240,
					"snd_wnd":	83083264,
					"rtt":	62253,
					"rttvar":	137,
					"pmtu":	1500,
					"omitted":	false,
					"sender":	true
				}],
			"sum":	{
				"start":	8.000069,
				"end":	9.000203,
				"seconds":	1.0001339912414551,
				"bytes":	403046400,
				"bits_per_second":	3223939220.3814855,
				"retransmits":	30115,
				"omitted":	false,
				"sender":	true
			}
		}, {
			"streams":	[{
					"socket":	7,
					"start":	9.000203,
					"end":	10.001149,
					"seconds":	1.000946044921875,
					"bytes":	314310656,
					"bits_per_second":	2512108680.3397665,
					"retransmits":	42149,
					"snd_cwnd":	66344464,
					"snd_wnd":	65601536,
					"rtt":	61797,
					"rttvar":	339,
					"pmtu":	1500,
					"omitted":	false,
					"sender":	true
				}],
			"sum":	{
				"start":	9.000203,
				"end":	10.001149,
				"seconds":	1.000946044921875,
				"bytes":	314310656,
				"bits_per_second":	2512108680.3397665,
				"retransmits":	42149,
				"omitted":	false,
				"sender":	true
			}
		}, {
			"streams":	[{
					"socket":	7,
					"start":	10.001149,
					"end":	11.000467,
					"seconds":	0.99931800365448,
					"bytes":	323354624,
					"bits_per_second":	2588602409.3832035,
					"retransmits":	24191,
					"snd_cwnd":	5792,
					"snd_wnd":	115511296,
					"rtt":	61647,
					"rttvar":	204,
					"pmtu":	1500,
					"omitted":	false,
					"sender":	true
				}],
			"sum":	{
				"start":	10.001149,
				"end":	11.000467,
				"seconds":	0.99931800365448,
				"bytes":	323354624,
				"bits_per_second":	2588602409.3832035,
				"retransmits":	24191,
				"omitted":	false,
				"sender":	true
			}
		}, {
			"streams":	[{
					"socket":	7,
					"start":	11.000467,
					"end":	12.000261,
					"seconds":	0.99979400634765625,
					"bytes":	315752448,
					"bits_per_second":	2526540035.2096457,
					"retransmits":	24304,
					"snd_cwnd":	66043280,
					"snd_wnd":	79278080,
					"rtt":	64300,
					"rttvar":	4004,
					"pmtu":	1500,
					"omitted":	false,
					"sender":	true
				}],
			"sum":	{
				"start":	11.000467,
				"end":	12.000261,
				"seconds":	0.99979400634765625,
				"bytes":	315752448,
				"bits_per_second":	2526540035.2096457,
				"retransmits":	24304,
				"omitted":	false,
				"sender":	true
			}
		}, {
			"streams":	[{
					"socket":	7,
					"start":	12.000261,
					"end":	13.000148,
					"seconds":	0.999886989593506,
					"bytes":	469499904,
					"bits_per_second":	3756423746.97461,
					"retransmits":	25742,
					"snd_cwnd":	74545936,
					"snd_wnd":	141344768,
					"rtt":	61943,
					"rttvar":	96,
					"pmtu":	1500,
					"omitted":	false,
					"sender":	true
				}],
			"sum":	{
				"start":	12.000261,
				"end":	13.000148,
				"seconds":	0.999886989593506,
				"bytes":	469499904,
				"bits_per_second":	3756423746.97461,
				"retransmits":	25742,
				"omitted":	false,
				"sender":	true
			}
		}, {
			"streams":	[{
					"socket":	7,
					"start":	13.000148,
					"end":	14.000475,
					"seconds":	1.0003269910812378,
					"bytes":	314703872,
					"bits_per_second":	2516808002.230083,
					"retransmits":	37067,
					"snd_cwnd":	70427824,
					"snd_wnd":	101781504,
					"rtt":	62431,
					"rttvar":	190,
					"pmtu":	1500,
					"omitted":	false,
					"sender":	true
				}],
			"sum":	{
				"start":	13.000148,
				"end":	14.000475,
				"seconds":	1.0003269910812378,
				"bytes":	314703872,
				"bits_per_second":	2516808002.230083,
				"retransmits":	37067,
				"omitted":	false,
				"sender":	true
			}
		}, {
			"streams":	[{
					"socket":	7,
					"start":	14.000475,
					"end":	15.000804,
					"seconds":	1.00032901763916,
					"bytes":	429785088,
					"bits_per_second":	3437149821.0804286,
					"retransmits":	31901,
					"snd_cwnd":	65404712,
					"snd_wnd":	99401728,
					"rtt":	62550,
					"rttvar":	475,
					"pmtu":	1500,
					"omitted":	false,
					"sender":	true
				}],
			"sum":	{
				"start":	14.000475,
				"end":	15.000804,
				"seconds":	1.00032901763916,
				"bytes":	429785088,
				"bits_per_second":	3437149821.0804286,
				"retransmits":	31901,
				"omitted":	false,
				"sender":	true
			}
		}, {
			"streams":	[{
					"socket":	7,
					"start":	15.000804,
					"end":	16.000681,
					"seconds":	0.99987697601318359,
					"bytes":	427687936,
					"bits_per_second":	3421924466.7904892,
					"retransmits":	42671,
					"snd_cwnd":	75982352,
					"snd_wnd":	111869952,
					"rtt":	62269,
					"rttvar":	329,
					"pmtu":	1500,
					"omitted":	false,
					"sender":	true
				}],
			"sum":	{
				"start":	15.000804,
				"end":	16.000681,
				"seconds":	0.99987697601318359,
				"bytes":	427687936,
				"bits_per_second":	3421924466.7904892,
				"retransmits":	42671,
				"omitted":	false,
				"sender":	true
			}
		}, {
			"streams":	[{
					"socket":	7,
					"start":	16.000681,
					"end":	17.001092,
					"seconds":	1.0004110336303711,
					"bytes":	400949248,
					"bits_per_second":	3206276096.696003,
					"retransmits":	24445,
					"snd_cwnd":	33557400,
					"snd_wnd":	131440640,
					"rtt":	62625,
					"rttvar":	296,
					"pmtu":	1500,
					"omitted":	false,
					"sender":	true
				}],
			"sum":	{
				"start":	16.000681,
				"end":	17.001092,
				"seconds":	1.0004110336303711,
				"bytes":	400949248,
				"bits_per_second":	3206276096.696003,
				"retransmits":	24445,
				"omitted":	false,
				"sender":	true
			}
		}, {
			"streams":	[{
					"socket":	7,
					"start":	17.001092,
					"end":	18.000266,
					"seconds":	0.99917399883270264,
					"bytes":	413663232,
					"bits_per_second":	3312041606.2328858,
					"retransmits":	16500,
					"snd_cwnd":	76749792,
					"snd_wnd":	88244224,
					"rtt":	61712,
					"rttvar":	485,
					"pmtu":	1500,
					"omitted":	false,
					"sender":	true
				}],
			"sum":	{
				"start":	17.001092,
				"end":	18.000266,
				"seconds":	0.99917399883270264,
				"bytes":	413663232,
				"bits_per_second":	3312041606.2328858,
				"retransmits":	16500,
				"omitted":	false,
				"sender":	true
			}
		}, {
			"streams":	[{
					"socket":	7,
					"start":	18.000266,
					"end":	19.001051,
					"seconds":	1.0007849931716919,
					"bytes":	442105856,
					"bits_per_second":	3534072625.121017,
					"retransmits":	25387,
					"snd_cwnd":	78884144,
					"snd_wnd":	71643136,
					"rtt":	61827,
					"rttvar":	184,
					"pmtu":	1500,
					"omitted":	false,
					"sender":	true
				}],
			"sum":	{
				"start":	18.000266,
				"end":	19.001051,
				"seconds":	1.0007849931716919,
				"bytes":	442105856,
				"bits_per_second":	3534072625.121017,
				"retransmits":	25387,
				"omitted":	false,
				"sender":	true
			}
		}, {
			"streams":	[{
					"socket":	7,
					"start":	19.001051,
					"end":	20.001673,
					"seconds":	1.000622034072876,
					"bytes":	445906944,
					"bits_per_second":	3565037976.9072666,
					"retransmits":	20812,
					"snd_cwnd":	45064656,
					"snd_wnd":	131911680,
					"rtt":	61268,
					"rttvar":	375,
					"pmtu":	1500,
					"omitted":	false,
					"sender":	true
				}],
			"sum":	{
				"start":	19.001051,
				"end":	20.001673,
				"seconds":	1.000622034072876,
				"bytes":	445906944,
				"bits_per_second":	3565037976.9072666,
				"retransmits":	20812,
				"omitted":	false,
				"sender":	true
			}
		}, {
			"streams":	[{
					"socket":	7,
					"start":	20.001673,
					"end":	21.000177,
					"seconds":	0.99850398302078247,
					"bytes":	383123456,
					"bits_per_second":	3069579791.4871278,
					"retransmits":	35909,
					"snd_cwnd":	74887664,
					"snd_wnd":	112386048,
					"rtt":	61554,
					"rttvar":	612,
					"pmtu":	1500,
					"omitted":	false,
					"sender":	true
				}],
			"sum":	{
				"start":	20.001673,
				"end":	21.000177,
				"seconds":	0.99850398302078247,
				"bytes":	383123456,
				"bits_per_second":	3069579791.4871278,
				"retransmits":	35909,
				"omitted":	false,
				"sender":	true
			}
		}, {
			"streams":	[{
					"socket":	7,
					"start":	21.000177,
					"end":	22.000826,
					"seconds":	1.0006489753723145,
					"bytes":	309329920,
					"bits_per_second":	2473034421.5655179,
					"retransmits":	1723,
					"snd_cwnd":	36606888,
					"snd_wnd":	141361152,
					"rtt":	62102,
					"rttvar":	111,
					"pmtu":	1500,
					"omitted":	false,
					"sender":	true
				}],
			"sum":	{
				"start":	21.000177,
				"end":	22.000826,
				"seconds":	1.0006489753723145,
				"bytes":	309329920,
				"bits_per_second":	2473034421.5655179,
				"retransmits":	1723,
				"omitted":	false,
				"sender":	true
			}
		}, {
			"streams":	[{
					"socket":	7,
					"start":	22.000826,
					"end":	23.000601,
					"seconds":	0.999774992465973,
					"bytes":	372113408,
					"bits_per_second":	2977577241.3124428,
					"retransmits":	40048,
					"snd_cwnd":	81895984,
					"snd_wnd":	83726336,
					"rtt":	62331,
					"rttvar":	392,
					"pmtu":	1500,
					"omitted":	false,
					"sender":	true
				}],
			"sum":	{
				"start":	22.000826,
				"end":	23.000601,
				"seconds":	0.999774992465973,
				"bytes":	372113408,
				"bits_per_second":	2977577241.3124428,
				"retransmits":	40048,
				"omitted":	false,
				"sender":	true
			}
		}, {
			"streams":	[{
					"socket":	7,
					"start":	23.000601,
					"end":	24.001055,
					"seconds":	1.0004539489746094,
					"bytes":	397410304,
					"bits_per_second":	3177839854.8564153,
					"retransmits":	31413,
					"snd_cwnd":	76066336,
					"snd_wnd":	106786816,
					"rtt":	61209,
					"rttvar":	158,
					"pmtu":	1500,
					"omitted":	false,
					"sender":	true
				}],
			"sum":	{
				"start":	23.000601,
				"end":	24.001055,
				"seconds":	1.0004539489746094,
				"bytes":	397410304,
				"bits_per_second":	3177839854.8564153,
				"retransmits":	31413,
				"omitted":	false,
				"sender":	true
			}
		}, {
			"streams":	[{
					"socket":	7,
					"start":	24.001055,
					"end":	25.000142,
					"seconds":	0.99908697605133057,
					"bytes":	441712640,
					"bits_per_second":	3536930422.1802282,
					"retransmits":	45210,
					"snd_cwnd":	72837296,
					"snd_wnd":	108109824,
					"rtt":	61843,
					"rttvar":	453,
					"pmtu":	1500,
					"omitted":	false,
					"sender":	true
				}],
			"sum":	{
				"start":	24.001055,
				"end":	25.000142,
				"seconds":	0.99908697605133057,
				"bytes":	441712640,
				"bits_per_second":	3536930422.1802282,
				"retransmits":	45210,
				"omitted":	false,
				"sender":	true
			}
		}, {
			"streams":	[{
					"socket":	7,
					"start":	25.000142,
					"end":	26.000114,
					"seconds":	0.99997198581695557,
					"bytes":	402128896,
					"bits_per_second":	3217121293.0247788,
					"retransmits":	41589,
					"snd_cwnd":	79379360,
					"snd_wnd":	72929280,
					"rtt":	62081,
					"rttvar":	623,
					"pmtu":	1500,
					"omitted":	false,
					"sender":	true
				}],
			"sum":	{
				"start":	25.000142,
				"end":	26.000114,
				"seconds":	0.99997198581695557,
				"bytes":	402128896,
				"bits_per_second":	3217121293.0247788,
				"retransmits":	41589,
				"omitted":	false,
				"sender":	true
			}
		}, {
			"streams":	[{
					"socket":	7,
					"start":	26.000114,
					"end":	27.000504,
					"seconds":	1.00039005279541,
					"bytes":	423231488,
					"bits_per_second":	3384531757.9266663,
					"retransmits":	47327,
					"snd_cwnd":	33631248,
					"snd_wnd":	141369344,
					"rtt":	62163,
					"rttvar":	213,
					"pmtu":	1500,
					"omitted":	false,
					"sender":	true
				}],
			"sum":	{
				"start":	26.000114,
				"end":	27.000504,
				"seconds":	1.00039005279541,
				"bytes":	423231488,
				"bits_per_second":	3384531757.9266663,
				"retransmits":	47327,
				"omitted":	false,
				"sender":	true
			}
		}, {
			"streams":	[{
					"socket":	7,
					"start":	27.000504,
					"end":	28.000693,
					"seconds":	1.000188946723938,
					"bytes":	359006208,
					"bits_per_second":	2871507102.140286,
					"retransmits":	30153,
					"snd_cwnd":	63338416,
					"snd_wnd":	141348864,
					"rtt":	60958,
					"rttvar":	45,
					"pmtu":	1500,
					"omitted":	false,
					"sender":	true
				}],
			"sum":	{
				"start":	27.000504,
				"end":	28.000693,
				"seconds":	1.000188946723938,
				"bytes":	359006208,
				"bits_per_second":	2871507102.140286,
				"retransmits":	30153,
				"omitted":	false,
				"sender":	true
			}
		}, {
			"streams":	[{
					"socket":	7,
					"start":	28.000693,
					"end":	29.000155,
					"seconds":	0.99946200847625732,
					"bytes":	389283840,
					"bits_per_second":	3115947073.1137662,
					"retransmits":	21034,
					"snd_cwnd":	68061792,
					"snd_wnd":	141344768,
					"rtt":	60966,
					"rttvar":	28,
					"pmtu":	1500,
					"omitted":	false,
					"sender":	true
				}],
			"sum":	{
				"start":	28.000693,
				"end":	29.000155,
				"seconds":	0.99946200847625732,
				"bytes":	389283840,
				"bits_per_second":	3115947073.1137662,
				"retransmits":	21034,
				"omitted":	false,
				"sender":	true
			}
		}, {
			"streams":	[{
					"socket":	7,
					"start":	29.000155,
					"end":	30.000905,
					"seconds":	1.000749945640564,
					"bytes":	408813568,
					"bits_per_second":	3268057678.39098,
					"retransmits":	27960,
					"snd_cwnd":	66796240,
					"snd_wnd":	122826752,
					"rtt":	62261,
					"rttvar":	108,
					"pmtu":	1500,
					"omitted":	false,
					"sender":	true
				}],
			"sum":	{
				"start":	29.000155,
				"end":	30.000905,
				"seconds":	1.000749945640564,
				"bytes":	408813568,
				"bits_per_second":	3268057678.39098,
				"retransmits":	27960,
				"omitted":	false,
				"sender":	true
			}
		}, {
			"streams":	[{
					"socket":	7,
					"start":	30.000905,
					"end":	31.000202,
					"seconds":	0.999297022819519,
					"bytes":	453115904,
					"bits_per_second":	3627477265.7405291,
					"retransmits":	31195,
					"snd_cwnd":	67566576,
					"snd_wnd":	141344768,
					"rtt":	61525,
					"rttvar":	106,
					"pmtu":	1500,
					"omitted":	false,
					"sender":	true
				}],
			"sum":	{
				"start":	30.000905,
				"end":	31.000202,
				"seconds":	0.999297022819519,
				"bytes":	453115904,
				"bits_per_second":	3627477265.7405291,
				"retransmits":	31195,
				"omitted":	false,
				"sender":	true
			}
		}, {
			"streams":	[{
					"socket":	7,
					"start":	31.000202,
					"end":	32.00021,
					"seconds":	1.0000079870224,
					"bytes":	223215616,
					"bits_per_second":	1785710665.488915,
					"retransmits":	28186,
					"snd_cwnd":	5792,
					"snd_wnd":	93491200,
					"rtt":	61755,
					"rttvar":	613,
					"pmtu":	1500,
					"omitted":	false,
					"sender":	true
				}],
			"sum":	{
				"start":	31.000202,
				"end":	32.00021,
				"seconds":	1.0000079870224,
				"bytes":	223215616,
				"bits_per_second":	1785710665.488915,
				"retransmits":	28186,
				"omitted":	false,
				"sender":	true
			}
		}, {
			"streams":	[{
					"socket":	7,
					"start":	32.00021,
					"end":	33.000235,
					"seconds":	1.0000250339508057,
					"bytes":	284950528,
					"bits_per_second":	2279547157.92859,
					"retransmits":	21008,
					"snd_cwnd":	72243616,
					"snd_wnd":	95150080,
					"rtt":	62160,
					"rttvar":	167,
					"pmtu":	1500,
					"omitted":	false,
					"sender":	true
				}],
			"sum":	{
				"start":	32.00021,
				"end":	33.000235,
				"seconds":	1.0000250339508057,
				"bytes":	284950528,
				"bits_per_second":	2279547157.92859,
				"retransmits":	21008,
				"omitted":	false,
				"sender":	true
			}
		}, {
			"streams":	[{
					"socket":	7,
					"start":	33.000235,
					"end":	34.001059,
					"seconds":	1.000823974609375,
					"bytes":	319815680,
					"bits_per_second":	2556419015.6401892,
					"retransmits":	33644,
					"snd_cwnd":	72738832,
					"snd_wnd":	109707264,
					"rtt":	62013,
					"rttvar":	198,
					"pmtu":	1500,
					"omitted":	false,
					"sender":	true
				}],
			"sum":	{
				"start":	33.000235,
				"end":	34.001059,
				"seconds":	1.000823974609375,
				"bytes":	319815680,
				"bits_per_second":	2556419015.6401892,
				"retransmits":	33644,
				"omitted":	false,
				"sender":	true
			}
		}, {
			"streams":	[{
					"socket":	7,
					"start":	34.001059,
					"end":	35.001617,
					"seconds":	1.0005580186843872,
					"bytes":	470417408,
					"bits_per_second":	3761240421.5682926,
					"retransmits":	27501,
					"snd_cwnd":	73856688,
					"snd_wnd":	107847680,
					"rtt":	61893,
					"rttvar":	248,
					"pmtu":	1500,
					"omitted":	false,
					"sender":	true
				}],
			"sum":	{
				"start":	34.001059,
				"end":	35.001617,
				"seconds":	1.0005580186843872,
				"bytes":	470417408,
				"bits_per_second":	3761240421.5682926,
				"retransmits":	27501,
				"omitted":	false,
				"sender":	true
			}
		}, {
			"streams":	[{
					"socket":	7,
					"start":	35.001617,
					"end":	36.000166,
					"seconds":	0.998548984527588,
					"bytes":	337248256,
					"bits_per_second":	2701906556.2180843,
					"retransmits":	32263,
					"snd_cwnd":	77688096,
					"snd_wnd":	86925312,
					"rtt":	61750,
					"rttvar":	254,
					"pmtu":	1500,
					"omitted":	false,
					"sender":	true
				}],
			"sum":	{
				"start":	35.001617,
				"end":	36.000166,
				"seconds":	0.998548984527588,
				"bytes":	337248256,
				"bits_per_second":	2701906556.2180843,
				"retransmits":	32263,
				"omitted":	false,
				"sender":	true
			}
		}, {
			"streams":	[{
					"socket":	7,
					"start":	36.000166,
					"end":	37.00036,
					"seconds":	1.0001939535140991,
					"bytes":	453771264,
					"bits_per_second":	3629466164.2831335,
					"retransmits":	37194,
					"snd_cwnd":	49246480,
					"snd_wnd":	141348864,
					"rtt":	61074,
					"rttvar":	30,
					"pmtu":	1500,
					"omitted":	false,
					"sender":	true
				}],
			"sum":	{
				"start":	36.000166,
				"end":	37.00036,
				"seconds":	1.0001939535140991,
				"bytes":	453771264,
				"bits_per_second":	3629466164.2831335,
				"retransmits":	37194,
				"omitted":	false,
				"sender":	true
			}
		}, {
			"streams":	[{
					"socket":	7,
					"start":	37.00036,
					"end":	38.00105,
					"seconds":	1.00068998336792,
					"bytes":	282984448,
					"bits_per_second":	2262314624.536068,
					"retransmits":	23232,
					"snd_cwnd":	49174080,
					"snd_wnd":	109522944,
					"rtt":	62310,
					"rttvar":	302,
					"pmtu":	1500,
					"omitted":	false,
					"sender":	true
				}],
			"sum":	{
				"start":	37.00036,
				"end":	38.00105,
				"seconds":	1.00068998336792,
				"bytes":	282984448,
				"bits_per_second":	2262314624.536068,
				"retransmits":	23232,
				"omitted":	false,
				"sender":	true
			}
		}, {
			"streams":	[{
					"socket":	7,
					"start":	38.00105,
					"end":	39.000201,
					"seconds":	0.99915099143981934,
					"bytes":	358744064,
					"bits_per_second":	2872391196.7141981,
					"retransmits":	12876,
					"snd_cwnd":	49984960,
					"snd_wnd":	114757632,
					"rtt":	62110,
					"rttvar":	100,
					"pmtu":	1500,
					"omitted":	false,
					"sender":	true
				}],
			"sum":	{
				"start":	38.00105,
				"end":	39.000201,
				"seconds":	0.99915099143981934,
				"bytes":	358744064,
				"bits_per_second":	2872391196.7141981,
				"retransmits":	12876,
				"omitted":	false,
				"sender":	true
			}
		}, {
			"streams":	[{
					"socket":	7,
					"start":	39.000201,
					"end":	40.000701,
					"seconds":	1.000499963760376,
					"bytes":	348913664,
					"bits_per_second":	2789914455.877512,
					"retransmits":	15794,
					"snd_cwnd":	51716768,
					"snd_wnd":	117272576,
					"rtt":	62163,
					"rttvar":	287,
					"pmtu":	1500,
					"omitted":	false,
					"sender":	true
				}],
			"sum":	{
				"start":	39.000201,
				"end":	40.000701,
				"seconds":	1.000499963760376,
				"bytes":	348913664,
				"bits_per_second":	2789914455.877512,
				"retransmits":	15794,
				"omitted":	false,
				"sender":	true
			}
		}, {
			"streams":	[{
					"socket":	7,
					"start":	40.000701,
					"end":	41.000147,
					"seconds":	0.99944597482681274,
					"bytes":	414580736,
					"bits_per_second":	3318484411.9010229,
					"retransmits":	19097,
					"snd_cwnd":	37752256,
					"snd_wnd":	119816192,
					"rtt":	61159,
					"rttvar":	281,
					"pmtu":	1500,
					"omitted":	false,
					"sender":	true
				}],
			"sum":	{
				"start":	40.000701,
				"end":	41.000147,
				"seconds":	0.99944597482681274,
				"bytes":	414580736,
				"bits_per_second":	3318484411.9010229,
				"retransmits":	19097,
				"omitted":	false,
				"sender":	true
			}
		}, {
			"streams":	[{
					"socket":	7,
					"start":	41.000147,
					"end":	42.000397,
					"seconds":	1.000249981880188,
					"bytes":	399114240,
					"bits_per_second":	3192115948.8533278,
					"retransmits":	31700,
					"snd_cwnd":	63402128,
					"snd_wnd":	107958272,
					"rtt":	62237,
					"rttvar":	124,
					"pmtu":	1500,
					"omitted":	false,
					"sender":	true
				}],
			"sum":	{
				"start":	41.000147,
				"end":	42.000397,
				"seconds":	1.000249981880188,
				"bytes":	399114240,
				"bits_per_second":	3192115948.8533278,
				"retransmits":	31700,
				"omitted":	false,
				"sender":	true
			}
		}, {
			"streams":	[{
					"socket":	7,
					"start":	42.000397,
					"end":	43.00093,
					"seconds":	1.0005329847335815,
					"bytes":	201457664,
					"bits_per_second":	1610802778.7101367,
					"retransmits":	24799,
					"snd_cwnd":	60144128,
					"snd_wnd":	94035968,
					"rtt":	61967,
					"rttvar":	236,
					"pmtu":	1500,
					"omitted":	false,
					"sender":	true
				}],
			"sum":	{
				"start":	42.000397,
				"end":	43.00093,
				"seconds":	1.0005329847335815,
				"bytes":	201457664,
				"bits_per_second":	1610802778.7101367,
				"retransmits":	24799,
				"omitted":	false,
				"sender":	true
			}
		}, {
			"streams":	[{
					"socket":	7,
					"start":	43.00093,
					"end":	44.001463,
					"seconds":	1.0005329847335815,
					"bytes":	360448000,
					"bits_per_second":	2882047912.4612074,
					"retransmits":	20438,
					"snd_cwnd":	63526656,
					"snd_wnd":	127246336,
					"rtt":	61536,
					"rttvar":	374,
					"pmtu":	1500,
					"omitted":	false,
					"sender":	true
				}],
			"sum":	{
				"start":	43.00093,
				"end":	44.001463,
				"seconds":	1.0005329847335815,
				"bytes":	360448000,
				"bits_per_second":	2882047912.4612074,
				"retransmits":	20438,
				"omitted":	false,
				"sender":	true
			}
		}, {
			"streams":	[{
					"socket":	7,
					"start":	44.001463,
					"end":	45.001616,
					"seconds":	1.0001529455184937,
					"bytes":	454033408,
					"bits_per_second":	3631711809.9542069,
					"retransmits":	26668,
					"snd_cwnd":	80766544,
					"snd_wnd":	109707264,
					"rtt":	61489,
					"rttvar":	284,
					"pmtu":	1500,
					"omitted":	false,
					"sender":	true
				}],
			"sum":	{
				"start":	44.001463,
				"end":	45.001616,
				"seconds":	1.0001529455184937,
				"bytes":	454033408,
				"bits_per_second":	3631711809.9542069,
				"retransmits":	26668,
				"omitted":	false,
				"sender":	true
			}
		}, {
			"streams":	[{
					"socket":	7,
					"start":	45.001616,
					"end":	46.000302,
					"seconds":	0.99868601560592651,
					"bytes":	365297664,
					"bits_per_second":	2926226327.7281618,
					"retransmits":	33630,
					"snd_cwnd":	80224992,
					"snd_wnd":	94597120,
					"rtt":	61873,
					"rttvar":	363,
					"pmtu":	1500,
					"omitted":	false,
					"sender":	true
				}],
			"sum":	{
				"start":	45.001616,
				"end":	46.000302,
				"seconds":	0.99868601560592651,
				"bytes":	365297664,
				"bits_per_second":	2926226327.7281618,
				"retransmits":	33630,
				"omitted":	false,
				"sender":	true
			}
		}, {
			"streams":	[{
					"socket":	7,
					"start":	46.000302,
					"end":	47.000162,
					"seconds":	0.99985998868942261,
					"bytes":	409862144,
					"bits_per_second":	3279356298.97327,
					"retransmits":	41286,
					"snd_cwnd":	76778752,
					"snd_wnd":	82010112,
					"rtt":	62402,
					"rttvar":	449,
					"pmtu":	1500,
					"omitted":	false,
					"sender":	true
				}],
			"sum":	{
				"start":	46.000302,
				"end":	47.000162,
				"seconds":	0.99985998868942261,
				"bytes":	409862144,
				"bits_per_second":	3279356298.97327,
				"retransmits":	41286,
				"omitted":	false,
				"sender":	true
			}
		}, {
			"streams":	[{
					"socket":	7,
					"start":	47.000162,
					"end":	48.000178,
					"seconds":	1.0000159740448,
					"bytes":	393609216,
					"bits_per_second":	3148823428.5534854,
					"retransmits":	37915,
					"snd_cwnd":	80705728,
					"snd_wnd":	88989696,
					"rtt":	62094,
					"rttvar":	240,
					"pmtu":	1500,
					"omitted":	false,
					"sender":	true
				}],
			"sum":	{
				"start":	47.000162,
				"end":	48.000178,
				"seconds":	1.0000159740448,
				"bytes":	393609216,
				"bits_per_second":	3148823428.5534854,
				"retransmits":	37915,
				"omitted":	false,
				"sender":	true
			}
		}, {
			"streams":	[{
					"socket":	7,
					"start":	48.000178,
					"end":	49.001061,
					"seconds":	1.0008829832077026,
					"bytes":	479985664,
					"bits_per_second":	3836497748.9113221,
					"retransmits":	43040,
					"snd_cwnd":	71163408,
					"snd_wnd":	127389696,
					"rtt":	62227,
					"rttvar":	152,
					"pmtu":	1500,
					"omitted":	false,
					"sender":	true
				}],
			"sum":	{
				"start":	48.000178,
				"end":	49.001061,
				"seconds":	1.0008829832077026,
				"bytes":	479985664,
				"bits_per_second":	3836497748.9113221,
				"retransmits":	43040,
				"omitted":	false,
				"sender":	true
			}
		}, {
			"streams":	[{
					"socket":	7,
					"start":	49.001061,
					"end":	50.000108,
					"seconds":	0.99904698133468628,
					"bytes":	502923264,
					"bits_per_second":	4027224131.7669759,
					"retransmits":	29828,
					"snd_cwnd":	41654616,
					"snd_wnd":	141410304,
					"rtt":	62176,
					"rttvar":	126,
					"pmtu":	1500,
					"omitted":	false,
					"sender":	true
				}],
			"sum":	{
				"start":	49.001061,
				"end":	50.000108,
				"seconds":	0.99904698133468628,
				"bytes":	502923264,
				"bits_per_second":	4027224131.7669759,
				"retransmits":	29828,
				"omitted":	false,
				"sender":	true
			}
		}, {
			"streams":	[{
					"socket":	7,
					"start":	50.000108,
					"end":	51.000136,
					"seconds":	1.0000280141830444,
					"bytes":	470548480,
					"bits_per_second":	3764282386.7041879,
					"retransmits":	33269,
					"snd_cwnd":	93060064,
					"snd_wnd":	126275584,
					"rtt":	62428,
					"rttvar":	175,
					"pmtu":	1500,
					"omitted":	false,
					"sender":	true
				}],
			"sum":	{
				"start":	50.000108,
				"end":	51.000136,
				"seconds":	1.0000280141830444,
				"bytes":	470548480,
				"bits_per_second":	3764282386.7041879,
				"retransmits":	33269,
				"omitted":	false,
				"sender":	true
			}
		}, {
			"streams":	[{
					"socket":	7,
					"start":	51.000136,
					"end":	52.001044,
					"seconds":	1.0009080171585083,
					"bytes":	335806464,
					"bits_per_second":	2684014580.7070317,
					"retransmits":	73132,
					"snd_cwnd":	81628104,
					"snd_wnd":	84815872,
					"rtt":	62619,
					"rttvar":	554,
					"pmtu":	1500,
					"omitted":	false,
					"sender":	true
				}],
			"sum":	{
				"start":	51.000136,
				"end":	52.001044,
				"seconds":	1.0009080171585083,
				"bytes":	335806464,
				"bits_per_second":	2684014580.7070317,
				"retransmits":	73132,
				"omitted":	false,
				"sender":	true
			}
		}, {
			"streams":	[{
					"socket":	7,
					"start":	52.001044,
					"end":	53.000228,
					"seconds":	0.999184012413025,
					"bytes":	474480640,
					"bits_per_second":	3798945011.973371,
					"retransmits":	7595,
					"snd_cwnd":	97942720,
					"snd_wnd":	106442752,
					"rtt":	61259,
					"rttvar":	372,
					"pmtu":	1500,
					"omitted":	false,
					"sender":	true
				}],
			"sum":	{
				"start":	52.001044,
				"end":	53.000228,
				"seconds":	0.999184012413025,
				"bytes":	474480640,
				"bits_per_second":	3798945011.973371,
				"retransmits":	7595,
				"omitted":	false,
				"sender":	true
			}
		}, {
			"streams":	[{
					"socket":	7,
					"start":	53.000228,
					"end":	54.000605,
					"seconds":	1.0003770589828491,
					"bytes":	457703424,
					"bits_per_second":	3660247262.8900785,
					"retransmits":	12629,
					"snd_cwnd":	59945752,
					"snd_wnd":	121536512,
					"rtt":	62194,
					"rttvar":	407,
					"pmtu":	1500,
					"omitted":	false,
					"sender":	true
				}],
			"sum":	{
				"start":	53.000228,
				"end":	54.000605,
				"seconds":	1.0003770589828491,
				"bytes":	457703424,
				"bits_per_second":	3660247262.8900785,
				"retransmits":	12629,
				"omitted":	false,
				"sender":	true
			}
		}, {
			"streams":	[{
					"socket":	7,
					"start":	54.000605,
					"end":	55.000746,
					"seconds":	1.0001410245895386,
					"bytes":	591396864,
					"bits_per_second":	4730507794.08003,
					"retransmits":	15235,
					"snd_cwnd":	96399152,
					"snd_wnd":	108064768,
					"rtt":	62258,
					"rttvar":	129,
					"pmtu":	1500,
					"omitted":	false,
					"sender":	true
				}],
			"sum":	{
				"start":	54.000605,
				"end":	55.000746,
				"seconds":	1.0001410245895386,
				"bytes":	591396864,
				"bits_per_second":	4730507794.08003,
				"retransmits":	15235,
				"omitted":	false,
				"sender":	true
			}
		}, {
			"streams":	[{
					"socket":	7,
					"start":	55.000746,
					"end":	56.000594,
					"seconds":	0.99984800815582275,
					"bytes":	446169088,
					"bits_per_second":	3569895298.97001,
					"retransmits":	26765,
					"snd_cwnd":	87595312,
					"snd_wnd":	93560832,
					"rtt":	61776,
					"rttvar":	117,
					"pmtu":	1500,
					"omitted":	false,
					"sender":	true
				}],
			"sum":	{
				"start":	55.000746,
				"end":	56.000594,
				"seconds":	0.99984800815582275,
				"bytes":	446169088,
				"bits_per_second":	3569895298.97001,
				"retransmits":	26765,
				"omitted":	false,
				"sender":	true
			}
		}, {
			"streams":	[{
					"socket":	7,
					"start":	56.000594,
					"end":	57.000356,
					"seconds":	0.999761998653412,
					"bytes":	393478144,
					"bits_per_second":	3148574516.9748731,
					"retransmits":	43712,
					"snd_cwnd":	76577480,
					"snd_wnd":	84873216,
					"rtt":	60756,
					"rttvar":	308,
					"pmtu":	1500,
					"omitted":	false,
					"sender":	true
				}],
			"sum":	{
				"start":	56.000594,
				"end":	57.000356,
				"seconds":	0.999761998653412,
				"bytes":	393478144,
				"bits_per_second":	3148574516.9748731,
				"retransmits":	43712,
				"omitted":	false,
				"sender":	true
			}
		}, {
			"streams":	[{
					"socket":	7,
					"start":	57.000356,
					"end":	58.000335,
					"seconds":	0.999979019165039,
					"bytes":	364773376,
					"bits_per_second":	2918248235.2846,
					"retransmits":	22758,
					"snd_cwnd":	75655104,
					"snd_wnd":	103141376,
					"rtt":	62236,
					"rttvar":	392,
					"pmtu":	1500,
					"omitted":	false,
					"sender":	true
				}],
			"sum":	{
				"start":	57.000356,
				"end":	58.000335,
				"seconds":	0.999979019165039,
				"bytes":	364773376,
				"bits_per_second":	2918248235.2846,
				"retransmits":	22758,
				"omitted":	false,
				"sender":	true
			}
		}, {
			"streams":	[{
					"socket":	7,
					"start":	58.000335,
					"end":	59.001052,
					"seconds":	1.0007170438766479,
					"bytes":	467140608,
					"bits_per_second":	3734447101.5731511,
					"retransmits":	30388,
					"snd_cwnd":	75713024,
					"snd_wnd":	121495552,
					"rtt":	61242,
					"rttvar":	448,
					"pmtu":	1500,
					"omitted":	false,
					"sender":	true
				}],
			"sum":	{
				"start":	58.000335,
				"end":	59.001052,
				"seconds":	1.0007170438766479,
				"bytes":	467140608,
				"bits_per_second":	3734447101.5731511,
				"retransmits":	30388,
				"omitted":	false,
				"sender":	true
			}
		}, {
			"streams":	[{
					"socket":	7,
					"start":	59.001052,
					"end":	60.000829,
					"seconds":	0.99977701902389526,
					"bytes":	412483584,
					"bits_per_second":	3300604644.0452652,
					"retransmits":	18588,
					"snd_cwnd":	70007904,
					"snd_wnd":	85303296,
					"rtt":	62396,
					"rttvar":	420,
					"pmtu":	1500,
					"omitted":	false,
					"sender":	true
				}],
			"sum":	{
				"start":	59.001052,
				"end":	60.000829,
				"seconds":	0.99977701902389526,
				"bytes":	412483584,
				"bits_per_second":	3300604644.0452652,
				"retransmits":	18588,
				"omitted":	false,
				"sender":	true
			}
		}, {
			"streams":	[{
					"socket":	7,
					"start":	60.000829,
					"end":	61.001736,
					"seconds":	1.0009069442749023,
					"bytes":	456785920,
					"bits_per_second":	3650976128.1028118,
					"retransmits":	14556,
					"snd_cwnd":	73219568,
					"snd_wnd":	91471872,
					"rtt":	61584,
					"rttvar":	407,
					"pmtu":	1500,
					"omitted":	false,
					"sender":	true
				}],
			"sum":	{
				"start":	60.000829,
				"end":	61.001736,
				"seconds":	1.0009069442749023,
				"bytes":	456785920,
				"bits_per_second":	3650976128.1028118,
				"retransmits":	14556,
				"omitted":	false,
				"sender":	true
			}
		}, {
			"streams":	[{
					"socket":	7,
					"start":	61.001736,
					"end":	62.000223,
					"seconds":	0.99848699569702148,
					"bytes":	497418240,
					"bits_per_second":	3985375810.7506523,
					"retransmits":	39439,
					"snd_cwnd":	71589120,
					"snd_wnd":	136355840,
					"rtt":	62094,
					"rttvar":	395,
					"pmtu":	1500,
					"omitted":	false,
					"sender":	true
				}],
			"sum":	{
				"start":	61.001736,
				"end":	62.000223,
				"seconds":	0.99848699569702148,
				"bytes":	497418240,
				"bits_per_second":	3985375810.7506523,
				"retransmits":	39439,
				"omitted":	false,
				"sender":	true
			}
		}, {
			"streams":	[{
					"socket":	7,
					"start":	62.000223,
					"end":	63.000138,
					"seconds":	0.99991500377655029,
					"bytes":	352190464,
					"bits_per_second":	2817763211.23153,
					"retransmits":	42581,
					"snd_cwnd":	5792,
					"snd_wnd":	141287424,
					"rtt":	61661,
					"rttvar":	219,
					"pmtu":	1500,
					"omitted":	false,
					"sender":	true
				}],
			"sum":	{
				"start":	62.000223,
				"end":	63.000138,
				"seconds":	0.99991500377655029,
				"bytes":	352190464,
				"bits_per_second":	2817763211.23153,
				"retransmits":	42581,
				"omitted":	false,
				"sender":	true
			}
		}, {
			"streams":	[{
					"socket":	7,
					"start":	63.000138,
					"end":	64.000119,
					"seconds":	0.99998098611831665,
					"bytes":	362414080,
					"bits_per_second":	2899367768.2357016,
					"retransmits":	22150,
					"snd_cwnd":	38018688,
					"snd_wnd":	137695232,
					"rtt":	63236,
					"rttvar":	570,
					"pmtu":	1500,
					"omitted":	false,
					"sender":	true
				}],
			"sum":	{
				"start":	63.000138,
				"end":	64.000119,
				"seconds":	0.99998098611831665,
				"bytes":	362414080,
				"bits_per_second":	2899367768.2357016,
				"retransmits":	22150,
				"omitted":	false,
				"sender":	true
			}
		}, {
			"streams":	[{
					"socket":	7,
					"start":	64.000119,
					"end":	65.000086,
					"seconds":	0.99996697902679443,
					"bytes":	350486528,
					"bits_per_second":	2803984814.3074222,
					"retransmits":	33337,
					"snd_cwnd":	79579184,
					"snd_wnd":	96002048,
					"rtt":	62338,
					"rttvar":	538,
					"pmtu":	1500,
					"omitted":	false,
					"sender":	true
				}],
			"sum":	{
				"start":	64.000119,
				"end":	65.000086,
				"seconds":	0.99996697902679443,
				"bytes":	350486528,
				"bits_per_second":	2803984814.3074222,
				"retransmits":	33337,
				"omitted":	false,
				"sender":	true
			}
		}, {
			"streams":	[{
					"socket":	7,
					"start":	65.000086,
					"end":	66.000554,
					"seconds":	1.0004680156707764,
					"bytes":	408551424,
					"bits_per_second":	3266882439.8235784,
					"retransmits":	30837,
					"snd_cwnd":	79057904,
					"snd_wnd":	114638848,
					"rtt":	61604,
					"rttvar":	226,
					"pmtu":	1500,
					"omitted":	false,
					"sender":	true
				}],
			"sum":	{
				"start":	65.000086,
				"end":	66.000554,
				"seconds":	1.0004680156707764,
				"bytes":	408551424,
				"bits_per_second":	3266882439.8235784,
				"retransmits":	30837,
				"omitted":	false,
				"sender":	true
			}
		}, {
			"streams":	[{
					"socket":	7,
					"start":	66.000554,
					"end":	67.000055,
					"seconds":	0.99950098991394043,
					"bytes":	497549312,
					"bits_per_second":	3982381744.6571236,
					"retransmits":	23659,
					"snd_cwnd":	38166384,
					"snd_wnd":	141406208,
					"rtt":	62173,
					"rttvar":	123,
					"pmtu":	1500,
					"omitted":	false,
					"sender":	true
				}],
			"sum":	{
				"start":	66.000554,
				"end":	67.000055,
				"seconds":	0.99950098991394043,
				"bytes":	497549312,
				"bits_per_second":	3982381744.6571236,
				"retransmits":	23659,
				"omitted":	false,
				"sender":	true
			}
		}, {
			"streams":	[{
					"socket":	7,
					"start":	67.000055,
					"end":	68.000082,
					"seconds":	1.0000269412994385,
					"bytes":	401473536,
					"bits_per_second":	3211701760.581161,
					"retransmits":	35375,
					"snd_cwnd":	78270192,
					"snd_wnd":	117751808,
					"rtt":	61683,
					"rttvar":	379,
					"pmtu":	1500,
					"omitted":	false,
					"sender":	true
				}],
			"sum":	{
				"start":	67.000055,
				"end":	68.000082,
				"seconds":	1.0000269412994385,
				"bytes":	401473536,
				"bits_per_second":	3211701760.581161,
				"retransmits":	35375,
				"omitted":	false,
				"sender":	true
			}
		}, {
			"streams":	[{
					"socket":	7,
					"start":	68.000082,
					"end":	69.001069,
					"seconds":	1.0009870529174805,
					"bytes":	410910720,
					"bits_per_second":	3284044234.5571456,
					"retransmits":	29618,
					"snd_cwnd":	78594544,
					"snd_wnd":	126107648,
					"rtt":	61596,
					"rttvar":	367,
					"pmtu":	1500,
					"omitted":	false,
					"sender":	true
				}],
			"sum":	{
				"start":	68.000082,
				"end":	69.001069,
				"seconds":	1.0009870529174805,
				"bytes":	410910720,
				"bits_per_second":	3284044234.5571456,
				"retransmits":	29618,
				"omitted":	false,
				"sender":	true
			}
		}, {
			"streams":	[{
					"socket":	7,
					"start":	69.001069,
					"end":	70.000214,
					"seconds":	0.999144971370697,
					"bytes":	328597504,
					"bits_per_second":	2631029637.6647482,
					"retransmits":	35258,
					"snd_cwnd":	73593152,
					"snd_wnd":	88412160,
					"rtt":	61937,
					"rttvar":	205,
					"pmtu":	1500,
					"omitted":	false,
					"sender":	true
				}],
			"sum":	{
				"start":	69.001069,
				"end":	70.000214,
				"seconds":	0.999144971370697,
				"bytes":	328597504,
				"bits_per_second":	2631029637.6647482,
				"retransmits":	35258,
				"omitted":	false,
				"sender":	true
			}
		}, {
			"streams":	[{
					"socket":	7,
					"start":	70.000214,
					"end":	71.001616,
					"seconds":	1.0014020204544067,
					"bytes":	488243200,
					"bits_per_second":	3900477051.3920045,
					"retransmits":	21972,
					"snd_cwnd":	79367776,
					"snd_wnd":	95719424,
					"rtt":	62179,
					"rttvar":	151,
					"pmtu":	1500,
					"omitted":	false,
					"sender":	true
				}],
			"sum":	{
				"start":	70.000214,
				"end":	71.001616,
				"seconds":	1.0014020204544067,
				"bytes":	488243200,
				"bits_per_second":	3900477051.3920045,
				"retransmits":	21972,
				"omitted":	false,
				"sender":	true
			}
		}, {
			"streams":	[{
					"socket":	7,
					"start":	71.001616,
					"end":	72.000117,
					"seconds":	0.9985010027885437,
					"bytes":	367525888,
					"bits_per_second":	2944621082.7919,
					"retransmits":	26630,
					"snd_cwnd":	70132432,
					"snd_wnd":	104308736,
					"rtt":	62375,
					"rttvar":	261,
					"pmtu":	1500,
					"omitted":	false,
					"sender":	true
				}],
			"sum":	{
				"start":	71.001616,
				"end":	72.000117,
				"seconds":	0.9985010027885437,
				"bytes":	367525888,
				"bits_per_second":	2944621082.7919,
				"retransmits":	26630,
				"omitted":	false,
				"sender":	true
			}
		}, {
			"streams":	[{
					"socket":	7,
					"start":	72.000117,
					"end":	73.001067,
					"seconds":	1.00094997882843,
					"bytes":	463601664,
					"bits_per_second":	3705293361.7532115,
					"retransmits":	24283,
					"snd_cwnd":	86703344,
					"snd_wnd":	140353536,
					"rtt":	61890,
					"rttvar":	158,
					"pmtu":	1500,
					"omitted":	false,
					"sender":	true
				}],
			"sum":	{
				"start":	72.000117,
				"end":	73.001067,
				"seconds":	1.00094997882843,
				"bytes":	463601664,
				"bits_per_second":	3705293361.7532115,
				"retransmits":	24283,
				"omitted":	false,
				"sender":	true
			}
		}, {
			"streams":	[{
					"socket":	7,
					"start":	73.001067,
					"end":	74.001058,
					"seconds":	0.999990999698639,
					"bytes":	154402816,
					"bits_per_second":	1235233645.4750607,
					"retransmits":	35130,
					"snd_cwnd":	77166816,
					"snd_wnd":	95555584,
					"rtt":	63065,
					"rttvar":	1798,
					"pmtu":	1500,
					"omitted":	false,
					"sender":	true
				}],
			"sum":	{
				"start":	73.001067,
				"end":	74.001058,
				"seconds":	0.999990999698639,
				"bytes":	154402816,
				"bits_per_second":	1235233645.4750607,
				"retransmits":	35130,
				"omitted":	false,
				"sender":	true
			}
		}, {
			"streams":	[{
					"socket":	7,
					"start":	74.001058,
					"end":	75.001046,
					"seconds":	0.9999880194664,
					"bytes":	484048896,
					"bits_per_second":	3872437561.8683233,
					"retransmits":	29633,
					"snd_cwnd":	74647296,
					"snd_wnd":	118038528,
					"rtt":	62233,
					"rttvar":	149,
					"pmtu":	1500,
					"omitted":	false,
					"sender":	true
				}],
			"sum":	{
				"start":	74.001058,
				"end":	75.001046,
				"seconds":	0.9999880194664,
				"bytes":	484048896,
				"bits_per_second":	3872437561.8683233,
				"retransmits":	29633,
				"omitted":	false,
				"sender":	true
			}
		}, {
			"streams":	[{
					"socket":	7,
					"start":	75.001046,
					"end":	76.000476,
					"seconds":	0.999430000782013,
					"bytes":	375521280,
					"bits_per_second":	3005883591.2963991,
					"retransmits":	28730,
					"snd_cwnd":	61049128,
					"snd_wnd":	116240384,
					"rtt":	61897,
					"rttvar":	442,
					"pmtu":	1500,
					"omitted":	false,
					"sender":	true
				}],
			"sum":	{
				"start":	75.001046,
				"end":	76.000476,
				"seconds":	0.999430000782013,
				"bytes":	375521280,
				"bits_per_second":	3005883591.2963991,
				"retransmits":	28730,
				"omitted":	false,
				"sender":	true
			}
		}, {
			"streams":	[{
					"socket":	7,
					"start":	76.000476,
					"end":	77.000332,
					"seconds":	0.99985599517822266,
					"bytes":	455737344,
					"bits_per_second":	3646423854.6173086,
					"retransmits":	34994,
					"snd_cwnd":	78617712,
					"snd_wnd":	141344768,
					"rtt":	61117,
					"rttvar":	75,
					"pmtu":	1500,
					"omitted":	false,
					"sender":	true
				}],
			"sum":	{
				"start":	76.000476,
				"end":	77.000332,
				"seconds":	0.99985599517822266,
				"bytes":	455737344,
				"bits_per_second":	3646423854.6173086,
				"retransmits":	34994,
				"omitted":	false,
				"sender":	true
			}
		}, {
			"streams":	[{
					"socket":	7,
					"start":	77.000332,
					"end":	78.000195,
					"seconds":	0.999863028526306,
					"bytes":	403570688,
					"bits_per_second":	3229007785.9550114,
					"retransmits":	18186,
					"snd_cwnd":	77242112,
					"snd_wnd":	115539968,
					"rtt":	62503,
					"rttvar":	248,
					"pmtu":	1500,
					"omitted":	false,
					"sender":	true
				}],
			"sum":	{
				"start":	77.000332,
				"end":	78.000195,
				"seconds":	0.999863028526306,
				"bytes":	403570688,
				"bits_per_second":	3229007785.9550114,
				"retransmits":	18186,
				"omitted":	false,
				"sender":	true
			}
		}, {
			"streams":	[{
					"socket":	7,
					"start":	78.000195,
					"end":	79.001044,
					"seconds":	1.0008490085601807,
					"bytes":	465567744,
					"bits_per_second":	3721382466.4302945,
					"retransmits":	29851,
					"snd_cwnd":	82182688,
					"snd_wnd":	136237056,
					"rtt":	62133,
					"rttvar":	127,
					"pmtu":	1500,
					"omitted":	false,
					"sender":	true
				}],
			"sum":	{
				"start":	78.000195,
				"end":	79.001044,
				"seconds":	1.0008490085601807,
				"bytes":	465567744,
				"bits_per_second":	3721382466.4302945,
				"retransmits":	29851,
				"omitted":	false,
				"sender":	true
			}
		}, {
			"streams":	[{
					"socket":	7,
					"start":	79.001044,
					"end":	80.001105,
					"seconds":	1.00006103515625,
					"bytes":	411041792,
					"bits_per_second":	3288133644.2492523,
					"retransmits":	32477,
					"snd_cwnd":	75411840,
					"snd_wnd":	127942656,
					"rtt":	62297,
					"rttvar":	164,
					"pmtu":	1500,
					"omitted":	false,
					"sender":	true
				}],
			"sum":	{
				"start":	79.001044,
				"end":	80.001105,
				"seconds":	1.00006103515625,
				"bytes":	411041792,
				"bits_per_second":	3288133644.2492523,
				"retransmits":	32477,
				"omitted":	false,
				"sender":	true
			}
		}, {
			"streams":	[{
					"socket":	7,
					"start":	80.001105,
					"end":	81.000128,
					"seconds":	0.99902302026748657,
					"bytes":	361234432,
					"bits_per_second":	2892701566.8029761,
					"retransmits":	38568,
					"snd_cwnd":	71447216,
					"snd_wnd":	89702400,
					"rtt":	63282,
					"rttvar":	591,
					"pmtu":	1500,
					"omitted":	false,
					"sender":	true
				}],
			"sum":	{
				"start":	80.001105,
				"end":	81.000128,
				"seconds":	0.99902302026748657,
				"bytes":	361234432,
				"bits_per_second":	2892701566.8029761,
				"retransmits":	38568,
				"omitted":	false,
				"sender":	true
			}
		}, {
			"streams":	[{
					"socket":	7,
					"start":	81.000128,
					"end":	82.000125,
					"seconds":	0.99999701976776123,
					"bytes":	416022528,
					"bits_per_second":	3328190142.77956,
					"retransmits":	38017,
					"snd_cwnd":	73546816,
					"snd_wnd":	122699776,
					"rtt":	62370,
					"rttvar":	223,
					"pmtu":	1500,
					"omitted":	false,
					"sender":	true
				}],
			"sum":	{
				"start":	81.000128,
				"end":	82.000125,
				"seconds":	0.99999701976776123,
				"bytes":	416022528,
				"bits_per_second":	3328190142.77956,
				"retransmits":	38017,
				"omitted":	false,
				"sender":	true
			}
		}, {
			"streams":	[{
					"socket":	7,
					"start":	82.000125,
					"end":	83.00104,
					"seconds":	1.0009150505065918,
					"bytes":	400162816,
					"bits_per_second":	3198375852.5558476,
					"retransmits":	26802,
					"snd_cwnd":	67433360,
					"snd_wnd":	73883648,
					"rtt":	62015,
					"rttvar":	348,
					"pmtu":	1500,
					"omitted":	false,
					"sender":	true
				}],
			"sum":	{
				"start":	82.000125,
				"end":	83.00104,
				"seconds":	1.0009150505065918,
				"bytes":	400162816,
				"bits_per_second":	3198375852.5558476,
				"retransmits":	26802,
				"omitted":	false,
				"sender":	true
			}
		}, {
			"streams":	[{
					"socket":	7,
					"start":	83.00104,
					"end":	84.000197,
					"seconds":	0.99915701150894165,
					"bytes":	459538432,
					"bits_per_second":	3679409155.572042,
					"retransmits":	7771,
					"snd_cwnd":	5792,
					"snd_wnd":	141410304,
					"rtt":	60952,
					"rttvar":	54,
					"pmtu":	1500,
					"omitted":	false,
					"sender":	true
				}],
			"sum":	{
				"start":	83.00104,
				"end":	84.000197,
				"seconds":	0.99915701150894165,
				"bytes":	459538432,
				"bits_per_second":	3679409155.572042,
				"retransmits":	7771,
				"omitted":	false,
				"sender":	true
			}
		}, {
			"streams":	[{
					"socket":	7,
					"start":	84.000197,
					"end":	85.000069,
					"seconds":	0.99987202882766724,
					"bytes":	248250368,
					"bits_per_second":	1986257127.65318,
					"retransmits":	44684,
					"snd_cwnd":	76318288,
					"snd_wnd":	70369280,
					"rtt":	61510,
					"rttvar":	310,
					"pmtu":	1500,
					"omitted":	false,
					"sender":	true
				}],
			"sum":	{
				"start":	84.000197,
				"end":	85.000069,
				"seconds":	0.99987202882766724,
				"bytes":	248250368,
				"bits_per_second":	1986257127.65318,
				"retransmits":	44684,
				"omitted":	false,
				"sender":	true
			}
		}, {
			"streams":	[{
					"socket":	7,
					"start":	85.000069,
					"end":	86.000099,
					"seconds":	1.0000300407409668,
					"bytes":	448266240,
					"bits_per_second":	3586022193.2361917,
					"retransmits":	38726,
					"snd_cwnd":	72017728,
					"snd_wnd":	136941568,
					"rtt":	62017,
					"rttvar":	204,
					"pmtu":	1500,
					"omitted":	false,
					"sender":	true
				}],
			"sum":	{
				"start":	85.000069,
				"end":	86.000099,
				"seconds":	1.0000300407409668,
				"bytes":	448266240,
				"bits_per_second":	3586022193.2361917,
				"retransmits":	38726,
				"omitted":	false,
				"sender":	true
			}
		}, {
			"streams":	[{
					"socket":	7,
					"start":	86.000099,
					"end":	87.000818,
					"seconds":	1.0007189512252808,
					"bytes":	406323200,
					"bits_per_second":	3248250266.4908876,
					"retransmits":	39567,
					"snd_cwnd":	74178144,
					"snd_wnd":	81956864,
					"rtt":	62216,
					"rttvar":	106,
					"pmtu":	1500,
					"omitted":	false,
					"sender":	true
				}],
			"sum":	{
				"start":	86.000099,
				"end":	87.000818,
				"seconds":	1.0007189512252808,
				"bytes":	406323200,
				"bits_per_second":	3248250266.4908876,
				"retransmits":	39567,
				"omitted":	false,
				"sender":	true
			}
		}, {
			"streams":	[{
					"socket":	7,
					"start":	87.000818,
					"end":	88.000178,
					"seconds":	0.99936002492904663,
					"bytes":	374996992,
					"bits_per_second":	3001897075.293756,
					"retransmits":	31665,
					"snd_cwnd":	62584008,
					"snd_wnd":	91045888,
					"rtt":	62139,
					"rttvar":	307,
					"pmtu":	1500,
					"omitted":	false,
					"sender":	true
				}],
			"sum":	{
				"start":	87.000818,
				"end":	88.000178,
				"seconds":	0.99936002492904663,
				"bytes":	374996992,
				"bits_per_second":	3001897075.293756,
				"retransmits":	31665,
				"omitted":	false,
				"sender":	true
			}
		}, {
			"streams":	[{
					"socket":	7,
					"start":	88.000178,
					"end":	89.000139,
					"seconds":	0.999961018562317,
					"bytes":	415760384,
					"bits_per_second":	3326212732.5543547,
					"retransmits":	43405,
					"snd_cwnd":	76448608,
					"snd_wnd":	91521024,
					"rtt":	62238,
					"rttvar":	129,
					"pmtu":	1500,
					"omitted":	false,
					"sender":	true
				}],
			"sum":	{
				"start":	88.000178,
				"end":	89.000139,
				"seconds":	0.999961018562317,
				"bytes":	415760384,
				"bits_per_second":	3326212732.5543547,
				"retransmits":	43405,
				"omitted":	false,
				"sender":	true
			}
		}, {
			"streams":	[{
					"socket":	7,
					"start":	89.000139,
					"end":	90.000464,
					"seconds":	1.0003249645233154,
					"bytes":	381419520,
					"bits_per_second":	3050364899.6244555,
					"retransmits":	48538,
					"snd_cwnd":	72359456,
					"snd_wnd":	78639104,
					"rtt":	61768,
					"rttvar":	443,
					"pmtu":	1500,
					"omitted":	false,
					"sender":	true
				}],
			"sum":	{
				"start":	89.000139,
				"end":	90.000464,
				"seconds":	1.0003249645233154,
				"bytes":	381419520,
				"bits_per_second":	3050364899.6244555,
				"retransmits":	48538,
				"omitted":	false,
				"sender":	true
			}
		}, {
			"streams":	[{
					"socket":	7,
					"start":	90.000464,
					"end":	91.000713,
					"seconds":	1.0002490282058716,
					"bytes":	463077376,
					"bits_per_second":	3703696683.0599251,
					"retransmits":	31491,
					"snd_cwnd":	76242992,
					"snd_wnd":	111079424,
					"rtt":	61031,
					"rttvar":	81,
					"pmtu":	1500,
					"omitted":	false,
					"sender":	true
				}],
			"sum":	{
				"start":	90.000464,
				"end":	91.000713,
				"seconds":	1.0002490282058716,
				"bytes":	463077376,
				"bits_per_second":	3703696683.0599251,
				"retransmits":	31491,
				"omitted":	false,
				"sender":	true
			}
		}, {
			"streams":	[{
					"socket":	7,
					"start":	91.000713,
					"end":	92.000097,
					"seconds":	0.99938398599624634,
					"bytes":	378798080,
					"bits_per_second":	3032252550.0337386,
					"retransmits":	35090,
					"snd_cwnd":	84849904,
					"snd_wnd":	110350336,
					"rtt":	62037,
					"rttvar":	203,
					"pmtu":	1500,
					"omitted":	false,
					"sender":	true
				}],
			"sum":	{
				"start":	91.000713,
				"end":	92.000097,
				"seconds":	0.99938398599624634,
				"bytes":	378798080,
				"bits_per_second":	3032252550.0337386,
				"retransmits":	35090,
				"omitted":	false,
				"sender":	true
			}
		}, {
			"streams":	[{
					"socket":	7,
					"start":	92.000097,
					"end":	93.001045,
					"seconds":	1.0009479522705078,
					"bytes":	479592448,
					"bits_per_second":	3833105982.48081,
					"retransmits":	20279,
					"snd_cwnd":	89949760,
					"snd_wnd":	112201728,
					"rtt":	62372,
					"rttvar":	411,
					"pmtu":	1500,
					"omitted":	false,
					"sender":	true
				}],
			"sum":	{
				"start":	92.000097,
				"end":	93.001045,
				"seconds":	1.0009479522705078,
				"bytes":	479592448,
				"bits_per_second":	3833105982.48081,
				"retransmits":	20279,
				"omitted":	false,
				"sender":	true
			}
		}, {
			"streams":	[{
					"socket":	7,
					"start":	93.001045,
					"end":	94.00007,
					"seconds":	0.999024987220764,
					"bytes":	551288832,
					"bits_per_second":	4414614962.00336,
					"retransmits":	19976,
					"snd_cwnd":	88791360,
					"snd_wnd":	141406208,
					"rtt":	61231,
					"rttvar":	328,
					"pmtu":	1500,
					"omitted":	false,
					"sender":	true
				}],
			"sum":	{
				"start":	93.001045,
				"end":	94.00007,
				"seconds":	0.999024987220764,
				"bytes":	551288832,
				"bits_per_second":	4414614962.00336,
				"retransmits":	19976,
				"omitted":	false,
				"sender":	true
			}
		}, {
			"streams":	[{
					"socket":	7,
					"start":	94.00007,
					"end":	95.000107,
					"seconds":	1.0000369548797607,
					"bytes":	344195072,
					"bits_per_second":	2753458822.2602973,
					"retransmits":	18801,
					"snd_cwnd":	55435232,
					"snd_wnd":	141344768,
					"rtt":	62256,
					"rttvar":	294,
					"pmtu":	1500,
					"omitted":	false,
					"sender":	true
				}],
			"sum":	{
				"start":	94.00007,
				"end":	95.000107,
				"seconds":	1.0000369548797607,
				"bytes":	344195072,
				"bits_per_second":	2753458822.2602973,
				"retransmits":	18801,
				"omitted":	false,
				"sender":	true
			}
		}, {
			"streams":	[{
					"socket":	7,
					"start":	95.000107,
					"end":	96.000308,
					"seconds":	1.0002009868621826,
					"bytes":	346030080,
					"bits_per_second":	2767684371.8026,
					"retransmits":	40753,
					"snd_cwnd":	87459200,
					"snd_wnd":	78688256,
					"rtt":	62979,
					"rttvar":	981,
					"pmtu":	1500,
					"omitted":	false,
					"sender":	true
				}],
			"sum":	{
				"start":	95.000107,
				"end":	96.000308,
				"seconds":	1.0002009868621826,
				"bytes":	346030080,
				"bits_per_second":	2767684371.8026,
				"retransmits":	40753,
				"omitted":	false,
				"sender":	true
			}
		}, {
			"streams":	[{
					"socket":	7,
					"start":	96.000308,
					"end":	97.001082,
					"seconds":	1.0007740259170532,
					"bytes":	462159872,
					"bits_per_second":	3694419399.6362176,
					"retransmits":	43171,
					"snd_cwnd":	44957504,
					"snd_wnd":	122175488,
					"rtt":	60920,
					"rttvar":	92,
					"pmtu":	1500,
					"omitted":	false,
					"sender":	true
				}],
			"sum":	{
				"start":	96.000308,
				"end":	97.001082,
				"seconds":	1.0007740259170532,
				"bytes":	462159872,
				"bits_per_second":	3694419399.6362176,
				"retransmits":	43171,
				"omitted":	false,
				"sender":	true
			}
		}, {
			"streams":	[{
					"socket":	7,
					"start":	97.001082,
					"end":	98.000197,
					"seconds":	0.999114990234375,
					"bytes":	357171200,
					"bits_per_second":	2859900639.9951129,
					"retransmits":	30399,
					"snd_cwnd":	72536112,
					"snd_wnd":	128888832,
					"rtt":	62296,
					"rttvar":	271,
					"pmtu":	1500,
					"omitted":	false,
					"sender":	true
				}],
			"sum":	{
				"start":	97.001082,
				"end":	98.000197,
				"seconds":	0.999114990234375,
				"bytes":	357171200,
				"bits_per_second":	2859900639.9951129,
				"retransmits":	30399,
				"omitted":	false,
				"sender":	true
			}
		}, {
			"streams":	[{
					"socket":	7,
					"start":	98.000197,
					"end":	99.000105,
					"seconds":	0.9999079704284668,
					"bytes":	436994048,
					"bits_per_second":	3496274144.6114912,
					"retransmits":	33903,
					"snd_cwnd":	73593152,
					"snd_wnd":	100478976,
					"rtt":	62299,
					"rttvar":	126,
					"pmtu":	1500,
					"omitted":	false,
					"sender":	true
				}],
			"sum":	{
				"start":	98.000197,
				"end":	99.000105,
				"seconds":	0.9999079704284668,
				"bytes":	436994048,
				"bits_per_second":	3496274144.6114912,
				"retransmits":	33903,
				"omitted":	false,
				"sender":	true
			}
		}, {
			"streams":	[{
					"socket":	7,
					"start":	99.000105,
					"end":	100.000086,
					"seconds":	0.99998098611831665,
					"bytes":	399376384,
					"bits_per_second":	3195071822.717607,
					"retransmits":	43335,
					"snd_cwnd":	57993848,
					"snd_wnd":	141262848,
					"rtt":	61328,
					"rttvar":	175,
					"pmtu":	1500,
					"omitted":	false,
					"sender":	true
				}],
			"sum":	{
				"start":	99.000105,
				"end":	100.000086,
				"seconds":	0.99998098611831665,
				"bytes":	399376384,
				"bits_per_second":	3195071822.717607,
				"retransmits":	43335,
				"omitted":	false,
				"sender":	true
			}
		}, {
			"streams":	[{
					"socket":	7,
					"start":	100.000086,
					"end":	101.000088,
					"seconds":	1.0000020265579224,
					"bytes":	439484416,
					"bits_per_second":	3515868202.88944,
					"retransmits":	31919,
					"snd_cwnd":	34917072,
					"snd_wnd":	82296832,
					"rtt":	65248,
					"rttvar":	2282,
					"pmtu":	1500,
					"omitted":	false,
					"sender":	true
				}],
			"sum":	{
				"start":	100.000086,
				"end":	101.000088,
				"seconds":	1.0000020265579224,
				"bytes":	439484416,
				"bits_per_second":	3515868202.88944,
				"retransmits":	31919,
				"omitted":	false,
				"sender":	true
			}
		}, {
			"streams":	[{
					"socket":	7,
					"start":	101.000088,
					"end":	102.000151,
					"seconds":	1.0000629425048828,
					"bytes":	342491136,
					"bits_per_second":	2739756640.8542552,
					"retransmits":	27833,
					"snd_cwnd":	77806832,
					"snd_wnd":	106131456,
					"rtt":	61948,
					"rttvar":	289,
					"pmtu":	1500,
					"omitted":	false,
					"sender":	true
				}],
			"sum":	{
				"start":	101.000088,
				"end":	102.000151,
				"seconds":	1.0000629425048828,
				"bytes":	342491136,
				"bits_per_second":	2739756640.8542552,
				"retransmits":	27833,
				"omitted":	false,
				"sender":	true
			}
		}, {
			"streams":	[{
					"socket":	7,
					"start":	102.000151,
					"end":	103.000129,
					"seconds":	0.999978005886078,
					"bytes":	406192128,
					"bits_per_second":	3249608496.259469,
					"retransmits":	36148,
					"snd_cwnd":	65484352,
					"snd_wnd":	105127936,
					"rtt":	62672,
					"rttvar":	360,
					"pmtu":	1500,
					"omitted":	false,
					"sender":	true
				}],
			"sum":	{
				"start":	102.000151,
				"end":	103.000129,
				"seconds":	0.999978005886078,
				"bytes":	406192128,
				"bits_per_second":	3249608496.259469,
				"retransmits":	36148,
				"omitted":	false,
				"sender":	true
			}
		}, {
			"streams":	[{
					"socket":	7,
					"start":	103.000129,
					"end":	104.000858,
					"seconds":	1.000728964805603,
					"bytes":	396361728,
					"bits_per_second":	3168584037.7528825,
					"retransmits":	27428,
					"snd_cwnd":	73280384,
					"snd_wnd":	89432064,
					"rtt":	61195,
					"rttvar":	327,
					"pmtu":	1500,
					"omitted":	false,
					"sender":	true
				}],
			"sum":	{
				"start":	103.000129,
				"end":	104.000858,
				"seconds":	1.000728964805603,
				"bytes":	396361728,
				"bits_per_second":	3168584037.7528825,
				"retransmits":	27428,
				"omitted":	false,
				"sender":	true
			}
		}, {
			"streams":	[{
					"socket":	7,
					"start":	104.000858,
					"end":	105.000115,
					"seconds":	0.99925702810287476,
					"bytes":	477102080,
					"bits_per_second":	3819654535.9769578,
					"retransmits":	8303,
					"snd_cwnd":	5792,
					"snd_wnd":	103997440,
					"rtt":	61531,
					"rttvar":	574,
					"pmtu":	1500,
					"omitted":	false,
					"sender":	true
				}],
			"sum":	{
				"start":	104.000858,
				"end":	105.000115,
				"seconds":	0.99925702810287476,
				"bytes":	477102080,
				"bits_per_second":	3819654535.9769578,
				"retransmits":	8303,
				"omitted":	false,
				"sender":	true
			}
		}, {
			"streams":	[{
					"socket":	7,
					"start":	105.000115,
					"end":	106.000137,
					"seconds":	1.0000220537185669,
					"bytes":	340131840,
					"bits_per_second":	2720994711.9484,
					"retransmits":	43215,
					"snd_cwnd":	89506672,
					"snd_wnd":	120725504,
					"rtt":	62024,
					"rttvar":	248,
					"pmtu":	1500,
					"omitted":	false,
					"sender":	true
				}],
			"sum":	{
				"start":	105.000115,
				"end":	106.000137,
				"seconds":	1.0000220537185669,
				"bytes":	340131840,
				"bits_per_second":	2720994711.9484,
				"retransmits":	43215,
				"omitted":	false,
				"sender":	true
			}
		}, {
			"streams":	[{
					"socket":	7,
					"start":	106.000137,
					"end":	107.00009,
					"seconds":	0.99995297193527222,
					"bytes":	387448832,
					"bits_per_second":	3099736430.6054974,
					"retransmits":	44311,
					"snd_cwnd":	130015920,
					"snd_wnd":	52846592,
					"rtt":	69062,
					"rttvar":	7053,
					"pmtu":	1500,
					"omitted":	false,
					"sender":	true
				}],
			"sum":	{
				"start":	106.000137,
				"end":	107.00009,
				"seconds":	0.99995297193527222,
				"bytes":	387448832,
				"bits_per_second":	3099736430.6054974,
				"retransmits":	44311,
				"omitted":	false,
				"sender":	true
			}
		}, {
			"streams":	[{
					"socket":	7,
					"start":	107.00009,
					"end":	108.000175,
					"seconds":	1.00008499622345,
					"bytes":	501481472,
					"bits_per_second":	4011510812.73059,
					"retransmits":	28422,
					"snd_cwnd":	93312016,
					"snd_wnd":	87482368,
					"rtt":	62590,
					"rttvar":	187,
					"pmtu":	1500,
					"omitted":	false,
					"sender":	true
				}],
			"sum":	{
				"start":	107.00009,
				"end":	108.000175,
				"seconds":	1.00008499622345,
				"bytes":	501481472,
				"bits_per_second":	4011510812.73059,
				"retransmits":	28422,
				"omitted":	false,
				"sender":	true
			}
		}, {
			"streams":	[{
					"socket":	7,
					"start":	108.000175,
					"end":	109.000196,
					"seconds":	1.0000209808349609,
					"bytes":	423886848,
					"bits_per_second":	3391023637.492713,
					"retransmits":	33536,
					"snd_cwnd":	96934912,
					"snd_wnd":	90918912,
					"rtt":	61953,
					"rttvar":	261,
					"pmtu":	1500,
					"omitted":	false,
					"sender":	true
				}],
			"sum":	{
				"start":	108.000175,
				"end":	109.000196,
				"seconds":	1.0000209808349609,
				"bytes":	423886848,
				"bits_per_second":	3391023637.492713,
				"retransmits":	33536,
				"omitted":	false,
				"sender":	true
			}
		}, {
			"streams":	[{
					"socket":	7,
					"start":	109.000196,
					"end":	110.001548,
					"seconds":	1.0013519525527954,
					"bytes":	556531712,
					"bits_per_second":	4446242586.98418,
					"retransmits":	27797,
					"snd_cwnd":	55443920,
					"snd_wnd":	127782912,
					"rtt":	61371,
					"rttvar":	575,
					"pmtu":	1500,
					"omitted":	false,
					"sender":	true
				}],
			"sum":	{
				"start":	109.000196,
				"end":	110.001548,
				"seconds":	1.0013519525527954,
				"bytes":	556531712,
				"bits_per_second":	4446242586.98418,
				"retransmits":	27797,
				"omitted":	false,
				"sender":	true
			}
		}, {
			"streams":	[{
					"socket":	7,
					"start":	110.001548,
					"end":	111.000677,
					"seconds":	0.99912899732589722,
					"bytes":	521797632,
					"bits_per_second":	4178020122.6993265,
					"retransmits":	25142,
					"snd_cwnd":	98391600,
					"snd_wnd":	136192000,
					"rtt":	61175,
					"rttvar":	342,
					"pmtu":	1500,
					"omitted":	false,
					"sender":	true
				}],
			"sum":	{
				"start":	110.001548,
				"end":	111.000677,
				"seconds":	0.99912899732589722,
				"bytes":	521797632,
				"bits_per_second":	4178020122.6993265,
				"retransmits":	25142,
				"omitted":	false,
				"sender":	true
			}
		}, {
			"streams":	[{
					"socket":	7,
					"start":	111.000677,
					"end":	112.000149,
					"seconds":	0.99947202205657959,
					"bytes":	428081152,
					"bits_per_second":	3426458310.4119473,
					"retransmits":	33535,
					"snd_cwnd":	92014608,
					"snd_wnd":	78336000,
					"rtt":	61802,
					"rttvar":	206,
					"pmtu":	1500,
					"omitted":	false,
					"sender":	true
				}],
			"sum":	{
				"start":	111.000677,
				"end":	112.000149,
				"seconds":	0.99947202205657959,
				"bytes":	428081152,
				"bits_per_second":	3426458310.4119473,
				"retransmits":	33535,
				"omitted":	false,
				"sender":	true
			}
		}, {
			"streams":	[{
					"socket":	7,
					"start":	112.000149,
					"end":	113.000373,
					"seconds":	1.0002239942550659,
					"bytes":	437911552,
					"bits_per_second":	3502507874.35782,
					"retransmits":	26150,
					"snd_cwnd":	87210144,
					"snd_wnd":	95420416,
					"rtt":	62036,
					"rttvar":	131,
					"pmtu":	1500,
					"omitted":	false,
					"sender":	true
				}],
			"sum":	{
				"start":	112.000149,
				"end":	113.000373,
				"seconds":	1.0002239942550659,
				"bytes":	437911552,
				"bits_per_second":	3502507874.35782,
				"retransmits":	26150,
				"omitted":	false,
				"sender":	true
			}
		}, {
			"streams":	[{
					"socket":	7,
					"start":	113.000373,
					"end":	114.000115,
					"seconds":	0.99974197149276733,
					"bytes":	470417408,
					"bits_per_second":	3764310563.4354434,
					"retransmits":	32784,
					"snd_cwnd":	42739168,
					"snd_wnd":	135761920,
					"rtt":	62263,
					"rttvar":	132,
					"pmtu":	1500,
					"omitted":	false,
					"sender":	true
				}],
			"sum":	{
				"start":	113.000373,
				"end":	114.000115,
				"seconds":	0.99974197149276733,
				"bytes":	470417408,
				"bits_per_second":	3764310563.4354434,
				"retransmits":	32784,
				"omitted":	false,
				"sender":	true
			}
		}, {
			"streams":	[{
					"socket":	7,
					"start":	114.000115,
					"end":	115.000308,
					"seconds":	1.0001929998397827,
					"bytes":	396230656,
					"bits_per_second":	3169233586.4255857,
					"retransmits":	22159,
					"snd_cwnd":	35264592,
					"snd_wnd":	141365248,
					"rtt":	62347,
					"rttvar":	98,
					"pmtu":	1500,
					"omitted":	false,
					"sender":	true
				}],
			"sum":	{
				"start":	114.000115,
				"end":	115.000308,
				"seconds":	1.0001929998397827,
				"bytes":	396230656,
				"bits_per_second":	3169233586.4255857,
				"retransmits":	22159,
				"omitted":	false,
				"sender":	true
			}
		}, {
			"streams":	[{
					"socket":	7,
					"start":	115.000308,
					"end":	116.000172,
					"seconds":	0.99986398220062256,
					"bytes":	323747840,
					"bits_per_second":	2590335051.6733789,
					"retransmits":	20297,
					"snd_cwnd":	60058696,
					"snd_wnd":	140034048,
					"rtt":	62057,
					"rttvar":	186,
					"pmtu":	1500,
					"omitted":	false,
					"sender":	true
				}],
			"sum":	{
				"start":	115.000308,
				"end":	116.000172,
				"seconds":	0.99986398220062256,
				"bytes":	323747840,
				"bits_per_second":	2590335051.6733789,
				"retransmits":	20297,
				"omitted":	false,
				"sender":	true
			}
		}, {
			"streams":	[{
					"socket":	7,
					"start":	116.000172,
					"end":	117.000913,
					"seconds":	1.0007410049438477,
					"bytes":	280494080,
					"bits_per_second":	2242291091.2158637,
					"retransmits":	33896,
					"snd_cwnd":	81516608,
					"snd_wnd":	44339200,
					"rtt":	61192,
					"rttvar":	319,
					"pmtu":	1500,
					"omitted":	false,
					"sender":	true
				}],
			"sum":	{
				"start":	116.000172,
				"end":	117.000913,
				"seconds":	1.0007410049438477,
				"bytes":	280494080,
				"bits_per_second":	2242291091.2158637,
				"retransmits":	33896,
				"omitted":	false,
				"sender":	true
			}
		}, {
			"streams":	[{
					"socket":	7,
					"start":	117.000913,
					"end":	118.001049,
					"seconds":	1.0001360177993774,
					"bytes":	437911552,
					"bits_per_second":	3502815970.6800442,
					"retransmits":	30208,
					"snd_cwnd":	82417264,
					"snd_wnd":	98541568,
					"rtt":	62068,
					"rttvar":	98,
					"pmtu":	1500,
					"omitted":	false,
					"sender":	true
				}],
			"sum":	{
				"start":	117.000913,
				"end":	118.001049,
				"seconds":	1.0001360177993774,
				"bytes":	437911552,
				"bits_per_second":	3502815970.6800442,
				"retransmits":	30208,
				"omitted":	false,
				"sender":	true
			}
		}, {
			"streams":	[{
					"socket":	7,
					"start":	118.001049,
					"end":	119.000292,
					"seconds":	0.99924302101135254,
					"bytes":	495976448,
					"bits_per_second":	3970817409.3466311,
					"retransmits":	35287,
					"snd_cwnd":	88171616,
					"snd_wnd":	124829696,
					"rtt":	61774,
					"rttvar":	590,
					"pmtu":	1500,
					"omitted":	false,
					"sender":	true
				}],
			"sum":	{
				"start":	118.001049,
				"end":	119.000292,
				"seconds":	0.99924302101135254,
				"bytes":	495976448,
				"bits_per_second":	3970817409.3466311,
				"retransmits":	35287,
				"omitted":	false,
				"sender":	true
			}
		}, {
			"streams":	[{
					"socket":	7,
					"start":	119.000292,
					"end":	120.00162,
					"seconds":	1.0013279914855957,
					"bytes":	337117184,
					"bits_per_second":	2693360711.90695,
					"retransmits":	49118,
					"snd_cwnd":	28286680,
					"snd_wnd":	129380352,
					"rtt":	62091,
					"rttvar":	80,
					"pmtu":	1500,
					"omitted":	false,
					"sender":	true
				}],
			"sum":	{
				"start":	119.000292,
				"end":	120.00162,
				"seconds":	1.0013279914855957,
				"bytes":	337117184,
				"bits_per_second":	2693360711.90695,
				"retransmits":	49118,
				"omitted":	false,
				"sender":	true
			}
		}],
	"end":	{
		"streams":	[{
				"sender":	{
					"socket":	7,
					"start":	0,
					"end":	120.00162,
					"seconds":	120.00162,
					"bytes":	48346562560,
					"bits_per_second":	3223060659.3477654,
					"retransmits":	3689779,
					"max_snd_cwnd":	130015920,
					"max_snd_wnd":	141410304,
					"max_rtt":	69062,
					"min_rtt":	60756,
					"mean_rtt":	62063,
					"sender":	true
				},
				"receiver":	{
					"socket":	7,
					"start":	0,
					"end":	120.057251,
					"seconds":	120.00162,
					"bytes":	48149430272,
					"bits_per_second":	3208431302.2959356,
					"sender":	true
				}
			}],
		"sum_sent":	{
			"start":	0,
			"end":	120.00162,
			"seconds":	120.00162,
			"bytes":	48346562560,
			"bits_per_second":	3223060659.3477654,
			"retransmits":	3689779,
			"sender":	true
		},
		"sum_received":	{
			"start":	0,
			"end":	120.057251,
			"seconds":	120.057251,
			"bytes":	48149430272,
			"bits_per_second":	3208431302.2959356,
			"sender":	true
		},
		"cpu_utilization_percent":	{
			"host_total":	17.677523944996256,
			"host_user":	0.099753387251376877,
			"host_system":	17.57777138941815,
			"remote_total":	23.770725059472667,
			"remote_user":	0.11521252922199496,
			"remote_system":	23.655515029058428
		},
		"sender_tcp_congestion":	"bbr",
		"receiver_tcp_congestion":	"cubic"
	}
}
