{
	"start":	{
		"connected":	[{
				"socket":	7,
				"local_host":	"172.16.0.7",
				"local_port":	49454,
				"remote_host":	"172.17.0.7",
				"remote_port":	5201
			}],
		"version":	"iperf 3.16",
		"system_info":	"Linux h1 6.8.0-63-generic #66-Ubuntu SMP PREEMPT_DYNAMIC Fri Jun 13 20:25:30 UTC 2025 x86_64",
		"timestamp":	{
			"time":	"Sat, 31 Jan 2026 21:28:31 GMT",
			"timesecs":	1769894911
		},
		"connecting_to":	{
			"host":	"172.17.0.7",
			"port":	5201
		},
		"cookie":	"s7sfcegn6ffyjltemmffnichza7ezm7x2w6v",
		"tcp_mss_default":	1448,
		"target_bitrate":	0,
		"fq_rate":	0,
		"sock_bufsize":	0,
		"sndbuf_actual":	1000000,
		"rcvbuf_actual":	1000000,
		"test_start":	{
			"protocol":	"TCP",
			"num_streams":	1,
			"blksize":	131072,
			"omit":	0,
			"duration":	120,
			"bytes":	0,
			"blocks":	0,
			"reverse":	0,
			"tos":	0,
			"target_bitrate":	0,
			"bidir":	0,
			"fqrate":	0
		}
	},
	"intervals":	[{
			"streams":	[{
					"socket":	7,
					"start":	0,
					"end":	1.000248,
					"seconds":	1.0002479553222656,
					"bytes":	29491200,
					"bits_per_second":	235871114.50179055,
					"retransmits":	1824,
					"snd_cwnd":	5250448,
					"snd_wnd":	13905920,
					"rtt":	65748,
					"rttvar":	3942,
					"pmtu":	1500,
					"omitted":	false,
					"sender":	true
				}],
			"sum":	{
				"start":	0,
				"end":	1.000248,
				"seconds":	1.0002479553222656,
				"bytes":	29491200,
				"bits_per_second":	235871114.50179055,
				"retransmits":	1824,
				"omitted":	false,
				"sender":	true
			}
		}, {
			"streams":	[{
					"socket":	7,
					"start":	1.000248,
					"end":	2.000055,
					"seconds":	0.99980700016021729,
					"bytes":	15204352,
					"bits_per_second":	121658296.03164235,
					"retransmits":	3475,
					"snd_cwnd":	34752,
					"snd_wnd":	8622080,
					"rtt":	61996,
					"rttvar":	243,
					"pmtu":	1500,
					"omitted":	false,
					"sender":	true
				}],
			"sum":	{
				"start":	1.000248,
				"end":	2.000055,
				"seconds":	0.99980700016021729,
				"bytes":	15204352,
				"bits_per_second":	121658296.03164235,
				"retransmits":	3475,
				"omitted":	false,
				"sender":	true
			}
		}, {
			"streams":	[{
					"socket":	7,
					"start":	2.000055,
					"end":	3.001921,
					"seconds":	1.0018659830093384,
					"bytes":	8126464,
					"bits_per_second":	64890627.192194052,
					"retransmits":	288,
					"snd_cwnd":	214304,
					"snd_wnd":	15028224,
					"rtt":	61315,
					"rttvar":	327,
					"pmtu":	1500,
					"omitted":	false,
					"sender":	true
				}],
			"sum":	{
				"start":	2.000055,
				"end":	3.001921,
				"seconds":	1.0018659830093384,
				"bytes":	8126464,
				"bits_per_second":	64890627.192194052,
				"retransmits":	288,
				"omitted":	false,
				"sender":	true
			}
		}, {
			"streams":	[{
					"socket":	7,
					"start":	3.001921,
					"end":	4.000884,
					"seconds":	0.99896299839019775,
					"bytes":	0,
					"bits_per_second":	0,
					"retransmits":	240,
					"snd_cwnd":	199824,
					"snd_wnd":	15912960,
					"rtt":	62643,
					"rttvar":	427,
					"pmtu":	1500,
					"omitted":	false,
					"sender":	true
				}],
			"sum":	{
				"start":	3.001921,
				"end":	4.000884,
				"seconds":	0.99896299839019775,
				"bytes":	0,
				"bits_per_second":	0,
				"retransmits":	240,
				"omitted":	false,
				"sender":	true
			}
		}, {
			"streams":	[{
					"socket":	7,
					"start":	4.000884,
					"end":	5.000082,
					"seconds":	0.999198019504547,
					"bytes":	0,
					"bits_per_second":	0,
					"retransmits":	124,
					"snd_cwnd":	110048,
					"snd_wnd":	16052224,
					"rtt":	62116,
					"rttvar":	621,
					"pmtu":	1500,
					"omitted":	false,
					"sender":	true
				}],
			"sum":	{
				"start":	4.000884,
				"end":	5.000082,
				"seconds":	0.999198019504547,
				"bytes":	0,
				"bits_per_second":	0,
				"retransmits":	124,
				"omitted":	false,
				"sender":	true
			}
		}, {
			"streams":	[{
					"socket":	7,
					"start":	5.000082,
					"end":	6.001077,
					"seconds":	1.0009950399398804,
					"bytes":	0,
					"bits_per_second":	0,
					"retransmits":	113,
					"snd_cwnd":	98464,
					"snd_wnd":	16056320,
					"rtt":	62911,
					"rttvar":	492,
					"pmtu":	1500,
					"omitted":	false,
					"sender":	true
				}],
			"sum":	{
				"start":	5.000082,
				"end":	6.001077,
				"seconds":	1.0009950399398804,
				"bytes":	0,
				"bits_per_second":	0,
				"retransmits":	113,
				"omitted":	false,
				"sender":	true
			}
		}, {
			"streams":	[{
					"socket":	7,
					"start":	6.001077,
					"end":	7.001087,
					"seconds":	1.0000100135803223,
					"bytes":	0,
					"bits_per_second":	0,
					"retransmits":	120,
					"snd_cwnd":	191136,
					"snd_wnd":	15945728,
					"rtt":	62459,
					"rttvar":	586,
					"pmtu":	1500,
					"omitted":	false,
					"sender":	true
				}],
			"sum":	{
				"start":	6.001077,
				"end":	7.001087,
				"seconds":	1.0000100135803223,
				"bytes":	0,
				"bits_per_second":	0,
				"retransmits":	120,
				"omitted":	false,
				"sender":	true
			}
		}, {
			"streams":	[{
					"socket":	7,
					"start":	7.001087,
					"end":	8.001068,
					"seconds":	0.99998098611831665,
					"bytes":	0,
					"bits_per_second":	0,
					"retransmits":	135,
					"snd_cwnd":	225888,
					"snd_wnd":	15966208,
					"rtt":	61972,
					"rttvar":	99,
					"pmtu":	1500,
					"omitted":	false,
					"sender":	true
				}],
			"sum":	{
				"start":	7.001087,
				"end":	8.001068,
				"seconds":	0.99998098611831665,
				"bytes":	0,
				"bits_per_second":	0,
				"retransmits":	135,
				"omitted":	false,
				"sender":	true
			}
		}, {
			"streams":	[{
					"socket":	7,
					"start":	8.001068,
					"end":	9.00106,
					"seconds":	0.9999920129776,
					"bytes":	7340032,
					"bits_per_second":	58720725.003745943,
					"retransmits":	114,
					"snd_cwnd":	312768,
					"snd_wnd":	15929344,
					"rtt":	61889,
					"rttvar":	345,
					"pmtu":	1500,
					"omitted":	false,
					"sender":	true
				}],
			"sum":	{
				"start":	8.001068,
				"end":	9.00106,
				"seconds":	0.9999920129776,
				"bytes":	7340032,
				"bits_per_second":	58720725.003745943,
				"retransmits":	114,
				"omitted":	false,
				"sender":	true
			}
		}, {
			"streams":	[{
					"socket":	7,
					"start":	9.00106,
					"end":	10.001053,
					"seconds":	0.99999302625656128,
					"bytes":	0,
					"bits_per_second":	0,
					"retransmits":	206,
					"snd_cwnd":	402544,
					"snd_wnd":	15892480,
					"rtt":	62833,
					"rttvar":	137,
					"pmtu":	1500,
					"omitted":	false,
					"sender":	true
				}],
			"sum":	{
				"start":	9.00106,
				"end":	10.001053,
				"seconds":	0.99999302625656128,
				"bytes":	0,
				"bits_per_second":	0,
				"retransmits":	206,
				"omitted":	false,
				"sender":	true
			}
		}, {
			"streams":	[{
					"socket":	7,
					"start":	10.001053,
					"end":	11.001043,
					"seconds":	0.99998998641967773,
					"bytes":	0,
					"bits_per_second":	0,
					"retransmits":	191,
					"snd_cwnd":	457568,
					"snd_wnd":	16056320,
					"rtt":	65726,
					"rttvar":	9057,
					"pmtu":	1500,
					"omitted":	false,
					"sender":	true
				}],
			"sum":	{
				"start":	10.001053,
				"end":	11.001043,
				"seconds":	0.99998998641967773,
				"bytes":	0,
				"bits_per_second":	0,
				"retransmits":	191,
				"omitted":	false,
				"sender":	true
			}
		}, {
			"streams":	[{
					"socket":	7,
					"start":	11.001043,
					"end":	12.001051,
					"seconds":	1.0000079870224,
					"bytes":	7340032,
					"bits_per_second":	58719787.003745884,
					"retransmits":	404,
					"snd_cwnd":	502456,
					"snd_wnd":	15982592,
					"rtt":	62528,
					"rttvar":	411,
					"pmtu":	1500,
					"omitted":	false,
					"sender":	true
				}],
			"sum":	{
				"start":	11.001043,
				"end":	12.001051,
				"seconds":	1.0000079870224,
				"bytes":	7340032,
				"bits_per_second":	58719787.003745884,
				"retransmits":	404,
				"omitted":	false,
				"sender":	true
			}
		}, {
			"streams":	[{
					"socket":	7,
					"start":	12.001051,
					"end":	13.001081,
					"seconds":	1.0000300407409668,
					"bytes":	0,
					"bits_per_second":	0,
					"retransmits":	336,
					"snd_cwnd":	556032,
					"snd_wnd":	15888384,
					"rtt":	62759,
					"rttvar":	241,
					"pmtu":	1500,
					"omitted":	false,
					"sender":	true
				}],
			"sum":	{
				"start":	12.001051,
				"end":	13.001081,
				"seconds":	1.0000300407409668,
				"bytes":	0,
				"bits_per_second":	0,
				"retransmits":	336,
				"omitted":	false,
				"sender":	true
			}
		}, {
			"streams":	[{
					"socket":	7,
					"start":	13.001081,
					"end":	14.000605,
					"seconds":	0.99952399730682373,
					"bytes":	7733248,
					"bits_per_second":	61895446.399181359,
					"retransmits":	467,
					"snd_cwnd":	480736,
					"snd_wnd":	16007168,
					"rtt":	63392,
					"rttvar":	1161,
					"pmtu":	1500,
					"omitted":	false,
					"sender":	true
				}],
			"sum":	{
				"start":	13.001081,
				"end":	14.000605,
				"seconds":	0.99952399730682373,
				"bytes":	7733248,
				"bits_per_second":	61895446.399181359,
				"retransmits":	467,
				"omitted":	false,
				"sender":	true
			}
		}, {
			"streams":	[{
					"socket":	7,
					"start":	14.000605,
					"end":	15.001066,
					"seconds":	1.0004609823226929,
					"bytes":	0,
					"bits_per_second":	0,
					"retransmits":	270,
					"snd_cwnd":	460464,
					"snd_wnd":	15888384,
					"rtt":	61638,
					"rttvar":	384,
					"pmtu":	1500,
					"omitted":	false,
					"sender":	true
				}],
			"sum":	{
				"start":	14.000605,
				"end":	15.001066,
				"seconds":	1.0004609823226929,
				"bytes":	0,
				"bits_per_second":	0,
				"retransmits":	270,
				"omitted":	false,
				"sender":	true
			}
		}, {
			"streams":	[{
					"socket":	7,
					"start":	15.001066,
					"end":	16.000918,
					"seconds":	0.99985200166702271,
					"bytes":	0,
					"bits_per_second":	0,
					"retransmits":	369,
					"snd_cwnd":	460464,
					"snd_wnd":	15888384,
					"rtt":	62804,
					"rttvar":	183,
					"pmtu":	1500,
					"omitted":	false,
					"sender":	true
				}],
			"sum":	{
				"start":	15.001066,
				"end":	16.000918,
				"seconds":	0.99985200166702271,
				"bytes":	0,
				"bits_per_second":	0,
				"retransmits":	369,
				"omitted":	false,
				"sender":	true
			}
		}, {
			"streams":	[{
					"socket":	7,
					"start":	16.000918,
					"end":	17.000108,
					"seconds":	0.99918997287750244,
					"bytes":	7208960,
					"bits_per_second":	57718433.496600315,
					"retransmits":	412,
					"snd_cwnd":	501008,
					"snd_wnd":	15831040,
					"rtt":	63127,
					"rttvar":	463,
					"pmtu":	1500,
					"omitted":	false,
					"sender":	true
				}],
			"sum":	{
				"start":	16.000918,
				"end":	17.000108,
				"seconds":	0.99918997287750244,
				"bytes":	7208960,
				"bits_per_second":	57718433.496600315,
				"retransmits":	412,
				"omitted":	false,
				"sender":	true
			}
		}, {
			"streams":	[{
					"socket":	7,
					"start":	17.000108,
					"end":	18.000133,
					"seconds":	1.0000250339508057,
					"bytes":	0,
					"bits_per_second":	0,
					"retransmits":	280,
					"snd_cwnd":	396752,
					"snd_wnd":	15933440,
					"rtt":	62463,
					"rttvar":	342,
					"pmtu":	1500,
					"omitted":	false,
					"sender":	true
				}],
			"sum":	{
				"start":	17.000108,
				"end":	18.000133,
				"seconds":	1.0000250339508057,
				"bytes":	0,
				"bits_per_second":	0,
				"retransmits":	280,
				"omitted":	false,
				"sender":	true
			}
		}, {
			"streams":	[{
					"socket":	7,
					"start":	18.000133,
					"end":	19.000158,
					"seconds":	1.0000250339508057,
					"bytes":	0,
					"bits_per_second":	0,
					"retransmits":	357,
					"snd_cwnd":	393856,
					"snd_wnd":	16031744,
					"rtt":	62424,
					"rttvar":	548,
					"pmtu":	1500,
					"omitted":	false,
					"sender":	true
				}],
			"sum":	{
				"start":	18.000133,
				"end":	19.000158,
				"seconds":	1.0000250339508057,
				"bytes":	0,
				"bits_per_second":	0,
				"retransmits":	357,
				"omitted":	false,
				"sender":	true
			}
		}, {
			"streams":	[{
					"socket":	7,
					"start":	19.000158,
					"end":	20.00031,
					"seconds":	1.0001519918441772,
					"bytes":	7471104,
					"bits_per_second":	59759749.005541079,
					"retransmits":	203,
					"snd_cwnd":	393856,
					"snd_wnd":	15933440,
					"rtt":	62833,
					"rttvar":	214,
					"pmtu":	1500,
					"omitted":	false,
					"sender":	true
				}],
			"sum":	{
				"start":	19.000158,
				"end":	20.00031,
				"seconds":	1.0001519918441772,
				"bytes":	7471104,
				"bits_per_second":	59759749.005541079,
				"retransmits":	203,
				"omitted":	false,
				"sender":	true
			}
		}, {
			"streams":	[{
					"socket":	7,
					"start":	20.00031,
					"end":	21.000163,
					"seconds":	0.999853014945984,
					"bytes":	0,
					"bits_per_second":	0,
					"retransmits":	270,
					"snd_cwnd":	402544,
					"snd_wnd":	15896576,
					"rtt":	62761,
					"rttvar":	306,
					"pmtu":	1500,
					"omitted":	false,
					"sender":	true
				}],
			"sum":	{
				"start":	20.00031,
				"end":	21.000163,
				"seconds":	0.999853014945984,
				"bytes":	0,
				"bits_per_second":	0,
				"retransmits":	270,
				"omitted":	false,
				"sender":	true
			}
		}, {
			"streams":	[{
					"socket":	7,
					"start":	21.000163,
					"end":	22.000358,
					"seconds":	1.0001950263977051,
					"bytes":	7340032,
					"bits_per_second":	58708806.233006813,
					"retransmits":	292,
					"snd_cwnd":	596576,
					"snd_wnd":	15839232,
					"rtt":	63067,
					"rttvar":	1380,
					"pmtu":	1500,
					"omitted":	false,
					"sender":	true
				}],
			"sum":	{
				"start":	21.000163,
				"end":	22.000358,
				"seconds":	1.0001950263977051,
				"bytes":	7340032,
				"bits_per_second":	58708806.233006813,
				"retransmits":	292,
				"omitted":	false,
				"sender":	true
			}
		}, {
			"streams":	[{
					"socket":	7,
					"start":	22.000358,
					"end":	23.000136,
					"seconds":	0.99977797269821167,
					"bytes":	0,
					"bits_per_second":	0,
					"retransmits":	518,
					"snd_cwnd":	674768,
					"snd_wnd":	15736832,
					"rtt":	62469,
					"rttvar":	412,
					"pmtu":	1500,
					"omitted":	false,
					"sender":	true
				}],
			"sum":	{
				"start":	22.000358,
				"end":	23.000136,
				"seconds":	0.99977797269821167,
				"bytes":	0,
				"bits_per_second":	0,
				"retransmits":	518,
				"omitted":	false,
				"sender":	true
			}
		}, {
			"streams":	[{
					"socket":	7,
					"start":	23.000136,
					"end":	24.000226,
					"seconds":	1.0000900030136108,
					"bytes":	7602176,
					"bits_per_second":	60811934.742609657,
					"retransmits":	687,
					"snd_cwnd":	868800,
					"snd_wnd":	15896576,
					"rtt":	62735,
					"rttvar":	512,
					"pmtu":	1500,
					"omitted":	false,
					"sender":	true
				}],
			"sum":	{
				"start":	23.000136,
				"end":	24.000226,
				"seconds":	1.0000900030136108,
				"bytes":	7602176,
				"bits_per_second":	60811934.742609657,
				"retransmits":	687,
				"omitted":	false,
				"sender":	true
			}
		}, {
			"streams":	[{
					"socket":	7,
					"start":	24.000226,
					"end":	25.000188,
					"seconds":	0.9999619722366333,
					"bytes":	0,
					"bits_per_second":	0,
					"retransmits":	284,
					"snd_cwnd":	445984,
					"snd_wnd":	15863808,
					"rtt":	61646,
					"rttvar":	460,
					"pmtu":	1500,
					"omitted":	false,
					"sender":	true
				}],
			"sum":	{
				"start":	24.000226,
				"end":	25.000188,
				"seconds":	0.9999619722366333,
				"bytes":	0,
				"bits_per_second":	0,
				"retransmits":	284,
				"omitted":	false,
				"sender":	true
			}
		}, {
			"streams":	[{
					"socket":	7,
					"start":	25.000188,
					"end":	26.000188,
					"seconds":	1,
					"bytes":	7733248,
					"bits_per_second":	61865984,
					"retransmits":	697,
					"snd_cwnd":	1091792,
					"snd_wnd":	15835136,
					"rtt":	62397,
					"rttvar":	1065,
					"pmtu":	1500,
					"omitted":	false,
					"sender":	true
				}],
			"sum":	{
				"start":	25.000188,
				"end":	26.000188,
				"seconds":	1,
				"bytes":	7733248,
				"bits_per_second":	61865984,
				"retransmits":	697,
				"omitted":	false,
				"sender":	true
			}
		}, {
			"streams":	[{
					"socket":	7,
					"start":	26.000188,
					"end":	27.000957,
					"seconds":	1.0007690191268921,
					"bytes":	7471104,
					"bits_per_second":	59722903.9445531,
					"retransmits":	809,
					"snd_cwnd":	1225008,
					"snd_wnd":	15609856,
					"rtt":	62630,
					"rttvar":	561,
					"pmtu":	1500,
					"omitted":	false,
					"sender":	true
				}],
			"sum":	{
				"start":	26.000188,
				"end":	27.000957,
				"seconds":	1.0007690191268921,
				"bytes":	7471104,
				"bits_per_second":	59722903.9445531,
				"retransmits":	809,
				"omitted":	false,
				"sender":	true
			}
		}, {
			"streams":	[{
					"socket":	7,
					"start":	27.000957,
					"end":	28.000078,
					"seconds":	0.99912101030349731,
					"bytes":	8257536,
					"bits_per_second":	66118405.397093229,
					"retransmits":	1070,
					"snd_cwnd":	1249624,
					"snd_wnd":	15036416,
					"rtt":	63191,
					"rttvar":	501,
					"pmtu":	1500,
					"omitted":	false,
					"sender":	true
				}],
			"sum":	{
				"start":	27.000957,
				"end":	28.000078,
				"seconds":	0.99912101030349731,
				"bytes":	8257536,
				"bits_per_second":	66118405.397093229,
				"retransmits":	1070,
				"omitted":	false,
				"sender":	true
			}
		}, {
			"streams":	[{
					"socket":	7,
					"start":	28.000078,
					"end":	29.000165,
					"seconds":	1.0000870227813721,
					"bytes":	7864320,
					"bits_per_second":	62909085.476408273,
					"retransmits":	966,
					"snd_cwnd":	961472,
					"snd_wnd":	15495168,
					"rtt":	62325,
					"rttvar":	374,
					"pmtu":	1500,
					"omitted":	false,
					"sender":	true
				}],
			"sum":	{
				"start":	28.000078,
				"end":	29.000165,
				"seconds":	1.0000870227813721,
				"bytes":	7864320,
				"bits_per_second":	62909085.476408273,
				"retransmits":	966,
				"omitted":	false,
				"sender":	true
			}
		}, {
			"streams":	[{
					"socket":	7,
					"start":	29.000165,
					"end":	30.000162,
					"seconds":	0.99999701976776123,
					"bytes":	7471104,
					"bits_per_second":	59769010.125530854,
					"retransmits":	570,
					"snd_cwnd":	738480,
					"snd_wnd":	15822848,
					"rtt":	61874,
					"rttvar":	225,
					"pmtu":	1500,
					"omitted":	false,
					"sender":	true
				}],
			"sum":	{
				"start":	29.000165,
				"end":	30.000162,
				"seconds":	0.99999701976776123,
				"bytes":	7471104,
				"bits_per_second":	59769010.125530854,
				"retransmits":	570,
				"omitted":	false,
				"sender":	true
			}
		}, {
			"streams":	[{
					"socket":	7,
					"start":	30.000162,
					"end":	31.000108,
					"seconds":	0.9999459981918335,
					"bytes":	7340032,
					"bits_per_second":	58723427.17124898,
					"retransmits":	595,
					"snd_cwnd":	957128,
					"snd_wnd":	15839232,
					"rtt":	63095,
					"rttvar":	1266,
					"pmtu":	1500,
					"omitted":	false,
					"sender":	true
				}],
			"sum":	{
				"start":	30.000162,
				"end":	31.000108,
				"seconds":	0.9999459981918335,
				"bytes":	7340032,
				"bits_per_second":	58723427.17124898,
				"retransmits":	595,
				"omitted":	false,
				"sender":	true
			}
		}, {
			"streams":	[{
					"socket":	7,
					"start":	31.000108,
					"end":	32.001036,
					"seconds":	1.0009280443191528,
					"bytes":	7340032,
					"bits_per_second":	58665811.526883982,
					"retransmits":	548,
					"snd_cwnd":	1673888,
					"snd_wnd":	15421440,
					"rtt":	62449,
					"rttvar":	385,
					"pmtu":	1500,
					"omitted":	false,
					"sender":	true
				}],
			"sum":	{
				"start":	31.000108,
				"end":	32.001036,
				"seconds":	1.0009280443191528,
				"bytes":	7340032,
				"bits_per_second":	58665811.526883982,
				"retransmits":	548,
				"omitted":	false,
				"sender":	true
			}
		}, {
			"streams":	[{
					"socket":	7,
					"start":	32.001036,
					"end":	33.000094,
					"seconds":	0.99905800819396973,
					"bytes":	7733248,
					"bits_per_second":	61924316.198452972,
					"retransmits":	951,
					"snd_cwnd":	2073536,
					"snd_wnd":	15544320,
					"rtt":	63155,
					"rttvar":	972,
					"pmtu":	1500,
					"omitted":	false,
					"sender":	true
				}],
			"sum":	{
				"start":	32.001036,
				"end":	33.000094,
				"seconds":	0.99905800819396973,
				"bytes":	7733248,
				"bits_per_second":	61924316.198452972,
				"retransmits":	951,
				"omitted":	false,
				"sender":	true
			}
		}, {
			"streams":	[{
					"socket":	7,
					"start":	33.000094,
					"end":	34.000184,
					"seconds":	1.0000900030136108,
					"bytes":	20054016,
					"bits_per_second":	160417689.92447031,
					"retransmits":	1994,
					"snd_cwnd":	2070640,
					"snd_wnd":	15110144,
					"rtt":	62629,
					"rttvar":	351,
					"pmtu":	1500,
					"omitted":	false,
					"sender":	true
				}],
			"sum":	{
				"start":	33.000094,
				"end":	34.000184,
				"seconds":	1.0000900030136108,
				"bytes":	20054016,
				"bits_per_second":	160417689.92447031,
				"retransmits":	1994,
				"omitted":	false,
				"sender":	true
			}
		}, {
			"streams":	[{
					"socket":	7,
					"start":	34.000184,
					"end":	35.000278,
					"seconds":	1.0000940561294556,
					"bytes":	9043968,
					"bits_per_second":	72344939.5150035,
					"retransmits":	1217,
					"snd_cwnd":	5792,
					"snd_wnd":	15532032,
					"rtt":	62491,
					"rttvar":	671,
					"pmtu":	1500,
					"omitted":	false,
					"sender":	true
				}],
			"sum":	{
				"start":	34.000184,
				"end":	35.000278,
				"seconds":	1.0000940561294556,
				"bytes":	9043968,
				"bits_per_second":	72344939.5150035,
				"retransmits":	1217,
				"omitted":	false,
				"sender":	true
			}
		}, {
			"streams":	[{
					"socket":	7,
					"start":	35.000278,
					"end":	36.000174,
					"seconds":	0.999895989894867,
					"bytes":	7340032,
					"bits_per_second":	58726364.1353078,
					"retransmits":	1120,
					"snd_cwnd":	1630448,
					"snd_wnd":	15454208,
					"rtt":	62716,
					"rttvar":	543,
					"pmtu":	1500,
					"omitted":	false,
					"sender":	true
				}],
			"sum":	{
				"start":	35.000278,
				"end":	36.000174,
				"seconds":	0.999895989894867,
				"bytes":	7340032,
				"bits_per_second":	58726364.1353078,
				"retransmits":	1120,
				"omitted":	false,
				"sender":	true
			}
		}, {
			"streams":	[{
					"socket":	7,
					"start":	36.000174,
					"end":	37.000592,
					"seconds":	1.000417947769165,
					"bytes":	7340032,
					"bits_per_second":	58695724.252988935,
					"retransmits":	1220,
					"snd_cwnd":	1613072,
					"snd_wnd":	15532032,
					"rtt":	62945,
					"rttvar":	1110,
					"pmtu":	1500,
					"omitted":	false,
					"sender":	true
				}],
			"sum":	{
				"start":	36.000174,
				"end":	37.000592,
				"seconds":	1.000417947769165,
				"bytes":	7340032,
				"bits_per_second":	58695724.252988935,
				"retransmits":	1220,
				"omitted":	false,
				"sender":	true
			}
		}, {
			"streams":	[{
					"socket":	7,
					"start":	37.000592,
					"end":	38.000139,
					"seconds":	0.999547004699707,
					"bytes":	14680064,
					"bits_per_second":	117493736.11027181,
					"retransmits":	1124,
					"snd_cwnd":	2006928,
					"snd_wnd":	14950400,
					"rtt":	62202,
					"rttvar":	370,
					"pmtu":	1500,
					"omitted":	false,
					"sender":	true
				}],
			"sum":	{
				"start":	37.000592,
				"end":	38.000139,
				"seconds":	0.999547004699707,
				"bytes":	14680064,
				"bits_per_second":	117493736.11027181,
				"retransmits":	1124,
				"omitted":	false,
				"sender":	true
			}
		}, {
			"streams":	[{
					"socket":	7,
					"start":	38.000139,
					"end":	39.000971,
					"seconds":	1.0008319616317749,
					"bytes":	15859712,
					"bits_per_second":	126772226.37168407,
					"retransmits":	1625,
					"snd_cwnd":	2699072,
					"snd_wnd":	15294464,
					"rtt":	62883,
					"rttvar":	654,
					"pmtu":	1500,
					"omitted":	false,
					"sender":	true
				}],
			"sum":	{
				"start":	38.000139,
				"end":	39.000971,
				"seconds":	1.0008319616317749,
				"bytes":	15859712,
				"bits_per_second":	126772226.37168407,
				"retransmits":	1625,
				"omitted":	false,
				"sender":	true
			}
		}, {
			"streams":	[{
					"socket":	7,
					"start":	39.000971,
					"end":	40.000594,
					"seconds":	0.99962300062179565,
					"bytes":	15073280,
					"bits_per_second":	120631718.08270891,
					"retransmits":	2167,
					"snd_cwnd":	2174896,
					"snd_wnd":	15130624,
					"rtt":	63329,
					"rttvar":	544,
					"pmtu":	1500,
					"omitted":	false,
					"sender":	true
				}],
			"sum":	{
				"start":	39.000971,
				"end":	40.000594,
				"seconds":	0.99962300062179565,
				"bytes":	15073280,
				"bits_per_second":	120631718.08270891,
				"retransmits":	2167,
				"omitted":	false,
				"sender":	true
			}
		}, {
			"streams":	[{
					"socket":	7,
					"start":	40.000594,
					"end":	41.000122,
					"seconds":	0.99952799081802368,
					"bytes":	15859712,
					"bits_per_second":	126937611.71826917,
					"retransmits":	567,
					"snd_cwnd":	1058488,
					"snd_wnd":	15978496,
					"rtt":	62587,
					"rttvar":	360,
					"pmtu":	1500,
					"omitted":	false,
					"sender":	true
				}],
			"sum":	{
				"start":	40.000594,
				"end":	41.000122,
				"seconds":	0.99952799081802368,
				"bytes":	15859712,
				"bits_per_second":	126937611.71826917,
				"retransmits":	567,
				"omitted":	false,
				"sender":	true
			}
		}, {
			"streams":	[{
					"socket":	7,
					"start":	41.000122,
					"end":	42.001043,
					"seconds":	1.0009210109710693,
					"bytes":	15466496,
					"bits_per_second":	123618114.36045112,
					"retransmits":	164,
					"snd_cwnd":	2195168,
					"snd_wnd":	16056320,
					"rtt":	60859,
					"rttvar":	81,
					"pmtu":	1500,
					"omitted":	false,
					"sender":	true
				}],
			"sum":	{
				"start":	41.000122,
				"end":	42.001043,
				"seconds":	1.0009210109710693,
				"bytes":	15466496,
				"bits_per_second":	123618114.36045112,
				"retransmits":	164,
				"omitted":	false,
				"sender":	true
			}
		}, {
			"streams":	[{
					"socket":	7,
					"start":	42.001043,
					"end":	43.000545,
					"seconds":	0.99950200319290161,
					"bytes":	14680064,
					"bits_per_second":	117499026.13985482,
					"retransmits":	448,
					"snd_cwnd":	2166208,
					"snd_wnd":	15474688,
					"rtt":	62772,
					"rttvar":	456,
					"pmtu":	1500,
					"omitted":	false,
					"sender":	true
				}],
			"sum":	{
				"start":	42.001043,
				"end":	43.000545,
				"seconds":	0.99950200319290161,
				"bytes":	14680064,
				"bits_per_second":	117499026.13985482,
				"retransmits":	448,
				"omitted":	false,
				"sender":	true
			}
		}, {
			"streams":	[{
					"socket":	7,
					"start":	43.000545,
					"end":	44.00148,
					"seconds":	1.0009349584579468,
					"bytes":	22806528,
					"bits_per_second":	182281798.09114495,
					"retransmits":	892,
					"snd_cwnd":	3680816,
					"snd_wnd":	15446016,
					"rtt":	62296,
					"rttvar":	693,
					"pmtu":	1500,
					"omitted":	false,
					"sender":	true
				}],
			"sum":	{
				"start":	43.000545,
				"end":	44.00148,
				"seconds":	1.0009349584579468,
				"bytes":	22806528,
				"bits_per_second":	182281798.09114495,
				"retransmits":	892,
				"omitted":	false,
				"sender":	true
			}
		}, {
			"streams":	[{
					"socket":	7,
					"start":	44.00148,
					"end":	45.004876,
					"seconds":	1.0033960342407227,
					"bytes":	23986176,
					"bits_per_second":	191239950.57963744,
					"retransmits":	2807,
					"snd_cwnd":	4436672,
					"snd_wnd":	14520320,
					"rtt":	62811,
					"rttvar":	851,
					"pmtu":	1500,
					"omitted":	false,
					"sender":	true
				}],
			"sum":	{
				"start":	44.00148,
				"end":	45.004876,
				"seconds":	1.0033960342407227,
				"bytes":	23986176,
				"bits_per_second":	191239950.57963744,
				"retransmits":	2807,
				"omitted":	false,
				"sender":	true
			}
		}, {
			"streams":	[{
					"socket":	7,
					"start":	45.004876,
					"end":	46.000133,
					"seconds":	0.995257019996643,
					"bytes":	24641536,
					"bits_per_second":	198071738.2939584,
					"retransmits":	2792,
					"snd_cwnd":	5792,
					"snd_wnd":	13508608,
					"rtt":	62360,
					"rttvar":	343,
					"pmtu":	1500,
					"omitted":	false,
					"sender":	true
				}],
			"sum":	{
				"start":	45.004876,
				"end":	46.000133,
				"seconds":	0.995257019996643,
				"bytes":	24641536,
				"bits_per_second":	198071738.2939584,
				"retransmits":	2792,
				"omitted":	false,
				"sender":	true
			}
		}, {
			"streams":	[{
					"socket":	7,
					"start":	46.000133,
					"end":	47.000132,
					"seconds":	0.99999898672103882,
					"bytes":	36962304,
					"bits_per_second":	295698731.62530363,
					"retransmits":	2651,
					"snd_cwnd":	7434032,
					"snd_wnd":	27074560,
					"rtt":	61932,
					"rttvar":	154,
					"pmtu":	1500,
					"omitted":	false,
					"sender":	true
				}],
			"sum":	{
				"start":	46.000133,
				"end":	47.000132,
				"seconds":	0.99999898672103882,
				"bytes":	36962304,
				"bits_per_second":	295698731.62530363,
				"retransmits":	2651,
				"omitted":	false,
				"sender":	true
			}
		}, {
			"streams":	[{
					"socket":	7,
					"start":	47.000132,
					"end":	48.001096,
					"seconds":	1.0009640455245972,
					"bytes":	49938432,
					"bits_per_second":	399122683.56314576,
					"retransmits":	4795,
					"snd_cwnd":	3770592,
					"snd_wnd":	49156096,
					"rtt":	62547,
					"rttvar":	389,
					"pmtu":	1500,
					"omitted":	false,
					"sender":	true
				}],
			"sum":	{
				"start":	47.000132,
				"end":	48.001096,
				"seconds":	1.0009640455245972,
				"bytes":	49938432,
				"bits_per_second":	399122683.56314576,
				"retransmits":	4795,
				"omitted":	false,
				"sender":	true
			}
		}, {
			"streams":	[{
					"socket":	7,
					"start":	48.001096,
					"end":	49.001068,
					"seconds":	0.99997198581695557,
					"bytes":	52953088,
					"bits_per_second":	423636571.83246762,
					"retransmits":	6268,
					"snd_cwnd":	10057808,
					"snd_wnd":	44134400,
					"rtt":	62162,
					"rttvar":	303,
					"pmtu":	1500,
					"omitted":	false,
					"sender":	true
				}],
			"sum":	{
				"start":	48.001096,
				"end":	49.001068,
				"seconds":	0.99997198581695557,
				"bytes":	52953088,
				"bits_per_second":	423636571.83246762,
				"retransmits":	6268,
				"omitted":	false,
				"sender":	true
			}
		}, {
			"streams":	[{
					"socket":	7,
					"start":	49.001068,
					"end":	50.001088,
					"seconds":	1.0000200271606445,
					"bytes":	52690944,
					"bits_per_second":	421519110.16906589,
					"retransmits":	7635,
					"snd_cwnd":	9577072,
					"snd_wnd":	47054848,
					"rtt":	63817,
					"rttvar":	698,
					"pmtu":	1500,
					"omitted":	false,
					"sender":	true
				}],
			"sum":	{
				"start":	49.001068,
				"end":	50.001088,
				"seconds":	1.0000200271606445,
				"bytes":	52690944,
				"bits_per_second":	421519110.16906589,
				"retransmits":	7635,
				"omitted":	false,
				"sender":	true
			}
		}, {
			"streams":	[{
					"socket":	7,
					"start":	50.001088,
					"end":	51.001058,
					"seconds":	0.999970018863678,
					"bytes":	80216064,
					"bits_per_second":	641747752.326847,
					"retransmits":	3846,
					"snd_cwnd":	10474832,
					"snd_wnd":	47226880,
					"rtt":	62325,
					"rttvar":	178,
					"pmtu":	1500,
					"omitted":	false,
					"sender":	true
				}],
			"sum":	{
				"start":	50.001088,
				"end":	51.001058,
				"seconds":	0.999970018863678,
				"bytes":	80216064,
				"bits_per_second":	641747752.326847,
				"retransmits":	3846,
				"omitted":	false,
				"sender":	true
			}
		}, {
			"streams":	[{
					"socket":	7,
					"start":	51.001058,
					"end":	52.000098,
					"seconds":	0.99904000759124756,
					"bytes":	79167488,
					"bits_per_second":	633948489.7376883,
					"retransmits":	3386,
					"snd_cwnd":	5408280,
					"snd_wnd":	49729536,
					"rtt":	62195,
					"rttvar":	128,
					"pmtu":	1500,
					"omitted":	false,
					"sender":	true
				}],
			"sum":	{
				"start":	51.001058,
				"end":	52.000098,
				"seconds":	0.99904000759124756,
				"bytes":	79167488,
				"bits_per_second":	633948489.7376883,
				"retransmits":	3386,
				"omitted":	false,
				"sender":	true
			}
		}, {
			"streams":	[{
					"socket":	7,
					"start":	52.000098,
					"end":	53.001056,
					"seconds":	1.00095796585083,
					"bytes":	112328704,
					"bits_per_second":	897769599.38187873,
					"retransmits":	1657,
					"snd_cwnd":	28123056,
					"snd_wnd":	49795072,
					"rtt":	62617,
					"rttvar":	140,
					"pmtu":	1500,
					"omitted":	false,
					"sender":	true
				}],
			"sum":	{
				"start":	52.000098,
				"end":	53.001056,
				"seconds":	1.00095796585083,
				"bytes":	112328704,
				"bits_per_second":	897769599.38187873,
				"retransmits":	1657,
				"omitted":	false,
				"sender":	true
			}
		}, {
			"streams":	[{
					"socket":	7,
					"start":	53.001056,
					"end":	54.000124,
					"seconds":	0.999068021774292,
					"bytes":	110755840,
					"bits_per_second":	886873266.573409,
					"retransmits":	9496,
					"snd_cwnd":	21436192,
					"snd_wnd":	44998656,
					"rtt":	62841,
					"rttvar":	387,
					"pmtu":	1500,
					"omitted":	false,
					"sender":	true
				}],
			"sum":	{
				"start":	53.001056,
				"end":	54.000124,
				"seconds":	0.999068021774292,
				"bytes":	110755840,
				"bits_per_second":	886873266.573409,
				"retransmits":	9496,
				"omitted":	false,
				"sender":	true
			}
		}, {
			"streams":	[{
					"socket":	7,
					"start":	54.000124,
					"end":	55.000304,
					"seconds":	1.0001800060272217,
					"bytes":	83755008,
					"bits_per_second":	669919474.45684457,
					"retransmits":	13934,
					"snd_cwnd":	17772752,
					"snd_wnd":	42934272,
					"rtt":	62532,
					"rttvar":	440,
					"pmtu":	1500,
					"omitted":	false,
					"sender":	true
				}],
			"sum":	{
				"start":	54.000124,
				"end":	55.000304,
				"seconds":	1.0001800060272217,
				"bytes":	83755008,
				"bits_per_second":	669919474.45684457,
				"retransmits":	13934,
				"omitted":	false,
				"sender":	true
			}
		}, {
			"streams":	[{
					"socket":	7,
					"start":	55.000304,
					"end":	56.000297,
					"seconds":	0.99999302625656128,
					"bytes":	76414976,
					"bits_per_second":	611324071.21723056,
					"retransmits":	8457,
					"snd_cwnd":	19600128,
					"snd_wnd":	47431680,
					"rtt":	62525,
					"rttvar":	402,
					"pmtu":	1500,
					"omitted":	false,
					"sender":	true
				}],
			"sum":	{
				"start":	55.000304,
				"end":	56.000297,
				"seconds":	0.99999302625656128,
				"bytes":	76414976,
				"bits_per_second":	611324071.21723056,
				"retransmits":	8457,
				"omitted":	false,
				"sender":	true
			}
		}, {
			"streams":	[{
					"socket":	7,
					"start":	56.000297,
					"end":	57.000222,
					"seconds":	0.99992501735687256,
					"bytes":	94502912,
					"bits_per_second":	756079988.87598169,
					"retransmits":	6751,
					"snd_cwnd":	18227424,
					"snd_wnd":	51638272,
					"rtt":	62861,
					"rttvar":	231,
					"pmtu":	1500,
					"omitted":	false,
					"sender":	true
				}],
			"sum":	{
				"start":	56.000297,
				"end":	57.000222,
				"seconds":	0.99992501735687256,
				"bytes":	94502912,
				"bits_per_second":	756079988.87598169,
				"retransmits":	6751,
				"omitted":	false,
				"sender":	true
			}
		}, {
			"streams":	[{
					"socket":	7,
					"start":	57.000222,
					"end":	58.001053,
					"seconds":	1.0008310079574585,
					"bytes":	67633152,
					"bits_per_second":	540615959.83544767,
					"retransmits":	3751,
					"snd_cwnd":	21297184,
					"snd_wnd":	46419968,
					"rtt":	61482,
					"rttvar":	432,
					"pmtu":	1500,
					"omitted":	false,
					"sender":	true
				}],
			"sum":	{
				"start":	57.000222,
				"end":	58.001053,
				"seconds":	1.0008310079574585,
				"bytes":	67633152,
				"bits_per_second":	540615959.83544767,
				"retransmits":	3751,
				"omitted":	false,
				"sender":	true
			}
		}, {
			"streams":	[{
					"socket":	7,
					"start":	58.001053,
					"end":	59.000222,
					"seconds":	0.9991689920425415,
					"bytes":	80084992,
					"bits_per_second":	641212788.930025,
					"retransmits":	9283,
					"snd_cwnd":	14186056,
					"snd_wnd":	52088832,
					"rtt":	63103,
					"rttvar":	478,
					"pmtu":	1500,
					"omitted":	false,
					"sender":	true
				}],
			"sum":	{
				"start":	58.001053,
				"end":	59.000222,
				"seconds":	0.9991689920425415,
				"bytes":	80084992,
				"bits_per_second":	641212788.930025,
				"retransmits":	9283,
				"omitted":	false,
				"sender":	true
			}
		}, {
			"streams":	[{
					"socket":	7,
					"start":	59.000222,
					"end":	60.000138,
					"seconds":	0.99991601705551147,
					"bytes":	71696384,
					"bits_per_second":	573619246.233314,
					"retransmits":	10308,
					"snd_cwnd":	12753984,
					"snd_wnd":	50098176,
					"rtt":	62498,
					"rttvar":	967,
					"pmtu":	1500,
					"omitted":	false,
					"sender":	true
				}],
			"sum":	{
				"start":	59.000222,
				"end":	60.000138,
				"seconds":	0.99991601705551147,
				"bytes":	71696384,
				"bits_per_second":	573619246.233314,
				"retransmits":	10308,
				"omitted":	false,
				"sender":	true
			}
		}, {
			"streams":	[{
					"socket":	7,
					"start":	60.000138,
					"end":	61.00023,
					"seconds":	1.0000920295715332,
					"bytes":	62652416,
					"bits_per_second":	501173205.2446574,
					"retransmits":	6370,
					"snd_cwnd":	9274440,
					"snd_wnd":	51097600,
					"rtt":	62830,
					"rttvar":	1088,
					"pmtu":	1500,
					"omitted":	false,
					"sender":	true
				}],
			"sum":	{
				"start":	60.000138,
				"end":	61.00023,
				"seconds":	1.0000920295715332,
				"bytes":	62652416,
				"bits_per_second":	501173205.2446574,
				"retransmits":	6370,
				"omitted":	false,
				"sender":	true
			}
		}, {
			"streams":	[{
					"socket":	7,
					"start":	61.00023,
					"end":	62.000308,
					"seconds":	1.0000779628753662,
					"bytes":	65142784,
					"bits_per_second":	521101645.41736519,
					"retransmits":	5236,
					"snd_cwnd":	9217968,
					"snd_wnd":	51331072,
					"rtt":	62300,
					"rttvar":	491,
					"pmtu":	1500,
					"omitted":	false,
					"sender":	true
				}],
			"sum":	{
				"start":	61.00023,
				"end":	62.000308,
				"seconds":	1.0000779628753662,
				"bytes":	65142784,
				"bits_per_second":	521101645.41736519,
				"retransmits":	5236,
				"omitted":	false,
				"sender":	true
			}
		}, {
			"streams":	[{
					"socket":	7,
					"start":	62.000308,
					"end":	63.001043,
					"seconds":	1.00073504447937,
					"bytes":	70123520,
					"bits_per_second":	560576111.623884,
					"retransmits":	2732,
					"snd_cwnd":	11172768,
					"snd_wnd":	52973568,
					"rtt":	62001,
					"rttvar":	295,
					"pmtu":	1500,
					"omitted":	false,
					"sender":	true
				}],
			"sum":	{
				"start":	62.000308,
				"end":	63.001043,
				"seconds":	1.00073504447937,
				"bytes":	70123520,
				"bits_per_second":	560576111.623884,
				"retransmits":	2732,
				"omitted":	false,
				"sender":	true
			}
		}, {
			"streams":	[{
					"socket":	7,
					"start":	63.001043,
					"end":	64.000402,
					"seconds":	0.99935901165008545,
					"bytes":	157679616,
					"bits_per_second":	1262246012.9890521,
					"retransmits":	6175,
					"snd_cwnd":	8124728,
					"snd_wnd":	52473856,
					"rtt":	62813,
					"rttvar":	403,
					"pmtu":	1500,
					"omitted":	false,
					"sender":	true
				}],
			"sum":	{
				"start":	63.001043,
				"end":	64.000402,
				"seconds":	0.99935901165008545,
				"bytes":	157679616,
				"bits_per_second":	1262246012.9890521,
				"retransmits":	6175,
				"omitted":	false,
				"sender":	true
			}
		}, {
			"streams":	[{
					"socket":	7,
					"start":	64.000402,
					"end":	65.001061,
					"seconds":	1.0006589889526367,
					"bytes":	78643200,
					"bits_per_second":	628731273.03689146,
					"retransmits":	10524,
					"snd_cwnd":	13337528,
					"snd_wnd":	39993344,
					"rtt":	62367,
					"rttvar":	355,
					"pmtu":	1500,
					"omitted":	false,
					"sender":	true
				}],
			"sum":	{
				"start":	64.000402,
				"end":	65.001061,
				"seconds":	1.0006589889526367,
				"bytes":	78643200,
				"bits_per_second":	628731273.03689146,
				"retransmits":	10524,
				"omitted":	false,
				"sender":	true
			}
		}, {
			"streams":	[{
					"socket":	7,
					"start":	65.001061,
					"end":	66.000918,
					"seconds":	0.999857008457184,
					"bytes":	73400320,
					"bits_per_second":	587286537.008002,
					"retransmits":	10522,
					"snd_cwnd":	15731072,
					"snd_wnd":	46366720,
					"rtt":	62292,
					"rttvar":	278,
					"pmtu":	1500,
					"omitted":	false,
					"sender":	true
				}],
			"sum":	{
				"start":	65.001061,
				"end":	66.000918,
				"seconds":	0.999857008457184,
				"bytes":	73400320,
				"bits_per_second":	587286537.008002,
				"retransmits":	10522,
				"omitted":	false,
				"sender":	true
			}
		}, {
			"streams":	[{
					"socket":	7,
					"start":	66.000918,
					"end":	67.000119,
					"seconds":	0.999200999736786,
					"bytes":	109838336,
					"bits_per_second":	879409336.29116964,
					"retransmits":	11587,
					"snd_cwnd":	14743536,
					"snd_wnd":	46866432,
					"rtt":	62093,
					"rttvar":	1076,
					"pmtu":	1500,
					"omitted":	false,
					"sender":	true
				}],
			"sum":	{
				"start":	66.000918,
				"end":	67.000119,
				"seconds":	0.999200999736786,
				"bytes":	109838336,
				"bits_per_second":	879409336.29116964,
				"retransmits":	11587,
				"omitted":	false,
				"sender":	true
			}
		}, {
			"streams":	[{
					"socket":	7,
					"start":	67.000119,
					"end":	68.00096,
					"seconds":	1.0008410215377808,
					"bytes":	112066560,
					"bits_per_second":	895779110.47499645,
					"retransmits":	10855,
					"snd_cwnd":	5792,
					"snd_wnd":	50851840,
					"rtt":	62679,
					"rttvar":	302,
					"pmtu":	1500,
					"omitted":	false,
					"sender":	true
				}],
			"sum":	{
				"start":	67.000119,
				"end":	68.00096,
				"seconds":	1.0008410215377808,
				"bytes":	112066560,
				"bits_per_second":	895779110.47499645,
				"retransmits":	10855,
				"omitted":	false,
				"sender":	true
			}
		}, {
			"streams":	[{
					"socket":	7,
					"start":	68.00096,
					"end":	69.001058,
					"seconds":	1.0000979900360107,
					"bytes":	85458944,
					"bits_per_second":	683604565.56400323,
					"retransmits":	12622,
					"snd_cwnd":	15890352,
					"snd_wnd":	67530752,
					"rtt":	62298,
					"rttvar":	170,
					"pmtu":	1500,
					"omitted":	false,
					"sender":	true
				}],
			"sum":	{
				"start":	68.00096,
				"end":	69.001058,
				"seconds":	1.0000979900360107,
				"bytes":	85458944,
				"bits_per_second":	683604565.56400323,
				"retransmits":	12622,
				"omitted":	false,
				"sender":	true
			}
		}, {
			"streams":	[{
					"socket":	7,
					"start":	69.001058,
					"end":	70.000074,
					"seconds":	0.999015986919403,
					"bytes":	71565312,
					"bits_per_second":	573086420.534118,
					"retransmits":	8659,
					"snd_cwnd":	12371712,
					"snd_wnd":	64217088,
					"rtt":	63000,
					"rttvar":	407,
					"pmtu":	1500,
					"omitted":	false,
					"sender":	true
				}],
			"sum":	{
				"start":	69.001058,
				"end":	70.000074,
				"seconds":	0.999015986919403,
				"bytes":	71565312,
				"bits_per_second":	573086420.534118,
				"retransmits":	8659,
				"omitted":	false,
				"sender":	true
			}
		}, {
			"streams":	[{
					"socket":	7,
					"start":	70.000074,
					"end":	71.000129,
					"seconds":	1.0000549554824829,
					"bytes":	70647808,
					"bits_per_second":	565151405.83181667,
					"retransmits":	8565,
					"snd_cwnd":	12386192,
					"snd_wnd":	69681152,
					"rtt":	62549,
					"rttvar":	215,
					"pmtu":	1500,
					"omitted":	false,
					"sender":	true
				}],
			"sum":	{
				"start":	70.000074,
				"end":	71.000129,
				"seconds":	1.0000549554824829,
				"bytes":	70647808,
				"bits_per_second":	565151405.83181667,
				"retransmits":	8565,
				"omitted":	false,
				"sender":	true
			}
		}, {
			"streams":	[{
					"socket":	7,
					"start":	71.000129,
					"end":	72.001055,
					"seconds":	1.0009260177612305,
					"bytes":	109838336,
					"bits_per_second":	877893742.80169249,
					"retransmits":	6699,
					"snd_cwnd":	12168992,
					"snd_wnd":	65511424,
					"rtt":	62515,
					"rttvar":	653,
					"pmtu":	1500,
					"omitted":	false,
					"sender":	true
				}],
			"sum":	{
				"start":	71.000129,
				"end":	72.001055,
				"seconds":	1.0009260177612305,
				"bytes":	109838336,
				"bits_per_second":	877893742.80169249,
				"retransmits":	6699,
				"omitted":	false,
				"sender":	true
			}
		}, {
			"streams":	[{
					"socket":	7,
					"start":	72.001055,
					"end":	73.001056,
					"seconds":	1.0000009536743164,
					"bytes":	68157440,
					"bits_per_second":	545259000.000496,
					"retransmits":	4382,
					"snd_cwnd":	6864968,
					"snd_wnd":	72716288,
					"rtt":	61861,
					"rttvar":	389,
					"pmtu":	1500,
					"omitted":	false,
					"sender":	true
				}],
			"sum":	{
				"start":	72.001055,
				"end":	73.001056,
				"seconds":	1.0000009536743164,
				"bytes":	68157440,
				"bits_per_second":	545259000.000496,
				"retransmits":	4382,
				"omitted":	false,
				"sender":	true
			}
		}, {
			"streams":	[{
					"socket":	7,
					"start":	73.001056,
					"end":	74.001055,
					"seconds":	0.99999898672103882,
					"bytes":	104464384,
					"bits_per_second":	835715918.813358,
					"retransmits":	10729,
					"snd_cwnd":	15864288,
					"snd_wnd":	60239872,
					"rtt":	61295,
					"rttvar":	399,
					"pmtu":	1500,
					"omitted":	false,
					"sender":	true
				}],
			"sum":	{
				"start":	73.001056,
				"end":	74.001055,
				"seconds":	0.99999898672103882,
				"bytes":	104464384,
				"bits_per_second":	835715918.813358,
				"retransmits":	10729,
				"omitted":	false,
				"sender":	true
			}
		}, {
			"streams":	[{
					"socket":	7,
					"start":	74.001055,
					"end":	75.000215,
					"seconds":	0.99915999174118042,
					"bytes":	119668736,
					"bits_per_second":	958154745.899783,
					"retransmits":	11814,
					"snd_cwnd":	17914656,
					"snd_wnd":	67096576,
					"rtt":	62376,
					"rttvar":	463,
					"pmtu":	1500,
					"omitted":	false,
					"sender":	true
				}],
			"sum":	{
				"start":	74.001055,
				"end":	75.000215,
				"seconds":	0.99915999174118042,
				"bytes":	119668736,
				"bits_per_second":	958154745.899783,
				"retransmits":	11814,
				"omitted":	false,
				"sender":	true
			}
		}, {
			"streams":	[{
					"socket":	7,
					"start":	75.000215,
					"end":	76.001043,
					"seconds":	1.00082802772522,
					"bytes":	128974848,
					"bits_per_second":	1030945132.8468225,
					"retransmits":	13688,
					"snd_cwnd":	15001280,
					"snd_wnd":	71741440,
					"rtt":	62697,
					"rttvar":	406,
					"pmtu":	1500,
					"omitted":	false,
					"sender":	true
				}],
			"sum":	{
				"start":	75.000215,
				"end":	76.001043,
				"seconds":	1.00082802772522,
				"bytes":	128974848,
				"bits_per_second":	1030945132.8468225,
				"retransmits":	13688,
				"omitted":	false,
				"sender":	true
			}
		}, {
			"streams":	[{
					"socket":	7,
					"start":	76.001043,
					"end":	77.001056,
					"seconds":	1.000012993812561,
					"bytes":	78774272,
					"bits_per_second":	630185987.4814,
					"retransmits":	12487,
					"snd_cwnd":	14949152,
					"snd_wnd":	68448256,
					"rtt":	62275,
					"rttvar":	132,
					"pmtu":	1500,
					"omitted":	false,
					"sender":	true
				}],
			"sum":	{
				"start":	76.001043,
				"end":	77.001056,
				"seconds":	1.000012993812561,
				"bytes":	78774272,
				"bits_per_second":	630185987.4814,
				"retransmits":	12487,
				"omitted":	false,
				"sender":	true
			}
		}, {
			"streams":	[{
					"socket":	7,
					"start":	77.001056,
					"end":	78.000148,
					"seconds":	0.9990919828414917,
					"bytes":	112328704,
					"bits_per_second":	899446344.714158,
					"retransmits":	9264,
					"snd_cwnd":	15108432,
					"snd_wnd":	71106560,
					"rtt":	62445,
					"rttvar":	221,
					"pmtu":	1500,
					"omitted":	false,
					"sender":	true
				}],
			"sum":	{
				"start":	77.001056,
				"end":	78.000148,
				"seconds":	0.9990919828414917,
				"bytes":	112328704,
				"bits_per_second":	899446344.714158,
				"retransmits":	9264,
				"omitted":	false,
				"sender":	true
			}
		}, {
			"streams":	[{
					"socket":	7,
					"start":	78.000148,
					"end":	79.00193,
					"seconds":	1.0017819404602051,
					"bytes":	115605504,
					"bits_per_second":	923198946.44451177,
					"retransmits":	10178,
					"snd_cwnd":	16646208,
					"snd_wnd":	68915200,
					"rtt":	62646,
					"rttvar":	297,
					"pmtu":	1500,
					"omitted":	false,
					"sender":	true
				}],
			"sum":	{
				"start":	78.000148,
				"end":	79.00193,
				"seconds":	1.0017819404602051,
				"bytes":	115605504,
				"bits_per_second":	923198946.44451177,
				"retransmits":	10178,
				"omitted":	false,
				"sender":	true
			}
		}, {
			"streams":	[{
					"socket":	7,
					"start":	79.00193,
					"end":	80.000166,
					"seconds":	0.99823600053787231,
					"bytes":	105906176,
					"bits_per_second":	848746596.539779,
					"retransmits":	13202,
					"snd_cwnd":	13475088,
					"snd_wnd":	77602816,
					"rtt":	62490,
					"rttvar":	457,
					"pmtu":	1500,
					"omitted":	false,
					"sender":	true
				}],
			"sum":	{
				"start":	79.00193,
				"end":	80.000166,
				"seconds":	0.99823600053787231,
				"bytes":	105906176,
				"bits_per_second":	848746596.539779,
				"retransmits":	13202,
				"omitted":	false,
				"sender":	true
			}
		}, {
			"streams":	[{
					"socket":	7,
					"start":	80.000166,
					"end":	81.000158,
					"seconds":	0.9999920129776,
					"bytes":	90701824,
					"bits_per_second":	725620387.54628921,
					"retransmits":	4278,
					"snd_cwnd":	13318704,
					"snd_wnd":	73519104,
					"rtt":	61653,
					"rttvar":	313,
					"pmtu":	1500,
					"omitted":	false,
					"sender":	true
				}],
			"sum":	{
				"start":	80.000166,
				"end":	81.000158,
				"seconds":	0.9999920129776,
				"bytes":	90701824,
				"bits_per_second":	725620387.54628921,
				"retransmits":	4278,
				"omitted":	false,
				"sender":	true
			}
		}, {
			"streams":	[{
					"socket":	7,
					"start":	81.000158,
					"end":	82.000128,
					"seconds":	0.999970018863678,
					"bytes":	47185920,
					"bits_per_second":	377498677.83932167,
					"retransmits":	3772,
					"snd_cwnd":	13370832,
					"snd_wnd":	78098432,
					"rtt":	62843,
					"rttvar":	439,
					"pmtu":	1500,
					"omitted":	false,
					"sender":	true
				}],
			"sum":	{
				"start":	81.000158,
				"end":	82.000128,
				"seconds":	0.999970018863678,
				"bytes":	47185920,
				"bits_per_second":	377498677.83932167,
				"retransmits":	3772,
				"omitted":	false,
				"sender":	true
			}
		}, {
			"streams":	[{
					"socket":	7,
					"start":	82.000128,
					"end":	83.000118,
					"seconds":	0.99998998641967773,
					"bytes":	112590848,
					"bits_per_second":	900735803.59031844,
					"retransmits":	3120,
					"snd_cwnd":	13443232,
					"snd_wnd":	78426112,
					"rtt":	61024,
					"rttvar":	44,
					"pmtu":	1500,
					"omitted":	false,
					"sender":	true
				}],
			"sum":	{
				"start":	82.000128,
				"end":	83.000118,
				"seconds":	0.99998998641967773,
				"bytes":	112590848,
				"bits_per_second":	900735803.59031844,
				"retransmits":	3120,
				"omitted":	false,
				"sender":	true
			}
		}, {
			"streams":	[{
					"socket":	7,
					"start":	83.000118,
					"end":	84.000077,
					"seconds":	0.99995899200439453,
					"bytes":	70647808,
					"bits_per_second":	565205641.9504813,
					"retransmits":	4276,
					"snd_cwnd":	15415408,
					"snd_wnd":	72056832,
					"rtt":	62909,
					"rttvar":	353,
					"pmtu":	1500,
					"omitted":	false,
					"sender":	true
				}],
			"sum":	{
				"start":	83.000118,
				"end":	84.000077,
				"seconds":	0.99995899200439453,
				"bytes":	70647808,
				"bits_per_second":	565205641.9504813,
				"retransmits":	4276,
				"omitted":	false,
				"sender":	true
			}
		}, {
			"streams":	[{
					"socket":	7,
					"start":	84.000077,
					"end":	85.000098,
					"seconds":	1.0000209808349609,
					"bytes":	127008768,
					"bits_per_second":	1016048826.44726,
					"retransmits":	12842,
					"snd_cwnd":	16116240,
					"snd_wnd":	68677632,
					"rtt":	62212,
					"rttvar":	262,
					"pmtu":	1500,
					"omitted":	false,
					"sender":	true
				}],
			"sum":	{
				"start":	84.000077,
				"end":	85.000098,
				"seconds":	1.0000209808349609,
				"bytes":	127008768,
				"bits_per_second":	1016048826.44726,
				"retransmits":	12842,
				"omitted":	false,
				"sender":	true
			}
		}, {
			"streams":	[{
					"socket":	7,
					"start":	85.000098,
					"end":	86.000251,
					"seconds":	1.0001529455184937,
					"bytes":	87818240,
					"bits_per_second":	702438485.181674,
					"retransmits":	16387,
					"snd_cwnd":	14155648,
					"snd_wnd":	59703296,
					"rtt":	62205,
					"rttvar":	223,
					"pmtu":	1500,
					"omitted":	false,
					"sender":	true
				}],
			"sum":	{
				"start":	85.000098,
				"end":	86.000251,
				"seconds":	1.0001529455184937,
				"bytes":	87818240,
				"bits_per_second":	702438485.181674,
				"retransmits":	16387,
				"omitted":	false,
				"sender":	true
			}
		}, {
			"streams":	[{
					"socket":	7,
					"start":	86.000251,
					"end":	87.000148,
					"seconds":	0.999897003173828,
					"bytes":	112984064,
					"bits_per_second":	903965617.58958,
					"retransmits":	11298,
					"snd_cwnd":	13362144,
					"snd_wnd":	74219520,
					"rtt":	62570,
					"rttvar":	285,
					"pmtu":	1500,
					"omitted":	false,
					"sender":	true
				}],
			"sum":	{
				"start":	86.000251,
				"end":	87.000148,
				"seconds":	0.999897003173828,
				"bytes":	112984064,
				"bits_per_second":	903965617.58958,
				"retransmits":	11298,
				"omitted":	false,
				"sender":	true
			}
		}, {
			"streams":	[{
					"socket":	7,
					"start":	87.000148,
					"end":	88.000111,
					"seconds":	0.99996298551559448,
					"bytes":	74579968,
					"bits_per_second":	596661829.12996972,
					"retransmits":	8641,
					"snd_cwnd":	13211552,
					"snd_wnd":	74842112,
					"rtt":	62697,
					"rttvar":	542,
					"pmtu":	1500,
					"omitted":	false,
					"sender":	true
				}],
			"sum":	{
				"start":	87.000148,
				"end":	88.000111,
				"seconds":	0.99996298551559448,
				"bytes":	74579968,
				"bits_per_second":	596661829.12996972,
				"retransmits":	8641,
				"omitted":	false,
				"sender":	true
			}
		}, {
			"streams":	[{
					"socket":	7,
					"start":	88.000111,
					"end":	89.000929,
					"seconds":	1.0008180141448975,
					"bytes":	109314048,
					"bits_per_second":	873797605.19916952,
					"retransmits":	11645,
					"snd_cwnd":	14540816,
					"snd_wnd":	71380992,
					"rtt":	62890,
					"rttvar":	147,
					"pmtu":	1500,
					"omitted":	false,
					"sender":	true
				}],
			"sum":	{
				"start":	88.000111,
				"end":	89.000929,
				"seconds":	1.0008180141448975,
				"bytes":	109314048,
				"bits_per_second":	873797605.19916952,
				"retransmits":	11645,
				"omitted":	false,
				"sender":	true
			}
		}, {
			"streams":	[{
					"socket":	7,
					"start":	89.000929,
					"end":	90.001122,
					"seconds":	1.0001929998397827,
					"bytes":	86245376,
					"bits_per_second":	689829870.94543,
					"retransmits":	10176,
					"snd_cwnd":	17312288,
					"snd_wnd":	71405568,
					"rtt":	62694,
					"rttvar":	497,
					"pmtu":	1500,
					"omitted":	false,
					"sender":	true
				}],
			"sum":	{
				"start":	89.000929,
				"end":	90.001122,
				"seconds":	1.0001929998397827,
				"bytes":	86245376,
				"bits_per_second":	689829870.94543,
				"retransmits":	10176,
				"omitted":	false,
				"sender":	true
			}
		}, {
			"streams":	[{
					"socket":	7,
					"start":	90.001122,
					"end":	91.000081,
					"seconds":	0.9989590048789978,
					"bytes":	116260864,
					"bits_per_second":	931056136.89588773,
					"retransmits":	14195,
					"snd_cwnd":	21297184,
					"snd_wnd":	67866624,
					"rtt":	62663,
					"rttvar":	258,
					"pmtu":	1500,
					"omitted":	false,
					"sender":	true
				}],
			"sum":	{
				"start":	90.001122,
				"end":	91.000081,
				"seconds":	0.9989590048789978,
				"bytes":	116260864,
				"bits_per_second":	931056136.89588773,
				"retransmits":	14195,
				"omitted":	false,
				"sender":	true
			}
		}, {
			"streams":	[{
					"socket":	7,
					"start":	91.000081,
					"end":	92.000097,
					"seconds":	1.0000159740448,
					"bytes":	162004992,
					"bits_per_second":	1296019233.3307054,
					"retransmits":	13212,
					"snd_cwnd":	26313056,
					"snd_wnd":	62414848,
					"rtt":	61967,
					"rttvar":	468,
					"pmtu":	1500,
					"omitted":	false,
					"sender":	true
				}],
			"sum":	{
				"start":	91.000081,
				"end":	92.000097,
				"seconds":	1.0000159740448,
				"bytes":	162004992,
				"bits_per_second":	1296019233.3307054,
				"retransmits":	13212,
				"omitted":	false,
				"sender":	true
			}
		}, {
			"streams":	[{
					"socket":	7,
					"start":	92.000097,
					"end":	93.000071,
					"seconds":	0.999974012374878,
					"bytes":	135659520,
					"bits_per_second":	1085304364.4829676,
					"retransmits":	10268,
					"snd_cwnd":	30998784,
					"snd_wnd":	92192768,
					"rtt":	63479,
					"rttvar":	739,
					"pmtu":	1500,
					"omitted":	false,
					"sender":	true
				}],
			"sum":	{
				"start":	92.000097,
				"end":	93.000071,
				"seconds":	0.999974012374878,
				"bytes":	135659520,
				"bits_per_second":	1085304364.4829676,
				"retransmits":	10268,
				"omitted":	false,
				"sender":	true
			}
		}, {
			"streams":	[{
					"socket":	7,
					"start":	93.000071,
					"end":	94.000103,
					"seconds":	1.0000319480895996,
					"bytes":	227672064,
					"bits_per_second":	1821318324.358984,
					"retransmits":	13710,
					"snd_cwnd":	32304880,
					"snd_wnd":	109322240,
					"rtt":	62014,
					"rttvar":	164,
					"pmtu":	1500,
					"omitted":	false,
					"sender":	true
				}],
			"sum":	{
				"start":	93.000071,
				"end":	94.000103,
				"seconds":	1.0000319480895996,
				"bytes":	227672064,
				"bits_per_second":	1821318324.358984,
				"retransmits":	13710,
				"omitted":	false,
				"sender":	true
			}
		}, {
			"streams":	[{
					"socket":	7,
					"start":	94.000103,
					"end":	95.001067,
					"seconds":	1.0009640455245972,
					"bytes":	206569472,
					"bits_per_second":	1650964171.3793116,
					"retransmits":	25354,
					"snd_cwnd":	25342896,
					"snd_wnd":	117026816,
					"rtt":	60891,
					"rttvar":	53,
					"pmtu":	1500,
					"omitted":	false,
					"sender":	true
				}],
			"sum":	{
				"start":	94.000103,
				"end":	95.001067,
				"seconds":	1.0009640455245972,
				"bytes":	206569472,
				"bits_per_second":	1650964171.3793116,
				"retransmits":	25354,
				"omitted":	false,
				"sender":	true
			}
		}, {
			"streams":	[{
					"socket":	7,
					"start":	95.001067,
					"end":	96.00017,
					"seconds":	0.999103009700775,
					"bytes":	152567808,
					"bits_per_second":	1221638261.66988,
					"retransmits":	13275,
					"snd_cwnd":	25267600,
					"snd_wnd":	104321024,
					"rtt":	62101,
					"rttvar":	511,
					"pmtu":	1500,
					"omitted":	false,
					"sender":	true
				}],
			"sum":	{
				"start":	95.001067,
				"end":	96.00017,
				"seconds":	0.999103009700775,
				"bytes":	152567808,
				"bits_per_second":	1221638261.66988,
				"retransmits":	13275,
				"omitted":	false,
				"sender":	true
			}
		}, {
			"streams":	[{
					"socket":	7,
					"start":	96.00017,
					"end":	97.00011,
					"seconds":	0.99993997812271118,
					"bytes":	169869312,
					"bits_per_second":	1359036067.8960984,
					"retransmits":	18523,
					"snd_cwnd":	25368960,
					"snd_wnd":	102248448,
					"rtt":	62868,
					"rttvar":	387,
					"pmtu":	1500,
					"omitted":	false,
					"sender":	true
				}],
			"sum":	{
				"start":	96.00017,
				"end":	97.00011,
				"seconds":	0.99993997812271118,
				"bytes":	169869312,
				"bits_per_second":	1359036067.8960984,
				"retransmits":	18523,
				"omitted":	false,
				"sender":	true
			}
		}, {
			"streams":	[{
					"socket":	7,
					"start":	97.00011,
					"end":	98.000407,
					"seconds":	1.000296950340271,
					"bytes":	155582464,
					"bits_per_second":	1244290219.5958951,
					"retransmits":	20911,
					"snd_cwnd":	23949920,
					"snd_wnd":	84615168,
					"rtt":	62893,
					"rttvar":	1112,
					"pmtu":	1500,
					"omitted":	false,
					"sender":	true
				}],
			"sum":	{
				"start":	97.00011,
				"end":	98.000407,
				"seconds":	1.000296950340271,
				"bytes":	155582464,
				"bits_per_second":	1244290219.5958951,
				"retransmits":	20911,
				"omitted":	false,
				"sender":	true
			}
		}, {
			"streams":	[{
					"socket":	7,
					"start":	98.000407,
					"end":	99.000071,
					"seconds":	0.999664008617401,
					"bytes":	163577856,
					"bits_per_second":	1309062681.78036,
					"retransmits":	13296,
					"snd_cwnd":	22522192,
					"snd_wnd":	91111424,
					"rtt":	62414,
					"rttvar":	451,
					"pmtu":	1500,
					"omitted":	false,
					"sender":	true
				}],
			"sum":	{
				"start":	98.000407,
				"end":	99.000071,
				"seconds":	0.999664008617401,
				"bytes":	163577856,
				"bits_per_second":	1309062681.78036,
				"retransmits":	13296,
				"omitted":	false,
				"sender":	true
			}
		}, {
			"streams":	[{
					"socket":	7,
					"start":	99.000071,
					"end":	100.000078,
					"seconds":	1.0000070333480835,
					"bytes":	153747456,
					"bits_per_second":	1229970997.1858442,
					"retransmits":	13517,
					"snd_cwnd":	19015136,
					"snd_wnd":	111210496,
					"rtt":	62331,
					"rttvar":	268,
					"pmtu":	1500,
					"omitted":	false,
					"sender":	true
				}],
			"sum":	{
				"start":	99.000071,
				"end":	100.000078,
				"seconds":	1.0000070333480835,
				"bytes":	153747456,
				"bits_per_second":	1229970997.1858442,
				"retransmits":	13517,
				"omitted":	false,
				"sender":	true
			}
		}, {
			"streams":	[{
					"socket":	7,
					"start":	100.000078,
					"end":	101.000071,
					"seconds":	0.99999302625656128,
					"bytes":	124911616,
					"bits_per_second":	999299896.861099,
					"retransmits":	10594,
					"snd_cwnd":	10467592,
					"snd_wnd":	114663424,
					"rtt":	61561,
					"rttvar":	811,
					"pmtu":	1500,
					"omitted":	false,
					"sender":	true
				}],
			"sum":	{
				"start":	100.000078,
				"end":	101.000071,
				"seconds":	0.99999302625656128,
				"bytes":	124911616,
				"bits_per_second":	999299896.861099,
				"retransmits":	10594,
				"omitted":	false,
				"sender":	true
			}
		}, {
			"streams":	[{
					"socket":	7,
					"start":	101.000071,
					"end":	102.000106,
					"seconds":	1.0000350475311279,
					"bytes":	108527616,
					"bits_per_second":	868190500.066424,
					"retransmits":	15873,
					"snd_cwnd":	21595472,
					"snd_wnd":	105873408,
					"rtt":	62209,
					"rttvar":	222,
					"pmtu":	1500,
					"omitted":	false,
					"sender":	true
				}],
			"sum":	{
				"start":	101.000071,
				"end":	102.000106,
				"seconds":	1.0000350475311279,
				"bytes":	108527616,
				"bits_per_second":	868190500.066424,
				"retransmits":	15873,
				"omitted":	false,
				"sender":	true
			}
		}, {
			"streams":	[{
					"socket":	7,
					"start":	102.000106,
					"end":	103.000558,
					"seconds":	1.0004520416259766,
					"bytes":	142999552,
					"bits_per_second":	1143479515.66047,
					"retransmits":	17131,
					"snd_cwnd":	19759408,
					"snd_wnd":	105426944,
					"rtt":	62402,
					"rttvar":	335,
					"pmtu":	1500,
					"omitted":	false,
					"sender":	true
				}],
			"sum":	{
				"start":	102.000106,
				"end":	103.000558,
				"seconds":	1.0004520416259766,
				"bytes":	142999552,
				"bits_per_second":	1143479515.66047,
				"retransmits":	17131,
				"omitted":	false,
				"sender":	true
			}
		}, {
			"streams":	[{
					"socket":	7,
					"start":	103.000558,
					"end":	104.001645,
					"seconds":	1.001086950302124,
					"bytes":	138543104,
					"bits_per_second":	1107141424.2943692,
					"retransmits":	11747,
					"snd_cwnd":	30112608,
					"snd_wnd":	117018624,
					"rtt":	62133,
					"rttvar":	701,
					"pmtu":	1500,
					"omitted":	false,
					"sender":	true
				}],
			"sum":	{
				"start":	103.000558,
				"end":	104.001645,
				"seconds":	1.001086950302124,
				"bytes":	138543104,
				"bits_per_second":	1107141424.2943692,
				"retransmits":	11747,
				"omitted":	false,
				"sender":	true
			}
		}, {
			"streams":	[{
					"socket":	7,
					"start":	104.001645,
					"end":	105.000102,
					"seconds":	0.99845701456069946,
					"bytes":	189136896,
					"bits_per_second":	1515433459.7626426,
					"retransmits":	15655,
					"snd_cwnd":	31386848,
					"snd_wnd":	104853504,
					"rtt":	62045,
					"rttvar":	84,
					"pmtu":	1500,
					"omitted":	false,
					"sender":	true
				}],
			"sum":	{
				"start":	104.001645,
				"end":	105.000102,
				"seconds":	0.99845701456069946,
				"bytes":	189136896,
				"bits_per_second":	1515433459.7626426,
				"retransmits":	15655,
				"omitted":	false,
				"sender":	true
			}
		}, {
			"streams":	[{
					"socket":	7,
					"start":	105.000102,
					"end":	106.001068,
					"seconds":	1.00096595287323,
					"bytes":	232652800,
					"bits_per_second":	1859426281.8404968,
					"retransmits":	14541,
					"snd_cwnd":	27391816,
					"snd_wnd":	111562752,
					"rtt":	62493,
					"rttvar":	322,
					"pmtu":	1500,
					"omitted":	false,
					"sender":	true
				}],
			"sum":	{
				"start":	105.000102,
				"end":	106.001068,
				"seconds":	1.00096595287323,
				"bytes":	232652800,
				"bits_per_second":	1859426281.8404968,
				"retransmits":	14541,
				"omitted":	false,
				"sender":	true
			}
		}, {
			"streams":	[{
					"socket":	7,
					"start":	106.001068,
					"end":	107.000096,
					"seconds":	0.99902802705764771,
					"bytes":	231604224,
					"bits_per_second":	1854636448.4457896,
					"retransmits":	18178,
					"snd_cwnd":	29248152,
					"snd_wnd":	113012736,
					"rtt":	62648,
					"rttvar":	304,
					"pmtu":	1500,
					"omitted":	false,
					"sender":	true
				}],
			"sum":	{
				"start":	106.001068,
				"end":	107.000096,
				"seconds":	0.99902802705764771,
				"bytes":	231604224,
				"bits_per_second":	1854636448.4457896,
				"retransmits":	18178,
				"omitted":	false,
				"sender":	true
			}
		}, {
			"streams":	[{
					"socket":	7,
					"start":	107.000096,
					"end":	108.001056,
					"seconds":	1.0009599924087524,
					"bytes":	232521728,
					"bits_per_second":	1858389783.9149384,
					"retransmits":	22140,
					"snd_cwnd":	34265472,
					"snd_wnd":	102727680,
					"rtt":	62876,
					"rttvar":	414,
					"pmtu":	1500,
					"omitted":	false,
					"sender":	true
				}],
			"sum":	{
				"start":	107.000096,
				"end":	108.001056,
				"seconds":	1.0009599924087524,
				"bytes":	232521728,
				"bits_per_second":	1858389783.9149384,
				"retransmits":	22140,
				"omitted":	false,
				"sender":	true
			}
		}, {
			"streams":	[{
					"socket":	7,
					"start":	108.001056,
					"end":	109.001083,
					"seconds":	1.0000269412994385,
					"bytes":	169082880,
					"bits_per_second":	1352626598.481782,
					"retransmits":	24111,
					"snd_cwnd":	29006336,
					"snd_wnd":	100773888,
					"rtt":	62669,
					"rttvar":	306,
					"pmtu":	1500,
					"omitted":	false,
					"sender":	true
				}],
			"sum":	{
				"start":	108.001056,
				"end":	109.001083,
				"seconds":	1.0000269412994385,
				"bytes":	169082880,
				"bits_per_second":	1352626598.481782,
				"retransmits":	24111,
				"omitted":	false,
				"sender":	true
			}
		}, {
			"streams":	[{
					"socket":	7,
					"start":	109.001083,
					"end":	110.000314,
					"seconds":	0.999230980873108,
					"bytes":	249430016,
					"bits_per_second":	1996975840.6173761,
					"retransmits":	24483,
					"snd_cwnd":	28606688,
					"snd_wnd":	109723648,
					"rtt":	61615,
					"rttvar":	553,
					"pmtu":	1500,
					"omitted":	false,
					"sender":	true
				}],
			"sum":	{
				"start":	109.001083,
				"end":	110.000314,
				"seconds":	0.999230980873108,
				"bytes":	249430016,
				"bits_per_second":	1996975840.6173761,
				"retransmits":	24483,
				"omitted":	false,
				"sender":	true
			}
		}, {
			"streams":	[{
					"socket":	7,
					"start":	110.000314,
					"end":	111.000265,
					"seconds":	0.99995100498199463,
					"bytes":	176291840,
					"bits_per_second":	1410403822.7606909,
					"retransmits":	19721,
					"snd_cwnd":	28783344,
					"snd_wnd":	106414080,
					"rtt":	62908,
					"rttvar":	249,
					"pmtu":	1500,
					"omitted":	false,
					"sender":	true
				}],
			"sum":	{
				"start":	110.000314,
				"end":	111.000265,
				"seconds":	0.99995100498199463,
				"bytes":	176291840,
				"bits_per_second":	1410403822.7606909,
				"retransmits":	19721,
				"omitted":	false,
				"sender":	true
			}
		}, {
			"streams":	[{
					"socket":	7,
					"start":	111.000265,
					"end":	112.001083,
					"seconds":	1.0008180141448975,
					"bytes":	163840000,
					"bits_per_second":	1309648688.8476763,
					"retransmits":	23220,
					"snd_cwnd":	32942000,
					"snd_wnd":	91258880,
					"rtt":	62577,
					"rttvar":	234,
					"pmtu":	1500,
					"omitted":	false,
					"sender":	true
				}],
			"sum":	{
				"start":	111.000265,
				"end":	112.001083,
				"seconds":	1.0008180141448975,
				"bytes":	163840000,
				"bits_per_second":	1309648688.8476763,
				"retransmits":	23220,
				"omitted":	false,
				"sender":	true
			}
		}, {
			"streams":	[{
					"socket":	7,
					"start":	112.001083,
					"end":	113.001054,
					"seconds":	0.99997097253799438,
					"bytes":	240910336,
					"bits_per_second":	1927338633.7489631,
					"retransmits":	27425,
					"snd_cwnd":	33605184,
					"snd_wnd":	129634304,
					"rtt":	63528,
					"rttvar":	221,
					"pmtu":	1500,
					"omitted":	false,
					"sender":	true
				}],
			"sum":	{
				"start":	112.001083,
				"end":	113.001054,
				"seconds":	0.99997097253799438,
				"bytes":	240910336,
				"bits_per_second":	1927338633.7489631,
				"retransmits":	27425,
				"omitted":	false,
				"sender":	true
			}
		}, {
			"streams":	[{
					"socket":	7,
					"start":	113.001054,
					"end":	114.000185,
					"seconds":	0.99913102388381958,
					"bytes":	227934208,
					"bits_per_second":	1825059597.2005732,
					"retransmits":	22725,
					"snd_cwnd":	31547576,
					"snd_wnd":	118923264,
					"rtt":	62938,
					"rttvar":	552,
					"pmtu":	1500,
					"omitted":	false,
					"sender":	true
				}],
			"sum":	{
				"start":	113.001054,
				"end":	114.000185,
				"seconds":	0.99913102388381958,
				"bytes":	227934208,
				"bits_per_second":	1825059597.2005732,
				"retransmits":	22725,
				"omitted":	false,
				"sender":	true
			}
		}, {
			"streams":	[{
					"socket":	7,
					"start":	114.000185,
					"end":	115.000249,
					"seconds":	1.0000640153884888,
					"bytes":	261226496,
					"bits_per_second":	2089678196.4384384,
					"retransmits":	13907,
					"snd_cwnd":	40619296,
					"snd_wnd":	127430656,
					"rtt":	62858,
					"rttvar":	540,
					"pmtu":	1500,
					"omitted":	false,
					"sender":	true
				}],
			"sum":	{
				"start":	114.000185,
				"end":	115.000249,
				"seconds":	1.0000640153884888,
				"bytes":	261226496,
				"bits_per_second":	2089678196.4384384,
				"retransmits":	13907,
				"omitted":	false,
				"sender":	true
			}
		}, {
			"streams":	[{
					"socket":	7,
					"start":	115.000249,
					"end":	116.001045,
					"seconds":	1.0007959604263306,
					"bytes":	172097536,
					"bits_per_second":	1375685296.9445474,
					"retransmits":	22892,
					"snd_cwnd":	38256160,
					"snd_wnd":	126664704,
					"rtt":	62602,
					"rttvar":	253,
					"pmtu":	1500,
					"omitted":	false,
					"sender":	true
				}],
			"sum":	{
				"start":	115.000249,
				"end":	116.001045,
				"seconds":	1.0007959604263306,
				"bytes":	172097536,
				"bits_per_second":	1375685296.9445474,
				"retransmits":	22892,
				"omitted":	false,
				"sender":	true
			}
		}, {
			"streams":	[{
					"socket":	7,
					"start":	116.001045,
					"end":	117.000063,
					"seconds":	0.99901801347732544,
					"bytes":	228720640,
					"bits_per_second":	1831563690.8598444,
					"retransmits":	31366,
					"snd_cwnd":	36058096,
					"snd_wnd":	124829696,
					"rtt":	62349,
					"rttvar":	362,
					"pmtu":	1500,
					"omitted":	false,
					"sender":	true
				}],
			"sum":	{
				"start":	116.001045,
				"end":	117.000063,
				"seconds":	0.99901801347732544,
				"bytes":	228720640,
				"bits_per_second":	1831563690.8598444,
				"retransmits":	31366,
				"omitted":	false,
				"sender":	true
			}
		}, {
			"streams":	[{
					"socket":	7,
					"start":	117.000063,
					"end":	118.001051,
					"seconds":	1.0009880065917969,
					"bytes":	245104640,
					"bits_per_second":	1958901712.1956685,
					"retransmits":	30321,
					"snd_cwnd":	33471968,
					"snd_wnd":	127840256,
					"rtt":	61703,
					"rttvar":	241,
					"pmtu":	1500,
					"omitted":	false,
					"sender":	true
				}],
			"sum":	{
				"start":	117.000063,
				"end":	118.001051,
				"seconds":	1.0009880065917969,
				"bytes":	245104640,
				"bits_per_second":	1958901712.1956685,
				"retransmits":	30321,
				"omitted":	false,
				"sender":	true
			}
		}, {
			"streams":	[{
					"socket":	7,
					"start":	118.001051,
					"end":	119.001079,
					"seconds":	1.0000280141830444,
					"bytes":	230948864,
					"bits_per_second":	1847539154.6999385,
					"retransmits":	20417,
					"snd_cwnd":	36692320,
					"snd_wnd":	128708608,
					"rtt":	62686,
					"rttvar":	221,
					"pmtu":	1500,
					"omitted":	false,
					"sender":	true
				}],
			"sum":	{
				"start":	118.001051,
				"end":	119.001079,
				"seconds":	1.0000280141830444,
				"bytes":	230948864,
				"bits_per_second":	1847539154.6999385,
				"retransmits":	20417,
				"omitted":	false,
				"sender":	true
			}
		}, {
			"streams":	[{
					"socket":	7,
					"start":	119.001079,
					"end":	120.001328,
					"seconds":	1.0002490282058716,
					"bytes":	314179584,
					"bits_per_second":	2512810911.2070875,
					"retransmits":	20939,
					"snd_cwnd":	31997904,
					"snd_wnd":	141410304,
					"rtt":	62114,
					"rttvar":	330,
					"pmtu":	1500,
					"omitted":	false,
					"sender":	true
				}],
			"sum":	{
				"start":	119.001079,
				"end":	120.001328,
				"seconds":	1.0002490282058716,
				"bytes":	314179584,
				"bits_per_second":	2512810911.2070875,
				"retransmits":	20939,
				"omitted":	false,
				"sender":	true
			}
		}],
	"end":	{
		"streams":	[{
				"sender":	{
					"socket":	7,
					"start":	0,
					"end":	120.001328,
					"seconds":	120.001328,
					"bytes":	9982836736,
					"bits_per_second":	665515084.03307,
					"retransmits":	964912,
					"max_snd_cwnd":	40619296,
					"max_snd_wnd":	141410304,
					"max_rtt":	65748,
					"min_rtt":	60859,
					"mean_rtt":	62514,
					"sender":	true
				},
				"receiver":	{
					"socket":	7,
					"start":	0,
					"end":	120.333586,
					"seconds":	120.001328,
					"bytes":	9912451072,
					"bits_per_second":	658998133.538545,
					"sender":	true
				}
			}],
		"sum_sent":	{
			"start":	0,
			"end":	120.001328,
			"seconds":	120.001328,
			"bytes":	9982836736,
			"bits_per_second":	665515084.03307,
			"retransmits":	964912,
			"sender":	true
		},
		"sum_received":	{
			"start":	0,
			"end":	120.333586,
			"seconds":	120.333586,
			"bytes":	9912451072,
			"bits_per_second":	658998133.538545,
			"sender":	true
		},
		"cpu_utilization_percent":	{
			"host_total":	2.7461888313578124,
			"host_user":	0.015049491856377191,
			"host_system":	2.7311393395014352,
			"remote_total":	5.95825599867156,
			"remote_user":	0.044213752067471163,
			"remote_system":	5.9140422466040885
		},
		"sender_tcp_congestion":	"bbr",
		"receiver_tcp_congestion":	"cubic"
	}
}
