{
	"start":	{
		"connected":	[{
				"socket":	7,
				"local_host":	"172.16.0.8",
				"local_port":	55336,
				"remote_host":	"172.17.0.8",
				"remote_port":	5201
			}],
		"version":	"iperf 3.16",
		"system_info":	"Linux h1 6.8.0-63-generic #66-Ubuntu SMP PREEMPT_DYNAMIC Fri Jun 13 20:25:30 UTC 2025 x86_64",
		"timestamp":	{
			"time":	"Sat, 31 Jan 2026 21:28:31 GMT",
			"timesecs":	1769894911
		},
		"connecting_to":	{
			"host":	"172.17.0.8",
			"port":	5201
		},
		"cookie":	"5q6xmcmvxqn5xesoogptwgb5omqncidw5bev",
		"tcp_mss_default":	1448,
		"target_bitrate":	0,
		"fq_rate":	0,
		"sock_bufsize":	0,
		"sndbuf_actual":	1000000,
		"rcvbuf_actual":	1000000,
		"test_start":	{
			"protocol":	"TCP",
			"num_streams":	1,
			"blksize":	131072,
			"omit":	0,
			"duration":	120,
			"bytes":	0,
			"blocks":	0,
			"reverse":	0,
			"tos":	0,
			"target_bitrate":	0,
			"bidir":	0,
			"fqrate":	0
		}
	},
	"intervals":	[{
			"streams":	[{
					"socket":	7,
					"start":	0,
					"end":	1.001038,
					"seconds":	1.0010379552841187,
					"bytes":	219676672,
					"bits_per_second":	1755591150.8881836,
					"retransmits":	8284,
					"snd_cwnd":	25402264,
					"snd_wnd":	94990336,
					"rtt":	61790,
					"rttvar":	151,
					"pmtu":	1500,
					"omitted":	false,
					"sender":	true
				}],
			"sum":	{
				"start":	0,
				"end":	1.001038,
				"seconds":	1.0010379552841187,
				"bytes":	219676672,
				"bits_per_second":	1755591150.8881836,
				"retransmits":	8284,
				"omitted":	false,
				"sender":	true
			}
		}, {
			"streams":	[{
					"socket":	7,
					"start":	1.001038,
					"end":	2.00105,
					"seconds":	1.0000120401382446,
					"bytes":	179306496,
					"bits_per_second":	1434434697.2079427,
					"retransmits":	56807,
					"snd_cwnd":	34508736,
					"snd_wnd":	114503680,
					"rtt":	62576,
					"rttvar":	330,
					"pmtu":	1500,
					"omitted":	false,
					"sender":	true
				}],
			"sum":	{
				"start":	1.001038,
				"end":	2.00105,
				"seconds":	1.0000120401382446,
				"bytes":	179306496,
				"bits_per_second":	1434434697.2079427,
				"retransmits":	56807,
				"omitted":	false,
				"sender":	true
			}
		}, {
			"streams":	[{
					"socket":	7,
					"start":	2.00105,
					"end":	3.001063,
					"seconds":	1.000012993812561,
					"bytes":	227934208,
					"bits_per_second":	1823449970.43287,
					"retransmits":	24558,
					"snd_cwnd":	26986376,
					"snd_wnd":	119099392,
					"rtt":	63259,
					"rttvar":	1912,
					"pmtu":	1500,
					"omitted":	false,
					"sender":	true
				}],
			"sum":	{
				"start":	2.00105,
				"end":	3.001063,
				"seconds":	1.000012993812561,
				"bytes":	227934208,
				"bits_per_second":	1823449970.43287,
				"retransmits":	24558,
				"omitted":	false,
				"sender":	true
			}
		}, {
			"streams":	[{
					"socket":	7,
					"start":	3.001063,
					"end":	4.001051,
					"seconds":	0.9999880194664,
					"bytes":	167247872,
					"bits_per_second":	1337999005.9420474,
					"retransmits":	27986,
					"snd_cwnd":	28018800,
					"snd_wnd":	114970624,
					"rtt":	62635,
					"rttvar":	178,
					"pmtu":	1500,
					"omitted":	false,
					"sender":	true
				}],
			"sum":	{
				"start":	3.001063,
				"end":	4.001051,
				"seconds":	0.9999880194664,
				"bytes":	167247872,
				"bits_per_second":	1337999005.9420474,
				"retransmits":	27986,
				"omitted":	false,
				"sender":	true
			}
		}, {
			"streams":	[{
					"socket":	7,
					"start":	4.001051,
					"end":	5.001041,
					"seconds":	0.99998998641967773,
					"bytes":	168951808,
					"bits_per_second":	1351627998.63553,
					"retransmits":	21218,
					"snd_cwnd":	28264960,
					"snd_wnd":	93540352,
					"rtt":	62422,
					"rttvar":	280,
					"pmtu":	1500,
					"omitted":	false,
					"sender":	true
				}],
			"sum":	{
				"start":	4.001051,
				"end":	5.001041,
				"seconds":	0.99998998641967773,
				"bytes":	168951808,
				"bits_per_second":	1351627998.63553,
				"retransmits":	21218,
				"omitted":	false,
				"sender":	true
			}
		}, {
			"streams":	[{
					"socket":	7,
					"start":	5.001041,
					"end":	6.000103,
					"seconds":	0.99906200170516968,
					"bytes":	258473984,
					"bits_per_second":	2069733278.2857857,
					"retransmits":	18341,
					"snd_cwnd":	32403344,
					"snd_wnd":	127959040,
					"rtt":	62084,
					"rttvar":	78,
					"pmtu":	1500,
					"omitted":	false,
					"sender":	true
				}],
			"sum":	{
				"start":	5.001041,
				"end":	6.000103,
				"seconds":	0.99906200170516968,
				"bytes":	258473984,
				"bits_per_second":	2069733278.2857857,
				"retransmits":	18341,
				"omitted":	false,
				"sender":	true
			}
		}, {
			"streams":	[{
					"socket":	7,
					"start":	6.000103,
					"end":	7.000258,
					"seconds":	1.000154972076416,
					"bytes":	214040576,
					"bits_per_second":	1712059286.6174057,
					"retransmits":	24967,
					"snd_cwnd":	36990608,
					"snd_wnd":	122494976,
					"rtt":	62645,
					"rttvar":	433,
					"pmtu":	1500,
					"omitted":	false,
					"sender":	true
				}],
			"sum":	{
				"start":	6.000103,
				"end":	7.000258,
				"seconds":	1.000154972076416,
				"bytes":	214040576,
				"bits_per_second":	1712059286.6174057,
				"retransmits":	24967,
				"omitted":	false,
				"sender":	true
			}
		}, {
			"streams":	[{
					"socket":	7,
					"start":	7.000258,
					"end":	8.000349,
					"seconds":	1.0000909566879272,
					"bytes":	222822400,
					"bits_per_second":	1782417077.2461488,
					"retransmits":	26851,
					"snd_cwnd":	39820000,
					"snd_wnd":	102121472,
					"rtt":	61846,
					"rttvar":	262,
					"pmtu":	1500,
					"omitted":	false,
					"sender":	true
				}],
			"sum":	{
				"start":	7.000258,
				"end":	8.000349,
				"seconds":	1.0000909566879272,
				"bytes":	222822400,
				"bits_per_second":	1782417077.2461488,
				"retransmits":	26851,
				"omitted":	false,
				"sender":	true
			}
		}, {
			"streams":	[{
					"socket":	7,
					"start":	8.000349,
					"end":	9.001077,
					"seconds":	1.0007280111312866,
					"bytes":	281542656,
					"bits_per_second":	2250702711.3729033,
					"retransmits":	19937,
					"snd_cwnd":	45881328,
					"snd_wnd":	132997120,
					"rtt":	64682,
					"rttvar":	2328,
					"pmtu":	1500,
					"omitted":	false,
					"sender":	true
				}],
			"sum":	{
				"start":	8.000349,
				"end":	9.001077,
				"seconds":	1.0007280111312866,
				"bytes":	281542656,
				"bits_per_second":	2250702711.3729033,
				"retransmits":	19937,
				"omitted":	false,
				"sender":	true
			}
		}, {
			"streams":	[{
					"socket":	7,
					"start":	9.001077,
					"end":	10.000414,
					"seconds":	0.99933701753616333,
					"bytes":	290848768,
					"bits_per_second":	2328333788.471715,
					"retransmits":	34959,
					"snd_cwnd":	44230608,
					"snd_wnd":	106434560,
					"rtt":	62157,
					"rttvar":	166,
					"pmtu":	1500,
					"omitted":	false,
					"sender":	true
				}],
			"sum":	{
				"start":	9.001077,
				"end":	10.000414,
				"seconds":	0.99933701753616333,
				"bytes":	290848768,
				"bits_per_second":	2328333788.471715,
				"retransmits":	34959,
				"omitted":	false,
				"sender":	true
			}
		}, {
			"streams":	[{
					"socket":	7,
					"start":	10.000414,
					"end":	11.001071,
					"seconds":	1.0006569623947144,
					"bytes":	286785536,
					"bits_per_second":	2292778019.0620484,
					"retransmits":	31161,
					"snd_cwnd":	42611744,
					"snd_wnd":	126750720,
					"rtt":	62160,
					"rttvar":	165,
					"pmtu":	1500,
					"omitted":	false,
					"sender":	true
				}],
			"sum":	{
				"start":	10.000414,
				"end":	11.001071,
				"seconds":	1.0006569623947144,
				"bytes":	286785536,
				"bits_per_second":	2292778019.0620484,
				"retransmits":	31161,
				"omitted":	false,
				"sender":	true
			}
		}, {
			"streams":	[{
					"socket":	7,
					"start":	11.001071,
					"end":	12.001071,
					"seconds":	1,
					"bytes":	319684608,
					"bits_per_second":	2557476864,
					"retransmits":	35051,
					"snd_cwnd":	43523984,
					"snd_wnd":	101789696,
					"rtt":	61729,
					"rttvar":	275,
					"pmtu":	1500,
					"omitted":	false,
					"sender":	true
				}],
			"sum":	{
				"start":	11.001071,
				"end":	12.001071,
				"seconds":	1,
				"bytes":	319684608,
				"bits_per_second":	2557476864,
				"retransmits":	35051,
				"omitted":	false,
				"sender":	true
			}
		}, {
			"streams":	[{
					"socket":	7,
					"start":	12.001071,
					"end":	13.001099,
					"seconds":	1.0000280141830444,
					"bytes":	346947584,
					"bits_per_second":	2775502918.5532,
					"retransmits":	25177,
					"snd_cwnd":	40807536,
					"snd_wnd":	115400704,
					"rtt":	62267,
					"rttvar":	286,
					"pmtu":	1500,
					"omitted":	false,
					"sender":	true
				}],
			"sum":	{
				"start":	12.001071,
				"end":	13.001099,
				"seconds":	1.0000280141830444,
				"bytes":	346947584,
				"bits_per_second":	2775502918.5532,
				"retransmits":	25177,
				"omitted":	false,
				"sender":	true
			}
		}, {
			"streams":	[{
					"socket":	7,
					"start":	13.001099,
					"end":	14.001109,
					"seconds":	1.0000100135803223,
					"bytes":	260177920,
					"bits_per_second":	2081402517.7087059,
					"retransmits":	38199,
					"snd_cwnd":	40917584,
					"snd_wnd":	109723648,
					"rtt":	62338,
					"rttvar":	370,
					"pmtu":	1500,
					"omitted":	false,
					"sender":	true
				}],
			"sum":	{
				"start":	13.001099,
				"end":	14.001109,
				"seconds":	1.0000100135803223,
				"bytes":	260177920,
				"bits_per_second":	2081402517.7087059,
				"retransmits":	38199,
				"omitted":	false,
				"sender":	true
			}
		}, {
			"streams":	[{
					"socket":	7,
					"start":	14.001109,
					"end":	15.000165,
					"seconds":	0.99905598163604736,
					"bytes":	239861760,
					"bits_per_second":	1920707262.9279811,
					"retransmits":	25825,
					"snd_cwnd":	40622192,
					"snd_wnd":	112238592,
					"rtt":	62233,
					"rttvar":	444,
					"pmtu":	1500,
					"omitted":	false,
					"sender":	true
				}],
			"sum":	{
				"start":	14.001109,
				"end":	15.000165,
				"seconds":	0.99905598163604736,
				"bytes":	239861760,
				"bits_per_second":	1920707262.9279811,
				"retransmits":	25825,
				"omitted":	false,
				"sender":	true
			}
		}, {
			"streams":	[{
					"socket":	7,
					"start":	15.000165,
					"end":	16.001056,
					"seconds":	1.0008909702301025,
					"bytes":	318636032,
					"bits_per_second":	2546819115.9862,
					"retransmits":	33200,
					"snd_cwnd":	42614640,
					"snd_wnd":	114716672,
					"rtt":	62668,
					"rttvar":	186,
					"pmtu":	1500,
					"omitted":	false,
					"sender":	true
				}],
			"sum":	{
				"start":	15.000165,
				"end":	16.001056,
				"seconds":	1.0008909702301025,
				"bytes":	318636032,
				"bits_per_second":	2546819115.9862,
				"retransmits":	33200,
				"omitted":	false,
				"sender":	true
			}
		}, {
			"streams":	[{
					"socket":	7,
					"start":	16.001056,
					"end":	17.001152,
					"seconds":	1.0000959634780884,
					"bytes":	288620544,
					"bits_per_second":	2308742797.0111871,
					"retransmits":	34560,
					"snd_cwnd":	47578384,
					"snd_wnd":	117088256,
					"rtt":	62469,
					"rttvar":	250,
					"pmtu":	1500,
					"omitted":	false,
					"sender":	true
				}],
			"sum":	{
				"start":	16.001056,
				"end":	17.001152,
				"seconds":	1.0000959634780884,
				"bytes":	288620544,
				"bits_per_second":	2308742797.0111871,
				"retransmits":	34560,
				"omitted":	false,
				"sender":	true
			}
		}, {
			"streams":	[{
					"socket":	7,
					"start":	17.001152,
					"end":	18.001071,
					"seconds":	0.99991899728775024,
					"bytes":	153616384,
					"bits_per_second":	1229030626.81421,
					"retransmits":	30108,
					"snd_cwnd":	48786016,
					"snd_wnd":	122130432,
					"rtt":	62240,
					"rttvar":	435,
					"pmtu":	1500,
					"omitted":	false,
					"sender":	true
				}],
			"sum":	{
				"start":	17.001152,
				"end":	18.001071,
				"seconds":	0.99991899728775024,
				"bytes":	153616384,
				"bits_per_second":	1229030626.81421,
				"retransmits":	30108,
				"omitted":	false,
				"sender":	true
			}
		}, {
			"streams":	[{
					"socket":	7,
					"start":	18.001071,
					"end":	19.001073,
					"seconds":	1.0000020265579224,
					"bytes":	321126400,
					"bits_per_second":	2569005993.760551,
					"retransmits":	34387,
					"snd_cwnd":	38441504,
					"snd_wnd":	124334080,
					"rtt":	62200,
					"rttvar":	162,
					"pmtu":	1500,
					"omitted":	false,
					"sender":	true
				}],
			"sum":	{
				"start":	18.001071,
				"end":	19.001073,
				"seconds":	1.0000020265579224,
				"bytes":	321126400,
				"bits_per_second":	2569005993.760551,
				"retransmits":	34387,
				"omitted":	false,
				"sender":	true
			}
		}, {
			"streams":	[{
					"socket":	7,
					"start":	19.001073,
					"end":	20.000111,
					"seconds":	0.9990379810333252,
					"bytes":	283115520,
					"bits_per_second":	2267105158.1615977,
					"retransmits":	19335,
					"snd_cwnd":	38450192,
					"snd_wnd":	112939008,
					"rtt":	62953,
					"rttvar":	579,
					"pmtu":	1500,
					"omitted":	false,
					"sender":	true
				}],
			"sum":	{
				"start":	19.001073,
				"end":	20.000111,
				"seconds":	0.9990379810333252,
				"bytes":	283115520,
				"bits_per_second":	2267105158.1615977,
				"retransmits":	19335,
				"omitted":	false,
				"sender":	true
			}
		}, {
			"streams":	[{
					"socket":	7,
					"start":	20.000111,
					"end":	21.000591,
					"seconds":	1.000480055809021,
					"bytes":	263454720,
					"bits_per_second":	2106626461.7296093,
					"retransmits":	29440,
					"snd_cwnd":	38348832,
					"snd_wnd":	99680256,
					"rtt":	62171,
					"rttvar":	173,
					"pmtu":	1500,
					"omitted":	false,
					"sender":	true
				}],
			"sum":	{
				"start":	20.000111,
				"end":	21.000591,
				"seconds":	1.000480055809021,
				"bytes":	263454720,
				"bits_per_second":	2106626461.7296093,
				"retransmits":	29440,
				"omitted":	false,
				"sender":	true
			}
		}, {
			"streams":	[{
					"socket":	7,
					"start":	21.000591,
					"end":	22.000071,
					"seconds":	0.99948000907897949,
					"bytes":	265289728,
					"bits_per_second":	2123421984.153255,
					"retransmits":	19914,
					"snd_cwnd":	37535056,
					"snd_wnd":	109826048,
					"rtt":	63353,
					"rttvar":	908,
					"pmtu":	1500,
					"omitted":	false,
					"sender":	true
				}],
			"sum":	{
				"start":	21.000591,
				"end":	22.000071,
				"seconds":	0.99948000907897949,
				"bytes":	265289728,
				"bits_per_second":	2123421984.153255,
				"retransmits":	19914,
				"omitted":	false,
				"sender":	true
			}
		}, {
			"streams":	[{
					"socket":	7,
					"start":	22.000071,
					"end":	23.000403,
					"seconds":	1.0003319978713989,
					"bytes":	212729856,
					"bits_per_second":	1701274028.6438239,
					"retransmits":	28437,
					"snd_cwnd":	42275808,
					"snd_wnd":	110653440,
					"rtt":	62594,
					"rttvar":	267,
					"pmtu":	1500,
					"omitted":	false,
					"sender":	true
				}],
			"sum":	{
				"start":	22.000071,
				"end":	23.000403,
				"seconds":	1.0003319978713989,
				"bytes":	212729856,
				"bits_per_second":	1701274028.6438239,
				"retransmits":	28437,
				"omitted":	false,
				"sender":	true
			}
		}, {
			"streams":	[{
					"socket":	7,
					"start":	23.000403,
					"end":	24.000225,
					"seconds":	0.99982202053070068,
					"bytes":	278134784,
					"bits_per_second":	2225474360.7456646,
					"retransmits":	33589,
					"snd_cwnd":	48953984,
					"snd_wnd":	97206272,
					"rtt":	62031,
					"rttvar":	314,
					"pmtu":	1500,
					"omitted":	false,
					"sender":	true
				}],
			"sum":	{
				"start":	23.000403,
				"end":	24.000225,
				"seconds":	0.99982202053070068,
				"bytes":	278134784,
				"bits_per_second":	2225474360.7456646,
				"retransmits":	33589,
				"omitted":	false,
				"sender":	true
			}
		}, {
			"streams":	[{
					"socket":	7,
					"start":	24.000225,
					"end":	25.000431,
					"seconds":	1.0002059936523438,
					"bytes":	306708480,
					"bits_per_second":	2453162504.0959888,
					"retransmits":	20746,
					"snd_cwnd":	33067976,
					"snd_wnd":	127967232,
					"rtt":	62650,
					"rttvar":	1135,
					"pmtu":	1500,
					"omitted":	false,
					"sender":	true
				}],
			"sum":	{
				"start":	24.000225,
				"end":	25.000431,
				"seconds":	1.0002059936523438,
				"bytes":	306708480,
				"bits_per_second":	2453162504.0959888,
				"retransmits":	20746,
				"omitted":	false,
				"sender":	true
			}
		}, {
			"streams":	[{
					"socket":	7,
					"start":	25.000431,
					"end":	26.000086,
					"seconds":	0.99965500831604,
					"bytes":	239599616,
					"bits_per_second":	1917458435.2144878,
					"retransmits":	20045,
					"snd_cwnd":	32898560,
					"snd_wnd":	113467392,
					"rtt":	62442,
					"rttvar":	418,
					"pmtu":	1500,
					"omitted":	false,
					"sender":	true
				}],
			"sum":	{
				"start":	25.000431,
				"end":	26.000086,
				"seconds":	0.99965500831604,
				"bytes":	239599616,
				"bits_per_second":	1917458435.2144878,
				"retransmits":	20045,
				"omitted":	false,
				"sender":	true
			}
		}, {
			"streams":	[{
					"socket":	7,
					"start":	26.000086,
					"end":	27.000671,
					"seconds":	1.0005849599838257,
					"bytes":	238682112,
					"bits_per_second":	1908340593.117516,
					"retransmits":	22319,
					"snd_cwnd":	36428784,
					"snd_wnd":	120225792,
					"rtt":	62451,
					"rttvar":	290,
					"pmtu":	1500,
					"omitted":	false,
					"sender":	true
				}],
			"sum":	{
				"start":	26.000086,
				"end":	27.000671,
				"seconds":	1.0005849599838257,
				"bytes":	238682112,
				"bits_per_second":	1908340593.117516,
				"retransmits":	22319,
				"omitted":	false,
				"sender":	true
			}
		}, {
			"streams":	[{
					"socket":	7,
					"start":	27.000671,
					"end":	28.000247,
					"seconds":	0.999575972557068,
					"bytes":	174587904,
					"bits_per_second":	1397295723.7327545,
					"retransmits":	20397,
					"snd_cwnd":	39628864,
					"snd_wnd":	99004416,
					"rtt":	62026,
					"rttvar":	397,
					"pmtu":	1500,
					"omitted":	false,
					"sender":	true
				}],
			"sum":	{
				"start":	27.000671,
				"end":	28.000247,
				"seconds":	0.999575972557068,
				"bytes":	174587904,
				"bits_per_second":	1397295723.7327545,
				"retransmits":	20397,
				"omitted":	false,
				"sender":	true
			}
		}, {
			"streams":	[{
					"socket":	7,
					"start":	28.000247,
					"end":	29.000153,
					"seconds":	0.99990600347518921,
					"bytes":	303824896,
					"bits_per_second":	2430827657.3522053,
					"retransmits":	33930,
					"snd_cwnd":	35617904,
					"snd_wnd":	125325312,
					"rtt":	62570,
					"rttvar":	121,
					"pmtu":	1500,
					"omitted":	false,
					"sender":	true
				}],
			"sum":	{
				"start":	28.000247,
				"end":	29.000153,
				"seconds":	0.99990600347518921,
				"bytes":	303824896,
				"bits_per_second":	2430827657.3522053,
				"retransmits":	33930,
				"omitted":	false,
				"sender":	true
			}
		}, {
			"streams":	[{
					"socket":	7,
					"start":	29.000153,
					"end":	30.000139,
					"seconds":	0.99998599290847778,
					"bytes":	236716032,
					"bits_per_second":	1893754781.996552,
					"retransmits":	19311,
					"snd_cwnd":	32026864,
					"snd_wnd":	132554752,
					"rtt":	61795,
					"rttvar":	706,
					"pmtu":	1500,
					"omitted":	false,
					"sender":	true
				}],
			"sum":	{
				"start":	29.000153,
				"end":	30.000139,
				"seconds":	0.99998599290847778,
				"bytes":	236716032,
				"bits_per_second":	1893754781.996552,
				"retransmits":	19311,
				"omitted":	false,
				"sender":	true
			}
		}, {
			"streams":	[{
					"socket":	7,
					"start":	30.000139,
					"end":	31.000488,
					"seconds":	1.0003490447998047,
					"bytes":	251920384,
					"bits_per_second":	2014659865.4505892,
					"retransmits":	22943,
					"snd_cwnd":	32012384,
					"snd_wnd":	120438784,
					"rtt":	62412,
					"rttvar":	259,
					"pmtu":	1500,
					"omitted":	false,
					"sender":	true
				}],
			"sum":	{
				"start":	30.000139,
				"end":	31.000488,
				"seconds":	1.0003490447998047,
				"bytes":	251920384,
				"bits_per_second":	2014659865.4505892,
				"retransmits":	22943,
				"omitted":	false,
				"sender":	true
			}
		}, {
			"streams":	[{
					"socket":	7,
					"start":	31.000488,
					"end":	32.000163,
					"seconds":	0.99967497587203979,
					"bytes":	149028864,
					"bits_per_second":	1192618541.8015382,
					"retransmits":	9935,
					"snd_cwnd":	23876072,
					"snd_wnd":	140021760,
					"rtt":	62353,
					"rttvar":	73,
					"pmtu":	1500,
					"omitted":	false,
					"sender":	true
				}],
			"sum":	{
				"start":	31.000488,
				"end":	32.000163,
				"seconds":	0.99967497587203979,
				"bytes":	149028864,
				"bits_per_second":	1192618541.8015382,
				"retransmits":	9935,
				"omitted":	false,
				"sender":	true
			}
		}, {
			"streams":	[{
					"socket":	7,
					"start":	32.000163,
					"end":	33.000075,
					"seconds":	0.99991202354431152,
					"bytes":	233177088,
					"bits_per_second":	1865580831.1893284,
					"retransmits":	13685,
					"snd_cwnd":	41160848,
					"snd_wnd":	131129344,
					"rtt":	62505,
					"rttvar":	252,
					"pmtu":	1500,
					"omitted":	false,
					"sender":	true
				}],
			"sum":	{
				"start":	32.000163,
				"end":	33.000075,
				"seconds":	0.99991202354431152,
				"bytes":	233177088,
				"bits_per_second":	1865580831.1893284,
				"retransmits":	13685,
				"omitted":	false,
				"sender":	true
			}
		}, {
			"streams":	[{
					"socket":	7,
					"start":	33.000075,
					"end":	34.000487,
					"seconds":	1.0004119873046875,
					"bytes":	261226496,
					"bits_per_second":	2088951346.5651052,
					"retransmits":	36362,
					"snd_cwnd":	45962416,
					"snd_wnd":	99061760,
					"rtt":	61699,
					"rttvar":	414,
					"pmtu":	1500,
					"omitted":	false,
					"sender":	true
				}],
			"sum":	{
				"start":	33.000075,
				"end":	34.000487,
				"seconds":	1.0004119873046875,
				"bytes":	261226496,
				"bits_per_second":	2088951346.5651052,
				"retransmits":	36362,
				"omitted":	false,
				"sender":	true
			}
		}, {
			"streams":	[{
					"socket":	7,
					"start":	34.000487,
					"end":	35.000127,
					"seconds":	0.99963998794555664,
					"bytes":	331087872,
					"bits_per_second":	2649656884.41853,
					"retransmits":	37843,
					"snd_cwnd":	49174080,
					"snd_wnd":	109912064,
					"rtt":	62720,
					"rttvar":	224,
					"pmtu":	1500,
					"omitted":	false,
					"sender":	true
				}],
			"sum":	{
				"start":	34.000487,
				"end":	35.000127,
				"seconds":	0.99963998794555664,
				"bytes":	331087872,
				"bits_per_second":	2649656884.41853,
				"retransmits":	37843,
				"omitted":	false,
				"sender":	true
			}
		}, {
			"streams":	[{
					"socket":	7,
					"start":	35.000127,
					"end":	36.000451,
					"seconds":	1.000324010848999,
					"bytes":	227540992,
					"bits_per_second":	1819738321.0416431,
					"retransmits":	32475,
					"snd_cwnd":	39744704,
					"snd_wnd":	114466816,
					"rtt":	62399,
					"rttvar":	613,
					"pmtu":	1500,
					"omitted":	false,
					"sender":	true
				}],
			"sum":	{
				"start":	35.000127,
				"end":	36.000451,
				"seconds":	1.000324010848999,
				"bytes":	227540992,
				"bits_per_second":	1819738321.0416431,
				"retransmits":	32475,
				"omitted":	false,
				"sender":	true
			}
		}, {
			"streams":	[{
					"socket":	7,
					"start":	36.000451,
					"end":	37.00105,
					"seconds":	1.0005990266799927,
					"bytes":	313393152,
					"bits_per_second":	2505644268.232758,
					"retransmits":	26259,
					"snd_cwnd":	39223424,
					"snd_wnd":	118988800,
					"rtt":	61964,
					"rttvar":	310,
					"pmtu":	1500,
					"omitted":	false,
					"sender":	true
				}],
			"sum":	{
				"start":	36.000451,
				"end":	37.00105,
				"seconds":	1.0005990266799927,
				"bytes":	313393152,
				"bits_per_second":	2505644268.232758,
				"retransmits":	26259,
				"omitted":	false,
				"sender":	true
			}
		}, {
			"streams":	[{
					"socket":	7,
					"start":	37.00105,
					"end":	38.001042,
					"seconds":	0.9999920129776,
					"bytes":	282591232,
					"bits_per_second":	2260747912.6442189,
					"retransmits":	23503,
					"snd_cwnd":	39431936,
					"snd_wnd":	116854784,
					"rtt":	62679,
					"rttvar":	276,
					"pmtu":	1500,
					"omitted":	false,
					"sender":	true
				}],
			"sum":	{
				"start":	37.00105,
				"end":	38.001042,
				"seconds":	0.9999920129776,
				"bytes":	282591232,
				"bits_per_second":	2260747912.6442189,
				"retransmits":	23503,
				"omitted":	false,
				"sender":	true
			}
		}, {
			"streams":	[{
					"socket":	7,
					"start":	38.001042,
					"end":	39.000246,
					"seconds":	0.99920397996902466,
					"bytes":	237109248,
					"bits_per_second":	1898385136.5952356,
					"retransmits":	24638,
					"snd_cwnd":	42067296,
					"snd_wnd":	117981184,
					"rtt":	62164,
					"rttvar":	269,
					"pmtu":	1500,
					"omitted":	false,
					"sender":	true
				}],
			"sum":	{
				"start":	38.001042,
				"end":	39.000246,
				"seconds":	0.99920397996902466,
				"bytes":	237109248,
				"bits_per_second":	1898385136.5952356,
				"retransmits":	24638,
				"omitted":	false,
				"sender":	true
			}
		}, {
			"streams":	[{
					"socket":	7,
					"start":	39.000246,
					"end":	40.000489,
					"seconds":	1.0002429485321045,
					"bytes":	246415360,
					"bits_per_second":	1970844066.3270791,
					"retransmits":	33772,
					"snd_cwnd":	45151536,
					"snd_wnd":	111239168,
					"rtt":	62438,
					"rttvar":	259,
					"pmtu":	1500,
					"omitted":	false,
					"sender":	true
				}],
			"sum":	{
				"start":	39.000246,
				"end":	40.000489,
				"seconds":	1.0002429485321045,
				"bytes":	246415360,
				"bits_per_second":	1970844066.3270791,
				"retransmits":	33772,
				"omitted":	false,
				"sender":	true
			}
		}, {
			"streams":	[{
					"socket":	7,
					"start":	40.000489,
					"end":	41.000218,
					"seconds":	0.9997289776802063,
					"bytes":	362414080,
					"bits_per_second":	2900098631.4587283,
					"retransmits":	15506,
					"snd_cwnd":	47422000,
					"snd_wnd":	133947392,
					"rtt":	62588,
					"rttvar":	352,
					"pmtu":	1500,
					"omitted":	false,
					"sender":	true
				}],
			"sum":	{
				"start":	40.000489,
				"end":	41.000218,
				"seconds":	0.9997289776802063,
				"bytes":	362414080,
				"bits_per_second":	2900098631.4587283,
				"retransmits":	15506,
				"omitted":	false,
				"sender":	true
			}
		}, {
			"streams":	[{
					"socket":	7,
					"start":	41.000218,
					"end":	42.000139,
					"seconds":	0.99992102384567261,
					"bytes":	313393152,
					"bits_per_second":	2507343236.3263841,
					"retransmits":	4014,
					"snd_cwnd":	53393552,
					"snd_wnd":	133070848,
					"rtt":	61768,
					"rttvar":	521,
					"pmtu":	1500,
					"omitted":	false,
					"sender":	true
				}],
			"sum":	{
				"start":	41.000218,
				"end":	42.000139,
				"seconds":	0.99992102384567261,
				"bytes":	313393152,
				"bits_per_second":	2507343236.3263841,
				"retransmits":	4014,
				"omitted":	false,
				"sender":	true
			}
		}, {
			"streams":	[{
					"socket":	7,
					"start":	42.000139,
					"end":	43.001082,
					"seconds":	1.0009429454803467,
					"bytes":	454426624,
					"bits_per_second":	3631988225.1184521,
					"retransmits":	11494,
					"snd_cwnd":	69257840,
					"snd_wnd":	136343552,
					"rtt":	62609,
					"rttvar":	474,
					"pmtu":	1500,
					"omitted":	false,
					"sender":	true
				}],
			"sum":	{
				"start":	42.000139,
				"end":	43.001082,
				"seconds":	1.0009429454803467,
				"bytes":	454426624,
				"bits_per_second":	3631988225.1184521,
				"retransmits":	11494,
				"omitted":	false,
				"sender":	true
			}
		}, {
			"streams":	[{
					"socket":	7,
					"start":	43.001082,
					"end":	44.000112,
					"seconds":	0.99902999401092529,
					"bytes":	414056448,
					"bits_per_second":	3315667801.6253586,
					"retransmits":	20682,
					"snd_cwnd":	77992176,
					"snd_wnd":	99901440,
					"rtt":	61708,
					"rttvar":	455,
					"pmtu":	1500,
					"omitted":	false,
					"sender":	true
				}],
			"sum":	{
				"start":	43.001082,
				"end":	44.000112,
				"seconds":	0.99902999401092529,
				"bytes":	414056448,
				"bits_per_second":	3315667801.6253586,
				"retransmits":	20682,
				"omitted":	false,
				"sender":	true
			}
		}, {
			"streams":	[{
					"socket":	7,
					"start":	44.000112,
					"end":	45.000162,
					"seconds":	1.0000499486923218,
					"bytes":	443023360,
					"bits_per_second":	3544009861.34185,
					"retransmits":	50905,
					"snd_cwnd":	74097056,
					"snd_wnd":	89350144,
					"rtt":	61517,
					"rttvar":	492,
					"pmtu":	1500,
					"omitted":	false,
					"sender":	true
				}],
			"sum":	{
				"start":	44.000112,
				"end":	45.000162,
				"seconds":	1.0000499486923218,
				"bytes":	443023360,
				"bits_per_second":	3544009861.34185,
				"retransmits":	50905,
				"omitted":	false,
				"sender":	true
			}
		}, {
			"streams":	[{
					"socket":	7,
					"start":	45.000162,
					"end":	46.000164,
					"seconds":	1.0000020265579224,
					"bytes":	334102528,
					"bits_per_second":	2672814807.3859773,
					"retransmits":	45021,
					"snd_cwnd":	68053104,
					"snd_wnd":	99389440,
					"rtt":	62219,
					"rttvar":	536,
					"pmtu":	1500,
					"omitted":	false,
					"sender":	true
				}],
			"sum":	{
				"start":	45.000162,
				"end":	46.000164,
				"seconds":	1.0000020265579224,
				"bytes":	334102528,
				"bits_per_second":	2672814807.3859773,
				"retransmits":	45021,
				"omitted":	false,
				"sender":	true
			}
		}, {
			"streams":	[{
					"socket":	7,
					"start":	46.000164,
					"end":	47.000194,
					"seconds":	1.0000300407409668,
					"bytes":	353894400,
					"bits_per_second":	2831070152.5548882,
					"retransmits":	34902,
					"snd_cwnd":	39762080,
					"snd_wnd":	131272704,
					"rtt":	61738,
					"rttvar":	634,
					"pmtu":	1500,
					"omitted":	false,
					"sender":	true
				}],
			"sum":	{
				"start":	46.000164,
				"end":	47.000194,
				"seconds":	1.0000300407409668,
				"bytes":	353894400,
				"bits_per_second":	2831070152.5548882,
				"retransmits":	34902,
				"omitted":	false,
				"sender":	true
			}
		}, {
			"streams":	[{
					"socket":	7,
					"start":	47.000194,
					"end":	48.00105,
					"seconds":	1.0008560419082642,
					"bytes":	234618880,
					"bits_per_second":	1875345665.5178351,
					"retransmits":	21281,
					"snd_cwnd":	39608592,
					"snd_wnd":	117157888,
					"rtt":	62078,
					"rttvar":	442,
					"pmtu":	1500,
					"omitted":	false,
					"sender":	true
				}],
			"sum":	{
				"start":	47.000194,
				"end":	48.00105,
				"seconds":	1.0008560419082642,
				"bytes":	234618880,
				"bits_per_second":	1875345665.5178351,
				"retransmits":	21281,
				"omitted":	false,
				"sender":	true
			}
		}, {
			"streams":	[{
					"socket":	7,
					"start":	48.00105,
					"end":	49.000202,
					"seconds":	0.99915200471878052,
					"bytes":	320208896,
					"bits_per_second":	2563845296.71339,
					"retransmits":	26634,
					"snd_cwnd":	40200824,
					"snd_wnd":	129032192,
					"rtt":	64023,
					"rttvar":	1136,
					"pmtu":	1500,
					"omitted":	false,
					"sender":	true
				}],
			"sum":	{
				"start":	48.00105,
				"end":	49.000202,
				"seconds":	0.99915200471878052,
				"bytes":	320208896,
				"bits_per_second":	2563845296.71339,
				"retransmits":	26634,
				"omitted":	false,
				"sender":	true
			}
		}, {
			"streams":	[{
					"socket":	7,
					"start":	49.000202,
					"end":	50.001049,
					"seconds":	1.0008469820022583,
					"bytes":	264241152,
					"bits_per_second":	2112140271.2040453,
					"retransmits":	35703,
					"snd_cwnd":	33561744,
					"snd_wnd":	122617856,
					"rtt":	61771,
					"rttvar":	322,
					"pmtu":	1500,
					"omitted":	false,
					"sender":	true
				}],
			"sum":	{
				"start":	49.000202,
				"end":	50.001049,
				"seconds":	1.0008469820022583,
				"bytes":	264241152,
				"bits_per_second":	2112140271.2040453,
				"retransmits":	35703,
				"omitted":	false,
				"sender":	true
			}
		}, {
			"streams":	[{
					"socket":	7,
					"start":	50.001049,
					"end":	51.000094,
					"seconds":	0.99904501438140869,
					"bytes":	226623488,
					"bits_per_second":	1814720936.3960147,
					"retransmits":	12714,
					"snd_cwnd":	31702512,
					"snd_wnd":	114012160,
					"rtt":	62434,
					"rttvar":	261,
					"pmtu":	1500,
					"omitted":	false,
					"sender":	true
				}],
			"sum":	{
				"start":	50.001049,
				"end":	51.000094,
				"seconds":	0.99904501438140869,
				"bytes":	226623488,
				"bits_per_second":	1814720936.3960147,
				"retransmits":	12714,
				"omitted":	false,
				"sender":	true
			}
		}, {
			"streams":	[{
					"socket":	7,
					"start":	51.000094,
					"end":	52.000436,
					"seconds":	1.0003420114517212,
					"bytes":	217841664,
					"bits_per_second":	1742137481.0310147,
					"retransmits":	8996,
					"snd_cwnd":	5792,
					"snd_wnd":	131715072,
					"rtt":	61989,
					"rttvar":	326,
					"pmtu":	1500,
					"omitted":	false,
					"sender":	true
				}],
			"sum":	{
				"start":	51.000094,
				"end":	52.000436,
				"seconds":	1.0003420114517212,
				"bytes":	217841664,
				"bits_per_second":	1742137481.0310147,
				"retransmits":	8996,
				"omitted":	false,
				"sender":	true
			}
		}, {
			"streams":	[{
					"socket":	7,
					"start":	52.000436,
					"end":	53.000125,
					"seconds":	0.999688982963562,
					"bytes":	214433792,
					"bits_per_second":	1716004042.4918115,
					"retransmits":	888,
					"snd_cwnd":	30787376,
					"snd_wnd":	141348864,
					"rtt":	61059,
					"rttvar":	83,
					"pmtu":	1500,
					"omitted":	false,
					"sender":	true
				}],
			"sum":	{
				"start":	52.000436,
				"end":	53.000125,
				"seconds":	0.999688982963562,
				"bytes":	214433792,
				"bits_per_second":	1716004042.4918115,
				"retransmits":	888,
				"omitted":	false,
				"sender":	true
			}
		}, {
			"streams":	[{
					"socket":	7,
					"start":	53.000125,
					"end":	54.001056,
					"seconds":	1.0009310245513916,
					"bytes":	224657408,
					"bits_per_second":	1795587527.9273272,
					"retransmits":	14242,
					"snd_cwnd":	33109968,
					"snd_wnd":	140492800,
					"rtt":	62582,
					"rttvar":	423,
					"pmtu":	1500,
					"omitted":	false,
					"sender":	true
				}],
			"sum":	{
				"start":	53.000125,
				"end":	54.001056,
				"seconds":	1.0009310245513916,
				"bytes":	224657408,
				"bits_per_second":	1795587527.9273272,
				"retransmits":	14242,
				"omitted":	false,
				"sender":	true
			}
		}, {
			"streams":	[{
					"socket":	7,
					"start":	54.001056,
					"end":	55.001074,
					"seconds":	1.0000180006027222,
					"bytes":	216793088,
					"bits_per_second":	1734313485.3119552,
					"retransmits":	25309,
					"snd_cwnd":	39718640,
					"snd_wnd":	130867200,
					"rtt":	62411,
					"rttvar":	449,
					"pmtu":	1500,
					"omitted":	false,
					"sender":	true
				}],
			"sum":	{
				"start":	54.001056,
				"end":	55.001074,
				"seconds":	1.0000180006027222,
				"bytes":	216793088,
				"bits_per_second":	1734313485.3119552,
				"retransmits":	25309,
				"omitted":	false,
				"sender":	true
			}
		}, {
			"streams":	[{
					"socket":	7,
					"start":	55.001074,
					"end":	56.001073,
					"seconds":	0.99999898672103882,
					"bytes":	222429184,
					"bits_per_second":	1779435275.064327,
					"retransmits":	32867,
					"snd_cwnd":	39741808,
					"snd_wnd":	124317696,
					"rtt":	62254,
					"rttvar":	126,
					"pmtu":	1500,
					"omitted":	false,
					"sender":	true
				}],
			"sum":	{
				"start":	55.001074,
				"end":	56.001073,
				"seconds":	0.99999898672103882,
				"bytes":	222429184,
				"bits_per_second":	1779435275.064327,
				"retransmits":	32867,
				"omitted":	false,
				"sender":	true
			}
		}, {
			"streams":	[{
					"socket":	7,
					"start":	56.001073,
					"end":	57.000162,
					"seconds":	0.999089002609253,
					"bytes":	302514176,
					"bits_per_second":	2422320135.3228331,
					"retransmits":	24487,
					"snd_cwnd":	42125216,
					"snd_wnd":	128151552,
					"rtt":	61644,
					"rttvar":	501,
					"pmtu":	1500,
					"omitted":	false,
					"sender":	true
				}],
			"sum":	{
				"start":	56.001073,
				"end":	57.000162,
				"seconds":	0.999089002609253,
				"bytes":	302514176,
				"bits_per_second":	2422320135.3228331,
				"retransmits":	24487,
				"omitted":	false,
				"sender":	true
			}
		}, {
			"streams":	[{
					"socket":	7,
					"start":	57.000162,
					"end":	58.000264,
					"seconds":	1.0001020431518555,
					"bytes":	328204288,
					"bits_per_second":	2625366403.3374281,
					"retransmits":	20037,
					"snd_cwnd":	48302384,
					"snd_wnd":	132218880,
					"rtt":	62655,
					"rttvar":	300,
					"pmtu":	1500,
					"omitted":	false,
					"sender":	true
				}],
			"sum":	{
				"start":	57.000162,
				"end":	58.000264,
				"seconds":	1.0001020431518555,
				"bytes":	328204288,
				"bits_per_second":	2625366403.3374281,
				"retransmits":	20037,
				"omitted":	false,
				"sender":	true
			}
		}, {
			"streams":	[{
					"socket":	7,
					"start":	58.000264,
					"end":	59.00054,
					"seconds":	1.00027596950531,
					"bytes":	300810240,
					"bits_per_second":	2405817987.6000957,
					"retransmits":	32759,
					"snd_cwnd":	55055856,
					"snd_wnd":	103878656,
					"rtt":	62119,
					"rttvar":	387,
					"pmtu":	1500,
					"omitted":	false,
					"sender":	true
				}],
			"sum":	{
				"start":	58.000264,
				"end":	59.00054,
				"seconds":	1.00027596950531,
				"bytes":	300810240,
				"bits_per_second":	2405817987.6000957,
				"retransmits":	32759,
				"omitted":	false,
				"sender":	true
			}
		}, {
			"streams":	[{
					"socket":	7,
					"start":	59.00054,
					"end":	60.000186,
					"seconds":	0.999646008014679,
					"bytes":	341835776,
					"bits_per_second":	2735654607.80577,
					"retransmits":	42362,
					"snd_cwnd":	59147904,
					"snd_wnd":	95719424,
					"rtt":	62294,
					"rttvar":	230,
					"pmtu":	1500,
					"omitted":	false,
					"sender":	true
				}],
			"sum":	{
				"start":	59.00054,
				"end":	60.000186,
				"seconds":	0.999646008014679,
				"bytes":	341835776,
				"bits_per_second":	2735654607.80577,
				"retransmits":	42362,
				"omitted":	false,
				"sender":	true
			}
		}, {
			"streams":	[{
					"socket":	7,
					"start":	60.000186,
					"end":	61.000267,
					"seconds":	1.000080943107605,
					"bytes":	364904448,
					"bits_per_second":	2918999311.124661,
					"retransmits":	41953,
					"snd_cwnd":	52921504,
					"snd_wnd":	100323328,
					"rtt":	62105,
					"rttvar":	239,
					"pmtu":	1500,
					"omitted":	false,
					"sender":	true
				}],
			"sum":	{
				"start":	60.000186,
				"end":	61.000267,
				"seconds":	1.000080943107605,
				"bytes":	364904448,
				"bits_per_second":	2918999311.124661,
				"retransmits":	41953,
				"omitted":	false,
				"sender":	true
			}
		}, {
			"streams":	[{
					"socket":	7,
					"start":	61.000267,
					"end":	62.001051,
					"seconds":	1.0007840394973755,
					"bytes":	333971456,
					"bits_per_second":	2669678514.59926,
					"retransmits":	35263,
					"snd_cwnd":	58169056,
					"snd_wnd":	86929408,
					"rtt":	62342,
					"rttvar":	292,
					"pmtu":	1500,
					"omitted":	false,
					"sender":	true
				}],
			"sum":	{
				"start":	61.000267,
				"end":	62.001051,
				"seconds":	1.0007840394973755,
				"bytes":	333971456,
				"bits_per_second":	2669678514.59926,
				"retransmits":	35263,
				"omitted":	false,
				"sender":	true
			}
		}, {
			"streams":	[{
					"socket":	7,
					"start":	62.001051,
					"end":	63.00022,
					"seconds":	0.9991689920425415,
					"bytes":	237109248,
					"bits_per_second":	1898451612.3967516,
					"retransmits":	16449,
					"snd_cwnd":	66492160,
					"snd_wnd":	100495360,
					"rtt":	62534,
					"rttvar":	563,
					"pmtu":	1500,
					"omitted":	false,
					"sender":	true
				}],
			"sum":	{
				"start":	62.001051,
				"end":	63.00022,
				"seconds":	0.9991689920425415,
				"bytes":	237109248,
				"bits_per_second":	1898451612.3967516,
				"retransmits":	16449,
				"omitted":	false,
				"sender":	true
			}
		}, {
			"streams":	[{
					"socket":	7,
					"start":	63.00022,
					"end":	64.000074,
					"seconds":	0.999854028224945,
					"bytes":	400818176,
					"bits_per_second":	3207013541.4592719,
					"retransmits":	26385,
					"snd_cwnd":	66043280,
					"snd_wnd":	117907456,
					"rtt":	61999,
					"rttvar":	165,
					"pmtu":	1500,
					"omitted":	false,
					"sender":	true
				}],
			"sum":	{
				"start":	63.00022,
				"end":	64.000074,
				"seconds":	0.999854028224945,
				"bytes":	400818176,
				"bits_per_second":	3207013541.4592719,
				"retransmits":	26385,
				"omitted":	false,
				"sender":	true
			}
		}, {
			"streams":	[{
					"socket":	7,
					"start":	64.000074,
					"end":	65.000106,
					"seconds":	1.0000319480895996,
					"bytes":	340918272,
					"bits_per_second":	2727259045.28366,
					"retransmits":	51915,
					"snd_cwnd":	57262608,
					"snd_wnd":	134467584,
					"rtt":	62284,
					"rttvar":	190,
					"pmtu":	1500,
					"omitted":	false,
					"sender":	true
				}],
			"sum":	{
				"start":	64.000074,
				"end":	65.000106,
				"seconds":	1.0000319480895996,
				"bytes":	340918272,
				"bits_per_second":	2727259045.28366,
				"retransmits":	51915,
				"omitted":	false,
				"sender":	true
			}
		}, {
			"streams":	[{
					"socket":	7,
					"start":	65.000106,
					"end":	66.000122,
					"seconds":	1.0000159740448,
					"bytes":	329908224,
					"bits_per_second":	2639223632.9234509,
					"retransmits":	30892,
					"snd_cwnd":	43477648,
					"snd_wnd":	120508416,
					"rtt":	62672,
					"rttvar":	245,
					"pmtu":	1500,
					"omitted":	false,
					"sender":	true
				}],
			"sum":	{
				"start":	65.000106,
				"end":	66.000122,
				"seconds":	1.0000159740448,
				"bytes":	329908224,
				"bits_per_second":	2639223632.9234509,
				"retransmits":	30892,
				"omitted":	false,
				"sender":	true
			}
		}, {
			"streams":	[{
					"socket":	7,
					"start":	66.000122,
					"end":	67.000126,
					"seconds":	1.0000040531158447,
					"bytes":	310902784,
					"bits_per_second":	2487212191.0408592,
					"retransmits":	28554,
					"snd_cwnd":	42242504,
					"snd_wnd":	109809664,
					"rtt":	64480,
					"rttvar":	2794,
					"pmtu":	1500,
					"omitted":	false,
					"sender":	true
				}],
			"sum":	{
				"start":	66.000122,
				"end":	67.000126,
				"seconds":	1.0000040531158447,
				"bytes":	310902784,
				"bits_per_second":	2487212191.0408592,
				"retransmits":	28554,
				"omitted":	false,
				"sender":	true
			}
		}, {
			"streams":	[{
					"socket":	7,
					"start":	67.000126,
					"end":	68.000186,
					"seconds":	1.000059962272644,
					"bytes":	299761664,
					"bits_per_second":	2397949525.4967656,
					"retransmits":	31422,
					"snd_cwnd":	43914944,
					"snd_wnd":	132792320,
					"rtt":	62606,
					"rttvar":	234,
					"pmtu":	1500,
					"omitted":	false,
					"sender":	true
				}],
			"sum":	{
				"start":	67.000126,
				"end":	68.000186,
				"seconds":	1.000059962272644,
				"bytes":	299761664,
				"bits_per_second":	2397949525.4967656,
				"retransmits":	31422,
				"omitted":	false,
				"sender":	true
			}
		}, {
			"streams":	[{
					"socket":	7,
					"start":	68.000186,
					"end":	69.000092,
					"seconds":	0.99990600347518921,
					"bytes":	260440064,
					"bits_per_second":	2083716374.0978565,
					"retransmits":	40267,
					"snd_cwnd":	49996544,
					"snd_wnd":	85557248,
					"rtt":	61913,
					"rttvar":	227,
					"pmtu":	1500,
					"omitted":	false,
					"sender":	true
				}],
			"sum":	{
				"start":	68.000186,
				"end":	69.000092,
				"seconds":	0.99990600347518921,
				"bytes":	260440064,
				"bits_per_second":	2083716374.0978565,
				"retransmits":	40267,
				"omitted":	false,
				"sender":	true
			}
		}, {
			"streams":	[{
					"socket":	7,
					"start":	69.000092,
					"end":	70.001036,
					"seconds":	1.0009440183639526,
					"bytes":	303300608,
					"bits_per_second":	2424116453.5514874,
					"retransmits":	30545,
					"snd_cwnd":	49069824,
					"snd_wnd":	107634688,
					"rtt":	61570,
					"rttvar":	236,
					"pmtu":	1500,
					"omitted":	false,
					"sender":	true
				}],
			"sum":	{
				"start":	69.000092,
				"end":	70.001036,
				"seconds":	1.0009440183639526,
				"bytes":	303300608,
				"bits_per_second":	2424116453.5514874,
				"retransmits":	30545,
				"omitted":	false,
				"sender":	true
			}
		}, {
			"streams":	[{
					"socket":	7,
					"start":	70.001036,
					"end":	71.000073,
					"seconds":	0.99903702735900879,
					"bytes":	323878912,
					"bits_per_second":	2593528793.2715435,
					"retransmits":	31642,
					"snd_cwnd":	54566432,
					"snd_wnd":	120246272,
					"rtt":	62506,
					"rttvar":	122,
					"pmtu":	1500,
					"omitted":	false,
					"sender":	true
				}],
			"sum":	{
				"start":	70.001036,
				"end":	71.000073,
				"seconds":	0.99903702735900879,
				"bytes":	323878912,
				"bits_per_second":	2593528793.2715435,
				"retransmits":	31642,
				"omitted":	false,
				"sender":	true
			}
		}, {
			"streams":	[{
					"socket":	7,
					"start":	71.000073,
					"end":	72.00105,
					"seconds":	1.0009770393371582,
					"bytes":	377225216,
					"bits_per_second":	3014856094.9993143,
					"retransmits":	28644,
					"snd_cwnd":	28418448,
					"snd_wnd":	138629120,
					"rtt":	62020,
					"rttvar":	323,
					"pmtu":	1500,
					"omitted":	false,
					"sender":	true
				}],
			"sum":	{
				"start":	71.000073,
				"end":	72.00105,
				"seconds":	1.0009770393371582,
				"bytes":	377225216,
				"bits_per_second":	3014856094.9993143,
				"retransmits":	28644,
				"omitted":	false,
				"sender":	true
			}
		}, {
			"streams":	[{
					"socket":	7,
					"start":	72.00105,
					"end":	73.000162,
					"seconds":	0.99911201000213623,
					"bytes":	260046848,
					"bits_per_second":	2082223777.8880787,
					"retransmits":	21238,
					"snd_cwnd":	5792,
					"snd_wnd":	104886272,
					"rtt":	61912,
					"rttvar":	215,
					"pmtu":	1500,
					"omitted":	false,
					"sender":	true
				}],
			"sum":	{
				"start":	72.00105,
				"end":	73.000162,
				"seconds":	0.99911201000213623,
				"bytes":	260046848,
				"bits_per_second":	2082223777.8880787,
				"retransmits":	21238,
				"omitted":	false,
				"sender":	true
			}
		}, {
			"streams":	[{
					"socket":	7,
					"start":	73.000162,
					"end":	74.000116,
					"seconds":	0.9999539852142334,
					"bytes":	319422464,
					"bits_per_second":	2555497302.6609092,
					"retransmits":	31673,
					"snd_cwnd":	55003728,
					"snd_wnd":	106352640,
					"rtt":	62975,
					"rttvar":	1199,
					"pmtu":	1500,
					"omitted":	false,
					"sender":	true
				}],
			"sum":	{
				"start":	73.000162,
				"end":	74.000116,
				"seconds":	0.9999539852142334,
				"bytes":	319422464,
				"bits_per_second":	2555497302.6609092,
				"retransmits":	31673,
				"omitted":	false,
				"sender":	true
			}
		}, {
			"streams":	[{
					"socket":	7,
					"start":	74.000116,
					"end":	75.000651,
					"seconds":	1.0005350112915039,
					"bytes":	337641472,
					"bits_per_second":	2699687412.7506475,
					"retransmits":	33478,
					"snd_cwnd":	59682216,
					"snd_wnd":	61267968,
					"rtt":	62661,
					"rttvar":	962,
					"pmtu":	1500,
					"omitted":	false,
					"sender":	true
				}],
			"sum":	{
				"start":	74.000116,
				"end":	75.000651,
				"seconds":	1.0005350112915039,
				"bytes":	337641472,
				"bits_per_second":	2699687412.7506475,
				"retransmits":	33478,
				"omitted":	false,
				"sender":	true
			}
		}, {
			"streams":	[{
					"socket":	7,
					"start":	75.000651,
					"end":	76.000399,
					"seconds":	0.99974799156188965,
					"bytes":	327811072,
					"bits_per_second":	2623149631.84165,
					"retransmits":	41786,
					"snd_cwnd":	48626736,
					"snd_wnd":	103407616,
					"rtt":	62539,
					"rttvar":	347,
					"pmtu":	1500,
					"omitted":	false,
					"sender":	true
				}],
			"sum":	{
				"start":	75.000651,
				"end":	76.000399,
				"seconds":	0.99974799156188965,
				"bytes":	327811072,
				"bits_per_second":	2623149631.84165,
				"retransmits":	41786,
				"omitted":	false,
				"sender":	true
			}
		}, {
			"streams":	[{
					"socket":	7,
					"start":	76.000399,
					"end":	77.000137,
					"seconds":	0.99973797798156738,
					"bytes":	325189632,
					"bits_per_second":	2602198889.405365,
					"retransmits":	46193,
					"snd_cwnd":	56477792,
					"snd_wnd":	98004992,
					"rtt":	62272,
					"rttvar":	577,
					"pmtu":	1500,
					"omitted":	false,
					"sender":	true
				}],
			"sum":	{
				"start":	76.000399,
				"end":	77.000137,
				"seconds":	0.99973797798156738,
				"bytes":	325189632,
				"bits_per_second":	2602198889.405365,
				"retransmits":	46193,
				"omitted":	false,
				"sender":	true
			}
		}, {
			"streams":	[{
					"socket":	7,
					"start":	77.000137,
					"end":	78.001394,
					"seconds":	1.0012569427490234,
					"bytes":	299630592,
					"bits_per_second":	2394035570.3489456,
					"retransmits":	28207,
					"snd_cwnd":	58224080,
					"snd_wnd":	85159936,
					"rtt":	62436,
					"rttvar":	766,
					"pmtu":	1500,
					"omitted":	false,
					"sender":	true
				}],
			"sum":	{
				"start":	77.000137,
				"end":	78.001394,
				"seconds":	1.0012569427490234,
				"bytes":	299630592,
				"bits_per_second":	2394035570.3489456,
				"retransmits":	28207,
				"omitted":	false,
				"sender":	true
			}
		}, {
			"streams":	[{
					"socket":	7,
					"start":	78.001394,
					"end":	79.000179,
					"seconds":	0.99878501892089844,
					"bytes":	356253696,
					"bits_per_second":	2853496512.2716923,
					"retransmits":	30816,
					"snd_cwnd":	53920624,
					"snd_wnd":	109875200,
					"rtt":	62546,
					"rttvar":	308,
					"pmtu":	1500,
					"omitted":	false,
					"sender":	true
				}],
			"sum":	{
				"start":	78.001394,
				"end":	79.000179,
				"seconds":	0.99878501892089844,
				"bytes":	356253696,
				"bits_per_second":	2853496512.2716923,
				"retransmits":	30816,
				"omitted":	false,
				"sender":	true
			}
		}, {
			"streams":	[{
					"socket":	7,
					"start":	79.000179,
					"end":	80.000185,
					"seconds":	1.0000059604644775,
					"bytes":	372637696,
					"bits_per_second":	2981083799.35591,
					"retransmits":	48347,
					"snd_cwnd":	48006992,
					"snd_wnd":	110477312,
					"rtt":	62789,
					"rttvar":	191,
					"pmtu":	1500,
					"omitted":	false,
					"sender":	true
				}],
			"sum":	{
				"start":	79.000179,
				"end":	80.000185,
				"seconds":	1.0000059604644775,
				"bytes":	372637696,
				"bits_per_second":	2981083799.35591,
				"retransmits":	48347,
				"omitted":	false,
				"sender":	true
			}
		}, {
			"streams":	[{
					"socket":	7,
					"start":	80.000185,
					"end":	81.000148,
					"seconds":	0.99996298551559448,
					"bytes":	276430848,
					"bits_per_second":	2211528642.5924535,
					"retransmits":	12376,
					"snd_cwnd":	45154432,
					"snd_wnd":	115539968,
					"rtt":	62531,
					"rttvar":	385,
					"pmtu":	1500,
					"omitted":	false,
					"sender":	true
				}],
			"sum":	{
				"start":	80.000185,
				"end":	81.000148,
				"seconds":	0.99996298551559448,
				"bytes":	276430848,
				"bits_per_second":	2211528642.5924535,
				"retransmits":	12376,
				"omitted":	false,
				"sender":	true
			}
		}, {
			"streams":	[{
					"socket":	7,
					"start":	81.000148,
					"end":	82.00011,
					"seconds":	0.9999619722366333,
					"bytes":	307101696,
					"bits_per_second":	2456906998.67796,
					"retransmits":	14967,
					"snd_cwnd":	41186912,
					"snd_wnd":	128790528,
					"rtt":	62792,
					"rttvar":	335,
					"pmtu":	1500,
					"omitted":	false,
					"sender":	true
				}],
			"sum":	{
				"start":	81.000148,
				"end":	82.00011,
				"seconds":	0.9999619722366333,
				"bytes":	307101696,
				"bits_per_second":	2456906998.67796,
				"retransmits":	14967,
				"omitted":	false,
				"sender":	true
			}
		}, {
			"streams":	[{
					"socket":	7,
					"start":	82.00011,
					"end":	83.000293,
					"seconds":	1.0001829862594604,
					"bytes":	300417024,
					"bits_per_second":	2402896494.9585171,
					"retransmits":	9062,
					"snd_cwnd":	17312288,
					"snd_wnd":	138297344,
					"rtt":	62675,
					"rttvar":	256,
					"pmtu":	1500,
					"omitted":	false,
					"sender":	true
				}],
			"sum":	{
				"start":	82.00011,
				"end":	83.000293,
				"seconds":	1.0001829862594604,
				"bytes":	300417024,
				"bits_per_second":	2402896494.9585171,
				"retransmits":	9062,
				"omitted":	false,
				"sender":	true
			}
		}, {
			"streams":	[{
					"socket":	7,
					"start":	83.000293,
					"end":	84.000151,
					"seconds":	0.999858021736145,
					"bytes":	229769216,
					"bits_per_second":	1838414742.9334471,
					"retransmits":	7215,
					"snd_cwnd":	49693912,
					"snd_wnd":	94089216,
					"rtt":	62324,
					"rttvar":	314,
					"pmtu":	1500,
					"omitted":	false,
					"sender":	true
				}],
			"sum":	{
				"start":	83.000293,
				"end":	84.000151,
				"seconds":	0.999858021736145,
				"bytes":	229769216,
				"bits_per_second":	1838414742.9334471,
				"retransmits":	7215,
				"omitted":	false,
				"sender":	true
			}
		}, {
			"streams":	[{
					"socket":	7,
					"start":	84.000151,
					"end":	85.000184,
					"seconds":	1.0000330209732056,
					"bytes":	370016256,
					"bits_per_second":	2960032304.8525739,
					"retransmits":	36934,
					"snd_cwnd":	27126832,
					"snd_wnd":	134361088,
					"rtt":	62547,
					"rttvar":	166,
					"pmtu":	1500,
					"omitted":	false,
					"sender":	true
				}],
			"sum":	{
				"start":	84.000151,
				"end":	85.000184,
				"seconds":	1.0000330209732056,
				"bytes":	370016256,
				"bits_per_second":	2960032304.8525739,
				"retransmits":	36934,
				"omitted":	false,
				"sender":	true
			}
		}, {
			"streams":	[{
					"socket":	7,
					"start":	85.000184,
					"end":	86.000155,
					"seconds":	0.99997097253799438,
					"bytes":	247070720,
					"bits_per_second":	1976623136.35299,
					"retransmits":	52201,
					"snd_cwnd":	52104832,
					"snd_wnd":	105414656,
					"rtt":	61928,
					"rttvar":	173,
					"pmtu":	1500,
					"omitted":	false,
					"sender":	true
				}],
			"sum":	{
				"start":	85.000184,
				"end":	86.000155,
				"seconds":	0.99997097253799438,
				"bytes":	247070720,
				"bits_per_second":	1976623136.35299,
				"retransmits":	52201,
				"omitted":	false,
				"sender":	true
			}
		}, {
			"streams":	[{
					"socket":	7,
					"start":	86.000155,
					"end":	87.000391,
					"seconds":	1.0002360343933105,
					"bytes":	352976896,
					"bits_per_second":	2823148807.78393,
					"retransmits":	37771,
					"snd_cwnd":	43680368,
					"snd_wnd":	111640576,
					"rtt":	62260,
					"rttvar":	466,
					"pmtu":	1500,
					"omitted":	false,
					"sender":	true
				}],
			"sum":	{
				"start":	86.000155,
				"end":	87.000391,
				"seconds":	1.0002360343933105,
				"bytes":	352976896,
				"bits_per_second":	2823148807.78393,
				"retransmits":	37771,
				"omitted":	false,
				"sender":	true
			}
		}, {
			"streams":	[{
					"socket":	7,
					"start":	87.000391,
					"end":	88.000279,
					"seconds":	0.999888002872467,
					"bytes":	302907392,
					"bits_per_second":	2423530564.4617081,
					"retransmits":	28023,
					"snd_cwnd":	43170672,
					"snd_wnd":	127885312,
					"rtt":	62566,
					"rttvar":	240,
					"pmtu":	1500,
					"omitted":	false,
					"sender":	true
				}],
			"sum":	{
				"start":	87.000391,
				"end":	88.000279,
				"seconds":	0.999888002872467,
				"bytes":	302907392,
				"bits_per_second":	2423530564.4617081,
				"retransmits":	28023,
				"omitted":	false,
				"sender":	true
			}
		}, {
			"streams":	[{
					"socket":	7,
					"start":	88.000279,
					"end":	89.00011,
					"seconds":	0.99983102083206177,
					"bytes":	268304384,
					"bits_per_second":	2146797836.1120777,
					"retransmits":	32707,
					"snd_cwnd":	45565664,
					"snd_wnd":	125591552,
					"rtt":	62233,
					"rttvar":	386,
					"pmtu":	1500,
					"omitted":	false,
					"sender":	true
				}],
			"sum":	{
				"start":	88.000279,
				"end":	89.00011,
				"seconds":	0.99983102083206177,
				"bytes":	268304384,
				"bits_per_second":	2146797836.1120777,
				"retransmits":	32707,
				"omitted":	false,
				"sender":	true
			}
		}, {
			"streams":	[{
					"socket":	7,
					"start":	89.00011,
					"end":	90.00012,
					"seconds":	1.0000100135803223,
					"bytes":	241827840,
					"bits_per_second":	1934603347.6939862,
					"retransmits":	29896,
					"snd_cwnd":	45391904,
					"snd_wnd":	107208704,
					"rtt":	62293,
					"rttvar":	219,
					"pmtu":	1500,
					"omitted":	false,
					"sender":	true
				}],
			"sum":	{
				"start":	89.00011,
				"end":	90.00012,
				"seconds":	1.0000100135803223,
				"bytes":	241827840,
				"bits_per_second":	1934603347.6939862,
				"retransmits":	29896,
				"omitted":	false,
				"sender":	true
			}
		}, {
			"streams":	[{
					"socket":	7,
					"start":	90.00012,
					"end":	91.000123,
					"seconds":	1.0000029802322388,
					"bytes":	327024640,
					"bits_per_second":	2616189323.1482363,
					"retransmits":	37064,
					"snd_cwnd":	34517424,
					"snd_wnd":	104558592,
					"rtt":	62176,
					"rttvar":	227,
					"pmtu":	1500,
					"omitted":	false,
					"sender":	true
				}],
			"sum":	{
				"start":	90.00012,
				"end":	91.000123,
				"seconds":	1.0000029802322388,
				"bytes":	327024640,
				"bits_per_second":	2616189323.1482363,
				"retransmits":	37064,
				"omitted":	false,
				"sender":	true
			}
		}, {
			"streams":	[{
					"socket":	7,
					"start":	91.000123,
					"end":	92.000461,
					"seconds":	1.0003379583358765,
					"bytes":	239730688,
					"bits_per_second":	1917197571.0993249,
					"retransmits":	18736,
					"snd_cwnd":	35316720,
					"snd_wnd":	129830912,
					"rtt":	62596,
					"rttvar":	117,
					"pmtu":	1500,
					"omitted":	false,
					"sender":	true
				}],
			"sum":	{
				"start":	91.000123,
				"end":	92.000461,
				"seconds":	1.0003379583358765,
				"bytes":	239730688,
				"bits_per_second":	1917197571.0993249,
				"retransmits":	18736,
				"omitted":	false,
				"sender":	true
			}
		}, {
			"streams":	[{
					"socket":	7,
					"start":	92.000461,
					"end":	93.000106,
					"seconds":	0.99964499473571777,
					"bytes":	236978176,
					"bits_per_second":	1896498675.013334,
					"retransmits":	15612,
					"snd_cwnd":	33680480,
					"snd_wnd":	127889408,
					"rtt":	62881,
					"rttvar":	355,
					"pmtu":	1500,
					"omitted":	false,
					"sender":	true
				}],
			"sum":	{
				"start":	92.000461,
				"end":	93.000106,
				"seconds":	0.99964499473571777,
				"bytes":	236978176,
				"bits_per_second":	1896498675.013334,
				"retransmits":	15612,
				"omitted":	false,
				"sender":	true
			}
		}, {
			"streams":	[{
					"socket":	7,
					"start":	93.000106,
					"end":	94.000092,
					"seconds":	0.99998599290847778,
					"bytes":	291110912,
					"bits_per_second":	2328919917.39443,
					"retransmits":	15495,
					"snd_cwnd":	39208944,
					"snd_wnd":	117198848,
					"rtt":	62355,
					"rttvar":	1004,
					"pmtu":	1500,
					"omitted":	false,
					"sender":	true
				}],
			"sum":	{
				"start":	93.000106,
				"end":	94.000092,
				"seconds":	0.99998599290847778,
				"bytes":	291110912,
				"bits_per_second":	2328919917.39443,
				"retransmits":	15495,
				"omitted":	false,
				"sender":	true
			}
		}, {
			"streams":	[{
					"socket":	7,
					"start":	94.000092,
					"end":	95.000115,
					"seconds":	1.0000230073928833,
					"bytes":	152043520,
					"bits_per_second":	1216320175.643847,
					"retransmits":	28451,
					"snd_cwnd":	5792,
					"snd_wnd":	113860608,
					"rtt":	62868,
					"rttvar":	550,
					"pmtu":	1500,
					"omitted":	false,
					"sender":	true
				}],
			"sum":	{
				"start":	94.000092,
				"end":	95.000115,
				"seconds":	1.0000230073928833,
				"bytes":	152043520,
				"bits_per_second":	1216320175.643847,
				"retransmits":	28451,
				"omitted":	false,
				"sender":	true
			}
		}, {
			"streams":	[{
					"socket":	7,
					"start":	95.000115,
					"end":	96.001791,
					"seconds":	1.0016759634017944,
					"bytes":	251265024,
					"bits_per_second":	2006756940.810904,
					"retransmits":	21612,
					"snd_cwnd":	39304512,
					"snd_wnd":	113799168,
					"rtt":	62644,
					"rttvar":	355,
					"pmtu":	1500,
					"omitted":	false,
					"sender":	true
				}],
			"sum":	{
				"start":	95.000115,
				"end":	96.001791,
				"seconds":	1.0016759634017944,
				"bytes":	251265024,
				"bits_per_second":	2006756940.810904,
				"retransmits":	21612,
				"omitted":	false,
				"sender":	true
			}
		}, {
			"streams":	[{
					"socket":	7,
					"start":	96.001791,
					"end":	97.001484,
					"seconds":	0.999692976474762,
					"bytes":	268697600,
					"bits_per_second":	2150240974.5641217,
					"retransmits":	28681,
					"snd_cwnd":	44969088,
					"snd_wnd":	108056576,
					"rtt":	61376,
					"rttvar":	343,
					"pmtu":	1500,
					"omitted":	false,
					"sender":	true
				}],
			"sum":	{
				"start":	96.001791,
				"end":	97.001484,
				"seconds":	0.999692976474762,
				"bytes":	268697600,
				"bits_per_second":	2150240974.5641217,
				"retransmits":	28681,
				"omitted":	false,
				"sender":	true
			}
		}, {
			"streams":	[{
					"socket":	7,
					"start":	97.001484,
					"end":	98.001072,
					"seconds":	0.9995880126953125,
					"bytes":	271712256,
					"bits_per_second":	2174593953.1015282,
					"retransmits":	35119,
					"snd_cwnd":	50868240,
					"snd_wnd":	102522880,
					"rtt":	62459,
					"rttvar":	139,
					"pmtu":	1500,
					"omitted":	false,
					"sender":	true
				}],
			"sum":	{
				"start":	97.001484,
				"end":	98.001072,
				"seconds":	0.9995880126953125,
				"bytes":	271712256,
				"bits_per_second":	2174593953.1015282,
				"retransmits":	35119,
				"omitted":	false,
				"sender":	true
			}
		}, {
			"streams":	[{
					"socket":	7,
					"start":	98.001072,
					"end":	99.001106,
					"seconds":	1.000033974647522,
					"bytes":	374603776,
					"bits_per_second":	2996728395.2090535,
					"retransmits":	32534,
					"snd_cwnd":	52660864,
					"snd_wnd":	112087040,
					"rtt":	62589,
					"rttvar":	369,
					"pmtu":	1500,
					"omitted":	false,
					"sender":	true
				}],
			"sum":	{
				"start":	98.001072,
				"end":	99.001106,
				"seconds":	1.000033974647522,
				"bytes":	374603776,
				"bits_per_second":	2996728395.2090535,
				"retransmits":	32534,
				"omitted":	false,
				"sender":	true
			}
		}, {
			"streams":	[{
					"socket":	7,
					"start":	99.001106,
					"end":	100.001068,
					"seconds":	0.9999619722366333,
					"bytes":	318898176,
					"bits_per_second":	2551282427.5644369,
					"retransmits":	41231,
					"snd_cwnd":	52240944,
					"snd_wnd":	93806592,
					"rtt":	62464,
					"rttvar":	368,
					"pmtu":	1500,
					"omitted":	false,
					"sender":	true
				}],
			"sum":	{
				"start":	99.001106,
				"end":	100.001068,
				"seconds":	0.9999619722366333,
				"bytes":	318898176,
				"bits_per_second":	2551282427.5644369,
				"retransmits":	41231,
				"omitted":	false,
				"sender":	true
			}
		}, {
			"streams":	[{
					"socket":	7,
					"start":	100.001068,
					"end":	101.001059,
					"seconds":	0.999990999698639,
					"bytes":	328597504,
					"bits_per_second":	2628803692.0254474,
					"retransmits":	26548,
					"snd_cwnd":	53205312,
					"snd_wnd":	111837184,
					"rtt":	62065,
					"rttvar":	116,
					"pmtu":	1500,
					"omitted":	false,
					"sender":	true
				}],
			"sum":	{
				"start":	100.001068,
				"end":	101.001059,
				"seconds":	0.999990999698639,
				"bytes":	328597504,
				"bits_per_second":	2628803692.0254474,
				"retransmits":	26548,
				"omitted":	false,
				"sender":	true
			}
		}, {
			"streams":	[{
					"socket":	7,
					"start":	101.001059,
					"end":	102.001072,
					"seconds":	1.000012993812561,
					"bytes":	328859648,
					"bits_per_second":	2630842999.31919,
					"retransmits":	38883,
					"snd_cwnd":	40155936,
					"snd_wnd":	126222336,
					"rtt":	62659,
					"rttvar":	221,
					"pmtu":	1500,
					"omitted":	false,
					"sender":	true
				}],
			"sum":	{
				"start":	101.001059,
				"end":	102.001072,
				"seconds":	1.000012993812561,
				"bytes":	328859648,
				"bits_per_second":	2630842999.31919,
				"retransmits":	38883,
				"omitted":	false,
				"sender":	true
			}
		}, {
			"streams":	[{
					"socket":	7,
					"start":	102.001072,
					"end":	103.001108,
					"seconds":	1.0000360012054443,
					"bytes":	245235712,
					"bits_per_second":	1961815068.2926826,
					"retransmits":	34484,
					"snd_cwnd":	39329128,
					"snd_wnd":	124592128,
					"rtt":	62437,
					"rttvar":	561,
					"pmtu":	1500,
					"omitted":	false,
					"sender":	true
				}],
			"sum":	{
				"start":	102.001072,
				"end":	103.001108,
				"seconds":	1.0000360012054443,
				"bytes":	245235712,
				"bits_per_second":	1961815068.2926826,
				"retransmits":	34484,
				"omitted":	false,
				"sender":	true
			}
		}, {
			"streams":	[{
					"socket":	7,
					"start":	103.001108,
					"end":	104.001146,
					"seconds":	1.0000380277633667,
					"bytes":	255590400,
					"bits_per_second":	2044645446.7067838,
					"retransmits":	26383,
					"snd_cwnd":	43185152,
					"snd_wnd":	135962624,
					"rtt":	61454,
					"rttvar":	452,
					"pmtu":	1500,
					"omitted":	false,
					"sender":	true
				}],
			"sum":	{
				"start":	103.001108,
				"end":	104.001146,
				"seconds":	1.0000380277633667,
				"bytes":	255590400,
				"bits_per_second":	2044645446.7067838,
				"retransmits":	26383,
				"omitted":	false,
				"sender":	true
			}
		}, {
			"streams":	[{
					"socket":	7,
					"start":	104.001146,
					"end":	105.001751,
					"seconds":	1.00060498714447,
					"bytes":	230555648,
					"bits_per_second":	1843329993.0511878,
					"retransmits":	19787,
					"snd_cwnd":	38427024,
					"snd_wnd":	107589632,
					"rtt":	62544,
					"rttvar":	273,
					"pmtu":	1500,
					"omitted":	false,
					"sender":	true
				}],
			"sum":	{
				"start":	104.001146,
				"end":	105.001751,
				"seconds":	1.00060498714447,
				"bytes":	230555648,
				"bits_per_second":	1843329993.0511878,
				"retransmits":	19787,
				"omitted":	false,
				"sender":	true
			}
		}, {
			"streams":	[{
					"socket":	7,
					"start":	105.001751,
					"end":	106.00026,
					"seconds":	0.9985089898109436,
					"bytes":	192806912,
					"bits_per_second":	1544758546.7328105,
					"retransmits":	10830,
					"snd_cwnd":	37921672,
					"snd_wnd":	107847680,
					"rtt":	61262,
					"rttvar":	334,
					"pmtu":	1500,
					"omitted":	false,
					"sender":	true
				}],
			"sum":	{
				"start":	105.001751,
				"end":	106.00026,
				"seconds":	0.9985089898109436,
				"bytes":	192806912,
				"bits_per_second":	1544758546.7328105,
				"retransmits":	10830,
				"omitted":	false,
				"sender":	true
			}
		}, {
			"streams":	[{
					"socket":	7,
					"start":	106.00026,
					"end":	107.001104,
					"seconds":	1.0008440017700195,
					"bytes":	298057728,
					"bits_per_second":	2382451031.1127558,
					"retransmits":	26760,
					"snd_cwnd":	42081776,
					"snd_wnd":	109789184,
					"rtt":	64365,
					"rttvar":	2871,
					"pmtu":	1500,
					"omitted":	false,
					"sender":	true
				}],
			"sum":	{
				"start":	106.00026,
				"end":	107.001104,
				"seconds":	1.0008440017700195,
				"bytes":	298057728,
				"bits_per_second":	2382451031.1127558,
				"retransmits":	26760,
				"omitted":	false,
				"sender":	true
			}
		}, {
			"streams":	[{
					"socket":	7,
					"start":	107.001104,
					"end":	108.001053,
					"seconds":	0.99994897842407227,
					"bytes":	260571136,
					"bits_per_second":	2084675451.4268296,
					"retransmits":	23927,
					"snd_cwnd":	41598144,
					"snd_wnd":	113373184,
					"rtt":	62512,
					"rttvar":	240,
					"pmtu":	1500,
					"omitted":	false,
					"sender":	true
				}],
			"sum":	{
				"start":	107.001104,
				"end":	108.001053,
				"seconds":	0.99994897842407227,
				"bytes":	260571136,
				"bits_per_second":	2084675451.4268296,
				"retransmits":	23927,
				"omitted":	false,
				"sender":	true
			}
		}, {
			"streams":	[{
					"socket":	7,
					"start":	108.001053,
					"end":	109.00106,
					"seconds":	1.0000070333480835,
					"bytes":	339476480,
					"bits_per_second":	2715792738.8843446,
					"retransmits":	26995,
					"snd_cwnd":	40975504,
					"snd_wnd":	115294208,
					"rtt":	62448,
					"rttvar":	225,
					"pmtu":	1500,
					"omitted":	false,
					"sender":	true
				}],
			"sum":	{
				"start":	108.001053,
				"end":	109.00106,
				"seconds":	1.0000070333480835,
				"bytes":	339476480,
				"bits_per_second":	2715792738.8843446,
				"retransmits":	26995,
				"omitted":	false,
				"sender":	true
			}
		}, {
			"streams":	[{
					"socket":	7,
					"start":	109.00106,
					"end":	110.001054,
					"seconds":	0.99999397993087769,
					"bytes":	226492416,
					"bits_per_second":	1811950236.0656674,
					"retransmits":	33812,
					"snd_cwnd":	41586560,
					"snd_wnd":	106655744,
					"rtt":	61800,
					"rttvar":	230,
					"pmtu":	1500,
					"omitted":	false,
					"sender":	true
				}],
			"sum":	{
				"start":	109.00106,
				"end":	110.001054,
				"seconds":	0.99999397993087769,
				"bytes":	226492416,
				"bits_per_second":	1811950236.0656674,
				"retransmits":	33812,
				"omitted":	false,
				"sender":	true
			}
		}, {
			"streams":	[{
					"socket":	7,
					"start":	110.001054,
					"end":	111.001065,
					"seconds":	1.0000109672546387,
					"bytes":	385744896,
					"bits_per_second":	3085925323.8711772,
					"retransmits":	27058,
					"snd_cwnd":	47630512,
					"snd_wnd":	122114048,
					"rtt":	62462,
					"rttvar":	168,
					"pmtu":	1500,
					"omitted":	false,
					"sender":	true
				}],
			"sum":	{
				"start":	110.001054,
				"end":	111.001065,
				"seconds":	1.0000109672546387,
				"bytes":	385744896,
				"bits_per_second":	3085925323.8711772,
				"retransmits":	27058,
				"omitted":	false,
				"sender":	true
			}
		}, {
			"streams":	[{
					"socket":	7,
					"start":	111.001065,
					"end":	112.001054,
					"seconds":	0.99998897314071655,
					"bytes":	233963520,
					"bits_per_second":	1871728799.2900865,
					"retransmits":	36205,
					"snd_cwnd":	42481424,
					"snd_wnd":	121647104,
					"rtt":	61697,
					"rttvar":	274,
					"pmtu":	1500,
					"omitted":	false,
					"sender":	true
				}],
			"sum":	{
				"start":	111.001065,
				"end":	112.001054,
				"seconds":	0.99998897314071655,
				"bytes":	233963520,
				"bits_per_second":	1871728799.2900865,
				"retransmits":	36205,
				"omitted":	false,
				"sender":	true
			}
		}, {
			"streams":	[{
					"socket":	7,
					"start":	112.001054,
					"end":	113.00105,
					"seconds":	0.9999960064888,
					"bytes":	353894400,
					"bits_per_second":	2831166506.2951517,
					"retransmits":	33388,
					"snd_cwnd":	49935728,
					"snd_wnd":	95756288,
					"rtt":	61483,
					"rttvar":	335,
					"pmtu":	1500,
					"omitted":	false,
					"sender":	true
				}],
			"sum":	{
				"start":	112.001054,
				"end":	113.00105,
				"seconds":	0.9999960064888,
				"bytes":	353894400,
				"bits_per_second":	2831166506.2951517,
				"retransmits":	33388,
				"omitted":	false,
				"sender":	true
			}
		}, {
			"streams":	[{
					"socket":	7,
					"start":	113.00105,
					"end":	114.001045,
					"seconds":	0.999994993209839,
					"bytes":	310771712,
					"bits_per_second":	2486186143.8123236,
					"retransmits":	26567,
					"snd_cwnd":	40045888,
					"snd_wnd":	116756480,
					"rtt":	62748,
					"rttvar":	138,
					"pmtu":	1500,
					"omitted":	false,
					"sender":	true
				}],
			"sum":	{
				"start":	113.00105,
				"end":	114.001045,
				"seconds":	0.999994993209839,
				"bytes":	310771712,
				"bits_per_second":	2486186143.8123236,
				"retransmits":	26567,
				"omitted":	false,
				"sender":	true
			}
		}, {
			"streams":	[{
					"socket":	7,
					"start":	114.001045,
					"end":	115.001084,
					"seconds":	1.0000389814376831,
					"bytes":	284557312,
					"bits_per_second":	2276369759.8340635,
					"retransmits":	16596,
					"snd_cwnd":	46964432,
					"snd_wnd":	127905792,
					"rtt":	61789,
					"rttvar":	240,
					"pmtu":	1500,
					"omitted":	false,
					"sender":	true
				}],
			"sum":	{
				"start":	114.001045,
				"end":	115.001084,
				"seconds":	1.0000389814376831,
				"bytes":	284557312,
				"bits_per_second":	2276369759.8340635,
				"retransmits":	16596,
				"omitted":	false,
				"sender":	true
			}
		}, {
			"streams":	[{
					"socket":	7,
					"start":	115.001084,
					"end":	116.001066,
					"seconds":	0.99998199939727783,
					"bytes":	212074496,
					"bits_per_second":	1696626508.2997439,
					"retransmits":	19584,
					"snd_cwnd":	19210616,
					"snd_wnd":	141373440,
					"rtt":	62707,
					"rttvar":	319,
					"pmtu":	1500,
					"omitted":	false,
					"sender":	true
				}],
			"sum":	{
				"start":	115.001084,
				"end":	116.001066,
				"seconds":	0.99998199939727783,
				"bytes":	212074496,
				"bits_per_second":	1696626508.2997439,
				"retransmits":	19584,
				"omitted":	false,
				"sender":	true
			}
		}, {
			"streams":	[{
					"socket":	7,
					"start":	116.001066,
					"end":	117.000842,
					"seconds":	0.999776005744934,
					"bytes":	263585792,
					"bits_per_second":	2109158775.4487224,
					"retransmits":	19756,
					"snd_cwnd":	46957192,
					"snd_wnd":	111722496,
					"rtt":	61390,
					"rttvar":	231,
					"pmtu":	1500,
					"omitted":	false,
					"sender":	true
				}],
			"sum":	{
				"start":	116.001066,
				"end":	117.000842,
				"seconds":	0.999776005744934,
				"bytes":	263585792,
				"bits_per_second":	2109158775.4487224,
				"retransmits":	19756,
				"omitted":	false,
				"sender":	true
			}
		}, {
			"streams":	[{
					"socket":	7,
					"start":	117.000842,
					"end":	118.00106,
					"seconds":	1.0002180337905884,
					"bytes":	333578240,
					"bits_per_second":	2668044196.210443,
					"retransmits":	26044,
					"snd_cwnd":	57795472,
					"snd_wnd":	110383104,
					"rtt":	62221,
					"rttvar":	138,
					"pmtu":	1500,
					"omitted":	false,
					"sender":	true
				}],
			"sum":	{
				"start":	117.000842,
				"end":	118.00106,
				"seconds":	1.0002180337905884,
				"bytes":	333578240,
				"bits_per_second":	2668044196.210443,
				"retransmits":	26044,
				"omitted":	false,
				"sender":	true
			}
		}, {
			"streams":	[{
					"socket":	7,
					"start":	118.00106,
					"end":	119.000496,
					"seconds":	0.99943602085113525,
					"bytes":	342622208,
					"bits_per_second":	2742524390.5715351,
					"retransmits":	26499,
					"snd_cwnd":	57980816,
					"snd_wnd":	112066560,
					"rtt":	62309,
					"rttvar":	208,
					"pmtu":	1500,
					"omitted":	false,
					"sender":	true
				}],
			"sum":	{
				"start":	118.00106,
				"end":	119.000496,
				"seconds":	0.99943602085113525,
				"bytes":	342622208,
				"bits_per_second":	2742524390.5715351,
				"retransmits":	26499,
				"omitted":	false,
				"sender":	true
			}
		}, {
			"streams":	[{
					"socket":	7,
					"start":	119.000496,
					"end":	120.001396,
					"seconds":	1.0009000301361084,
					"bytes":	377749504,
					"bits_per_second":	3019278590.2794418,
					"retransmits":	37312,
					"snd_cwnd":	58890160,
					"snd_wnd":	110104576,
					"rtt":	62257,
					"rttvar":	307,
					"pmtu":	1500,
					"omitted":	false,
					"sender":	true
				}],
			"sum":	{
				"start":	119.000496,
				"end":	120.001396,
				"seconds":	1.0009000301361084,
				"bytes":	377749504,
				"bits_per_second":	3019278590.2794418,
				"retransmits":	37312,
				"omitted":	false,
				"sender":	true
			}
		}],
	"end":	{
		"streams":	[{
				"sender":	{
					"socket":	7,
					"start":	0,
					"end":	120.001396,
					"seconds":	120.001396,
					"bytes":	34143207424,
					"bits_per_second":	2276187348.6205111,
					"retransmits":	3310031,
					"max_snd_cwnd":	77992176,
					"max_snd_wnd":	141373440,
					"max_rtt":	64682,
					"min_rtt":	61059,
					"mean_rtt":	62354,
					"sender":	true
				},
				"receiver":	{
					"socket":	7,
					"start":	0,
					"end":	120.0606,
					"seconds":	120.001396,
					"bytes":	34021572608,
					"bits_per_second":	2266960025.7203445,
					"sender":	true
				}
			}],
		"sum_sent":	{
			"start":	0,
			"end":	120.001396,
			"seconds":	120.001396,
			"bytes":	34143207424,
			"bits_per_second":	2276187348.6205111,
			"retransmits":	3310031,
			"sender":	true
		},
		"sum_received":	{
			"start":	0,
			"end":	120.0606,
			"seconds":	120.0606,
			"bytes":	34021572608,
			"bits_per_second":	2266960025.7203445,
			"sender":	true
		},
		"cpu_utilization_percent":	{
			"host_total":	12.119317089719312,
			"host_user":	0.062212544013129555,
			"host_system":	12.057104545706181,
			"remote_total":	16.719381846224319,
			"remote_user":	0.06424255162253005,
			"remote_system":	16.6551417933397
		},
		"sender_tcp_congestion":	"bbr",
		"receiver_tcp_congestion":	"cubic"
	}
}
