{
	"start":	{
		"connected":	[{
				"socket":	7,
				"local_host":	"172.16.0.11",
				"local_port":	34166,
				"remote_host":	"172.17.0.11",
				"remote_port":	5201
			}],
		"version":	"iperf 3.16",
		"system_info":	"Linux h1 6.8.0-63-generic #66-Ubuntu SMP PREEMPT_DYNAMIC Fri Jun 13 20:25:30 UTC 2025 x86_64",
		"timestamp":	{
			"time":	"Fri, 30 Jan 2026 05:10:03 GMT",
			"timesecs":	1769749803
		},
		"connecting_to":	{
			"host":	"172.17.0.11",
			"port":	5201
		},
		"cookie":	"eog4trc4xfmn3j4qdowbfe3tljckg7gwenf4",
		"tcp_mss_default":	1448,
		"target_bitrate":	0,
		"fq_rate":	0,
		"sock_bufsize":	0,
		"sndbuf_actual":	1000000,
		"rcvbuf_actual":	1000000,
		"test_start":	{
			"protocol":	"TCP",
			"num_streams":	1,
			"blksize":	131072,
			"omit":	0,
			"duration":	120,
			"bytes":	0,
			"blocks":	0,
			"reverse":	0,
			"tos":	0,
			"target_bitrate":	0,
			"bidir":	0,
			"fqrate":	0
		}
	},
	"intervals":	[{
			"streams":	[{
					"socket":	7,
					"start":	0,
					"end":	1.001074,
					"seconds":	1.001073956489563,
					"bytes":	4718592,
					"bits_per_second":	37708238.992024526,
					"retransmits":	45,
					"snd_cwnd":	1479856,
					"snd_wnd":	3424256,
					"rtt":	124744,
					"rttvar":	573,
					"pmtu":	1500,
					"omitted":	false,
					"sender":	true
				}],
			"sum":	{
				"start":	0,
				"end":	1.001074,
				"seconds":	1.001073956489563,
				"bytes":	4718592,
				"bits_per_second":	37708238.992024526,
				"retransmits":	45,
				"omitted":	false,
				"sender":	true
			}
		}, {
			"streams":	[{
					"socket":	7,
					"start":	1.001074,
					"end":	2.001064,
					"seconds":	0.99998998641967773,
					"bytes":	3670016,
					"bits_per_second":	29360422.002944022,
					"retransmits":	75,
					"snd_cwnd":	482184,
					"snd_wnd":	3813376,
					"rtt":	126542,
					"rttvar":	114,
					"pmtu":	1500,
					"omitted":	false,
					"sender":	true
				}],
			"sum":	{
				"start":	1.001074,
				"end":	2.001064,
				"seconds":	0.99998998641967773,
				"bytes":	3670016,
				"bits_per_second":	29360422.002944022,
				"retransmits":	75,
				"omitted":	false,
				"sender":	true
			}
		}, {
			"streams":	[{
					"socket":	7,
					"start":	2.001064,
					"end":	3.000251,
					"seconds":	0.99918699264526367,
					"bytes":	4194304,
					"bits_per_second":	33581734.196886867,
					"retransmits":	18,
					"snd_cwnd":	590784,
					"snd_wnd":	3809280,
					"rtt":	126357,
					"rttvar":	137,
					"pmtu":	1500,
					"omitted":	false,
					"sender":	true
				}],
			"sum":	{
				"start":	2.001064,
				"end":	3.000251,
				"seconds":	0.99918699264526367,
				"bytes":	4194304,
				"bits_per_second":	33581734.196886867,
				"retransmits":	18,
				"omitted":	false,
				"sender":	true
			}
		}, {
			"streams":	[{
					"socket":	7,
					"start":	3.000251,
					"end":	4.001065,
					"seconds":	1.0008139610290527,
					"bytes":	3801088,
					"bits_per_second":	30383972.630371071,
					"retransmits":	14,
					"snd_cwnd":	315664,
					"snd_wnd":	3813376,
					"rtt":	126543,
					"rttvar":	149,
					"pmtu":	1500,
					"omitted":	false,
					"sender":	true
				}],
			"sum":	{
				"start":	3.000251,
				"end":	4.001065,
				"seconds":	1.0008139610290527,
				"bytes":	3801088,
				"bits_per_second":	30383972.630371071,
				"retransmits":	14,
				"omitted":	false,
				"sender":	true
			}
		}, {
			"streams":	[{
					"socket":	7,
					"start":	4.001065,
					"end":	5.001068,
					"seconds":	1.0000029802322388,
					"bytes":	4587520,
					"bits_per_second":	36700050.625325963,
					"retransmits":	16,
					"snd_cwnd":	82536,
					"snd_wnd":	3809280,
					"rtt":	125846,
					"rttvar":	201,
					"pmtu":	1500,
					"omitted":	false,
					"sender":	true
				}],
			"sum":	{
				"start":	4.001065,
				"end":	5.001068,
				"seconds":	1.0000029802322388,
				"bytes":	4587520,
				"bits_per_second":	36700050.625325963,
				"retransmits":	16,
				"omitted":	false,
				"sender":	true
			}
		}, {
			"streams":	[{
					"socket":	7,
					"start":	5.001068,
					"end":	6.001067,
					"seconds":	0.99999898672103882,
					"bytes":	2490368,
					"bits_per_second":	19922964.187520456,
					"retransmits":	15,
					"snd_cwnd":	629880,
					"snd_wnd":	3809280,
					"rtt":	126569,
					"rttvar":	86,
					"pmtu":	1500,
					"omitted":	false,
					"sender":	true
				}],
			"sum":	{
				"start":	5.001068,
				"end":	6.001067,
				"seconds":	0.99999898672103882,
				"bytes":	2490368,
				"bits_per_second":	19922964.187520456,
				"retransmits":	15,
				"omitted":	false,
				"sender":	true
			}
		}, {
			"streams":	[{
					"socket":	7,
					"start":	6.001067,
					"end":	7.001065,
					"seconds":	0.99999797344207764,
					"bytes":	4194304,
					"bits_per_second":	33554500.0001378,
					"retransmits":	17,
					"snd_cwnd":	894864,
					"snd_wnd":	3813376,
					"rtt":	125286,
					"rttvar":	89,
					"pmtu":	1500,
					"omitted":	false,
					"sender":	true
				}],
			"sum":	{
				"start":	6.001067,
				"end":	7.001065,
				"seconds":	0.99999797344207764,
				"bytes":	4194304,
				"bits_per_second":	33554500.0001378,
				"retransmits":	17,
				"omitted":	false,
				"sender":	true
			}
		}, {
			"streams":	[{
					"socket":	7,
					"start":	7.001065,
					"end":	8.001064,
					"seconds":	0.99999898672103882,
					"bytes":	3932160,
					"bits_per_second":	31457311.8750323,
					"retransmits":	71,
					"snd_cwnd":	841288,
					"snd_wnd":	3092480,
					"rtt":	126237,
					"rttvar":	229,
					"pmtu":	1500,
					"omitted":	false,
					"sender":	true
				}],
			"sum":	{
				"start":	7.001065,
				"end":	8.001064,
				"seconds":	0.99999898672103882,
				"bytes":	3932160,
				"bits_per_second":	31457311.8750323,
				"retransmits":	71,
				"omitted":	false,
				"sender":	true
			}
		}, {
			"streams":	[{
					"socket":	7,
					"start":	8.001064,
					"end":	9.001062,
					"seconds":	0.99999797344207764,
					"bytes":	3801088,
					"bits_per_second":	30408765.625124887,
					"retransmits":	13,
					"snd_cwnd":	679112,
					"snd_wnd":	3813376,
					"rtt":	139371,
					"rttvar":	363,
					"pmtu":	1500,
					"omitted":	false,
					"sender":	true
				}],
			"sum":	{
				"start":	8.001064,
				"end":	9.001062,
				"seconds":	0.99999797344207764,
				"bytes":	3801088,
				"bits_per_second":	30408765.625124887,
				"retransmits":	13,
				"omitted":	false,
				"sender":	true
			}
		}, {
			"streams":	[{
					"socket":	7,
					"start":	9.001062,
					"end":	10.001058,
					"seconds":	0.9999960064888,
					"bytes":	4194304,
					"bits_per_second":	33554566.000535131,
					"retransmits":	66,
					"snd_cwnd":	579200,
					"snd_wnd":	3809280,
					"rtt":	125749,
					"rttvar":	425,
					"pmtu":	1500,
					"omitted":	false,
					"sender":	true
				}],
			"sum":	{
				"start":	9.001062,
				"end":	10.001058,
				"seconds":	0.9999960064888,
				"bytes":	4194304,
				"bits_per_second":	33554566.000535131,
				"retransmits":	66,
				"omitted":	false,
				"sender":	true
			}
		}, {
			"streams":	[{
					"socket":	7,
					"start":	10.001058,
					"end":	11.001065,
					"seconds":	1.0000070333480835,
					"bytes":	3407872,
					"bits_per_second":	27262784.251348633,
					"retransmits":	11,
					"snd_cwnd":	755856,
					"snd_wnd":	3809280,
					"rtt":	123088,
					"rttvar":	1232,
					"pmtu":	1500,
					"omitted":	false,
					"sender":	true
				}],
			"sum":	{
				"start":	10.001058,
				"end":	11.001065,
				"seconds":	1.0000070333480835,
				"bytes":	3407872,
				"bits_per_second":	27262784.251348633,
				"retransmits":	11,
				"omitted":	false,
				"sender":	true
			}
		}, {
			"streams":	[{
					"socket":	7,
					"start":	11.001065,
					"end":	12.001052,
					"seconds":	0.999987006187439,
					"bytes":	3538944,
					"bits_per_second":	28311919.879780162,
					"retransmits":	57,
					"snd_cwnd":	748616,
					"snd_wnd":	3690496,
					"rtt":	123577,
					"rttvar":	992,
					"pmtu":	1500,
					"omitted":	false,
					"sender":	true
				}],
			"sum":	{
				"start":	11.001065,
				"end":	12.001052,
				"seconds":	0.999987006187439,
				"bytes":	3538944,
				"bits_per_second":	28311919.879780162,
				"retransmits":	57,
				"omitted":	false,
				"sender":	true
			}
		}, {
			"streams":	[{
					"socket":	7,
					"start":	12.001052,
					"end":	13.001061,
					"seconds":	1.0000089406967163,
					"bytes":	4063232,
					"bits_per_second":	32505565.377598368,
					"retransmits":	15,
					"snd_cwnd":	909344,
					"snd_wnd":	3809280,
					"rtt":	125897,
					"rttvar":	112,
					"pmtu":	1500,
					"omitted":	false,
					"sender":	true
				}],
			"sum":	{
				"start":	12.001052,
				"end":	13.001061,
				"seconds":	1.0000089406967163,
				"bytes":	4063232,
				"bits_per_second":	32505565.377598368,
				"retransmits":	15,
				"omitted":	false,
				"sender":	true
			}
		}, {
			"streams":	[{
					"socket":	7,
					"start":	13.001061,
					"end":	14.000257,
					"seconds":	0.99919599294662476,
					"bytes":	3801088,
					"bits_per_second":	30433172.4853348,
					"retransmits":	32,
					"snd_cwnd":	621192,
					"snd_wnd":	3579904,
					"rtt":	126487,
					"rttvar":	196,
					"pmtu":	1500,
					"omitted":	false,
					"sender":	true
				}],
			"sum":	{
				"start":	13.001061,
				"end":	14.000257,
				"seconds":	0.99919599294662476,
				"bytes":	3801088,
				"bits_per_second":	30433172.4853348,
				"retransmits":	32,
				"omitted":	false,
				"sender":	true
			}
		}, {
			"streams":	[{
					"socket":	7,
					"start":	14.000257,
					"end":	15.00107,
					"seconds":	1.0008130073547363,
					"bytes":	4194304,
					"bits_per_second":	33527174.160823725,
					"retransmits":	7,
					"snd_cwnd":	615400,
					"snd_wnd":	3813376,
					"rtt":	126251,
					"rttvar":	360,
					"pmtu":	1500,
					"omitted":	false,
					"sender":	true
				}],
			"sum":	{
				"start":	14.000257,
				"end":	15.00107,
				"seconds":	1.0008130073547363,
				"bytes":	4194304,
				"bits_per_second":	33527174.160823725,
				"retransmits":	7,
				"omitted":	false,
				"sender":	true
			}
		}, {
			"streams":	[{
					"socket":	7,
					"start":	15.00107,
					"end":	16.001044,
					"seconds":	0.999974012374878,
					"bytes":	3801088,
					"bits_per_second":	30409494.270537253,
					"retransmits":	16,
					"snd_cwnd":	787712,
					"snd_wnd":	3809280,
					"rtt":	126333,
					"rttvar":	168,
					"pmtu":	1500,
					"omitted":	false,
					"sender":	true
				}],
			"sum":	{
				"start":	15.00107,
				"end":	16.001044,
				"seconds":	0.999974012374878,
				"bytes":	3801088,
				"bits_per_second":	30409494.270537253,
				"retransmits":	16,
				"omitted":	false,
				"sender":	true
			}
		}, {
			"streams":	[{
					"socket":	7,
					"start":	16.001044,
					"end":	17.00043,
					"seconds":	0.9993860125541687,
					"bytes":	3670016,
					"bits_per_second":	29378165.8249981,
					"retransmits":	26,
					"snd_cwnd":	967264,
					"snd_wnd":	3563520,
					"rtt":	126246,
					"rttvar":	235,
					"pmtu":	1500,
					"omitted":	false,
					"sender":	true
				}],
			"sum":	{
				"start":	16.001044,
				"end":	17.00043,
				"seconds":	0.9993860125541687,
				"bytes":	3670016,
				"bits_per_second":	29378165.8249981,
				"retransmits":	26,
				"omitted":	false,
				"sender":	true
			}
		}, {
			"streams":	[{
					"socket":	7,
					"start":	17.00043,
					"end":	18.001063,
					"seconds":	1.0006330013275146,
					"bytes":	3801088,
					"bits_per_second":	30389467.426776387,
					"retransmits":	23,
					"snd_cwnd":	557480,
					"snd_wnd":	3813376,
					"rtt":	126356,
					"rttvar":	142,
					"pmtu":	1500,
					"omitted":	false,
					"sender":	true
				}],
			"sum":	{
				"start":	17.00043,
				"end":	18.001063,
				"seconds":	1.0006330013275146,
				"bytes":	3801088,
				"bits_per_second":	30389467.426776387,
				"retransmits":	23,
				"omitted":	false,
				"sender":	true
			}
		}, {
			"streams":	[{
					"socket":	7,
					"start":	18.001063,
					"end":	19.000261,
					"seconds":	0.999198019504547,
					"bytes":	4587520,
					"bits_per_second":	36729616.43598713,
					"retransmits":	8,
					"snd_cwnd":	834048,
					"snd_wnd":	3813376,
					"rtt":	125503,
					"rttvar":	119,
					"pmtu":	1500,
					"omitted":	false,
					"sender":	true
				}],
			"sum":	{
				"start":	18.001063,
				"end":	19.000261,
				"seconds":	0.999198019504547,
				"bytes":	4587520,
				"bits_per_second":	36729616.43598713,
				"retransmits":	8,
				"omitted":	false,
				"sender":	true
			}
		}, {
			"streams":	[{
					"socket":	7,
					"start":	19.000261,
					"end":	20.000687,
					"seconds":	1.0004260540008545,
					"bytes":	3932160,
					"bits_per_second":	31443883.207756933,
					"retransmits":	17,
					"snd_cwnd":	848528,
					"snd_wnd":	3809280,
					"rtt":	125479,
					"rttvar":	111,
					"pmtu":	1500,
					"omitted":	false,
					"sender":	true
				}],
			"sum":	{
				"start":	19.000261,
				"end":	20.000687,
				"seconds":	1.0004260540008545,
				"bytes":	3932160,
				"bits_per_second":	31443883.207756933,
				"retransmits":	17,
				"omitted":	false,
				"sender":	true
			}
		}, {
			"streams":	[{
					"socket":	7,
					"start":	20.000687,
					"end":	21.001071,
					"seconds":	1.0003839731216431,
					"bytes":	3538944,
					"bits_per_second":	28300685.297521673,
					"retransmits":	3,
					"snd_cwnd":	738480,
					"snd_wnd":	3809280,
					"rtt":	72227,
					"rttvar":	1564,
					"pmtu":	1500,
					"omitted":	false,
					"sender":	true
				}],
			"sum":	{
				"start":	20.000687,
				"end":	21.001071,
				"seconds":	1.0003839731216431,
				"bytes":	3538944,
				"bits_per_second":	28300685.297521673,
				"retransmits":	3,
				"omitted":	false,
				"sender":	true
			}
		}, {
			"streams":	[{
					"socket":	7,
					"start":	21.001071,
					"end":	22.001086,
					"seconds":	1.0000150203704834,
					"bytes":	4325376,
					"bits_per_second":	34602488.257806718,
					"retransmits":	12,
					"snd_cwnd":	839840,
					"snd_wnd":	3813376,
					"rtt":	125311,
					"rttvar":	107,
					"pmtu":	1500,
					"omitted":	false,
					"sender":	true
				}],
			"sum":	{
				"start":	21.001071,
				"end":	22.001086,
				"seconds":	1.0000150203704834,
				"bytes":	4325376,
				"bits_per_second":	34602488.257806718,
				"retransmits":	12,
				"omitted":	false,
				"sender":	true
			}
		}, {
			"streams":	[{
					"socket":	7,
					"start":	22.001086,
					"end":	23.000453,
					"seconds":	0.99936699867248535,
					"bytes":	4194304,
					"bits_per_second":	33575685.453464255,
					"retransmits":	16,
					"snd_cwnd":	1022288,
					"snd_wnd":	3813376,
					"rtt":	125409,
					"rttvar":	173,
					"pmtu":	1500,
					"omitted":	false,
					"sender":	true
				}],
			"sum":	{
				"start":	22.001086,
				"end":	23.000453,
				"seconds":	0.99936699867248535,
				"bytes":	4194304,
				"bits_per_second":	33575685.453464255,
				"retransmits":	16,
				"omitted":	false,
				"sender":	true
			}
		}, {
			"streams":	[{
					"socket":	7,
					"start":	23.000453,
					"end":	24.001054,
					"seconds":	1.000601053237915,
					"bytes":	4194304,
					"bits_per_second":	33534276.114760086,
					"retransmits":	4,
					"snd_cwnd":	929616,
					"snd_wnd":	3813376,
					"rtt":	125356,
					"rttvar":	157,
					"pmtu":	1500,
					"omitted":	false,
					"sender":	true
				}],
			"sum":	{
				"start":	23.000453,
				"end":	24.001054,
				"seconds":	1.000601053237915,
				"bytes":	4194304,
				"bits_per_second":	33534276.114760086,
				"retransmits":	4,
				"omitted":	false,
				"sender":	true
			}
		}, {
			"streams":	[{
					"socket":	7,
					"start":	24.001054,
					"end":	25.001053,
					"seconds":	0.99999898672103882,
					"bytes":	4718592,
					"bits_per_second":	37748774.250038758,
					"retransmits":	9,
					"snd_cwnd":	845632,
					"snd_wnd":	3809280,
					"rtt":	125288,
					"rttvar":	110,
					"pmtu":	1500,
					"omitted":	false,
					"sender":	true
				}],
			"sum":	{
				"start":	24.001054,
				"end":	25.001053,
				"seconds":	0.99999898672103882,
				"bytes":	4718592,
				"bits_per_second":	37748774.250038758,
				"retransmits":	9,
				"omitted":	false,
				"sender":	true
			}
		}, {
			"streams":	[{
					"socket":	7,
					"start":	25.001053,
					"end":	26.001049,
					"seconds":	0.9999960064888,
					"bytes":	3932160,
					"bits_per_second":	31457405.625501689,
					"retransmits":	33,
					"snd_cwnd":	621192,
					"snd_wnd":	3809280,
					"rtt":	125512,
					"rttvar":	349,
					"pmtu":	1500,
					"omitted":	false,
					"sender":	true
				}],
			"sum":	{
				"start":	25.001053,
				"end":	26.001049,
				"seconds":	0.9999960064888,
				"bytes":	3932160,
				"bits_per_second":	31457405.625501689,
				"retransmits":	33,
				"omitted":	false,
				"sender":	true
			}
		}, {
			"streams":	[{
					"socket":	7,
					"start":	26.001049,
					"end":	27.001041,
					"seconds":	0.9999920129776,
					"bytes":	3801088,
					"bits_per_second":	30408946.876939863,
					"retransmits":	12,
					"snd_cwnd":	818120,
					"snd_wnd":	3813376,
					"rtt":	126660,
					"rttvar":	205,
					"pmtu":	1500,
					"omitted":	false,
					"sender":	true
				}],
			"sum":	{
				"start":	26.001049,
				"end":	27.001041,
				"seconds":	0.9999920129776,
				"bytes":	3801088,
				"bits_per_second":	30408946.876939863,
				"retransmits":	12,
				"omitted":	false,
				"sender":	true
			}
		}, {
			"streams":	[{
					"socket":	7,
					"start":	27.001041,
					"end":	28.00013,
					"seconds":	0.999089002609253,
					"bytes":	4718592,
					"bits_per_second":	37783156.356855281,
					"retransmits":	13,
					"snd_cwnd":	1123648,
					"snd_wnd":	3813376,
					"rtt":	125716,
					"rttvar":	84,
					"pmtu":	1500,
					"omitted":	false,
					"sender":	true
				}],
			"sum":	{
				"start":	27.001041,
				"end":	28.00013,
				"seconds":	0.999089002609253,
				"bytes":	4718592,
				"bits_per_second":	37783156.356855281,
				"retransmits":	13,
				"omitted":	false,
				"sender":	true
			}
		}, {
			"streams":	[{
					"socket":	7,
					"start":	28.00013,
					"end":	29.000119,
					"seconds":	0.99998897314071655,
					"bytes":	3145728,
					"bits_per_second":	25166101.503059987,
					"retransmits":	21,
					"snd_cwnd":	716760,
					"snd_wnd":	3813376,
					"rtt":	126753,
					"rttvar":	123,
					"pmtu":	1500,
					"omitted":	false,
					"sender":	true
				}],
			"sum":	{
				"start":	28.00013,
				"end":	29.000119,
				"seconds":	0.99998897314071655,
				"bytes":	3145728,
				"bits_per_second":	25166101.503059987,
				"retransmits":	21,
				"omitted":	false,
				"sender":	true
			}
		}, {
			"streams":	[{
					"socket":	7,
					"start":	29.000119,
					"end":	30.000282,
					"seconds":	1.0001629590988159,
					"bytes":	4587520,
					"bits_per_second":	36694180.349438466,
					"retransmits":	21,
					"snd_cwnd":	912240,
					"snd_wnd":	3809280,
					"rtt":	125529,
					"rttvar":	52,
					"pmtu":	1500,
					"omitted":	false,
					"sender":	true
				}],
			"sum":	{
				"start":	29.000119,
				"end":	30.000282,
				"seconds":	1.0001629590988159,
				"bytes":	4587520,
				"bits_per_second":	36694180.349438466,
				"retransmits":	21,
				"omitted":	false,
				"sender":	true
			}
		}, {
			"streams":	[{
					"socket":	7,
					"start":	30.000282,
					"end":	31.001045,
					"seconds":	1.0007630586624146,
					"bytes":	4063232,
					"bits_per_second":	32481071.037380423,
					"retransmits":	26,
					"snd_cwnd":	5792,
					"snd_wnd":	3813376,
					"rtt":	97409,
					"rttvar":	2548,
					"pmtu":	1500,
					"omitted":	false,
					"sender":	true
				}],
			"sum":	{
				"start":	30.000282,
				"end":	31.001045,
				"seconds":	1.0007630586624146,
				"bytes":	4063232,
				"bits_per_second":	32481071.037380423,
				"retransmits":	26,
				"omitted":	false,
				"sender":	true
			}
		}, {
			"streams":	[{
					"socket":	7,
					"start":	31.001045,
					"end":	32.001049,
					"seconds":	1.0000040531158447,
					"bytes":	3276800,
					"bits_per_second":	26214293.750430644,
					"retransmits":	4,
					"snd_cwnd":	580648,
					"snd_wnd":	3813376,
					"rtt":	126340,
					"rttvar":	121,
					"pmtu":	1500,
					"omitted":	false,
					"sender":	true
				}],
			"sum":	{
				"start":	31.001045,
				"end":	32.001049,
				"seconds":	1.0000040531158447,
				"bytes":	3276800,
				"bits_per_second":	26214293.750430644,
				"retransmits":	4,
				"omitted":	false,
				"sender":	true
			}
		}, {
			"streams":	[{
					"socket":	7,
					"start":	32.001049,
					"end":	33.001051,
					"seconds":	1.0000020265579224,
					"bytes":	4325376,
					"bits_per_second":	34602937.875142112,
					"retransmits":	68,
					"snd_cwnd":	569064,
					"snd_wnd":	3809280,
					"rtt":	126501,
					"rttvar":	191,
					"pmtu":	1500,
					"omitted":	false,
					"sender":	true
				}],
			"sum":	{
				"start":	32.001049,
				"end":	33.001051,
				"seconds":	1.0000020265579224,
				"bytes":	4325376,
				"bits_per_second":	34602937.875142112,
				"retransmits":	68,
				"omitted":	false,
				"sender":	true
			}
		}, {
			"streams":	[{
					"socket":	7,
					"start":	33.001051,
					"end":	34.000331,
					"seconds":	0.99927997589111328,
					"bytes":	3670016,
					"bits_per_second":	29381283.23227727,
					"retransmits":	27,
					"snd_cwnd":	735584,
					"snd_wnd":	3813376,
					"rtt":	126138,
					"rttvar":	561,
					"pmtu":	1500,
					"omitted":	false,
					"sender":	true
				}],
			"sum":	{
				"start":	33.001051,
				"end":	34.000331,
				"seconds":	0.99927997589111328,
				"bytes":	3670016,
				"bits_per_second":	29381283.23227727,
				"retransmits":	27,
				"omitted":	false,
				"sender":	true
			}
		}, {
			"streams":	[{
					"socket":	7,
					"start":	34.000331,
					"end":	35.0004,
					"seconds":	1.00006902217865,
					"bytes":	4587520,
					"bits_per_second":	36697627.049829736,
					"retransmits":	3,
					"snd_cwnd":	999120,
					"snd_wnd":	3813376,
					"rtt":	125571,
					"rttvar":	86,
					"pmtu":	1500,
					"omitted":	false,
					"sender":	true
				}],
			"sum":	{
				"start":	34.000331,
				"end":	35.0004,
				"seconds":	1.00006902217865,
				"bytes":	4587520,
				"bits_per_second":	36697627.049829736,
				"retransmits":	3,
				"omitted":	false,
				"sender":	true
			}
		}, {
			"streams":	[{
					"socket":	7,
					"start":	35.0004,
					"end":	36.000372,
					"seconds":	0.99997198581695557,
					"bytes":	4194304,
					"bits_per_second":	33555372.02633407,
					"retransmits":	16,
					"snd_cwnd":	640016,
					"snd_wnd":	3813376,
					"rtt":	126907,
					"rttvar":	73,
					"pmtu":	1500,
					"omitted":	false,
					"sender":	true
				}],
			"sum":	{
				"start":	35.0004,
				"end":	36.000372,
				"seconds":	0.99997198581695557,
				"bytes":	4194304,
				"bits_per_second":	33555372.02633407,
				"retransmits":	16,
				"omitted":	false,
				"sender":	true
			}
		}, {
			"streams":	[{
					"socket":	7,
					"start":	36.000372,
					"end":	37.000133,
					"seconds":	0.99976098537445068,
					"bytes":	3407872,
					"bits_per_second":	27269493.8078514,
					"retransmits":	54,
					"snd_cwnd":	783368,
					"snd_wnd":	3809280,
					"rtt":	126480,
					"rttvar":	140,
					"pmtu":	1500,
					"omitted":	false,
					"sender":	true
				}],
			"sum":	{
				"start":	36.000372,
				"end":	37.000133,
				"seconds":	0.99976098537445068,
				"bytes":	3407872,
				"bits_per_second":	27269493.8078514,
				"retransmits":	54,
				"omitted":	false,
				"sender":	true
			}
		}, {
			"streams":	[{
					"socket":	7,
					"start":	37.000133,
					"end":	38.001149,
					"seconds":	1.0010160207748413,
					"bytes":	3276800,
					"bits_per_second":	26187792.658611614,
					"retransmits":	61,
					"snd_cwnd":	709520,
					"snd_wnd":	3813376,
					"rtt":	125469,
					"rttvar":	330,
					"pmtu":	1500,
					"omitted":	false,
					"sender":	true
				}],
			"sum":	{
				"start":	37.000133,
				"end":	38.001149,
				"seconds":	1.0010160207748413,
				"bytes":	3276800,
				"bits_per_second":	26187792.658611614,
				"retransmits":	61,
				"omitted":	false,
				"sender":	true
			}
		}, {
			"streams":	[{
					"socket":	7,
					"start":	38.001149,
					"end":	39.001047,
					"seconds":	0.99989801645278931,
					"bytes":	4063232,
					"bits_per_second":	32509171.400616314,
					"retransmits":	12,
					"snd_cwnd":	647256,
					"snd_wnd":	3764224,
					"rtt":	126603,
					"rttvar":	250,
					"pmtu":	1500,
					"omitted":	false,
					"sender":	true
				}],
			"sum":	{
				"start":	38.001149,
				"end":	39.001047,
				"seconds":	0.99989801645278931,
				"bytes":	4063232,
				"bits_per_second":	32509171.400616314,
				"retransmits":	12,
				"omitted":	false,
				"sender":	true
			}
		}, {
			"streams":	[{
					"socket":	7,
					"start":	39.001047,
					"end":	40.001032,
					"seconds":	0.9999849796295166,
					"bytes":	3801088,
					"bits_per_second":	30409160.756860659,
					"retransmits":	10,
					"snd_cwnd":	807984,
					"snd_wnd":	3813376,
					"rtt":	125469,
					"rttvar":	55,
					"pmtu":	1500,
					"omitted":	false,
					"sender":	true
				}],
			"sum":	{
				"start":	39.001047,
				"end":	40.001032,
				"seconds":	0.9999849796295166,
				"bytes":	3801088,
				"bits_per_second":	30409160.756860659,
				"retransmits":	10,
				"omitted":	false,
				"sender":	true
			}
		}, {
			"streams":	[{
					"socket":	7,
					"start":	40.001032,
					"end":	41.001029,
					"seconds":	0.99999701976776123,
					"bytes":	3932160,
					"bits_per_second":	31457373.7502794,
					"retransmits":	19,
					"snd_cwnd":	857216,
					"snd_wnd":	3813376,
					"rtt":	125879,
					"rttvar":	82,
					"pmtu":	1500,
					"omitted":	false,
					"sender":	true
				}],
			"sum":	{
				"start":	40.001032,
				"end":	41.001029,
				"seconds":	0.99999701976776123,
				"bytes":	3932160,
				"bits_per_second":	31457373.7502794,
				"retransmits":	19,
				"omitted":	false,
				"sender":	true
			}
		}, {
			"streams":	[{
					"socket":	7,
					"start":	41.001029,
					"end":	42.00103,
					"seconds":	1.0000009536743164,
					"bytes":	3670016,
					"bits_per_second":	29360100.0000267,
					"retransmits":	0,
					"snd_cwnd":	767440,
					"snd_wnd":	3813376,
					"rtt":	96258,
					"rttvar":	958,
					"pmtu":	1500,
					"omitted":	false,
					"sender":	true
				}],
			"sum":	{
				"start":	41.001029,
				"end":	42.00103,
				"seconds":	1.0000009536743164,
				"bytes":	3670016,
				"bits_per_second":	29360100.0000267,
				"retransmits":	0,
				"omitted":	false,
				"sender":	true
			}
		}, {
			"streams":	[{
					"socket":	7,
					"start":	42.00103,
					"end":	43.001029,
					"seconds":	0.99999898672103882,
					"bytes":	3932160,
					"bits_per_second":	31457311.8750323,
					"retransmits":	30,
					"snd_cwnd":	796400,
					"snd_wnd":	3809280,
					"rtt":	125253,
					"rttvar":	41,
					"pmtu":	1500,
					"omitted":	false,
					"sender":	true
				}],
			"sum":	{
				"start":	42.00103,
				"end":	43.001029,
				"seconds":	0.99999898672103882,
				"bytes":	3932160,
				"bits_per_second":	31457311.8750323,
				"retransmits":	30,
				"omitted":	false,
				"sender":	true
			}
		}, {
			"streams":	[{
					"socket":	7,
					"start":	43.001029,
					"end":	44.001032,
					"seconds":	1.0000029802322388,
					"bytes":	3670016,
					"bits_per_second":	29360040.50026077,
					"retransmits":	25,
					"snd_cwnd":	909344,
					"snd_wnd":	3809280,
					"rtt":	125809,
					"rttvar":	140,
					"pmtu":	1500,
					"omitted":	false,
					"sender":	true
				}],
			"sum":	{
				"start":	43.001029,
				"end":	44.001032,
				"seconds":	1.0000029802322388,
				"bytes":	3670016,
				"bits_per_second":	29360040.50026077,
				"retransmits":	25,
				"omitted":	false,
				"sender":	true
			}
		}, {
			"streams":	[{
					"socket":	7,
					"start":	44.001032,
					"end":	45.001051,
					"seconds":	1.0000189542770386,
					"bytes":	4456448,
					"bits_per_second":	35650908.2628081,
					"retransmits":	4,
					"snd_cwnd":	622640,
					"snd_wnd":	3813376,
					"rtt":	126235,
					"rttvar":	475,
					"pmtu":	1500,
					"omitted":	false,
					"sender":	true
				}],
			"sum":	{
				"start":	44.001032,
				"end":	45.001051,
				"seconds":	1.0000189542770386,
				"bytes":	4456448,
				"bits_per_second":	35650908.2628081,
				"retransmits":	4,
				"omitted":	false,
				"sender":	true
			}
		}, {
			"streams":	[{
					"socket":	7,
					"start":	45.001051,
					"end":	46.001051,
					"seconds":	1,
					"bytes":	4194304,
					"bits_per_second":	33554432,
					"retransmits":	10,
					"snd_cwnd":	816672,
					"snd_wnd":	3809280,
					"rtt":	125024,
					"rttvar":	208,
					"pmtu":	1500,
					"omitted":	false,
					"sender":	true
				}],
			"sum":	{
				"start":	45.001051,
				"end":	46.001051,
				"seconds":	1,
				"bytes":	4194304,
				"bits_per_second":	33554432,
				"retransmits":	10,
				"omitted":	false,
				"sender":	true
			}
		}, {
			"streams":	[{
					"socket":	7,
					"start":	46.001051,
					"end":	47.001042,
					"seconds":	0.999990999698639,
					"bytes":	3801088,
					"bits_per_second":	30408977.689963292,
					"retransmits":	21,
					"snd_cwnd":	574856,
					"snd_wnd":	3809280,
					"rtt":	126561,
					"rttvar":	67,
					"pmtu":	1500,
					"omitted":	false,
					"sender":	true
				}],
			"sum":	{
				"start":	46.001051,
				"end":	47.001042,
				"seconds":	0.999990999698639,
				"bytes":	3801088,
				"bits_per_second":	30408977.689963292,
				"retransmits":	21,
				"omitted":	false,
				"sender":	true
			}
		}, {
			"streams":	[{
					"socket":	7,
					"start":	47.001042,
					"end":	48.001027,
					"seconds":	0.9999849796295166,
					"bytes":	4194304,
					"bits_per_second":	33554936.007570378,
					"retransmits":	12,
					"snd_cwnd":	624088,
					"snd_wnd":	3809280,
					"rtt":	126403,
					"rttvar":	338,
					"pmtu":	1500,
					"omitted":	false,
					"sender":	true
				}],
			"sum":	{
				"start":	47.001042,
				"end":	48.001027,
				"seconds":	0.9999849796295166,
				"bytes":	4194304,
				"bits_per_second":	33554936.007570378,
				"retransmits":	12,
				"omitted":	false,
				"sender":	true
			}
		}, {
			"streams":	[{
					"socket":	7,
					"start":	48.001027,
					"end":	49.001031,
					"seconds":	1.0000040531158447,
					"bytes":	4587520,
					"bits_per_second":	36700011.2506029,
					"retransmits":	12,
					"snd_cwnd":	616848,
					"snd_wnd":	3809280,
					"rtt":	126778,
					"rttvar":	491,
					"pmtu":	1500,
					"omitted":	false,
					"sender":	true
				}],
			"sum":	{
				"start":	48.001027,
				"end":	49.001031,
				"seconds":	1.0000040531158447,
				"bytes":	4587520,
				"bits_per_second":	36700011.2506029,
				"retransmits":	12,
				"omitted":	false,
				"sender":	true
			}
		}, {
			"streams":	[{
					"socket":	7,
					"start":	49.001031,
					"end":	50.001052,
					"seconds":	1.0000209808349609,
					"bytes":	3407872,
					"bits_per_second":	27262404.012000784,
					"retransmits":	14,
					"snd_cwnd":	805088,
					"snd_wnd":	3813376,
					"rtt":	125371,
					"rttvar":	53,
					"pmtu":	1500,
					"omitted":	false,
					"sender":	true
				}],
			"sum":	{
				"start":	49.001031,
				"end":	50.001052,
				"seconds":	1.0000209808349609,
				"bytes":	3407872,
				"bits_per_second":	27262404.012000784,
				"retransmits":	14,
				"omitted":	false,
				"sender":	true
			}
		}, {
			"streams":	[{
					"socket":	7,
					"start":	50.001052,
					"end":	51.001115,
					"seconds":	1.0000629425048828,
					"bytes":	4194304,
					"bits_per_second":	33552320.1329262,
					"retransmits":	12,
					"snd_cwnd":	796400,
					"snd_wnd":	3809280,
					"rtt":	125293,
					"rttvar":	59,
					"pmtu":	1500,
					"omitted":	false,
					"sender":	true
				}],
			"sum":	{
				"start":	50.001052,
				"end":	51.001115,
				"seconds":	1.0000629425048828,
				"bytes":	4194304,
				"bits_per_second":	33552320.1329262,
				"retransmits":	12,
				"omitted":	false,
				"sender":	true
			}
		}, {
			"streams":	[{
					"socket":	7,
					"start":	51.001115,
					"end":	52.00107,
					"seconds":	0.99995499849319458,
					"bytes":	3145728,
					"bits_per_second":	25166956.5509665,
					"retransmits":	10,
					"snd_cwnd":	750064,
					"snd_wnd":	3809280,
					"rtt":	68912,
					"rttvar":	6362,
					"pmtu":	1500,
					"omitted":	false,
					"sender":	true
				}],
			"sum":	{
				"start":	51.001115,
				"end":	52.00107,
				"seconds":	0.99995499849319458,
				"bytes":	3145728,
				"bits_per_second":	25166956.5509665,
				"retransmits":	10,
				"omitted":	false,
				"sender":	true
			}
		}, {
			"streams":	[{
					"socket":	7,
					"start":	52.00107,
					"end":	53.001062,
					"seconds":	0.9999920129776,
					"bytes":	4325376,
					"bits_per_second":	34603284.377207428,
					"retransmits":	6,
					"snd_cwnd":	547344,
					"snd_wnd":	3809280,
					"rtt":	126735,
					"rttvar":	62,
					"pmtu":	1500,
					"omitted":	false,
					"sender":	true
				}],
			"sum":	{
				"start":	52.00107,
				"end":	53.001062,
				"seconds":	0.9999920129776,
				"bytes":	4325376,
				"bits_per_second":	34603284.377207428,
				"retransmits":	6,
				"omitted":	false,
				"sender":	true
			}
		}, {
			"streams":	[{
					"socket":	7,
					"start":	53.001062,
					"end":	54.001102,
					"seconds":	1.0000400543212891,
					"bytes":	4063232,
					"bits_per_second":	32504554.052148636,
					"retransmits":	20,
					"snd_cwnd":	454672,
					"snd_wnd":	3813376,
					"rtt":	126827,
					"rttvar":	244,
					"pmtu":	1500,
					"omitted":	false,
					"sender":	true
				}],
			"sum":	{
				"start":	53.001062,
				"end":	54.001102,
				"seconds":	1.0000400543212891,
				"bytes":	4063232,
				"bits_per_second":	32504554.052148636,
				"retransmits":	20,
				"omitted":	false,
				"sender":	true
			}
		}, {
			"streams":	[{
					"socket":	7,
					"start":	54.001102,
					"end":	55.001071,
					"seconds":	0.9999690055847168,
					"bytes":	3407872,
					"bits_per_second":	27263821.026191093,
					"retransmits":	29,
					"snd_cwnd":	644360,
					"snd_wnd":	3813376,
					"rtt":	126576,
					"rttvar":	156,
					"pmtu":	1500,
					"omitted":	false,
					"sender":	true
				}],
			"sum":	{
				"start":	54.001102,
				"end":	55.001071,
				"seconds":	0.9999690055847168,
				"bytes":	3407872,
				"bits_per_second":	27263821.026191093,
				"retransmits":	29,
				"omitted":	false,
				"sender":	true
			}
		}, {
			"streams":	[{
					"socket":	7,
					"start":	55.001071,
					"end":	56.001083,
					"seconds":	1.0000120401382446,
					"bytes":	10878976,
					"bits_per_second":	87030760.1376164,
					"retransmits":	4,
					"snd_cwnd":	946992,
					"snd_wnd":	5361664,
					"rtt":	125644,
					"rttvar":	41,
					"pmtu":	1500,
					"omitted":	false,
					"sender":	true
				}],
			"sum":	{
				"start":	55.001071,
				"end":	56.001083,
				"seconds":	1.0000120401382446,
				"bytes":	10878976,
				"bits_per_second":	87030760.1376164,
				"retransmits":	4,
				"omitted":	false,
				"sender":	true
			}
		}, {
			"streams":	[{
					"socket":	7,
					"start":	56.001083,
					"end":	57.001115,
					"seconds":	1.0000319480895996,
					"bytes":	7733248,
					"bits_per_second":	61864007.56314338,
					"retransmits":	28,
					"snd_cwnd":	823912,
					"snd_wnd":	5369856,
					"rtt":	126209,
					"rttvar":	441,
					"pmtu":	1500,
					"omitted":	false,
					"sender":	true
				}],
			"sum":	{
				"start":	56.001083,
				"end":	57.001115,
				"seconds":	1.0000319480895996,
				"bytes":	7733248,
				"bits_per_second":	61864007.56314338,
				"retransmits":	28,
				"omitted":	false,
				"sender":	true
			}
		}, {
			"streams":	[{
					"socket":	7,
					"start":	57.001115,
					"end":	58.001086,
					"seconds":	0.99997097253799438,
					"bytes":	5898240,
					"bits_per_second":	47187289.7272597,
					"retransmits":	44,
					"snd_cwnd":	1042560,
					"snd_wnd":	5201920,
					"rtt":	126482,
					"rttvar":	41,
					"pmtu":	1500,
					"omitted":	false,
					"sender":	true
				}],
			"sum":	{
				"start":	57.001115,
				"end":	58.001086,
				"seconds":	0.99997097253799438,
				"bytes":	5898240,
				"bits_per_second":	47187289.7272597,
				"retransmits":	44,
				"omitted":	false,
				"sender":	true
			}
		}, {
			"streams":	[{
					"socket":	7,
					"start":	58.001086,
					"end":	59.001094,
					"seconds":	1.0000079870224,
					"bytes":	9961472,
					"bits_per_second":	79691139.5050837,
					"retransmits":	21,
					"snd_cwnd":	910792,
					"snd_wnd":	9908224,
					"rtt":	125492,
					"rttvar":	69,
					"pmtu":	1500,
					"omitted":	false,
					"sender":	true
				}],
			"sum":	{
				"start":	58.001086,
				"end":	59.001094,
				"seconds":	1.0000079870224,
				"bytes":	9961472,
				"bits_per_second":	79691139.5050837,
				"retransmits":	21,
				"omitted":	false,
				"sender":	true
			}
		}, {
			"streams":	[{
					"socket":	7,
					"start":	59.001094,
					"end":	60.001074,
					"seconds":	0.99997997283935547,
					"bytes":	5373952,
					"bits_per_second":	42992477.017243728,
					"retransmits":	32,
					"snd_cwnd":	1048352,
					"snd_wnd":	11718656,
					"rtt":	126790,
					"rttvar":	234,
					"pmtu":	1500,
					"omitted":	false,
					"sender":	true
				}],
			"sum":	{
				"start":	59.001094,
				"end":	60.001074,
				"seconds":	0.99997997283935547,
				"bytes":	5373952,
				"bits_per_second":	42992477.017243728,
				"retransmits":	32,
				"omitted":	false,
				"sender":	true
			}
		}, {
			"streams":	[{
					"socket":	7,
					"start":	60.001074,
					"end":	61.00055,
					"seconds":	0.99947601556777954,
					"bytes":	12320768,
					"bits_per_second":	98617818.201477125,
					"retransmits":	38,
					"snd_cwnd":	1326368,
					"snd_wnd":	11714560,
					"rtt":	125339,
					"rttvar":	101,
					"pmtu":	1500,
					"omitted":	false,
					"sender":	true
				}],
			"sum":	{
				"start":	60.001074,
				"end":	61.00055,
				"seconds":	0.99947601556777954,
				"bytes":	12320768,
				"bits_per_second":	98617818.201477125,
				"retransmits":	38,
				"omitted":	false,
				"sender":	true
			}
		}, {
			"streams":	[{
					"socket":	7,
					"start":	61.00055,
					"end":	62.001059,
					"seconds":	1.0005090236663818,
					"bytes":	10092544,
					"bits_per_second":	80699274.159592927,
					"retransmits":	64,
					"snd_cwnd":	5792,
					"snd_wnd":	11718656,
					"rtt":	120289,
					"rttvar":	931,
					"pmtu":	1500,
					"omitted":	false,
					"sender":	true
				}],
			"sum":	{
				"start":	61.00055,
				"end":	62.001059,
				"seconds":	1.0005090236663818,
				"bytes":	10092544,
				"bits_per_second":	80699274.159592927,
				"retransmits":	64,
				"omitted":	false,
				"sender":	true
			}
		}, {
			"streams":	[{
					"socket":	7,
					"start":	62.001059,
					"end":	63.001061,
					"seconds":	1.0000020265579224,
					"bytes":	5242880,
					"bits_per_second":	41942955.000172257,
					"retransmits":	0,
					"snd_cwnd":	1479856,
					"snd_wnd":	11718656,
					"rtt":	122859,
					"rttvar":	816,
					"pmtu":	1500,
					"omitted":	false,
					"sender":	true
				}],
			"sum":	{
				"start":	62.001059,
				"end":	63.001061,
				"seconds":	1.0000020265579224,
				"bytes":	5242880,
				"bits_per_second":	41942955.000172257,
				"retransmits":	0,
				"omitted":	false,
				"sender":	true
			}
		}, {
			"streams":	[{
					"socket":	7,
					"start":	63.001061,
					"end":	64.001075,
					"seconds":	1.0000139474868774,
					"bytes":	10747904,
					"bits_per_second":	85982032.7667263,
					"retransmits":	73,
					"snd_cwnd":	1476960,
					"snd_wnd":	10739712,
					"rtt":	126564,
					"rttvar":	378,
					"pmtu":	1500,
					"omitted":	false,
					"sender":	true
				}],
			"sum":	{
				"start":	63.001061,
				"end":	64.001075,
				"seconds":	1.0000139474868774,
				"bytes":	10747904,
				"bits_per_second":	85982032.7667263,
				"retransmits":	73,
				"omitted":	false,
				"sender":	true
			}
		}, {
			"streams":	[{
					"socket":	7,
					"start":	64.001075,
					"end":	65.00114,
					"seconds":	1.0000649690628052,
					"bytes":	11796480,
					"bits_per_second":	94365709.1483157,
					"retransmits":	94,
					"snd_cwnd":	1443656,
					"snd_wnd":	11710464,
					"rtt":	126882,
					"rttvar":	172,
					"pmtu":	1500,
					"omitted":	false,
					"sender":	true
				}],
			"sum":	{
				"start":	64.001075,
				"end":	65.00114,
				"seconds":	1.0000649690628052,
				"bytes":	11796480,
				"bits_per_second":	94365709.1483157,
				"retransmits":	94,
				"omitted":	false,
				"sender":	true
			}
		}, {
			"streams":	[{
					"socket":	7,
					"start":	65.00114,
					"end":	66.001079,
					"seconds":	0.99993902444839478,
					"bytes":	12451840,
					"bits_per_second":	99620794.4328919,
					"retransmits":	56,
					"snd_cwnd":	1560944,
					"snd_wnd":	11718656,
					"rtt":	125768,
					"rttvar":	303,
					"pmtu":	1500,
					"omitted":	false,
					"sender":	true
				}],
			"sum":	{
				"start":	65.00114,
				"end":	66.001079,
				"seconds":	0.99993902444839478,
				"bytes":	12451840,
				"bits_per_second":	99620794.4328919,
				"retransmits":	56,
				"omitted":	false,
				"sender":	true
			}
		}, {
			"streams":	[{
					"socket":	7,
					"start":	66.001079,
					"end":	67.001074,
					"seconds":	0.999994993209839,
					"bytes":	11272192,
					"bits_per_second":	90177987.5022606,
					"retransmits":	36,
					"snd_cwnd":	1607280,
					"snd_wnd":	11718656,
					"rtt":	125244,
					"rttvar":	82,
					"pmtu":	1500,
					"omitted":	false,
					"sender":	true
				}],
			"sum":	{
				"start":	66.001079,
				"end":	67.001074,
				"seconds":	0.999994993209839,
				"bytes":	11272192,
				"bits_per_second":	90177987.5022606,
				"retransmits":	36,
				"omitted":	false,
				"sender":	true
			}
		}, {
			"streams":	[{
					"socket":	7,
					"start":	67.001074,
					"end":	68.001086,
					"seconds":	1.0000120401382446,
					"bytes":	9961472,
					"bits_per_second":	79690816.5115524,
					"retransmits":	38,
					"snd_cwnd":	1629000,
					"snd_wnd":	11227136,
					"rtt":	126327,
					"rttvar":	251,
					"pmtu":	1500,
					"omitted":	false,
					"sender":	true
				}],
			"sum":	{
				"start":	67.001074,
				"end":	68.001086,
				"seconds":	1.0000120401382446,
				"bytes":	9961472,
				"bits_per_second":	79690816.5115524,
				"retransmits":	38,
				"omitted":	false,
				"sender":	true
			}
		}, {
			"streams":	[{
					"socket":	7,
					"start":	68.001086,
					"end":	69.001093,
					"seconds":	1.0000070333480835,
					"bytes":	15335424,
					"bits_per_second":	122682529.13106886,
					"retransmits":	55,
					"snd_cwnd":	1917152,
					"snd_wnd":	11718656,
					"rtt":	125558,
					"rttvar":	110,
					"pmtu":	1500,
					"omitted":	false,
					"sender":	true
				}],
			"sum":	{
				"start":	68.001086,
				"end":	69.001093,
				"seconds":	1.0000070333480835,
				"bytes":	15335424,
				"bits_per_second":	122682529.13106886,
				"retransmits":	55,
				"omitted":	false,
				"sender":	true
			}
		}, {
			"streams":	[{
					"socket":	7,
					"start":	69.001093,
					"end":	70.001057,
					"seconds":	0.99996399879455566,
					"bytes":	11927552,
					"bits_per_second":	95423851.3736776,
					"retransmits":	87,
					"snd_cwnd":	1993896,
					"snd_wnd":	11718656,
					"rtt":	126664,
					"rttvar":	249,
					"pmtu":	1500,
					"omitted":	false,
					"sender":	true
				}],
			"sum":	{
				"start":	69.001093,
				"end":	70.001057,
				"seconds":	0.99996399879455566,
				"bytes":	11927552,
				"bits_per_second":	95423851.3736776,
				"retransmits":	87,
				"omitted":	false,
				"sender":	true
			}
		}, {
			"streams":	[{
					"socket":	7,
					"start":	70.001057,
					"end":	71.001074,
					"seconds":	1.0000170469284058,
					"bytes":	17301504,
					"bits_per_second":	138409672.54022154,
					"retransmits":	98,
					"snd_cwnd":	2227024,
					"snd_wnd":	11210752,
					"rtt":	126498,
					"rttvar":	502,
					"pmtu":	1500,
					"omitted":	false,
					"sender":	true
				}],
			"sum":	{
				"start":	70.001057,
				"end":	71.001074,
				"seconds":	1.0000170469284058,
				"bytes":	17301504,
				"bits_per_second":	138409672.54022154,
				"retransmits":	98,
				"omitted":	false,
				"sender":	true
			}
		}, {
			"streams":	[{
					"socket":	7,
					"start":	71.001074,
					"end":	72.0011,
					"seconds":	1.0000259876251221,
					"bytes":	16646144,
					"bits_per_second":	133165691.33993433,
					"retransmits":	178,
					"snd_cwnd":	2368928,
					"snd_wnd":	11718656,
					"rtt":	125454,
					"rttvar":	83,
					"pmtu":	1500,
					"omitted":	false,
					"sender":	true
				}],
			"sum":	{
				"start":	71.001074,
				"end":	72.0011,
				"seconds":	1.0000259876251221,
				"bytes":	16646144,
				"bits_per_second":	133165691.33993433,
				"retransmits":	178,
				"omitted":	false,
				"sender":	true
			}
		}, {
			"streams":	[{
					"socket":	7,
					"start":	72.0011,
					"end":	73.001079,
					"seconds":	0.999979019165039,
					"bytes":	10747904,
					"bits_per_second":	85985036.0378502,
					"retransmits":	23,
					"snd_cwnd":	2403680,
					"snd_wnd":	11718656,
					"rtt":	87509,
					"rttvar":	638,
					"pmtu":	1500,
					"omitted":	false,
					"sender":	true
				}],
			"sum":	{
				"start":	72.0011,
				"end":	73.001079,
				"seconds":	0.999979019165039,
				"bytes":	10747904,
				"bits_per_second":	85985036.0378502,
				"retransmits":	23,
				"omitted":	false,
				"sender":	true
			}
		}, {
			"streams":	[{
					"socket":	7,
					"start":	73.001079,
					"end":	74.001067,
					"seconds":	0.9999880194664,
					"bytes":	17563648,
					"bits_per_second":	140510867.395168,
					"retransmits":	285,
					"snd_cwnd":	2093808,
					"snd_wnd":	11698176,
					"rtt":	126731,
					"rttvar":	93,
					"pmtu":	1500,
					"omitted":	false,
					"sender":	true
				}],
			"sum":	{
				"start":	73.001079,
				"end":	74.001067,
				"seconds":	0.9999880194664,
				"bytes":	17563648,
				"bits_per_second":	140510867.395168,
				"retransmits":	285,
				"omitted":	false,
				"sender":	true
			}
		}, {
			"streams":	[{
					"socket":	7,
					"start":	74.001067,
					"end":	75.001064,
					"seconds":	0.99999701976776123,
					"bytes":	18087936,
					"bits_per_second":	144703919.25128523,
					"retransmits":	278,
					"snd_cwnd":	2591920,
					"snd_wnd":	10797056,
					"rtt":	126541,
					"rttvar":	86,
					"pmtu":	1500,
					"omitted":	false,
					"sender":	true
				}],
			"sum":	{
				"start":	74.001067,
				"end":	75.001064,
				"seconds":	0.99999701976776123,
				"bytes":	18087936,
				"bits_per_second":	144703919.25128523,
				"retransmits":	278,
				"omitted":	false,
				"sender":	true
			}
		}, {
			"streams":	[{
					"socket":	7,
					"start":	75.001064,
					"end":	76.00108,
					"seconds":	1.0000159740448,
					"bytes":	19136512,
					"bits_per_second":	153089650.5390639,
					"retransmits":	252,
					"snd_cwnd":	2765680,
					"snd_wnd":	11067392,
					"rtt":	126572,
					"rttvar":	68,
					"pmtu":	1500,
					"omitted":	false,
					"sender":	true
				}],
			"sum":	{
				"start":	75.001064,
				"end":	76.00108,
				"seconds":	1.0000159740448,
				"bytes":	19136512,
				"bits_per_second":	153089650.5390639,
				"retransmits":	252,
				"omitted":	false,
				"sender":	true
			}
		}, {
			"streams":	[{
					"socket":	7,
					"start":	76.00108,
					"end":	77.001064,
					"seconds":	0.9999840259552002,
					"bytes":	17563648,
					"bits_per_second":	140511428.53585431,
					"retransmits":	202,
					"snd_cwnd":	2994464,
					"snd_wnd":	10940416,
					"rtt":	126696,
					"rttvar":	69,
					"pmtu":	1500,
					"omitted":	false,
					"sender":	true
				}],
			"sum":	{
				"start":	76.00108,
				"end":	77.001064,
				"seconds":	0.9999840259552002,
				"bytes":	17563648,
				"bits_per_second":	140511428.53585431,
				"retransmits":	202,
				"omitted":	false,
				"sender":	true
			}
		}, {
			"streams":	[{
					"socket":	7,
					"start":	77.001064,
					"end":	78.001065,
					"seconds":	1.0000009536743164,
					"bytes":	21889024,
					"bits_per_second":	175112025.00015926,
					"retransmits":	292,
					"snd_cwnd":	3278272,
					"snd_wnd":	14012416,
					"rtt":	126703,
					"rttvar":	120,
					"pmtu":	1500,
					"omitted":	false,
					"sender":	true
				}],
			"sum":	{
				"start":	77.001064,
				"end":	78.001065,
				"seconds":	1.0000009536743164,
				"bytes":	21889024,
				"bits_per_second":	175112025.00015926,
				"retransmits":	292,
				"omitted":	false,
				"sender":	true
			}
		}, {
			"streams":	[{
					"socket":	7,
					"start":	78.001065,
					"end":	79.00107,
					"seconds":	1.0000050067901611,
					"bytes":	22806528,
					"bits_per_second":	182451310.50457367,
					"retransmits":	223,
					"snd_cwnd":	3622896,
					"snd_wnd":	14192640,
					"rtt":	126658,
					"rttvar":	274,
					"pmtu":	1500,
					"omitted":	false,
					"sender":	true
				}],
			"sum":	{
				"start":	78.001065,
				"end":	79.00107,
				"seconds":	1.0000050067901611,
				"bytes":	22806528,
				"bits_per_second":	182451310.50457367,
				"retransmits":	223,
				"omitted":	false,
				"sender":	true
			}
		}, {
			"streams":	[{
					"socket":	7,
					"start":	79.00107,
					"end":	80.001058,
					"seconds":	0.9999880194664,
					"bytes":	24510464,
					"bits_per_second":	196086061.21564487,
					"retransmits":	431,
					"snd_cwnd":	3478096,
					"snd_wnd":	15204352,
					"rtt":	126497,
					"rttvar":	77,
					"pmtu":	1500,
					"omitted":	false,
					"sender":	true
				}],
			"sum":	{
				"start":	79.00107,
				"end":	80.001058,
				"seconds":	0.9999880194664,
				"bytes":	24510464,
				"bits_per_second":	196086061.21564487,
				"retransmits":	431,
				"omitted":	false,
				"sender":	true
			}
		}, {
			"streams":	[{
					"socket":	7,
					"start":	80.001058,
					"end":	81.001074,
					"seconds":	1.0000159740448,
					"bytes":	25296896,
					"bits_per_second":	202371935.30163926,
					"retransmits":	246,
					"snd_cwnd":	3635928,
					"snd_wnd":	15200256,
					"rtt":	126621,
					"rttvar":	96,
					"pmtu":	1500,
					"omitted":	false,
					"sender":	true
				}],
			"sum":	{
				"start":	80.001058,
				"end":	81.001074,
				"seconds":	1.0000159740448,
				"bytes":	25296896,
				"bits_per_second":	202371935.30163926,
				"retransmits":	246,
				"omitted":	false,
				"sender":	true
			}
		}, {
			"streams":	[{
					"socket":	7,
					"start":	81.001074,
					"end":	82.001065,
					"seconds":	0.999990999698639,
					"bytes":	21626880,
					"bits_per_second":	173016597.20151529,
					"retransmits":	550,
					"snd_cwnd":	4462736,
					"snd_wnd":	13774848,
					"rtt":	125860,
					"rttvar":	433,
					"pmtu":	1500,
					"omitted":	false,
					"sender":	true
				}],
			"sum":	{
				"start":	81.001074,
				"end":	82.001065,
				"seconds":	0.999990999698639,
				"bytes":	21626880,
				"bits_per_second":	173016597.20151529,
				"retransmits":	550,
				"omitted":	false,
				"sender":	true
			}
		}, {
			"streams":	[{
					"socket":	7,
					"start":	82.001065,
					"end":	83.001077,
					"seconds":	1.0000120401382446,
					"bytes":	20447232,
					"bits_per_second":	163575886.52371275,
					"retransmits":	601,
					"snd_cwnd":	5792,
					"snd_wnd":	15204352,
					"rtt":	96263,
					"rttvar":	6556,
					"pmtu":	1500,
					"omitted":	false,
					"sender":	true
				}],
			"sum":	{
				"start":	82.001065,
				"end":	83.001077,
				"seconds":	1.0000120401382446,
				"bytes":	20447232,
				"bits_per_second":	163575886.52371275,
				"retransmits":	601,
				"omitted":	false,
				"sender":	true
			}
		}, {
			"streams":	[{
					"socket":	7,
					"start":	83.001077,
					"end":	84.001093,
					"seconds":	1.0000159740448,
					"bytes":	23592960,
					"bits_per_second":	188740665.048161,
					"retransmits":	189,
					"snd_cwnd":	4332416,
					"snd_wnd":	13631488,
					"rtt":	120986,
					"rttvar":	944,
					"pmtu":	1500,
					"omitted":	false,
					"sender":	true
				}],
			"sum":	{
				"start":	83.001077,
				"end":	84.001093,
				"seconds":	1.0000159740448,
				"bytes":	23592960,
				"bits_per_second":	188740665.048161,
				"retransmits":	189,
				"omitted":	false,
				"sender":	true
			}
		}, {
			"streams":	[{
					"socket":	7,
					"start":	84.001093,
					"end":	85.001082,
					"seconds":	0.99998897314071655,
					"bytes":	20447232,
					"bits_per_second":	163579659.76988992,
					"retransmits":	758,
					"snd_cwnd":	4561200,
					"snd_wnd":	13205504,
					"rtt":	125674,
					"rttvar":	407,
					"pmtu":	1500,
					"omitted":	false,
					"sender":	true
				}],
			"sum":	{
				"start":	84.001093,
				"end":	85.001082,
				"seconds":	0.99998897314071655,
				"bytes":	20447232,
				"bits_per_second":	163579659.76988992,
				"retransmits":	758,
				"omitted":	false,
				"sender":	true
			}
		}, {
			"streams":	[{
					"socket":	7,
					"start":	85.001082,
					"end":	86.001107,
					"seconds":	1.0000250339508057,
					"bytes":	19136512,
					"bits_per_second":	153088263.5959402,
					"retransmits":	600,
					"snd_cwnd":	4818944,
					"snd_wnd":	14209024,
					"rtt":	126693,
					"rttvar":	136,
					"pmtu":	1500,
					"omitted":	false,
					"sender":	true
				}],
			"sum":	{
				"start":	85.001082,
				"end":	86.001107,
				"seconds":	1.0000250339508057,
				"bytes":	19136512,
				"bits_per_second":	153088263.5959402,
				"retransmits":	600,
				"omitted":	false,
				"sender":	true
			}
		}, {
			"streams":	[{
					"socket":	7,
					"start":	86.001107,
					"end":	87.001096,
					"seconds":	0.99998897314071655,
					"bytes":	24641536,
					"bits_per_second":	197134461.77396989,
					"retransmits":	284,
					"snd_cwnd":	4100736,
					"snd_wnd":	16961536,
					"rtt":	126602,
					"rttvar":	262,
					"pmtu":	1500,
					"omitted":	false,
					"sender":	true
				}],
			"sum":	{
				"start":	86.001107,
				"end":	87.001096,
				"seconds":	0.99998897314071655,
				"bytes":	24641536,
				"bits_per_second":	197134461.77396989,
				"retransmits":	284,
				"omitted":	false,
				"sender":	true
			}
		}, {
			"streams":	[{
					"socket":	7,
					"start":	87.001096,
					"end":	88.001079,
					"seconds":	0.999983012676239,
					"bytes":	24510464,
					"bits_per_second":	196087042.99408469,
					"retransmits":	425,
					"snd_cwnd":	5075240,
					"snd_wnd":	16732160,
					"rtt":	126488,
					"rttvar":	163,
					"pmtu":	1500,
					"omitted":	false,
					"sender":	true
				}],
			"sum":	{
				"start":	87.001096,
				"end":	88.001079,
				"seconds":	0.999983012676239,
				"bytes":	24510464,
				"bits_per_second":	196087042.99408469,
				"retransmits":	425,
				"omitted":	false,
				"sender":	true
			}
		}, {
			"streams":	[{
					"socket":	7,
					"start":	88.001079,
					"end":	89.001077,
					"seconds":	0.99999797344207764,
					"bytes":	23199744,
					"bits_per_second":	185598328.12576225,
					"retransmits":	679,
					"snd_cwnd":	5157776,
					"snd_wnd":	15532032,
					"rtt":	125845,
					"rttvar":	485,
					"pmtu":	1500,
					"omitted":	false,
					"sender":	true
				}],
			"sum":	{
				"start":	88.001079,
				"end":	89.001077,
				"seconds":	0.99999797344207764,
				"bytes":	23199744,
				"bits_per_second":	185598328.12576225,
				"retransmits":	679,
				"omitted":	false,
				"sender":	true
			}
		}, {
			"streams":	[{
					"socket":	7,
					"start":	89.001077,
					"end":	90.001082,
					"seconds":	1.0000050067901611,
					"bytes":	30277632,
					"bits_per_second":	242219843.25607195,
					"retransmits":	645,
					"snd_cwnd":	5039040,
					"snd_wnd":	18329600,
					"rtt":	126736,
					"rttvar":	341,
					"pmtu":	1500,
					"omitted":	false,
					"sender":	true
				}],
			"sum":	{
				"start":	89.001077,
				"end":	90.001082,
				"seconds":	1.0000050067901611,
				"bytes":	30277632,
				"bits_per_second":	242219843.25607195,
				"retransmits":	645,
				"omitted":	false,
				"sender":	true
			}
		}, {
			"streams":	[{
					"socket":	7,
					"start":	90.001082,
					"end":	91.001084,
					"seconds":	1.0000020265579224,
					"bytes":	20316160,
					"bits_per_second":	162528950.62566748,
					"retransmits":	460,
					"snd_cwnd":	4328072,
					"snd_wnd":	18321408,
					"rtt":	126598,
					"rttvar":	166,
					"pmtu":	1500,
					"omitted":	false,
					"sender":	true
				}],
			"sum":	{
				"start":	90.001082,
				"end":	91.001084,
				"seconds":	1.0000020265579224,
				"bytes":	20316160,
				"bits_per_second":	162528950.62566748,
				"retransmits":	460,
				"omitted":	false,
				"sender":	true
			}
		}, {
			"streams":	[{
					"socket":	7,
					"start":	91.001084,
					"end":	92.001061,
					"seconds":	0.9999769926071167,
					"bytes":	27000832,
					"bits_per_second":	216011625.86434361,
					"retransmits":	502,
					"snd_cwnd":	5153432,
					"snd_wnd":	16080896,
					"rtt":	126383,
					"rttvar":	430,
					"pmtu":	1500,
					"omitted":	false,
					"sender":	true
				}],
			"sum":	{
				"start":	91.001084,
				"end":	92.001061,
				"seconds":	0.9999769926071167,
				"bytes":	27000832,
				"bits_per_second":	216011625.86434361,
				"retransmits":	502,
				"omitted":	false,
				"sender":	true
			}
		}, {
			"streams":	[{
					"socket":	7,
					"start":	92.001061,
					"end":	93.001085,
					"seconds":	1.0000239610672,
					"bytes":	22675456,
					"bits_per_second":	181399301.47914729,
					"retransmits":	443,
					"snd_cwnd":	4915960,
					"snd_wnd":	18329600,
					"rtt":	127170,
					"rttvar":	119,
					"pmtu":	1500,
					"omitted":	false,
					"sender":	true
				}],
			"sum":	{
				"start":	92.001061,
				"end":	93.001085,
				"seconds":	1.0000239610672,
				"bytes":	22675456,
				"bits_per_second":	181399301.47914729,
				"retransmits":	443,
				"omitted":	false,
				"sender":	true
			}
		}, {
			"streams":	[{
					"socket":	7,
					"start":	93.001085,
					"end":	94.000363,
					"seconds":	0.99927800893783569,
					"bytes":	26345472,
					"bits_per_second":	210916055.506943,
					"retransmits":	19,
					"snd_cwnd":	5441584,
					"snd_wnd":	18292736,
					"rtt":	112086,
					"rttvar":	702,
					"pmtu":	1500,
					"omitted":	false,
					"sender":	true
				}],
			"sum":	{
				"start":	93.001085,
				"end":	94.000363,
				"seconds":	0.99927800893783569,
				"bytes":	26345472,
				"bits_per_second":	210916055.506943,
				"retransmits":	19,
				"omitted":	false,
				"sender":	true
			}
		}, {
			"streams":	[{
					"socket":	7,
					"start":	94.000363,
					"end":	95.000518,
					"seconds":	1.000154972076416,
					"bytes":	26476544,
					"bits_per_second":	211779532.0861702,
					"retransmits":	561,
					"snd_cwnd":	6026576,
					"snd_wnd":	16125952,
					"rtt":	126250,
					"rttvar":	227,
					"pmtu":	1500,
					"omitted":	false,
					"sender":	true
				}],
			"sum":	{
				"start":	94.000363,
				"end":	95.000518,
				"seconds":	1.000154972076416,
				"bytes":	26476544,
				"bits_per_second":	211779532.0861702,
				"retransmits":	561,
				"omitted":	false,
				"sender":	true
			}
		}, {
			"streams":	[{
					"socket":	7,
					"start":	95.000518,
					"end":	96.00033,
					"seconds":	0.99981200695037842,
					"bytes":	22282240,
					"bits_per_second":	178291437.55106664,
					"retransmits":	895,
					"snd_cwnd":	5487920,
					"snd_wnd":	16269312,
					"rtt":	126160,
					"rttvar":	205,
					"pmtu":	1500,
					"omitted":	false,
					"sender":	true
				}],
			"sum":	{
				"start":	95.000518,
				"end":	96.00033,
				"seconds":	0.99981200695037842,
				"bytes":	22282240,
				"bits_per_second":	178291437.55106664,
				"retransmits":	895,
				"omitted":	false,
				"sender":	true
			}
		}, {
			"streams":	[{
					"socket":	7,
					"start":	96.00033,
					"end":	97.001082,
					"seconds":	1.0007519721984863,
					"bytes":	26476544,
					"bits_per_second":	211653194.68187842,
					"retransmits":	532,
					"snd_cwnd":	5696432,
					"snd_wnd":	18329600,
					"rtt":	126906,
					"rttvar":	241,
					"pmtu":	1500,
					"omitted":	false,
					"sender":	true
				}],
			"sum":	{
				"start":	96.00033,
				"end":	97.001082,
				"seconds":	1.0007519721984863,
				"bytes":	26476544,
				"bits_per_second":	211653194.68187842,
				"retransmits":	532,
				"omitted":	false,
				"sender":	true
			}
		}, {
			"streams":	[{
					"socket":	7,
					"start":	97.001082,
					"end":	98.001072,
					"seconds":	0.99998998641967773,
					"bytes":	22806528,
					"bits_per_second":	182454051.018295,
					"retransmits":	792,
					"snd_cwnd":	5731184,
					"snd_wnd":	14974976,
					"rtt":	126211,
					"rttvar":	128,
					"pmtu":	1500,
					"omitted":	false,
					"sender":	true
				}],
			"sum":	{
				"start":	97.001082,
				"end":	98.001072,
				"seconds":	0.99998998641967773,
				"bytes":	22806528,
				"bits_per_second":	182454051.018295,
				"retransmits":	792,
				"omitted":	false,
				"sender":	true
			}
		}, {
			"streams":	[{
					"socket":	7,
					"start":	98.001072,
					"end":	99.001087,
					"seconds":	1.0000150203704834,
					"bytes":	26083328,
					"bits_per_second":	208663489.79707688,
					"retransmits":	804,
					"snd_cwnd":	5734080,
					"snd_wnd":	18329600,
					"rtt":	126798,
					"rttvar":	115,
					"pmtu":	1500,
					"omitted":	false,
					"sender":	true
				}],
			"sum":	{
				"start":	98.001072,
				"end":	99.001087,
				"seconds":	1.0000150203704834,
				"bytes":	26083328,
				"bits_per_second":	208663489.79707688,
				"retransmits":	804,
				"omitted":	false,
				"sender":	true
			}
		}, {
			"streams":	[{
					"socket":	7,
					"start":	99.001087,
					"end":	100.001062,
					"seconds":	0.999975025653839,
					"bytes":	20185088,
					"bits_per_second":	161484736.97572094,
					"retransmits":	826,
					"snd_cwnd":	5710912,
					"snd_wnd":	17203200,
					"rtt":	126258,
					"rttvar":	541,
					"pmtu":	1500,
					"omitted":	false,
					"sender":	true
				}],
			"sum":	{
				"start":	99.001087,
				"end":	100.001062,
				"seconds":	0.999975025653839,
				"bytes":	20185088,
				"bits_per_second":	161484736.97572094,
				"retransmits":	826,
				"omitted":	false,
				"sender":	true
			}
		}, {
			"streams":	[{
					"socket":	7,
					"start":	100.001062,
					"end":	101.001083,
					"seconds":	1.0000209808349609,
					"bytes":	22413312,
					"bits_per_second":	179302734.07892823,
					"retransmits":	1040,
					"snd_cwnd":	5482128,
					"snd_wnd":	16986112,
					"rtt":	126591,
					"rttvar":	140,
					"pmtu":	1500,
					"omitted":	false,
					"sender":	true
				}],
			"sum":	{
				"start":	100.001062,
				"end":	101.001083,
				"seconds":	1.0000209808349609,
				"bytes":	22413312,
				"bits_per_second":	179302734.07892823,
				"retransmits":	1040,
				"omitted":	false,
				"sender":	true
			}
		}, {
			"streams":	[{
					"socket":	7,
					"start":	101.001083,
					"end":	102.00107,
					"seconds":	0.999987006187439,
					"bytes":	19136512,
					"bits_per_second":	153094085.27584827,
					"retransmits":	592,
					"snd_cwnd":	4697312,
					"snd_wnd":	17571840,
					"rtt":	126463,
					"rttvar":	157,
					"pmtu":	1500,
					"omitted":	false,
					"sender":	true
				}],
			"sum":	{
				"start":	101.001083,
				"end":	102.00107,
				"seconds":	0.999987006187439,
				"bytes":	19136512,
				"bits_per_second":	153094085.27584827,
				"retransmits":	592,
				"omitted":	false,
				"sender":	true
			}
		}, {
			"streams":	[{
					"socket":	7,
					"start":	102.00107,
					"end":	103.00111,
					"seconds":	1.0000400543212891,
					"bytes":	25427968,
					"bits_per_second":	203415596.32634953,
					"retransmits":	661,
					"snd_cwnd":	5163568,
					"snd_wnd":	15659008,
					"rtt":	120001,
					"rttvar":	1341,
					"pmtu":	1500,
					"omitted":	false,
					"sender":	true
				}],
			"sum":	{
				"start":	102.00107,
				"end":	103.00111,
				"seconds":	1.0000400543212891,
				"bytes":	25427968,
				"bits_per_second":	203415596.32634953,
				"retransmits":	661,
				"omitted":	false,
				"sender":	true
			}
		}, {
			"streams":	[{
					"socket":	7,
					"start":	103.00111,
					"end":	104.001049,
					"seconds":	0.99993902444839478,
					"bytes":	21889024,
					"bits_per_second":	175122870.21361,
					"retransmits":	357,
					"snd_cwnd":	4923200,
					"snd_wnd":	18329600,
					"rtt":	75522,
					"rttvar":	482,
					"pmtu":	1500,
					"omitted":	false,
					"sender":	true
				}],
			"sum":	{
				"start":	103.00111,
				"end":	104.001049,
				"seconds":	0.99993902444839478,
				"bytes":	21889024,
				"bits_per_second":	175122870.21361,
				"retransmits":	357,
				"omitted":	false,
				"sender":	true
			}
		}, {
			"streams":	[{
					"socket":	7,
					"start":	104.001049,
					"end":	105.000062,
					"seconds":	0.99901300668716431,
					"bytes":	27262976,
					"bits_per_second":	218319287.67700025,
					"retransmits":	665,
					"snd_cwnd":	5754352,
					"snd_wnd":	17219584,
					"rtt":	120486,
					"rttvar":	1192,
					"pmtu":	1500,
					"omitted":	false,
					"sender":	true
				}],
			"sum":	{
				"start":	104.001049,
				"end":	105.000062,
				"seconds":	0.99901300668716431,
				"bytes":	27262976,
				"bits_per_second":	218319287.67700025,
				"retransmits":	665,
				"omitted":	false,
				"sender":	true
			}
		}, {
			"streams":	[{
					"socket":	7,
					"start":	105.000062,
					"end":	106.000391,
					"seconds":	1.00032901763916,
					"bytes":	20840448,
					"bits_per_second":	166668747.04232636,
					"retransmits":	902,
					"snd_cwnd":	4821840,
					"snd_wnd":	18321408,
					"rtt":	126694,
					"rttvar":	107,
					"pmtu":	1500,
					"omitted":	false,
					"sender":	true
				}],
			"sum":	{
				"start":	105.000062,
				"end":	106.000391,
				"seconds":	1.00032901763916,
				"bytes":	20840448,
				"bits_per_second":	166668747.04232636,
				"retransmits":	902,
				"omitted":	false,
				"sender":	true
			}
		}, {
			"streams":	[{
					"socket":	7,
					"start":	106.000391,
					"end":	107.000174,
					"seconds":	0.9997829794883728,
					"bytes":	25690112,
					"bits_per_second":	205565507.93170425,
					"retransmits":	1056,
					"snd_cwnd":	5264928,
					"snd_wnd":	15876096,
					"rtt":	126401,
					"rttvar":	330,
					"pmtu":	1500,
					"omitted":	false,
					"sender":	true
				}],
			"sum":	{
				"start":	106.000391,
				"end":	107.000174,
				"seconds":	0.9997829794883728,
				"bytes":	25690112,
				"bits_per_second":	205565507.93170425,
				"retransmits":	1056,
				"omitted":	false,
				"sender":	true
			}
		}, {
			"streams":	[{
					"socket":	7,
					"start":	107.000174,
					"end":	108.000066,
					"seconds":	0.999891996383667,
					"bytes":	24772608,
					"bits_per_second":	198202270.56198612,
					"retransmits":	689,
					"snd_cwnd":	5461856,
					"snd_wnd":	15646720,
					"rtt":	126463,
					"rttvar":	243,
					"pmtu":	1500,
					"omitted":	false,
					"sender":	true
				}],
			"sum":	{
				"start":	107.000174,
				"end":	108.000066,
				"seconds":	0.999891996383667,
				"bytes":	24772608,
				"bits_per_second":	198202270.56198612,
				"retransmits":	689,
				"omitted":	false,
				"sender":	true
			}
		}, {
			"streams":	[{
					"socket":	7,
					"start":	108.000066,
					"end":	109.001057,
					"seconds":	1.0009909868240356,
					"bytes":	22675456,
					"bits_per_second":	181224057.34697089,
					"retransmits":	799,
					"snd_cwnd":	4818944,
					"snd_wnd":	15912960,
					"rtt":	126588,
					"rttvar":	359,
					"pmtu":	1500,
					"omitted":	false,
					"sender":	true
				}],
			"sum":	{
				"start":	108.000066,
				"end":	109.001057,
				"seconds":	1.0009909868240356,
				"bytes":	22675456,
				"bits_per_second":	181224057.34697089,
				"retransmits":	799,
				"omitted":	false,
				"sender":	true
			}
		}, {
			"streams":	[{
					"socket":	7,
					"start":	109.001057,
					"end":	110.001063,
					"seconds":	1.0000059604644775,
					"bytes":	118358016,
					"bits_per_second":	946858484.28363919,
					"retransmits":	292,
					"snd_cwnd":	10373472,
					"snd_wnd":	18268160,
					"rtt":	60873,
					"rttvar":	43,
					"pmtu":	1500,
					"omitted":	false,
					"sender":	true
				}],
			"sum":	{
				"start":	109.001057,
				"end":	110.001063,
				"seconds":	1.0000059604644775,
				"bytes":	118358016,
				"bits_per_second":	946858484.28363919,
				"retransmits":	292,
				"omitted":	false,
				"sender":	true
			}
		}, {
			"streams":	[{
					"socket":	7,
					"start":	110.001063,
					"end":	111.001045,
					"seconds":	0.99998199939727783,
					"bytes":	387317760,
					"bits_per_second":	3098597856.6290131,
					"retransmits":	0,
					"snd_cwnd":	85765040,
					"snd_wnd":	91774976,
					"rtt":	60884,
					"rttvar":	81,
					"pmtu":	1500,
					"omitted":	false,
					"sender":	true
				}],
			"sum":	{
				"start":	110.001063,
				"end":	111.001045,
				"seconds":	0.99998199939727783,
				"bytes":	387317760,
				"bits_per_second":	3098597856.6290131,
				"retransmits":	0,
				"omitted":	false,
				"sender":	true
			}
		}, {
			"streams":	[{
					"socket":	7,
					"start":	111.001045,
					"end":	112.001051,
					"seconds":	1.0000059604644775,
					"bytes":	807927808,
					"bits_per_second":	6463383939.2296257,
					"retransmits":	0,
					"snd_cwnd":	142196496,
					"snd_wnd":	141283328,
					"rtt":	61040,
					"rttvar":	79,
					"pmtu":	1500,
					"omitted":	false,
					"sender":	true
				}],
			"sum":	{
				"start":	111.001045,
				"end":	112.001051,
				"seconds":	1.0000059604644775,
				"bytes":	807927808,
				"bits_per_second":	6463383939.2296257,
				"retransmits":	0,
				"omitted":	false,
				"sender":	true
			}
		}, {
			"streams":	[{
					"socket":	7,
					"start":	112.001051,
					"end":	113.001046,
					"seconds":	0.999994993209839,
					"bytes":	951713792,
					"bits_per_second":	7613748456.44086,
					"retransmits":	18578,
					"snd_cwnd":	71799080,
					"snd_wnd":	140705792,
					"rtt":	62292,
					"rttvar":	110,
					"pmtu":	1500,
					"omitted":	false,
					"sender":	true
				}],
			"sum":	{
				"start":	112.001051,
				"end":	113.001046,
				"seconds":	0.999994993209839,
				"bytes":	951713792,
				"bits_per_second":	7613748456.44086,
				"retransmits":	18578,
				"omitted":	false,
				"sender":	true
			}
		}, {
			"streams":	[{
					"socket":	7,
					"start":	113.001046,
					"end":	114.001046,
					"seconds":	1,
					"bytes":	682754048,
					"bits_per_second":	5462032384,
					"retransmits":	18657,
					"snd_cwnd":	5792,
					"snd_wnd":	90714112,
					"rtt":	61011,
					"rttvar":	264,
					"pmtu":	1500,
					"omitted":	false,
					"sender":	true
				}],
			"sum":	{
				"start":	113.001046,
				"end":	114.001046,
				"seconds":	1,
				"bytes":	682754048,
				"bits_per_second":	5462032384,
				"retransmits":	18657,
				"omitted":	false,
				"sender":	true
			}
		}, {
			"streams":	[{
					"socket":	7,
					"start":	114.001046,
					"end":	115.001039,
					"seconds":	0.99999302625656128,
					"bytes":	852361216,
					"bits_per_second":	6818937281.5191259,
					"retransmits":	24791,
					"snd_cwnd":	141174208,
					"snd_wnd":	95477760,
					"rtt":	61972,
					"rttvar":	176,
					"pmtu":	1500,
					"omitted":	false,
					"sender":	true
				}],
			"sum":	{
				"start":	114.001046,
				"end":	115.001039,
				"seconds":	0.99999302625656128,
				"bytes":	852361216,
				"bits_per_second":	6818937281.5191259,
				"retransmits":	24791,
				"omitted":	false,
				"sender":	true
			}
		}, {
			"streams":	[{
					"socket":	7,
					"start":	115.001039,
					"end":	116.001041,
					"seconds":	1.0000020265579224,
					"bytes":	883294208,
					"bits_per_second":	7066339343.65402,
					"retransmits":	23700,
					"snd_cwnd":	76479016,
					"snd_wnd":	139251712,
					"rtt":	62531,
					"rttvar":	462,
					"pmtu":	1500,
					"omitted":	false,
					"sender":	true
				}],
			"sum":	{
				"start":	115.001039,
				"end":	116.001041,
				"seconds":	1.0000020265579224,
				"bytes":	883294208,
				"bits_per_second":	7066339343.65402,
				"retransmits":	23700,
				"omitted":	false,
				"sender":	true
			}
		}, {
			"streams":	[{
					"socket":	7,
					"start":	116.001041,
					"end":	117.001046,
					"seconds":	1.0000050067901611,
					"bytes":	1042415616,
					"bits_per_second":	8339283174.9590483,
					"retransmits":	26095,
					"snd_cwnd":	146369632,
					"snd_wnd":	109424640,
					"rtt":	61292,
					"rttvar":	385,
					"pmtu":	1500,
					"omitted":	false,
					"sender":	true
				}],
			"sum":	{
				"start":	116.001041,
				"end":	117.001046,
				"seconds":	1.0000050067901611,
				"bytes":	1042415616,
				"bits_per_second":	8339283174.9590483,
				"retransmits":	26095,
				"omitted":	false,
				"sender":	true
			}
		}, {
			"streams":	[{
					"socket":	7,
					"start":	117.001046,
					"end":	118.001041,
					"seconds":	0.999994993209839,
					"bytes":	875298816,
					"bits_per_second":	7002425587.6755362,
					"retransmits":	19520,
					"snd_cwnd":	62623104,
					"snd_wnd":	128057344,
					"rtt":	62198,
					"rttvar":	89,
					"pmtu":	1500,
					"omitted":	false,
					"sender":	true
				}],
			"sum":	{
				"start":	117.001046,
				"end":	118.001041,
				"seconds":	0.999994993209839,
				"bytes":	875298816,
				"bits_per_second":	7002425587.6755362,
				"retransmits":	19520,
				"omitted":	false,
				"sender":	true
			}
		}, {
			"streams":	[{
					"socket":	7,
					"start":	118.001041,
					"end":	119.001083,
					"seconds":	1.0000419616699219,
					"bytes":	889716736,
					"bits_per_second":	7117435228.53225,
					"retransmits":	18426,
					"snd_cwnd":	153421392,
					"snd_wnd":	125128704,
					"rtt":	61008,
					"rttvar":	42,
					"pmtu":	1500,
					"omitted":	false,
					"sender":	true
				}],
			"sum":	{
				"start":	118.001041,
				"end":	119.001083,
				"seconds":	1.0000419616699219,
				"bytes":	889716736,
				"bits_per_second":	7117435228.53225,
				"retransmits":	18426,
				"omitted":	false,
				"sender":	true
			}
		}, {
			"streams":	[{
					"socket":	7,
					"start":	119.001083,
					"end":	120.001487,
					"seconds":	1.0004040002822876,
					"bytes":	923926528,
					"bits_per_second":	7388427297.2862349,
					"retransmits":	25953,
					"snd_cwnd":	155703440,
					"snd_wnd":	95031296,
					"rtt":	61451,
					"rttvar":	185,
					"pmtu":	1500,
					"omitted":	false,
					"sender":	true
				}],
			"sum":	{
				"start":	119.001083,
				"end":	120.001487,
				"seconds":	1.0004040002822876,
				"bytes":	923926528,
				"bits_per_second":	7388427297.2862349,
				"retransmits":	25953,
				"omitted":	false,
				"sender":	true
			}
		}],
	"end":	{
		"streams":	[{
				"sender":	{
					"socket":	7,
					"start":	0,
					"end":	120.001487,
					"seconds":	120.001487,
					"bytes":	9659875328,
					"bits_per_second":	643983708.501879,
					"retransmits":	197727,
					"max_snd_cwnd":	155703440,
					"max_snd_wnd":	141283328,
					"max_rtt":	139371,
					"min_rtt":	60873,
					"mean_rtt":	117561,
					"sender":	true
				},
				"receiver":	{
					"socket":	7,
					"start":	0,
					"end":	120.066023,
					"seconds":	120.001487,
					"bytes":	9521594368,
					"bits_per_second":	634423903.12203479,
					"sender":	true
				}
			}],
		"sum_sent":	{
			"start":	0,
			"end":	120.001487,
			"seconds":	120.001487,
			"bytes":	9659875328,
			"bits_per_second":	643983708.501879,
			"retransmits":	197727,
			"sender":	true
		},
		"sum_received":	{
			"start":	0,
			"end":	120.066023,
			"seconds":	120.066023,
			"bytes":	9521594368,
			"bits_per_second":	634423903.12203479,
			"sender":	true
		},
		"cpu_utilization_percent":	{
			"host_total":	2.44762348452275,
			"host_user":	0.0192094848177747,
			"host_system":	2.428416493147969,
			"remote_total":	5.9776202167137322,
			"remote_user":	0.073219703536158878,
			"remote_system":	5.9044013460525333
		},
		"sender_tcp_congestion":	"bbr",
		"receiver_tcp_congestion":	"cubic"
	}
}
