{
	"start":	{
		"connected":	[{
				"socket":	7,
				"local_host":	"172.16.0.12",
				"local_port":	39728,
				"remote_host":	"172.17.0.12",
				"remote_port":	5201
			}],
		"version":	"iperf 3.16",
		"system_info":	"Linux h1 6.8.0-63-generic #66-Ubuntu SMP PREEMPT_DYNAMIC Fri Jun 13 20:25:30 UTC 2025 x86_64",
		"timestamp":	{
			"time":	"Fri, 30 Jan 2026 05:09:52 GMT",
			"timesecs":	1769749792
		},
		"connecting_to":	{
			"host":	"172.17.0.12",
			"port":	5201
		},
		"cookie":	"zuihuifbyemcjsu7vux2ebrqjuybl7ehnhrc",
		"tcp_mss_default":	1448,
		"target_bitrate":	0,
		"fq_rate":	0,
		"sock_bufsize":	0,
		"sndbuf_actual":	1000000,
		"rcvbuf_actual":	1000000,
		"test_start":	{
			"protocol":	"TCP",
			"num_streams":	1,
			"blksize":	131072,
			"omit":	0,
			"duration":	120,
			"bytes":	0,
			"blocks":	0,
			"reverse":	0,
			"tos":	0,
			"target_bitrate":	0,
			"bidir":	0,
			"fqrate":	0
		}
	},
	"intervals":	[{
			"streams":	[{
					"socket":	7,
					"start":	0,
					"end":	1.001067,
					"seconds":	1.001067042350769,
					"bytes":	201457664,
					"bits_per_second":	1609943434.1733944,
					"retransmits":	5252,
					"snd_cwnd":	25248776,
					"snd_wnd":	48029696,
					"rtt":	124698,
					"rttvar":	417,
					"pmtu":	1500,
					"omitted":	false,
					"sender":	true
				}],
			"sum":	{
				"start":	0,
				"end":	1.001067,
				"seconds":	1.001067042350769,
				"bytes":	201457664,
				"bits_per_second":	1609943434.1733944,
				"retransmits":	5252,
				"omitted":	false,
				"sender":	true
			}
		}, {
			"streams":	[{
					"socket":	7,
					"start":	1.001067,
					"end":	2.00107,
					"seconds":	1.0000029802322388,
					"bytes":	136183808,
					"bits_per_second":	1089467217.1346765,
					"retransmits":	18311,
					"snd_cwnd":	27923232,
					"snd_wnd":	134725632,
					"rtt":	125988,
					"rttvar":	39,
					"pmtu":	1500,
					"omitted":	false,
					"sender":	true
				}],
			"sum":	{
				"start":	1.001067,
				"end":	2.00107,
				"seconds":	1.0000029802322388,
				"bytes":	136183808,
				"bits_per_second":	1089467217.1346765,
				"retransmits":	18311,
				"omitted":	false,
				"sender":	true
			}
		}, {
			"streams":	[{
					"socket":	7,
					"start":	2.00107,
					"end":	3.001075,
					"seconds":	1.0000050067901611,
					"bytes":	209977344,
					"bits_per_second":	1679810341.5421095,
					"retransmits":	23943,
					"snd_cwnd":	25872864,
					"snd_wnd":	102514688,
					"rtt":	126456,
					"rttvar":	198,
					"pmtu":	1500,
					"omitted":	false,
					"sender":	true
				}],
			"sum":	{
				"start":	2.00107,
				"end":	3.001075,
				"seconds":	1.0000050067901611,
				"bytes":	209977344,
				"bits_per_second":	1679810341.5421095,
				"retransmits":	23943,
				"omitted":	false,
				"sender":	true
			}
		}, {
			"streams":	[{
					"socket":	7,
					"start":	3.001075,
					"end":	4.001064,
					"seconds":	0.99998897314071655,
					"bytes":	122028032,
					"bits_per_second":	976235020.806202,
					"retransmits":	12448,
					"snd_cwnd":	25922096,
					"snd_wnd":	132505600,
					"rtt":	126998,
					"rttvar":	305,
					"pmtu":	1500,
					"omitted":	false,
					"sender":	true
				}],
			"sum":	{
				"start":	3.001075,
				"end":	4.001064,
				"seconds":	0.99998897314071655,
				"bytes":	122028032,
				"bits_per_second":	976235020.806202,
				"retransmits":	12448,
				"omitted":	false,
				"sender":	true
			}
		}, {
			"streams":	[{
					"socket":	7,
					"start":	4.001064,
					"end":	5.001063,
					"seconds":	0.99999898672103882,
					"bytes":	161742848,
					"bits_per_second":	1293944095.1263285,
					"retransmits":	16391,
					"snd_cwnd":	22516400,
					"snd_wnd":	133201920,
					"rtt":	126710,
					"rttvar":	194,
					"pmtu":	1500,
					"omitted":	false,
					"sender":	true
				}],
			"sum":	{
				"start":	4.001064,
				"end":	5.001063,
				"seconds":	0.99999898672103882,
				"bytes":	161742848,
				"bits_per_second":	1293944095.1263285,
				"retransmits":	16391,
				"omitted":	false,
				"sender":	true
			}
		}, {
			"streams":	[{
					"socket":	7,
					"start":	5.001063,
					"end":	6.001049,
					"seconds":	0.99998599290847778,
					"bytes":	140115968,
					"bits_per_second":	1120943445.1574275,
					"retransmits":	11382,
					"snd_cwnd":	20202496,
					"snd_wnd":	128102400,
					"rtt":	126872,
					"rttvar":	221,
					"pmtu":	1500,
					"omitted":	false,
					"sender":	true
				}],
			"sum":	{
				"start":	5.001063,
				"end":	6.001049,
				"seconds":	0.99998599290847778,
				"bytes":	140115968,
				"bits_per_second":	1120943445.1574275,
				"retransmits":	11382,
				"omitted":	false,
				"sender":	true
			}
		}, {
			"streams":	[{
					"socket":	7,
					"start":	6.001049,
					"end":	7.001075,
					"seconds":	1.0000259876251221,
					"bytes":	149684224,
					"bits_per_second":	1197442673.3087008,
					"retransmits":	7096,
					"snd_cwnd":	20118512,
					"snd_wnd":	125366272,
					"rtt":	123672,
					"rttvar":	470,
					"pmtu":	1500,
					"omitted":	false,
					"sender":	true
				}],
			"sum":	{
				"start":	6.001049,
				"end":	7.001075,
				"seconds":	1.0000259876251221,
				"bytes":	149684224,
				"bits_per_second":	1197442673.3087008,
				"retransmits":	7096,
				"omitted":	false,
				"sender":	true
			}
		}, {
			"streams":	[{
					"socket":	7,
					"start":	7.001075,
					"end":	8.001059,
					"seconds":	0.9999840259552002,
					"bytes":	134610944,
					"bits_per_second":	1076904754.5247939,
					"retransmits":	7038,
					"snd_cwnd":	22554048,
					"snd_wnd":	111755264,
					"rtt":	126483,
					"rttvar":	818,
					"pmtu":	1500,
					"omitted":	false,
					"sender":	true
				}],
			"sum":	{
				"start":	7.001075,
				"end":	8.001059,
				"seconds":	0.9999840259552002,
				"bytes":	134610944,
				"bits_per_second":	1076904754.5247939,
				"retransmits":	7038,
				"omitted":	false,
				"sender":	true
			}
		}, {
			"streams":	[{
					"socket":	7,
					"start":	8.001059,
					"end":	9.000545,
					"seconds":	0.99948602914810181,
					"bytes":	138280960,
					"bits_per_second":	1106816551.4458416,
					"retransmits":	7844,
					"snd_cwnd":	24604416,
					"snd_wnd":	119971840,
					"rtt":	126426,
					"rttvar":	328,
					"pmtu":	1500,
					"omitted":	false,
					"sender":	true
				}],
			"sum":	{
				"start":	8.001059,
				"end":	9.000545,
				"seconds":	0.99948602914810181,
				"bytes":	138280960,
				"bits_per_second":	1106816551.4458416,
				"retransmits":	7844,
				"omitted":	false,
				"sender":	true
			}
		}, {
			"streams":	[{
					"socket":	7,
					"start":	9.000545,
					"end":	10.001047,
					"seconds":	1.0005019903182983,
					"bytes":	141819904,
					"bits_per_second":	1133989980.0089881,
					"retransmits":	6029,
					"snd_cwnd":	22099376,
					"snd_wnd":	124149760,
					"rtt":	126539,
					"rttvar":	173,
					"pmtu":	1500,
					"omitted":	false,
					"sender":	true
				}],
			"sum":	{
				"start":	9.000545,
				"end":	10.001047,
				"seconds":	1.0005019903182983,
				"bytes":	141819904,
				"bits_per_second":	1133989980.0089881,
				"retransmits":	6029,
				"omitted":	false,
				"sender":	true
			}
		}, {
			"streams":	[{
					"socket":	7,
					"start":	10.001047,
					"end":	11.00106,
					"seconds":	1.000012993812561,
					"bytes":	152174592,
					"bits_per_second":	1217380917.5805416,
					"retransmits":	3071,
					"snd_cwnd":	20787488,
					"snd_wnd":	141410304,
					"rtt":	61194,
					"rttvar":	98,
					"pmtu":	1500,
					"omitted":	false,
					"sender":	true
				}],
			"sum":	{
				"start":	10.001047,
				"end":	11.00106,
				"seconds":	1.000012993812561,
				"bytes":	152174592,
				"bits_per_second":	1217380917.5805416,
				"retransmits":	3071,
				"omitted":	false,
				"sender":	true
			}
		}, {
			"streams":	[{
					"socket":	7,
					"start":	11.00106,
					"end":	12.001062,
					"seconds":	1.0000020265579224,
					"bytes":	149291008,
					"bits_per_second":	1194325643.629905,
					"retransmits":	3746,
					"snd_cwnd":	22698848,
					"snd_wnd":	126070784,
					"rtt":	123181,
					"rttvar":	369,
					"pmtu":	1500,
					"omitted":	false,
					"sender":	true
				}],
			"sum":	{
				"start":	11.00106,
				"end":	12.001062,
				"seconds":	1.0000020265579224,
				"bytes":	149291008,
				"bits_per_second":	1194325643.629905,
				"retransmits":	3746,
				"omitted":	false,
				"sender":	true
			}
		}, {
			"streams":	[{
					"socket":	7,
					"start":	12.001062,
					"end":	13.001044,
					"seconds":	0.99998199939727783,
					"bytes":	135135232,
					"bits_per_second":	1081101316.4753,
					"retransmits":	9635,
					"snd_cwnd":	22397664,
					"snd_wnd":	121229312,
					"rtt":	126668,
					"rttvar":	94,
					"pmtu":	1500,
					"omitted":	false,
					"sender":	true
				}],
			"sum":	{
				"start":	12.001062,
				"end":	13.001044,
				"seconds":	0.99998199939727783,
				"bytes":	135135232,
				"bits_per_second":	1081101316.4753,
				"retransmits":	9635,
				"omitted":	false,
				"sender":	true
			}
		}, {
			"streams":	[{
					"socket":	7,
					"start":	13.001044,
					"end":	14.00108,
					"seconds":	1.0000360012054443,
					"bytes":	169607168,
					"bits_per_second":	1356808497.2585416,
					"retransmits":	6186,
					"snd_cwnd":	21019168,
					"snd_wnd":	123691008,
					"rtt":	126432,
					"rttvar":	67,
					"pmtu":	1500,
					"omitted":	false,
					"sender":	true
				}],
			"sum":	{
				"start":	13.001044,
				"end":	14.00108,
				"seconds":	1.0000360012054443,
				"bytes":	169607168,
				"bits_per_second":	1356808497.2585416,
				"retransmits":	6186,
				"omitted":	false,
				"sender":	true
			}
		}, {
			"streams":	[{
					"socket":	7,
					"start":	14.00108,
					"end":	15.00105,
					"seconds":	0.999970018863678,
					"bytes":	135921664,
					"bits_per_second":	1087405913.6649349,
					"retransmits":	6918,
					"snd_cwnd":	20112720,
					"snd_wnd":	137703424,
					"rtt":	126440,
					"rttvar":	65,
					"pmtu":	1500,
					"omitted":	false,
					"sender":	true
				}],
			"sum":	{
				"start":	14.00108,
				"end":	15.00105,
				"seconds":	0.999970018863678,
				"bytes":	135921664,
				"bits_per_second":	1087405913.6649349,
				"retransmits":	6918,
				"omitted":	false,
				"sender":	true
			}
		}, {
			"streams":	[{
					"socket":	7,
					"start":	15.00105,
					"end":	16.001044,
					"seconds":	0.99999397993087769,
					"bytes":	135528448,
					"bits_per_second":	1084234111.164294,
					"retransmits":	4983,
					"snd_cwnd":	19878144,
					"snd_wnd":	125767680,
					"rtt":	126308,
					"rttvar":	307,
					"pmtu":	1500,
					"omitted":	false,
					"sender":	true
				}],
			"sum":	{
				"start":	15.00105,
				"end":	16.001044,
				"seconds":	0.99999397993087769,
				"bytes":	135528448,
				"bits_per_second":	1084234111.164294,
				"retransmits":	4983,
				"omitted":	false,
				"sender":	true
			}
		}, {
			"streams":	[{
					"socket":	7,
					"start":	16.001044,
					"end":	17.00105,
					"seconds":	1.0000059604644775,
					"bytes":	134742016,
					"bits_per_second":	1077929703.0382957,
					"retransmits":	5072,
					"snd_cwnd":	19397408,
					"snd_wnd":	127512576,
					"rtt":	126279,
					"rttvar":	344,
					"pmtu":	1500,
					"omitted":	false,
					"sender":	true
				}],
			"sum":	{
				"start":	16.001044,
				"end":	17.00105,
				"seconds":	1.0000059604644775,
				"bytes":	134742016,
				"bits_per_second":	1077929703.0382957,
				"retransmits":	5072,
				"omitted":	false,
				"sender":	true
			}
		}, {
			"streams":	[{
					"socket":	7,
					"start":	17.00105,
					"end":	18.001093,
					"seconds":	1.0000430345535278,
					"bytes":	146276352,
					"bits_per_second":	1170160458.6671054,
					"retransmits":	4358,
					"snd_cwnd":	21517280,
					"snd_wnd":	126328832,
					"rtt":	126403,
					"rttvar":	322,
					"pmtu":	1500,
					"omitted":	false,
					"sender":	true
				}],
			"sum":	{
				"start":	17.00105,
				"end":	18.001093,
				"seconds":	1.0000430345535278,
				"bytes":	146276352,
				"bits_per_second":	1170160458.6671054,
				"retransmits":	4358,
				"omitted":	false,
				"sender":	true
			}
		}, {
			"streams":	[{
					"socket":	7,
					"start":	18.001093,
					"end":	19.001077,
					"seconds":	0.9999840259552002,
					"bytes":	152698880,
					"bits_per_second":	1221610554.0617185,
					"retransmits":	6326,
					"snd_cwnd":	20159056,
					"snd_wnd":	125984768,
					"rtt":	126380,
					"rttvar":	182,
					"pmtu":	1500,
					"omitted":	false,
					"sender":	true
				}],
			"sum":	{
				"start":	18.001093,
				"end":	19.001077,
				"seconds":	0.9999840259552002,
				"bytes":	152698880,
				"bits_per_second":	1221610554.0617185,
				"retransmits":	6326,
				"omitted":	false,
				"sender":	true
			}
		}, {
			"streams":	[{
					"socket":	7,
					"start":	19.001077,
					"end":	20.001086,
					"seconds":	1.0000089406967163,
					"bytes":	150863872,
					"bits_per_second":	1206900185.4714749,
					"retransmits":	6105,
					"snd_cwnd":	21838736,
					"snd_wnd":	137572352,
					"rtt":	126766,
					"rttvar":	212,
					"pmtu":	1500,
					"omitted":	false,
					"sender":	true
				}],
			"sum":	{
				"start":	19.001077,
				"end":	20.001086,
				"seconds":	1.0000089406967163,
				"bytes":	150863872,
				"bits_per_second":	1206900185.4714749,
				"retransmits":	6105,
				"omitted":	false,
				"sender":	true
			}
		}, {
			"streams":	[{
					"socket":	7,
					"start":	20.001086,
					"end":	21.001069,
					"seconds":	0.999983012676239,
					"bytes":	68419584,
					"bits_per_second":	547365970.282953,
					"retransmits":	3812,
					"snd_cwnd":	5792,
					"snd_wnd":	124121088,
					"rtt":	119282,
					"rttvar":	1988,
					"pmtu":	1500,
					"omitted":	false,
					"sender":	true
				}],
			"sum":	{
				"start":	20.001086,
				"end":	21.001069,
				"seconds":	0.999983012676239,
				"bytes":	68419584,
				"bits_per_second":	547365970.282953,
				"retransmits":	3812,
				"omitted":	false,
				"sender":	true
			}
		}, {
			"streams":	[{
					"socket":	7,
					"start":	21.001069,
					"end":	22.001091,
					"seconds":	1.0000220537185669,
					"bytes":	162660352,
					"bits_per_second":	1301254118.5078864,
					"retransmits":	4447,
					"snd_cwnd":	23587920,
					"snd_wnd":	141160448,
					"rtt":	127115,
					"rttvar":	1245,
					"pmtu":	1500,
					"omitted":	false,
					"sender":	true
				}],
			"sum":	{
				"start":	21.001069,
				"end":	22.001091,
				"seconds":	1.0000220537185669,
				"bytes":	162660352,
				"bits_per_second":	1301254118.5078864,
				"retransmits":	4447,
				"omitted":	false,
				"sender":	true
			}
		}, {
			"streams":	[{
					"socket":	7,
					"start":	22.001091,
					"end":	23.001096,
					"seconds":	1.0000050067901611,
					"bytes":	135659520,
					"bits_per_second":	1085270726.2772055,
					"retransmits":	8036,
					"snd_cwnd":	24372736,
					"snd_wnd":	122531840,
					"rtt":	126872,
					"rttvar":	106,
					"pmtu":	1500,
					"omitted":	false,
					"sender":	true
				}],
			"sum":	{
				"start":	22.001091,
				"end":	23.001096,
				"seconds":	1.0000050067901611,
				"bytes":	135659520,
				"bits_per_second":	1085270726.2772055,
				"retransmits":	8036,
				"omitted":	false,
				"sender":	true
			}
		}, {
			"streams":	[{
					"socket":	7,
					"start":	23.001096,
					"end":	24.001077,
					"seconds":	0.99998098611831665,
					"bytes":	144572416,
					"bits_per_second":	1156601319.4806435,
					"retransmits":	9487,
					"snd_cwnd":	24280064,
					"snd_wnd":	127885312,
					"rtt":	125394,
					"rttvar":	139,
					"pmtu":	1500,
					"omitted":	false,
					"sender":	true
				}],
			"sum":	{
				"start":	23.001096,
				"end":	24.001077,
				"seconds":	0.99998098611831665,
				"bytes":	144572416,
				"bits_per_second":	1156601319.4806435,
				"retransmits":	9487,
				"omitted":	false,
				"sender":	true
			}
		}, {
			"streams":	[{
					"socket":	7,
					"start":	24.001077,
					"end":	25.001064,
					"seconds":	0.999987006187439,
					"bytes":	206307328,
					"bits_per_second":	1650480070.0286658,
					"retransmits":	7887,
					"snd_cwnd":	23495248,
					"snd_wnd":	125087744,
					"rtt":	126658,
					"rttvar":	189,
					"pmtu":	1500,
					"omitted":	false,
					"sender":	true
				}],
			"sum":	{
				"start":	24.001077,
				"end":	25.001064,
				"seconds":	0.999987006187439,
				"bytes":	206307328,
				"bits_per_second":	1650480070.0286658,
				"retransmits":	7887,
				"omitted":	false,
				"sender":	true
			}
		}, {
			"streams":	[{
					"socket":	7,
					"start":	25.001064,
					"end":	26.000544,
					"seconds":	0.99948000907897949,
					"bytes":	167772160,
					"bits_per_second":	1342875563.1008728,
					"retransmits":	8155,
					"snd_cwnd":	23356240,
					"snd_wnd":	125120512,
					"rtt":	126500,
					"rttvar":	212,
					"pmtu":	1500,
					"omitted":	false,
					"sender":	true
				}],
			"sum":	{
				"start":	25.001064,
				"end":	26.000544,
				"seconds":	0.99948000907897949,
				"bytes":	167772160,
				"bits_per_second":	1342875563.1008728,
				"retransmits":	8155,
				"omitted":	false,
				"sender":	true
			}
		}, {
			"streams":	[{
					"socket":	7,
					"start":	26.000544,
					"end":	27.000079,
					"seconds":	0.99953502416610718,
					"bytes":	138149888,
					"bits_per_second":	1105713233.9329944,
					"retransmits":	7460,
					"snd_cwnd":	24335088,
					"snd_wnd":	123392000,
					"rtt":	126411,
					"rttvar":	124,
					"pmtu":	1500,
					"omitted":	false,
					"sender":	true
				}],
			"sum":	{
				"start":	26.000544,
				"end":	27.000079,
				"seconds":	0.99953502416610718,
				"bytes":	138149888,
				"bits_per_second":	1105713233.9329944,
				"retransmits":	7460,
				"omitted":	false,
				"sender":	true
			}
		}, {
			"streams":	[{
					"socket":	7,
					"start":	27.000079,
					"end":	28.00014,
					"seconds":	1.00006103515625,
					"bytes":	150470656,
					"bits_per_second":	1203691780.4841013,
					"retransmits":	7383,
					"snd_cwnd":	23587920,
					"snd_wnd":	113876992,
					"rtt":	126487,
					"rttvar":	151,
					"pmtu":	1500,
					"omitted":	false,
					"sender":	true
				}],
			"sum":	{
				"start":	27.000079,
				"end":	28.00014,
				"seconds":	1.00006103515625,
				"bytes":	150470656,
				"bits_per_second":	1203691780.4841013,
				"retransmits":	7383,
				"omitted":	false,
				"sender":	true
			}
		}, {
			"streams":	[{
					"socket":	7,
					"start":	28.00014,
					"end":	29.00015,
					"seconds":	1.0000100135803223,
					"bytes":	149684224,
					"bits_per_second":	1197461801.1200716,
					"retransmits":	7403,
					"snd_cwnd":	21971952,
					"snd_wnd":	119418880,
					"rtt":	126405,
					"rttvar":	152,
					"pmtu":	1500,
					"omitted":	false,
					"sender":	true
				}],
			"sum":	{
				"start":	28.00014,
				"end":	29.00015,
				"seconds":	1.0000100135803223,
				"bytes":	149684224,
				"bits_per_second":	1197461801.1200716,
				"retransmits":	7403,
				"omitted":	false,
				"sender":	true
			}
		}, {
			"streams":	[{
					"socket":	7,
					"start":	29.00015,
					"end":	30.000089,
					"seconds":	0.99993902444839478,
					"bytes":	220856320,
					"bits_per_second":	1766958301.2570825,
					"retransmits":	4799,
					"snd_cwnd":	21725792,
					"snd_wnd":	125165568,
					"rtt":	126451,
					"rttvar":	345,
					"pmtu":	1500,
					"omitted":	false,
					"sender":	true
				}],
			"sum":	{
				"start":	29.00015,
				"end":	30.000089,
				"seconds":	0.99993902444839478,
				"bytes":	220856320,
				"bits_per_second":	1766958301.2570825,
				"retransmits":	4799,
				"omitted":	false,
				"sender":	true
			}
		}, {
			"streams":	[{
					"socket":	7,
					"start":	30.000089,
					"end":	31.00031,
					"seconds":	1.0002210140228271,
					"bytes":	145096704,
					"bits_per_second":	1160517141.4380109,
					"retransmits":	5055,
					"snd_cwnd":	20972832,
					"snd_wnd":	123891712,
					"rtt":	125818,
					"rttvar":	329,
					"pmtu":	1500,
					"omitted":	false,
					"sender":	true
				}],
			"sum":	{
				"start":	30.000089,
				"end":	31.00031,
				"seconds":	1.0002210140228271,
				"bytes":	145096704,
				"bits_per_second":	1160517141.4380109,
				"retransmits":	5055,
				"omitted":	false,
				"sender":	true
			}
		}, {
			"streams":	[{
					"socket":	7,
					"start":	31.00031,
					"end":	32.000346,
					"seconds":	1.0000360012054443,
					"bytes":	137887744,
					"bits_per_second":	1103062240.4296644,
					"retransmits":	1927,
					"snd_cwnd":	20619520,
					"snd_wnd":	141381632,
					"rtt":	108656,
					"rttvar":	351,
					"pmtu":	1500,
					"omitted":	false,
					"sender":	true
				}],
			"sum":	{
				"start":	31.00031,
				"end":	32.000346,
				"seconds":	1.0000360012054443,
				"bytes":	137887744,
				"bits_per_second":	1103062240.4296644,
				"retransmits":	1927,
				"omitted":	false,
				"sender":	true
			}
		}, {
			"streams":	[{
					"socket":	7,
					"start":	32.000346,
					"end":	33.000196,
					"seconds":	0.99984997510910034,
					"bytes":	133824512,
					"bits_per_second":	1070756736.1625229,
					"retransmits":	5187,
					"snd_cwnd":	19548000,
					"snd_wnd":	141410304,
					"rtt":	126576,
					"rttvar":	126,
					"pmtu":	1500,
					"omitted":	false,
					"sender":	true
				}],
			"sum":	{
				"start":	32.000346,
				"end":	33.000196,
				"seconds":	0.99984997510910034,
				"bytes":	133824512,
				"bits_per_second":	1070756736.1625229,
				"retransmits":	5187,
				"omitted":	false,
				"sender":	true
			}
		}, {
			"streams":	[{
					"socket":	7,
					"start":	33.000196,
					"end":	34.001081,
					"seconds":	1.000885009765625,
					"bytes":	93323264,
					"bits_per_second":	745925960.24075377,
					"retransmits":	5707,
					"snd_cwnd":	19125184,
					"snd_wnd":	130424832,
					"rtt":	126334,
					"rttvar":	300,
					"pmtu":	1500,
					"omitted":	false,
					"sender":	true
				}],
			"sum":	{
				"start":	33.000196,
				"end":	34.001081,
				"seconds":	1.000885009765625,
				"bytes":	93323264,
				"bits_per_second":	745925960.24075377,
				"retransmits":	5707,
				"omitted":	false,
				"sender":	true
			}
		}, {
			"streams":	[{
					"socket":	7,
					"start":	34.001081,
					"end":	35.001053,
					"seconds":	0.99997198581695557,
					"bytes":	150470656,
					"bits_per_second":	1203798971.4447348,
					"retransmits":	4444,
					"snd_cwnd":	18375120,
					"snd_wnd":	129581056,
					"rtt":	126556,
					"rttvar":	86,
					"pmtu":	1500,
					"omitted":	false,
					"sender":	true
				}],
			"sum":	{
				"start":	34.001081,
				"end":	35.001053,
				"seconds":	0.99997198581695557,
				"bytes":	150470656,
				"bits_per_second":	1203798971.4447348,
				"retransmits":	4444,
				"omitted":	false,
				"sender":	true
			}
		}, {
			"streams":	[{
					"socket":	7,
					"start":	35.001053,
					"end":	36.001049,
					"seconds":	0.9999960064888,
					"bytes":	148897792,
					"bits_per_second":	1191187093.0189972,
					"retransmits":	5255,
					"snd_cwnd":	19881040,
					"snd_wnd":	125673472,
					"rtt":	126885,
					"rttvar":	1300,
					"pmtu":	1500,
					"omitted":	false,
					"sender":	true
				}],
			"sum":	{
				"start":	35.001053,
				"end":	36.001049,
				"seconds":	0.9999960064888,
				"bytes":	148897792,
				"bits_per_second":	1191187093.0189972,
				"retransmits":	5255,
				"omitted":	false,
				"sender":	true
			}
		}, {
			"streams":	[{
					"socket":	7,
					"start":	36.001049,
					"end":	37.001049,
					"seconds":	1,
					"bytes":	97910784,
					"bits_per_second":	783286272,
					"retransmits":	5206,
					"snd_cwnd":	19484288,
					"snd_wnd":	125947904,
					"rtt":	126501,
					"rttvar":	369,
					"pmtu":	1500,
					"omitted":	false,
					"sender":	true
				}],
			"sum":	{
				"start":	36.001049,
				"end":	37.001049,
				"seconds":	1,
				"bytes":	97910784,
				"bits_per_second":	783286272,
				"retransmits":	5206,
				"omitted":	false,
				"sender":	true
			}
		}, {
			"streams":	[{
					"socket":	7,
					"start":	37.001049,
					"end":	38.001057,
					"seconds":	1.0000079870224,
					"bytes":	149815296,
					"bits_per_second":	1198512795.4514561,
					"retransmits":	5926,
					"snd_cwnd":	19078848,
					"snd_wnd":	140668928,
					"rtt":	126765,
					"rttvar":	157,
					"pmtu":	1500,
					"omitted":	false,
					"sender":	true
				}],
			"sum":	{
				"start":	37.001049,
				"end":	38.001057,
				"seconds":	1.0000079870224,
				"bytes":	149815296,
				"bits_per_second":	1198512795.4514561,
				"retransmits":	5926,
				"omitted":	false,
				"sender":	true
			}
		}, {
			"streams":	[{
					"socket":	7,
					"start":	38.001057,
					"end":	39.001052,
					"seconds":	0.999994993209839,
					"bytes":	145096704,
					"bits_per_second":	1160779443.7790983,
					"retransmits":	4650,
					"snd_cwnd":	18024704,
					"snd_wnd":	136171520,
					"rtt":	126370,
					"rttvar":	613,
					"pmtu":	1500,
					"omitted":	false,
					"sender":	true
				}],
			"sum":	{
				"start":	38.001057,
				"end":	39.001052,
				"seconds":	0.999994993209839,
				"bytes":	145096704,
				"bits_per_second":	1160779443.7790983,
				"retransmits":	4650,
				"omitted":	false,
				"sender":	true
			}
		}, {
			"streams":	[{
					"socket":	7,
					"start":	39.001052,
					"end":	40.001073,
					"seconds":	1.0000209808349609,
					"bytes":	135528448,
					"bits_per_second":	1084204836.477262,
					"retransmits":	5239,
					"snd_cwnd":	17089296,
					"snd_wnd":	128487424,
					"rtt":	126415,
					"rttvar":	211,
					"pmtu":	1500,
					"omitted":	false,
					"sender":	true
				}],
			"sum":	{
				"start":	39.001052,
				"end":	40.001073,
				"seconds":	1.0000209808349609,
				"bytes":	135528448,
				"bits_per_second":	1084204836.477262,
				"retransmits":	5239,
				"omitted":	false,
				"sender":	true
			}
		}, {
			"streams":	[{
					"socket":	7,
					"start":	40.001073,
					"end":	41.000801,
					"seconds":	0.99972802400589,
					"bytes":	139067392,
					"bits_per_second":	1112841802.2554557,
					"retransmits":	4497,
					"snd_cwnd":	16206016,
					"snd_wnd":	131227648,
					"rtt":	126916,
					"rttvar":	326,
					"pmtu":	1500,
					"omitted":	false,
					"sender":	true
				}],
			"sum":	{
				"start":	40.001073,
				"end":	41.000801,
				"seconds":	0.99972802400589,
				"bytes":	139067392,
				"bits_per_second":	1112841802.2554557,
				"retransmits":	4497,
				"omitted":	false,
				"sender":	true
			}
		}, {
			"streams":	[{
					"socket":	7,
					"start":	41.000801,
					"end":	42.001067,
					"seconds":	1.0002659559249878,
					"bytes":	71565312,
					"bits_per_second":	572370270.735211,
					"retransmits":	1901,
					"snd_cwnd":	15925104,
					"snd_wnd":	141410304,
					"rtt":	60931,
					"rttvar":	103,
					"pmtu":	1500,
					"omitted":	false,
					"sender":	true
				}],
			"sum":	{
				"start":	41.000801,
				"end":	42.001067,
				"seconds":	1.0002659559249878,
				"bytes":	71565312,
				"bits_per_second":	572370270.735211,
				"retransmits":	1901,
				"omitted":	false,
				"sender":	true
			}
		}, {
			"streams":	[{
					"socket":	7,
					"start":	42.001067,
					"end":	43.001082,
					"seconds":	1.0000150203704834,
					"bytes":	67502080,
					"bits_per_second":	540008528.871832,
					"retransmits":	1661,
					"snd_cwnd":	15977232,
					"snd_wnd":	131850240,
					"rtt":	126567,
					"rttvar":	352,
					"pmtu":	1500,
					"omitted":	false,
					"sender":	true
				}],
			"sum":	{
				"start":	42.001067,
				"end":	43.001082,
				"seconds":	1.0000150203704834,
				"bytes":	67502080,
				"bits_per_second":	540008528.871832,
				"retransmits":	1661,
				"omitted":	false,
				"sender":	true
			}
		}, {
			"streams":	[{
					"socket":	7,
					"start":	43.001082,
					"end":	44.001102,
					"seconds":	1.0000200271606445,
					"bytes":	138412032,
					"bits_per_second":	1107274080.4441135,
					"retransmits":	7407,
					"snd_cwnd":	18088416,
					"snd_wnd":	125706240,
					"rtt":	126904,
					"rttvar":	386,
					"pmtu":	1500,
					"omitted":	false,
					"sender":	true
				}],
			"sum":	{
				"start":	43.001082,
				"end":	44.001102,
				"seconds":	1.0000200271606445,
				"bytes":	138412032,
				"bits_per_second":	1107274080.4441135,
				"retransmits":	7407,
				"omitted":	false,
				"sender":	true
			}
		}, {
			"streams":	[{
					"socket":	7,
					"start":	44.001102,
					"end":	45.000242,
					"seconds":	0.99914002418518066,
					"bytes":	80609280,
					"bits_per_second":	645429293.582657,
					"retransmits":	7528,
					"snd_cwnd":	16539056,
					"snd_wnd":	132710400,
					"rtt":	125587,
					"rttvar":	697,
					"pmtu":	1500,
					"omitted":	false,
					"sender":	true
				}],
			"sum":	{
				"start":	44.001102,
				"end":	45.000242,
				"seconds":	0.99914002418518066,
				"bytes":	80609280,
				"bits_per_second":	645429293.582657,
				"retransmits":	7528,
				"omitted":	false,
				"sender":	true
			}
		}, {
			"streams":	[{
					"socket":	7,
					"start":	45.000242,
					"end":	46.000293,
					"seconds":	1.0000510215759277,
					"bytes":	125960192,
					"bits_per_second":	1007630125.1230639,
					"retransmits":	6285,
					"snd_cwnd":	17874112,
					"snd_wnd":	122077184,
					"rtt":	127508,
					"rttvar":	841,
					"pmtu":	1500,
					"omitted":	false,
					"sender":	true
				}],
			"sum":	{
				"start":	45.000242,
				"end":	46.000293,
				"seconds":	1.0000510215759277,
				"bytes":	125960192,
				"bits_per_second":	1007630125.1230639,
				"retransmits":	6285,
				"omitted":	false,
				"sender":	true
			}
		}, {
			"streams":	[{
					"socket":	7,
					"start":	46.000293,
					"end":	47.000288,
					"seconds":	0.999994993209839,
					"bytes":	141164544,
					"bits_per_second":	1129322006.27831,
					"retransmits":	5256,
					"snd_cwnd":	17532384,
					"snd_wnd":	130813952,
					"rtt":	126819,
					"rttvar":	127,
					"pmtu":	1500,
					"omitted":	false,
					"sender":	true
				}],
			"sum":	{
				"start":	46.000293,
				"end":	47.000288,
				"seconds":	0.999994993209839,
				"bytes":	141164544,
				"bits_per_second":	1129322006.27831,
				"retransmits":	5256,
				"omitted":	false,
				"sender":	true
			}
		}, {
			"streams":	[{
					"socket":	7,
					"start":	47.000288,
					"end":	48.001074,
					"seconds":	1.0007859468460083,
					"bytes":	71696384,
					"bits_per_second":	573120629.6487453,
					"retransmits":	5848,
					"snd_cwnd":	20767216,
					"snd_wnd":	128454656,
					"rtt":	126977,
					"rttvar":	117,
					"pmtu":	1500,
					"omitted":	false,
					"sender":	true
				}],
			"sum":	{
				"start":	47.000288,
				"end":	48.001074,
				"seconds":	1.0007859468460083,
				"bytes":	71696384,
				"bits_per_second":	573120629.6487453,
				"retransmits":	5848,
				"omitted":	false,
				"sender":	true
			}
		}, {
			"streams":	[{
					"socket":	7,
					"start":	48.001074,
					"end":	49.000368,
					"seconds":	0.9992939829826355,
					"bytes":	162267136,
					"bits_per_second":	1299054242.4016151,
					"retransmits":	7383,
					"snd_cwnd":	21216096,
					"snd_wnd":	128581632,
					"rtt":	127061,
					"rttvar":	99,
					"pmtu":	1500,
					"omitted":	false,
					"sender":	true
				}],
			"sum":	{
				"start":	48.001074,
				"end":	49.000368,
				"seconds":	0.9992939829826355,
				"bytes":	162267136,
				"bits_per_second":	1299054242.4016151,
				"retransmits":	7383,
				"omitted":	false,
				"sender":	true
			}
		}, {
			"streams":	[{
					"socket":	7,
					"start":	49.000368,
					"end":	50.000493,
					"seconds":	1.0001250505447388,
					"bytes":	148766720,
					"bits_per_second":	1189984951.7335548,
					"retransmits":	7230,
					"snd_cwnd":	19241024,
					"snd_wnd":	127397888,
					"rtt":	126976,
					"rttvar":	207,
					"pmtu":	1500,
					"omitted":	false,
					"sender":	true
				}],
			"sum":	{
				"start":	49.000368,
				"end":	50.000493,
				"seconds":	1.0001250505447388,
				"bytes":	148766720,
				"bits_per_second":	1189984951.7335548,
				"retransmits":	7230,
				"omitted":	false,
				"sender":	true
			}
		}, {
			"streams":	[{
					"socket":	7,
					"start":	50.000493,
					"end":	51.000084,
					"seconds":	0.99959099292755127,
					"bytes":	136183808,
					"bits_per_second":	1089916247.4535854,
					"retransmits":	4054,
					"snd_cwnd":	18378016,
					"snd_wnd":	127066112,
					"rtt":	126115,
					"rttvar":	291,
					"pmtu":	1500,
					"omitted":	false,
					"sender":	true
				}],
			"sum":	{
				"start":	50.000493,
				"end":	51.000084,
				"seconds":	0.99959099292755127,
				"bytes":	136183808,
				"bits_per_second":	1089916247.4535854,
				"retransmits":	4054,
				"omitted":	false,
				"sender":	true
			}
		}, {
			"streams":	[{
					"socket":	7,
					"start":	51.000084,
					"end":	52.001425,
					"seconds":	1.0013409852981567,
					"bytes":	141295616,
					"bits_per_second":	1128851155.1970735,
					"retransmits":	2344,
					"snd_cwnd":	5792,
					"snd_wnd":	125923328,
					"rtt":	121766,
					"rttvar":	319,
					"pmtu":	1500,
					"omitted":	false,
					"sender":	true
				}],
			"sum":	{
				"start":	51.000084,
				"end":	52.001425,
				"seconds":	1.0013409852981567,
				"bytes":	141295616,
				"bits_per_second":	1128851155.1970735,
				"retransmits":	2344,
				"omitted":	false,
				"sender":	true
			}
		}, {
			"streams":	[{
					"socket":	7,
					"start":	52.001425,
					"end":	53.001048,
					"seconds":	0.99962300062179565,
					"bytes":	68681728,
					"bits_per_second":	549661045.872517,
					"retransmits":	806,
					"snd_cwnd":	17984160,
					"snd_wnd":	141385728,
					"rtt":	126915,
					"rttvar":	234,
					"pmtu":	1500,
					"omitted":	false,
					"sender":	true
				}],
			"sum":	{
				"start":	52.001425,
				"end":	53.001048,
				"seconds":	0.99962300062179565,
				"bytes":	68681728,
				"bits_per_second":	549661045.872517,
				"retransmits":	806,
				"omitted":	false,
				"sender":	true
			}
		}, {
			"streams":	[{
					"socket":	7,
					"start":	53.001048,
					"end":	54.001049,
					"seconds":	1.0000009536743164,
					"bytes":	137887744,
					"bits_per_second":	1103100900.0010033,
					"retransmits":	6323,
					"snd_cwnd":	19687008,
					"snd_wnd":	126066688,
					"rtt":	126727,
					"rttvar":	396,
					"pmtu":	1500,
					"omitted":	false,
					"sender":	true
				}],
			"sum":	{
				"start":	53.001048,
				"end":	54.001049,
				"seconds":	1.0000009536743164,
				"bytes":	137887744,
				"bits_per_second":	1103100900.0010033,
				"retransmits":	6323,
				"omitted":	false,
				"sender":	true
			}
		}, {
			"streams":	[{
					"socket":	7,
					"start":	54.001049,
					"end":	55.000224,
					"seconds":	0.99917501211166382,
					"bytes":	152305664,
					"bits_per_second":	1219451344.5897019,
					"retransmits":	6731,
					"snd_cwnd":	19110704,
					"snd_wnd":	124772352,
					"rtt":	126604,
					"rttvar":	278,
					"pmtu":	1500,
					"omitted":	false,
					"sender":	true
				}],
			"sum":	{
				"start":	54.001049,
				"end":	55.000224,
				"seconds":	0.99917501211166382,
				"bytes":	152305664,
				"bits_per_second":	1219451344.5897019,
				"retransmits":	6731,
				"omitted":	false,
				"sender":	true
			}
		}, {
			"streams":	[{
					"socket":	7,
					"start":	55.000224,
					"end":	56.001048,
					"seconds":	1.000823974609375,
					"bytes":	153747456,
					"bits_per_second":	1228967010.387681,
					"retransmits":	5537,
					"snd_cwnd":	18050768,
					"snd_wnd":	124698624,
					"rtt":	125922,
					"rttvar":	355,
					"pmtu":	1500,
					"omitted":	false,
					"sender":	true
				}],
			"sum":	{
				"start":	55.000224,
				"end":	56.001048,
				"seconds":	1.000823974609375,
				"bytes":	153747456,
				"bits_per_second":	1228967010.387681,
				"retransmits":	5537,
				"omitted":	false,
				"sender":	true
			}
		}, {
			"streams":	[{
					"socket":	7,
					"start":	56.001048,
					"end":	57.001045,
					"seconds":	0.99999701976776123,
					"bytes":	142999552,
					"bits_per_second":	1143999825.3851607,
					"retransmits":	4979,
					"snd_cwnd":	17859632,
					"snd_wnd":	127590400,
					"rtt":	125645,
					"rttvar":	257,
					"pmtu":	1500,
					"omitted":	false,
					"sender":	true
				}],
			"sum":	{
				"start":	56.001048,
				"end":	57.001045,
				"seconds":	0.99999701976776123,
				"bytes":	142999552,
				"bits_per_second":	1143999825.3851607,
				"retransmits":	4979,
				"omitted":	false,
				"sender":	true
			}
		}, {
			"streams":	[{
					"socket":	7,
					"start":	57.001045,
					"end":	58.001051,
					"seconds":	1.0000059604644775,
					"bytes":	67764224,
					"bits_per_second":	542110560.76925969,
					"retransmits":	3980,
					"snd_cwnd":	17364416,
					"snd_wnd":	127082496,
					"rtt":	126692,
					"rttvar":	88,
					"pmtu":	1500,
					"omitted":	false,
					"sender":	true
				}],
			"sum":	{
				"start":	57.001045,
				"end":	58.001051,
				"seconds":	1.0000059604644775,
				"bytes":	67764224,
				"bits_per_second":	542110560.76925969,
				"retransmits":	3980,
				"omitted":	false,
				"sender":	true
			}
		}, {
			"streams":	[{
					"socket":	7,
					"start":	58.001051,
					"end":	59.001055,
					"seconds":	1.0000040531158447,
					"bytes":	140509184,
					"bits_per_second":	1124068916.018466,
					"retransmits":	3180,
					"snd_cwnd":	16921328,
					"snd_wnd":	132321280,
					"rtt":	126526,
					"rttvar":	163,
					"pmtu":	1500,
					"omitted":	false,
					"sender":	true
				}],
			"sum":	{
				"start":	58.001051,
				"end":	59.001055,
				"seconds":	1.0000040531158447,
				"bytes":	140509184,
				"bits_per_second":	1124068916.018466,
				"retransmits":	3180,
				"omitted":	false,
				"sender":	true
			}
		}, {
			"streams":	[{
					"socket":	7,
					"start":	59.001055,
					"end":	60.001066,
					"seconds":	1.0000109672546387,
					"bytes":	152305664,
					"bits_per_second":	1218431949.1465538,
					"retransmits":	4161,
					"snd_cwnd":	16382672,
					"snd_wnd":	128483328,
					"rtt":	125982,
					"rttvar":	276,
					"pmtu":	1500,
					"omitted":	false,
					"sender":	true
				}],
			"sum":	{
				"start":	59.001055,
				"end":	60.001066,
				"seconds":	1.0000109672546387,
				"bytes":	152305664,
				"bits_per_second":	1218431949.1465538,
				"retransmits":	4161,
				"omitted":	false,
				"sender":	true
			}
		}, {
			"streams":	[{
					"socket":	7,
					"start":	60.001066,
					"end":	61.001057,
					"seconds":	0.999990999698639,
					"bytes":	83361792,
					"bits_per_second":	666900338.30402255,
					"retransmits":	4148,
					"snd_cwnd":	15705008,
					"snd_wnd":	123404288,
					"rtt":	126702,
					"rttvar":	71,
					"pmtu":	1500,
					"omitted":	false,
					"sender":	true
				}],
			"sum":	{
				"start":	60.001066,
				"end":	61.001057,
				"seconds":	0.999990999698639,
				"bytes":	83361792,
				"bits_per_second":	666900338.30402255,
				"retransmits":	4148,
				"omitted":	false,
				"sender":	true
			}
		}, {
			"streams":	[{
					"socket":	7,
					"start":	61.001057,
					"end":	62.001055,
					"seconds":	0.99999797344207764,
					"bytes":	141557760,
					"bits_per_second":	1132464375.0046511,
					"retransmits":	3442,
					"snd_cwnd":	15670256,
					"snd_wnd":	130232320,
					"rtt":	126878,
					"rttvar":	206,
					"pmtu":	1500,
					"omitted":	false,
					"sender":	true
				}],
			"sum":	{
				"start":	61.001057,
				"end":	62.001055,
				"seconds":	0.99999797344207764,
				"bytes":	141557760,
				"bits_per_second":	1132464375.0046511,
				"retransmits":	3442,
				"omitted":	false,
				"sender":	true
			}
		}, {
			"streams":	[{
					"socket":	7,
					"start":	62.001055,
					"end":	63.001049,
					"seconds":	0.99999397993087769,
					"bytes":	77070336,
					"bits_per_second":	616566399.77234519,
					"retransmits":	1212,
					"snd_cwnd":	15363280,
					"snd_wnd":	141410304,
					"rtt":	86429,
					"rttvar":	266,
					"pmtu":	1500,
					"omitted":	false,
					"sender":	true
				}],
			"sum":	{
				"start":	62.001055,
				"end":	63.001049,
				"seconds":	0.99999397993087769,
				"bytes":	77070336,
				"bits_per_second":	616566399.77234519,
				"retransmits":	1212,
				"omitted":	false,
				"sender":	true
			}
		}, {
			"streams":	[{
					"socket":	7,
					"start":	63.001049,
					"end":	64.001052,
					"seconds":	1.0000029802322388,
					"bytes":	134348800,
					"bits_per_second":	1074787196.884546,
					"retransmits":	3145,
					"snd_cwnd":	14520544,
					"snd_wnd":	132960256,
					"rtt":	126481,
					"rttvar":	295,
					"pmtu":	1500,
					"omitted":	false,
					"sender":	true
				}],
			"sum":	{
				"start":	63.001049,
				"end":	64.001052,
				"seconds":	1.0000029802322388,
				"bytes":	134348800,
				"bits_per_second":	1074787196.884546,
				"retransmits":	3145,
				"omitted":	false,
				"sender":	true
			}
		}, {
			"streams":	[{
					"socket":	7,
					"start":	64.001052,
					"end":	65.001081,
					"seconds":	1.0000289678573608,
					"bytes":	66584576,
					"bits_per_second":	532661177.94697559,
					"retransmits":	5311,
					"snd_cwnd":	13756000,
					"snd_wnd":	131350528,
					"rtt":	126430,
					"rttvar":	169,
					"pmtu":	1500,
					"omitted":	false,
					"sender":	true
				}],
			"sum":	{
				"start":	64.001052,
				"end":	65.001081,
				"seconds":	1.0000289678573608,
				"bytes":	66584576,
				"bits_per_second":	532661177.94697559,
				"retransmits":	5311,
				"omitted":	false,
				"sender":	true
			}
		}, {
			"streams":	[{
					"socket":	7,
					"start":	65.001081,
					"end":	66.001576,
					"seconds":	1.0004949569702148,
					"bytes":	120455168,
					"bits_per_second":	963164618.95838225,
					"retransmits":	3110,
					"snd_cwnd":	13379520,
					"snd_wnd":	131493888,
					"rtt":	125684,
					"rttvar":	444,
					"pmtu":	1500,
					"omitted":	false,
					"sender":	true
				}],
			"sum":	{
				"start":	65.001081,
				"end":	66.001576,
				"seconds":	1.0004949569702148,
				"bytes":	120455168,
				"bits_per_second":	963164618.95838225,
				"retransmits":	3110,
				"omitted":	false,
				"sender":	true
			}
		}, {
			"streams":	[{
					"socket":	7,
					"start":	66.001576,
					"end":	67.000087,
					"seconds":	0.998511016368866,
					"bytes":	78249984,
					"bits_per_second":	626933365.51906967,
					"retransmits":	3589,
					"snd_cwnd":	13414272,
					"snd_wnd":	134492160,
					"rtt":	126489,
					"rttvar":	407,
					"pmtu":	1500,
					"omitted":	false,
					"sender":	true
				}],
			"sum":	{
				"start":	66.001576,
				"end":	67.000087,
				"seconds":	0.998511016368866,
				"bytes":	78249984,
				"bits_per_second":	626933365.51906967,
				"retransmits":	3589,
				"omitted":	false,
				"sender":	true
			}
		}, {
			"streams":	[{
					"socket":	7,
					"start":	67.000087,
					"end":	68.001572,
					"seconds":	1.0014849901199341,
					"bytes":	68157440,
					"bits_per_second":	544451015.62101471,
					"retransmits":	2365,
					"snd_cwnd":	13228928,
					"snd_wnd":	131100672,
					"rtt":	126696,
					"rttvar":	187,
					"pmtu":	1500,
					"omitted":	false,
					"sender":	true
				}],
			"sum":	{
				"start":	67.000087,
				"end":	68.001572,
				"seconds":	1.0014849901199341,
				"bytes":	68157440,
				"bits_per_second":	544451015.62101471,
				"retransmits":	2365,
				"omitted":	false,
				"sender":	true
			}
		}, {
			"streams":	[{
					"socket":	7,
					"start":	68.001572,
					"end":	69.000062,
					"seconds":	0.99848997592926025,
					"bytes":	133824512,
					"bits_per_second":	1072215166.7107455,
					"retransmits":	2671,
					"snd_cwnd":	13069648,
					"snd_wnd":	137211904,
					"rtt":	126750,
					"rttvar":	144,
					"pmtu":	1500,
					"omitted":	false,
					"sender":	true
				}],
			"sum":	{
				"start":	68.001572,
				"end":	69.000062,
				"seconds":	0.99848997592926025,
				"bytes":	133824512,
				"bits_per_second":	1072215166.7107455,
				"retransmits":	2671,
				"omitted":	false,
				"sender":	true
			}
		}, {
			"streams":	[{
					"socket":	7,
					"start":	69.000062,
					"end":	70.000071,
					"seconds":	1.0000089406967163,
					"bytes":	73400320,
					"bits_per_second":	587197310.04693818,
					"retransmits":	2002,
					"snd_cwnd":	12706200,
					"snd_wnd":	141410304,
					"rtt":	126672,
					"rttvar":	334,
					"pmtu":	1500,
					"omitted":	false,
					"sender":	true
				}],
			"sum":	{
				"start":	69.000062,
				"end":	70.000071,
				"seconds":	1.0000089406967163,
				"bytes":	73400320,
				"bits_per_second":	587197310.04693818,
				"retransmits":	2002,
				"omitted":	false,
				"sender":	true
			}
		}, {
			"streams":	[{
					"socket":	7,
					"start":	70.000071,
					"end":	71.000073,
					"seconds":	1.0000020265579224,
					"bytes":	136183808,
					"bits_per_second":	1089468256.1294744,
					"retransmits":	2115,
					"snd_cwnd":	12575880,
					"snd_wnd":	141283328,
					"rtt":	126442,
					"rttvar":	103,
					"pmtu":	1500,
					"omitted":	false,
					"sender":	true
				}],
			"sum":	{
				"start":	70.000071,
				"end":	71.000073,
				"seconds":	1.0000020265579224,
				"bytes":	136183808,
				"bits_per_second":	1089468256.1294744,
				"retransmits":	2115,
				"omitted":	false,
				"sender":	true
			}
		}, {
			"streams":	[{
					"socket":	7,
					"start":	71.000073,
					"end":	72.000093,
					"seconds":	1.0000200271606445,
					"bytes":	68943872,
					"bits_per_second":	551539930.22121561,
					"retransmits":	3019,
					"snd_cwnd":	12950912,
					"snd_wnd":	131907584,
					"rtt":	126498,
					"rttvar":	401,
					"pmtu":	1500,
					"omitted":	false,
					"sender":	true
				}],
			"sum":	{
				"start":	71.000073,
				"end":	72.000093,
				"seconds":	1.0000200271606445,
				"bytes":	68943872,
				"bits_per_second":	551539930.22121561,
				"retransmits":	3019,
				"omitted":	false,
				"sender":	true
			}
		}, {
			"streams":	[{
					"socket":	7,
					"start":	72.000093,
					"end":	73.000323,
					"seconds":	1.0002299547195435,
					"bytes":	81526784,
					"bits_per_second":	652064326.73062241,
					"retransmits":	1796,
					"snd_cwnd":	5792,
					"snd_wnd":	141410304,
					"rtt":	86755,
					"rttvar":	6181,
					"pmtu":	1500,
					"omitted":	false,
					"sender":	true
				}],
			"sum":	{
				"start":	72.000093,
				"end":	73.000323,
				"seconds":	1.0002299547195435,
				"bytes":	81526784,
				"bits_per_second":	652064326.73062241,
				"retransmits":	1796,
				"omitted":	false,
				"sender":	true
			}
		}, {
			"streams":	[{
					"socket":	7,
					"start":	73.000323,
					"end":	74.000117,
					"seconds":	0.99979400634765625,
					"bytes":	67371008,
					"bits_per_second":	539079110.87495136,
					"retransmits":	1080,
					"snd_cwnd":	13315808,
					"snd_wnd":	141348864,
					"rtt":	123927,
					"rttvar":	359,
					"pmtu":	1500,
					"omitted":	false,
					"sender":	true
				}],
			"sum":	{
				"start":	73.000323,
				"end":	74.000117,
				"seconds":	0.99979400634765625,
				"bytes":	67371008,
				"bits_per_second":	539079110.87495136,
				"retransmits":	1080,
				"omitted":	false,
				"sender":	true
			}
		}, {
			"streams":	[{
					"socket":	7,
					"start":	74.000117,
					"end":	75.000135,
					"seconds":	1.0000180006027222,
					"bytes":	66846720,
					"bits_per_second":	534764133.92327517,
					"retransmits":	4976,
					"snd_cwnd":	12412256,
					"snd_wnd":	133005312,
					"rtt":	126383,
					"rttvar":	488,
					"pmtu":	1500,
					"omitted":	false,
					"sender":	true
				}],
			"sum":	{
				"start":	74.000117,
				"end":	75.000135,
				"seconds":	1.0000180006027222,
				"bytes":	66846720,
				"bits_per_second":	534764133.92327517,
				"retransmits":	4976,
				"omitted":	false,
				"sender":	true
			}
		}, {
			"streams":	[{
					"socket":	7,
					"start":	75.000135,
					"end":	76.000103,
					"seconds":	0.99996799230575562,
					"bytes":	77987840,
					"bits_per_second":	623922690.326704,
					"retransmits":	3786,
					"snd_cwnd":	12377504,
					"snd_wnd":	127270912,
					"rtt":	126683,
					"rttvar":	254,
					"pmtu":	1500,
					"omitted":	false,
					"sender":	true
				}],
			"sum":	{
				"start":	75.000135,
				"end":	76.000103,
				"seconds":	0.99996799230575562,
				"bytes":	77987840,
				"bits_per_second":	623922690.326704,
				"retransmits":	3786,
				"omitted":	false,
				"sender":	true
			}
		}, {
			"streams":	[{
					"socket":	7,
					"start":	76.000103,
					"end":	77.000223,
					"seconds":	1.0001200437545776,
					"bytes":	137232384,
					"bits_per_second":	1097727296.6938026,
					"retransmits":	2667,
					"snd_cwnd":	12290624,
					"snd_wnd":	140640256,
					"rtt":	126657,
					"rttvar":	83,
					"pmtu":	1500,
					"omitted":	false,
					"sender":	true
				}],
			"sum":	{
				"start":	76.000103,
				"end":	77.000223,
				"seconds":	1.0001200437545776,
				"bytes":	137232384,
				"bits_per_second":	1097727296.6938026,
				"retransmits":	2667,
				"omitted":	false,
				"sender":	true
			}
		}, {
			"streams":	[{
					"socket":	7,
					"start":	77.000223,
					"end":	78.000366,
					"seconds":	1.0001430511474609,
					"bytes":	69730304,
					"bits_per_second":	557762643.41384876,
					"retransmits":	2426,
					"snd_cwnd":	12174784,
					"snd_wnd":	133586944,
					"rtt":	126557,
					"rttvar":	548,
					"pmtu":	1500,
					"omitted":	false,
					"sender":	true
				}],
			"sum":	{
				"start":	77.000223,
				"end":	78.000366,
				"seconds":	1.0001430511474609,
				"bytes":	69730304,
				"bits_per_second":	557762643.41384876,
				"retransmits":	2426,
				"omitted":	false,
				"sender":	true
			}
		}, {
			"streams":	[{
					"socket":	7,
					"start":	78.000366,
					"end":	79.000167,
					"seconds":	0.999800980091095,
					"bytes":	66191360,
					"bits_per_second":	529636288.16582358,
					"retransmits":	2580,
					"snd_cwnd":	11934416,
					"snd_wnd":	133943296,
					"rtt":	126735,
					"rttvar":	123,
					"pmtu":	1500,
					"omitted":	false,
					"sender":	true
				}],
			"sum":	{
				"start":	78.000366,
				"end":	79.000167,
				"seconds":	0.999800980091095,
				"bytes":	66191360,
				"bits_per_second":	529636288.16582358,
				"retransmits":	2580,
				"omitted":	false,
				"sender":	true
			}
		}, {
			"streams":	[{
					"socket":	7,
					"start":	79.000167,
					"end":	80.00029,
					"seconds":	1.0001230239868164,
					"bytes":	134086656,
					"bits_per_second":	1072561297.2331094,
					"retransmits":	2430,
					"snd_cwnd":	11835952,
					"snd_wnd":	137334784,
					"rtt":	126623,
					"rttvar":	252,
					"pmtu":	1500,
					"omitted":	false,
					"sender":	true
				}],
			"sum":	{
				"start":	79.000167,
				"end":	80.00029,
				"seconds":	1.0001230239868164,
				"bytes":	134086656,
				"bits_per_second":	1072561297.2331094,
				"retransmits":	2430,
				"omitted":	false,
				"sender":	true
			}
		}, {
			"streams":	[{
					"socket":	7,
					"start":	80.00029,
					"end":	81.000417,
					"seconds":	1.0001269578933716,
					"bytes":	66453504,
					"bits_per_second":	531560546.19285589,
					"retransmits":	2319,
					"snd_cwnd":	11844640,
					"snd_wnd":	134156288,
					"rtt":	126802,
					"rttvar":	62,
					"pmtu":	1500,
					"omitted":	false,
					"sender":	true
				}],
			"sum":	{
				"start":	80.00029,
				"end":	81.000417,
				"seconds":	1.0001269578933716,
				"bytes":	66453504,
				"bits_per_second":	531560546.19285589,
				"retransmits":	2319,
				"omitted":	false,
				"sender":	true
			}
		}, {
			"streams":	[{
					"socket":	7,
					"start":	81.000417,
					"end":	82.000073,
					"seconds":	0.99965602159500122,
					"bytes":	66977792,
					"bits_per_second":	536006710.73342675,
					"retransmits":	2999,
					"snd_cwnd":	11754864,
					"snd_wnd":	138571776,
					"rtt":	126865,
					"rttvar":	124,
					"pmtu":	1500,
					"omitted":	false,
					"sender":	true
				}],
			"sum":	{
				"start":	81.000417,
				"end":	82.000073,
				"seconds":	0.99965602159500122,
				"bytes":	66977792,
				"bits_per_second":	536006710.73342675,
				"retransmits":	2999,
				"omitted":	false,
				"sender":	true
			}
		}, {
			"streams":	[{
					"socket":	7,
					"start":	82.000073,
					"end":	83.000231,
					"seconds":	1.0001579523086548,
					"bytes":	69992448,
					"bits_per_second":	559851154.21768832,
					"retransmits":	3041,
					"snd_cwnd":	11407344,
					"snd_wnd":	135237632,
					"rtt":	126663,
					"rttvar":	221,
					"pmtu":	1500,
					"omitted":	false,
					"sender":	true
				}],
			"sum":	{
				"start":	82.000073,
				"end":	83.000231,
				"seconds":	1.0001579523086548,
				"bytes":	69992448,
				"bits_per_second":	559851154.21768832,
				"retransmits":	3041,
				"omitted":	false,
				"sender":	true
			}
		}, {
			"streams":	[{
					"socket":	7,
					"start":	83.000231,
					"end":	84.000171,
					"seconds":	0.99993997812271118,
					"bytes":	74579968,
					"bits_per_second":	596675557.58709872,
					"retransmits":	450,
					"snd_cwnd":	12090800,
					"snd_wnd":	141348864,
					"rtt":	120739,
					"rttvar":	596,
					"pmtu":	1500,
					"omitted":	false,
					"sender":	true
				}],
			"sum":	{
				"start":	83.000231,
				"end":	84.000171,
				"seconds":	0.99993997812271118,
				"bytes":	74579968,
				"bits_per_second":	596675557.58709872,
				"retransmits":	450,
				"omitted":	false,
				"sender":	true
			}
		}, {
			"streams":	[{
					"socket":	7,
					"start":	84.000171,
					"end":	85.000222,
					"seconds":	1.0000510215759277,
					"bytes":	72089600,
					"bits_per_second":	576687376.50123322,
					"retransmits":	4945,
					"snd_cwnd":	12053152,
					"snd_wnd":	131907584,
					"rtt":	126594,
					"rttvar":	78,
					"pmtu":	1500,
					"omitted":	false,
					"sender":	true
				}],
			"sum":	{
				"start":	84.000171,
				"end":	85.000222,
				"seconds":	1.0000510215759277,
				"bytes":	72089600,
				"bits_per_second":	576687376.50123322,
				"retransmits":	4945,
				"omitted":	false,
				"sender":	true
			}
		}, {
			"streams":	[{
					"socket":	7,
					"start":	85.000222,
					"end":	86.000241,
					"seconds":	1.0000189542770386,
					"bytes":	73007104,
					"bits_per_second":	584045761.834827,
					"retransmits":	4593,
					"snd_cwnd":	11190144,
					"snd_wnd":	135507968,
					"rtt":	126628,
					"rttvar":	160,
					"pmtu":	1500,
					"omitted":	false,
					"sender":	true
				}],
			"sum":	{
				"start":	85.000222,
				"end":	86.000241,
				"seconds":	1.0000189542770386,
				"bytes":	73007104,
				"bits_per_second":	584045761.834827,
				"retransmits":	4593,
				"omitted":	false,
				"sender":	true
			}
		}, {
			"streams":	[{
					"socket":	7,
					"start":	86.000241,
					"end":	87.000218,
					"seconds":	0.9999769926071167,
					"bytes":	76414976,
					"bits_per_second":	611333873.19860351,
					"retransmits":	3124,
					"snd_cwnd":	10784704,
					"snd_wnd":	133758976,
					"rtt":	126294,
					"rttvar":	129,
					"pmtu":	1500,
					"omitted":	false,
					"sender":	true
				}],
			"sum":	{
				"start":	86.000241,
				"end":	87.000218,
				"seconds":	0.9999769926071167,
				"bytes":	76414976,
				"bits_per_second":	611333873.19860351,
				"retransmits":	3124,
				"omitted":	false,
				"sender":	true
			}
		}, {
			"streams":	[{
					"socket":	7,
					"start":	87.000218,
					"end":	88.00009,
					"seconds":	0.99987202882766724,
					"bytes":	137494528,
					"bits_per_second":	1100097004.7033718,
					"retransmits":	2793,
					"snd_cwnd":	10639904,
					"snd_wnd":	137768960,
					"rtt":	126672,
					"rttvar":	126,
					"pmtu":	1500,
					"omitted":	false,
					"sender":	true
				}],
			"sum":	{
				"start":	87.000218,
				"end":	88.00009,
				"seconds":	0.99987202882766724,
				"bytes":	137494528,
				"bits_per_second":	1100097004.7033718,
				"retransmits":	2793,
				"omitted":	false,
				"sender":	true
			}
		}, {
			"streams":	[{
					"socket":	7,
					"start":	88.00009,
					"end":	89.0002,
					"seconds":	1.0001100301742554,
					"bytes":	67371008,
					"bits_per_second":	538908767.774374,
					"retransmits":	2049,
					"snd_cwnd":	10671760,
					"snd_wnd":	137584640,
					"rtt":	126712,
					"rttvar":	141,
					"pmtu":	1500,
					"omitted":	false,
					"sender":	true
				}],
			"sum":	{
				"start":	88.00009,
				"end":	89.0002,
				"seconds":	1.0001100301742554,
				"bytes":	67371008,
				"bits_per_second":	538908767.774374,
				"retransmits":	2049,
				"omitted":	false,
				"sender":	true
			}
		}, {
			"streams":	[{
					"socket":	7,
					"start":	89.0002,
					"end":	90.00011,
					"seconds":	0.999909996986389,
					"bytes":	66846720,
					"bits_per_second":	534821895.58234745,
					"retransmits":	2735,
					"snd_cwnd":	10099800,
					"snd_wnd":	141099008,
					"rtt":	126570,
					"rttvar":	499,
					"pmtu":	1500,
					"omitted":	false,
					"sender":	true
				}],
			"sum":	{
				"start":	89.0002,
				"end":	90.00011,
				"seconds":	0.999909996986389,
				"bytes":	66846720,
				"bits_per_second":	534821895.58234745,
				"retransmits":	2735,
				"omitted":	false,
				"sender":	true
			}
		}, {
			"streams":	[{
					"socket":	7,
					"start":	90.00011,
					"end":	91.000087,
					"seconds":	0.9999769926071167,
					"bytes":	69337088,
					"bits_per_second":	554709466.41863,
					"retransmits":	2756,
					"snd_cwnd":	10098352,
					"snd_wnd":	133328896,
					"rtt":	126123,
					"rttvar":	421,
					"pmtu":	1500,
					"omitted":	false,
					"sender":	true
				}],
			"sum":	{
				"start":	90.00011,
				"end":	91.000087,
				"seconds":	0.9999769926071167,
				"bytes":	69337088,
				"bits_per_second":	554709466.41863,
				"retransmits":	2756,
				"omitted":	false,
				"sender":	true
			}
		}, {
			"streams":	[{
					"socket":	7,
					"start":	91.000087,
					"end":	92.000127,
					"seconds":	1.0000400543212891,
					"bytes":	69599232,
					"bits_per_second":	556771554.89325571,
					"retransmits":	2090,
					"snd_cwnd":	10005680,
					"snd_wnd":	138067968,
					"rtt":	126441,
					"rttvar":	54,
					"pmtu":	1500,
					"omitted":	false,
					"sender":	true
				}],
			"sum":	{
				"start":	91.000087,
				"end":	92.000127,
				"seconds":	1.0000400543212891,
				"bytes":	69599232,
				"bits_per_second":	556771554.89325571,
				"retransmits":	2090,
				"omitted":	false,
				"sender":	true
			}
		}, {
			"streams":	[{
					"socket":	7,
					"start":	92.000127,
					"end":	93.000165,
					"seconds":	1.0000380277633667,
					"bytes":	65798144,
					"bits_per_second":	526365135.51118231,
					"retransmits":	3359,
					"snd_cwnd":	10405328,
					"snd_wnd":	133513216,
					"rtt":	126020,
					"rttvar":	450,
					"pmtu":	1500,
					"omitted":	false,
					"sender":	true
				}],
			"sum":	{
				"start":	92.000127,
				"end":	93.000165,
				"seconds":	1.0000380277633667,
				"bytes":	65798144,
				"bits_per_second":	526365135.51118231,
				"retransmits":	3359,
				"omitted":	false,
				"sender":	true
			}
		}, {
			"streams":	[{
					"socket":	7,
					"start":	93.000165,
					"end":	94.000233,
					"seconds":	1.0000679492950439,
					"bytes":	75235328,
					"bits_per_second":	601841729.27876747,
					"retransmits":	2109,
					"snd_cwnd":	10958464,
					"snd_wnd":	141410304,
					"rtt":	76238,
					"rttvar":	379,
					"pmtu":	1500,
					"omitted":	false,
					"sender":	true
				}],
			"sum":	{
				"start":	93.000165,
				"end":	94.000233,
				"seconds":	1.0000679492950439,
				"bytes":	75235328,
				"bits_per_second":	601841729.27876747,
				"retransmits":	2109,
				"omitted":	false,
				"sender":	true
			}
		}, {
			"streams":	[{
					"socket":	7,
					"start":	94.000233,
					"end":	95.000266,
					"seconds":	1.0000330209732056,
					"bytes":	68157440,
					"bits_per_second":	545241515.594523,
					"retransmits":	1836,
					"snd_cwnd":	10984528,
					"snd_wnd":	133296128,
					"rtt":	125665,
					"rttvar":	372,
					"pmtu":	1500,
					"omitted":	false,
					"sender":	true
				}],
			"sum":	{
				"start":	94.000233,
				"end":	95.000266,
				"seconds":	1.0000330209732056,
				"bytes":	68157440,
				"bits_per_second":	545241515.594523,
				"retransmits":	1836,
				"omitted":	false,
				"sender":	true
			}
		}, {
			"streams":	[{
					"socket":	7,
					"start":	95.000266,
					"end":	96.000358,
					"seconds":	1.0000920295715332,
					"bytes":	83099648,
					"bits_per_second":	664736008.629943,
					"retransmits":	4047,
					"snd_cwnd":	10442976,
					"snd_wnd":	139530240,
					"rtt":	126432,
					"rttvar":	120,
					"pmtu":	1500,
					"omitted":	false,
					"sender":	true
				}],
			"sum":	{
				"start":	95.000266,
				"end":	96.000358,
				"seconds":	1.0000920295715332,
				"bytes":	83099648,
				"bits_per_second":	664736008.629943,
				"retransmits":	4047,
				"omitted":	false,
				"sender":	true
			}
		}, {
			"streams":	[{
					"socket":	7,
					"start":	96.000358,
					"end":	97.000136,
					"seconds":	0.99977797269821167,
					"bytes":	66584576,
					"bits_per_second":	532794903.014723,
					"retransmits":	2613,
					"snd_cwnd":	10353200,
					"snd_wnd":	141348864,
					"rtt":	126824,
					"rttvar":	286,
					"pmtu":	1500,
					"omitted":	false,
					"sender":	true
				}],
			"sum":	{
				"start":	96.000358,
				"end":	97.000136,
				"seconds":	0.99977797269821167,
				"bytes":	66584576,
				"bits_per_second":	532794903.014723,
				"retransmits":	2613,
				"omitted":	false,
				"sender":	true
			}
		}, {
			"streams":	[{
					"socket":	7,
					"start":	97.000136,
					"end":	98.000068,
					"seconds":	0.99993199110031128,
					"bytes":	66060288,
					"bits_per_second":	528518247.94450814,
					"retransmits":	1863,
					"snd_cwnd":	8337584,
					"snd_wnd":	141410304,
					"rtt":	126749,
					"rttvar":	139,
					"pmtu":	1500,
					"omitted":	false,
					"sender":	true
				}],
			"sum":	{
				"start":	97.000136,
				"end":	98.000068,
				"seconds":	0.99993199110031128,
				"bytes":	66060288,
				"bits_per_second":	528518247.94450814,
				"retransmits":	1863,
				"omitted":	false,
				"sender":	true
			}
		}, {
			"streams":	[{
					"socket":	7,
					"start":	98.000068,
					"end":	99.000274,
					"seconds":	1.0002059936523438,
					"bytes":	66191360,
					"bits_per_second":	529421822.46515989,
					"retransmits":	2675,
					"snd_cwnd":	12313792,
					"snd_wnd":	134942720,
					"rtt":	126898,
					"rttvar":	69,
					"pmtu":	1500,
					"omitted":	false,
					"sender":	true
				}],
			"sum":	{
				"start":	98.000068,
				"end":	99.000274,
				"seconds":	1.0002059936523438,
				"bytes":	66191360,
				"bits_per_second":	529421822.46515989,
				"retransmits":	2675,
				"omitted":	false,
				"sender":	true
			}
		}, {
			"streams":	[{
					"socket":	7,
					"start":	99.000274,
					"end":	100.000069,
					"seconds":	0.99979501962661743,
					"bytes":	73007104,
					"bits_per_second":	584176576.73282,
					"retransmits":	4063,
					"snd_cwnd":	11957584,
					"snd_wnd":	140300288,
					"rtt":	126748,
					"rttvar":	218,
					"pmtu":	1500,
					"omitted":	false,
					"sender":	true
				}],
			"sum":	{
				"start":	99.000274,
				"end":	100.000069,
				"seconds":	0.99979501962661743,
				"bytes":	73007104,
				"bits_per_second":	584176576.73282,
				"retransmits":	4063,
				"omitted":	false,
				"sender":	true
			}
		}, {
			"streams":	[{
					"socket":	7,
					"start":	100.000069,
					"end":	101.000238,
					"seconds":	1.000169038772583,
					"bytes":	79953920,
					"bits_per_second":	639523255.77380574,
					"retransmits":	3148,
					"snd_cwnd":	11639024,
					"snd_wnd":	139681792,
					"rtt":	126463,
					"rttvar":	521,
					"pmtu":	1500,
					"omitted":	false,
					"sender":	true
				}],
			"sum":	{
				"start":	100.000069,
				"end":	101.000238,
				"seconds":	1.000169038772583,
				"bytes":	79953920,
				"bits_per_second":	639523255.77380574,
				"retransmits":	3148,
				"omitted":	false,
				"sender":	true
			}
		}, {
			"streams":	[{
					"socket":	7,
					"start":	101.000238,
					"end":	102.000093,
					"seconds":	0.99985498189926147,
					"bytes":	68681728,
					"bits_per_second":	549533516.306827,
					"retransmits":	2046,
					"snd_cwnd":	11291504,
					"snd_wnd":	133353472,
					"rtt":	125460,
					"rttvar":	517,
					"pmtu":	1500,
					"omitted":	false,
					"sender":	true
				}],
			"sum":	{
				"start":	101.000238,
				"end":	102.000093,
				"seconds":	0.99985498189926147,
				"bytes":	68681728,
				"bits_per_second":	549533516.306827,
				"retransmits":	2046,
				"omitted":	false,
				"sender":	true
			}
		}, {
			"streams":	[{
					"socket":	7,
					"start":	102.000093,
					"end":	103.000126,
					"seconds":	1.0000330209732056,
					"bytes":	66584576,
					"bits_per_second":	532659019.08080322,
					"retransmits":	2818,
					"snd_cwnd":	10848416,
					"snd_wnd":	133644288,
					"rtt":	126102,
					"rttvar":	126,
					"pmtu":	1500,
					"omitted":	false,
					"sender":	true
				}],
			"sum":	{
				"start":	102.000093,
				"end":	103.000126,
				"seconds":	1.0000330209732056,
				"bytes":	66584576,
				"bits_per_second":	532659019.08080322,
				"retransmits":	2818,
				"omitted":	false,
				"sender":	true
			}
		}, {
			"streams":	[{
					"socket":	7,
					"start":	103.000126,
					"end":	104.001056,
					"seconds":	1.0009299516677856,
					"bytes":	139984896,
					"bits_per_second":	1118838702.0830147,
					"retransmits":	2040,
					"snd_cwnd":	5792,
					"snd_wnd":	141410304,
					"rtt":	100333,
					"rttvar":	3064,
					"pmtu":	1500,
					"omitted":	false,
					"sender":	true
				}],
			"sum":	{
				"start":	103.000126,
				"end":	104.001056,
				"seconds":	1.0009299516677856,
				"bytes":	139984896,
				"bits_per_second":	1118838702.0830147,
				"retransmits":	2040,
				"omitted":	false,
				"sender":	true
			}
		}, {
			"streams":	[{
					"socket":	7,
					"start":	104.001056,
					"end":	105.000324,
					"seconds":	0.99926799535751343,
					"bytes":	0,
					"bits_per_second":	0,
					"retransmits":	720,
					"snd_cwnd":	10816560,
					"snd_wnd":	137904128,
					"rtt":	126253,
					"rttvar":	226,
					"pmtu":	1500,
					"omitted":	false,
					"sender":	true
				}],
			"sum":	{
				"start":	104.001056,
				"end":	105.000324,
				"seconds":	0.99926799535751343,
				"bytes":	0,
				"bits_per_second":	0,
				"retransmits":	720,
				"omitted":	false,
				"sender":	true
			}
		}, {
			"streams":	[{
					"socket":	7,
					"start":	105.000324,
					"end":	106.001037,
					"seconds":	1.0007129907608032,
					"bytes":	74973184,
					"bits_per_second":	599358135.18719923,
					"retransmits":	3279,
					"snd_cwnd":	11905456,
					"snd_wnd":	132132864,
					"rtt":	126764,
					"rttvar":	104,
					"pmtu":	1500,
					"omitted":	false,
					"sender":	true
				}],
			"sum":	{
				"start":	105.000324,
				"end":	106.001037,
				"seconds":	1.0007129907608032,
				"bytes":	74973184,
				"bits_per_second":	599358135.18719923,
				"retransmits":	3279,
				"omitted":	false,
				"sender":	true
			}
		}, {
			"streams":	[{
					"socket":	7,
					"start":	106.001037,
					"end":	107.001029,
					"seconds":	0.9999920129776,
					"bytes":	134348800,
					"bits_per_second":	1074798984.4435642,
					"retransmits":	3970,
					"snd_cwnd":	11355216,
					"snd_wnd":	137207808,
					"rtt":	126612,
					"rttvar":	148,
					"pmtu":	1500,
					"omitted":	false,
					"sender":	true
				}],
			"sum":	{
				"start":	106.001037,
				"end":	107.001029,
				"seconds":	0.9999920129776,
				"bytes":	134348800,
				"bits_per_second":	1074798984.4435642,
				"retransmits":	3970,
				"omitted":	false,
				"sender":	true
			}
		}, {
			"streams":	[{
					"socket":	7,
					"start":	107.001029,
					"end":	108.000511,
					"seconds":	0.999481976032257,
					"bytes":	71434240,
					"bits_per_second":	571770110.621341,
					"retransmits":	3663,
					"snd_cwnd":	11166976,
					"snd_wnd":	138756096,
					"rtt":	126683,
					"rttvar":	252,
					"pmtu":	1500,
					"omitted":	false,
					"sender":	true
				}],
			"sum":	{
				"start":	107.001029,
				"end":	108.000511,
				"seconds":	0.999481976032257,
				"bytes":	71434240,
				"bits_per_second":	571770110.621341,
				"retransmits":	3663,
				"omitted":	false,
				"sender":	true
			}
		}, {
			"streams":	[{
					"socket":	7,
					"start":	108.000511,
					"end":	109.000221,
					"seconds":	0.99971002340316772,
					"bytes":	68288512,
					"bits_per_second":	546466558.51292026,
					"retransmits":	2335,
					"snd_cwnd":	10888960,
					"snd_wnd":	134623232,
					"rtt":	126024,
					"rttvar":	564,
					"pmtu":	1500,
					"omitted":	false,
					"sender":	true
				}],
			"sum":	{
				"start":	108.000511,
				"end":	109.000221,
				"seconds":	0.99971002340316772,
				"bytes":	68288512,
				"bits_per_second":	546466558.51292026,
				"retransmits":	2335,
				"omitted":	false,
				"sender":	true
			}
		}, {
			"streams":	[{
					"socket":	7,
					"start":	109.000221,
					"end":	110.000309,
					"seconds":	1.0000879764556885,
					"bytes":	66977792,
					"bits_per_second":	535775200.39682329,
					"retransmits":	3098,
					"snd_cwnd":	13156528,
					"snd_wnd":	133627904,
					"rtt":	126575,
					"rttvar":	121,
					"pmtu":	1500,
					"omitted":	false,
					"sender":	true
				}],
			"sum":	{
				"start":	109.000221,
				"end":	110.000309,
				"seconds":	1.0000879764556885,
				"bytes":	66977792,
				"bits_per_second":	535775200.39682329,
				"retransmits":	3098,
				"omitted":	false,
				"sender":	true
			}
		}, {
			"streams":	[{
					"socket":	7,
					"start":	110.000309,
					"end":	111.00014,
					"seconds":	0.99983102083206177,
					"bytes":	73400320,
					"bits_per_second":	587301801.76979172,
					"retransmits":	5417,
					"snd_cwnd":	12629456,
					"snd_wnd":	132399104,
					"rtt":	126664,
					"rttvar":	73,
					"pmtu":	1500,
					"omitted":	false,
					"sender":	true
				}],
			"sum":	{
				"start":	110.000309,
				"end":	111.00014,
				"seconds":	0.99983102083206177,
				"bytes":	73400320,
				"bits_per_second":	587301801.76979172,
				"retransmits":	5417,
				"omitted":	false,
				"sender":	true
			}
		}, {
			"streams":	[{
					"socket":	7,
					"start":	111.00014,
					"end":	112.001048,
					"seconds":	1.0009080171585083,
					"bytes":	72482816,
					"bits_per_second":	579336480.5351243,
					"retransmits":	4659,
					"snd_cwnd":	12934984,
					"snd_wnd":	132829184,
					"rtt":	127124,
					"rttvar":	980,
					"pmtu":	1500,
					"omitted":	false,
					"sender":	true
				}],
			"sum":	{
				"start":	111.00014,
				"end":	112.001048,
				"seconds":	1.0009080171585083,
				"bytes":	72482816,
				"bits_per_second":	579336480.5351243,
				"retransmits":	4659,
				"omitted":	false,
				"sender":	true
			}
		}, {
			"streams":	[{
					"socket":	7,
					"start":	112.001048,
					"end":	113.000569,
					"seconds":	0.999521017074585,
					"bytes":	78643200,
					"bits_per_second":	629447094.41067481,
					"retransmits":	4449,
					"snd_cwnd":	13570656,
					"snd_wnd":	131993600,
					"rtt":	126665,
					"rttvar":	155,
					"pmtu":	1500,
					"omitted":	false,
					"sender":	true
				}],
			"sum":	{
				"start":	112.001048,
				"end":	113.000569,
				"seconds":	0.999521017074585,
				"bytes":	78643200,
				"bits_per_second":	629447094.41067481,
				"retransmits":	4449,
				"omitted":	false,
				"sender":	true
			}
		}, {
			"streams":	[{
					"socket":	7,
					"start":	113.000569,
					"end":	114.00016,
					"seconds":	0.99959099292755127,
					"bytes":	79298560,
					"bits_per_second":	634648055.543233,
					"retransmits":	3424,
					"snd_cwnd":	14430768,
					"snd_wnd":	131719168,
					"rtt":	126422,
					"rttvar":	282,
					"pmtu":	1500,
					"omitted":	false,
					"sender":	true
				}],
			"sum":	{
				"start":	113.000569,
				"end":	114.00016,
				"seconds":	0.99959099292755127,
				"bytes":	79298560,
				"bits_per_second":	634648055.543233,
				"retransmits":	3424,
				"omitted":	false,
				"sender":	true
			}
		}, {
			"streams":	[{
					"socket":	7,
					"start":	114.00016,
					"end":	115.000489,
					"seconds":	1.00032901763916,
					"bytes":	83361792,
					"bits_per_second":	666674988.16930544,
					"retransmits":	1034,
					"snd_cwnd":	13669120,
					"snd_wnd":	141385728,
					"rtt":	103269,
					"rttvar":	521,
					"pmtu":	1500,
					"omitted":	false,
					"sender":	true
				}],
			"sum":	{
				"start":	114.00016,
				"end":	115.000489,
				"seconds":	1.00032901763916,
				"bytes":	83361792,
				"bits_per_second":	666674988.16930544,
				"retransmits":	1034,
				"omitted":	false,
				"sender":	true
			}
		}, {
			"streams":	[{
					"socket":	7,
					"start":	115.000489,
					"end":	116.000248,
					"seconds":	0.999759018421173,
					"bytes":	137363456,
					"bits_per_second":	1099172528.3312805,
					"retransmits":	4744,
					"snd_cwnd":	15140288,
					"snd_wnd":	133812224,
					"rtt":	124379,
					"rttvar":	504,
					"pmtu":	1500,
					"omitted":	false,
					"sender":	true
				}],
			"sum":	{
				"start":	115.000489,
				"end":	116.000248,
				"seconds":	0.999759018421173,
				"bytes":	137363456,
				"bits_per_second":	1099172528.3312805,
				"retransmits":	4744,
				"omitted":	false,
				"sender":	true
			}
		}, {
			"streams":	[{
					"socket":	7,
					"start":	116.000248,
					"end":	117.000677,
					"seconds":	1.0004290342330933,
					"bytes":	76939264,
					"bits_per_second":	615250148.62432444,
					"retransmits":	4177,
					"snd_cwnd":	13338976,
					"snd_wnd":	132587520,
					"rtt":	126548,
					"rttvar":	141,
					"pmtu":	1500,
					"omitted":	false,
					"sender":	true
				}],
			"sum":	{
				"start":	116.000248,
				"end":	117.000677,
				"seconds":	1.0004290342330933,
				"bytes":	76939264,
				"bits_per_second":	615250148.62432444,
				"retransmits":	4177,
				"omitted":	false,
				"sender":	true
			}
		}, {
			"streams":	[{
					"socket":	7,
					"start":	117.000677,
					"end":	118.001049,
					"seconds":	1.000372052192688,
					"bytes":	73400320,
					"bits_per_second":	586984171.25201249,
					"retransmits":	5784,
					"snd_cwnd":	13718352,
					"snd_wnd":	121589760,
					"rtt":	126634,
					"rttvar":	174,
					"pmtu":	1500,
					"omitted":	false,
					"sender":	true
				}],
			"sum":	{
				"start":	117.000677,
				"end":	118.001049,
				"seconds":	1.000372052192688,
				"bytes":	73400320,
				"bits_per_second":	586984171.25201249,
				"retransmits":	5784,
				"omitted":	false,
				"sender":	true
			}
		}, {
			"streams":	[{
					"socket":	7,
					"start":	118.001049,
					"end":	119.001033,
					"seconds":	0.9999840259552002,
					"bytes":	74186752,
					"bits_per_second":	593503496.65144432,
					"retransmits":	3651,
					"snd_cwnd":	13353456,
					"snd_wnd":	131272704,
					"rtt":	126342,
					"rttvar":	407,
					"pmtu":	1500,
					"omitted":	false,
					"sender":	true
				}],
			"sum":	{
				"start":	118.001049,
				"end":	119.001033,
				"seconds":	0.9999840259552002,
				"bytes":	74186752,
				"bits_per_second":	593503496.65144432,
				"retransmits":	3651,
				"omitted":	false,
				"sender":	true
			}
		}, {
			"streams":	[{
					"socket":	7,
					"start":	119.001033,
					"end":	120.001073,
					"seconds":	1.0000400543212891,
					"bytes":	79429632,
					"bits_per_second":	635411605.0194217,
					"retransmits":	4832,
					"snd_cwnd":	12916160,
					"snd_wnd":	132472832,
					"rtt":	126756,
					"rttvar":	207,
					"pmtu":	1500,
					"omitted":	false,
					"sender":	true
				}],
			"sum":	{
				"start":	119.001033,
				"end":	120.001073,
				"seconds":	1.0000400543212891,
				"bytes":	79429632,
				"bits_per_second":	635411605.0194217,
				"retransmits":	4832,
				"omitted":	false,
				"sender":	true
			}
		}],
	"end":	{
		"streams":	[{
				"sender":	{
					"socket":	7,
					"start":	0,
					"end":	120.001073,
					"seconds":	120.001073,
					"bytes":	13290700800,
					"bits_per_second":	886038797.33642042,
					"retransmits":	570307,
					"max_snd_cwnd":	27923232,
					"max_snd_wnd":	141410304,
					"max_rtt":	127508,
					"min_rtt":	60931,
					"mean_rtt":	123530,
					"sender":	true
				},
				"receiver":	{
					"socket":	7,
					"start":	0,
					"end":	120.12684,
					"seconds":	120.001073,
					"bytes":	13149011968,
					"bits_per_second":	875675209.17057335,
					"sender":	true
				}
			}],
		"sum_sent":	{
			"start":	0,
			"end":	120.001073,
			"seconds":	120.001073,
			"bytes":	13290700800,
			"bits_per_second":	886038797.33642042,
			"retransmits":	570307,
			"sender":	true
		},
		"sum_received":	{
			"start":	0,
			"end":	120.12684,
			"seconds":	120.12684,
			"bytes":	13149011968,
			"bits_per_second":	875675209.17057335,
			"sender":	true
		},
		"cpu_utilization_percent":	{
			"host_total":	2.74327806355465,
			"host_user":	0.022539716884756148,
			"host_system":	2.720738346669894,
			"remote_total":	5.9583013803058558,
			"remote_user":	0.053133831341325231,
			"remote_system":	5.9051692138711971
		},
		"sender_tcp_congestion":	"bbr",
		"receiver_tcp_congestion":	"cubic"
	}
}
