{
	"start":	{
		"connected":	[{
				"socket":	7,
				"local_host":	"172.16.0.13",
				"local_port":	35194,
				"remote_host":	"172.17.0.13",
				"remote_port":	5201
			}],
		"version":	"iperf 3.16",
		"system_info":	"Linux h1 6.8.0-63-generic #66-Ubuntu SMP PREEMPT_DYNAMIC Fri Jun 13 20:25:30 UTC 2025 x86_64",
		"timestamp":	{
			"time":	"Fri, 30 Jan 2026 05:09:52 GMT",
			"timesecs":	1769749792
		},
		"connecting_to":	{
			"host":	"172.17.0.13",
			"port":	5201
		},
		"cookie":	"klgsfsjhp4tm53kta22svl34etwezi3t3wx7",
		"tcp_mss_default":	1448,
		"target_bitrate":	0,
		"fq_rate":	0,
		"sock_bufsize":	0,
		"sndbuf_actual":	1000000,
		"rcvbuf_actual":	1000000,
		"test_start":	{
			"protocol":	"TCP",
			"num_streams":	1,
			"blksize":	131072,
			"omit":	0,
			"duration":	120,
			"bytes":	0,
			"blocks":	0,
			"reverse":	0,
			"tos":	0,
			"target_bitrate":	0,
			"bidir":	0,
			"fqrate":	0
		}
	},
	"intervals":	[{
			"streams":	[{
					"socket":	7,
					"start":	0,
					"end":	1.001057,
					"seconds":	1.0010570287704468,
					"bytes":	200933376,
					"bits_per_second":	1605769663.267216,
					"retransmits":	5222,
					"snd_cwnd":	25702000,
					"snd_wnd":	50913280,
					"rtt":	120670,
					"rttvar":	281,
					"pmtu":	1500,
					"omitted":	false,
					"sender":	true
				}],
			"sum":	{
				"start":	0,
				"end":	1.001057,
				"seconds":	1.0010570287704468,
				"bytes":	200933376,
				"bits_per_second":	1605769663.267216,
				"retransmits":	5222,
				"omitted":	false,
				"sender":	true
			}
		}, {
			"streams":	[{
					"socket":	7,
					"start":	1.001057,
					"end":	2.000659,
					"seconds":	0.99960201978683472,
					"bytes":	137494528,
					"bits_per_second":	1100394159.1020052,
					"retransmits":	14703,
					"snd_cwnd":	19023824,
					"snd_wnd":	127418368,
					"rtt":	122973,
					"rttvar":	87,
					"pmtu":	1500,
					"omitted":	false,
					"sender":	true
				}],
			"sum":	{
				"start":	1.001057,
				"end":	2.000659,
				"seconds":	0.99960201978683472,
				"bytes":	137494528,
				"bits_per_second":	1100394159.1020052,
				"retransmits":	14703,
				"omitted":	false,
				"sender":	true
			}
		}, {
			"streams":	[{
					"socket":	7,
					"start":	2.000659,
					"end":	3.000459,
					"seconds":	0.99980002641677856,
					"bytes":	69206016,
					"bits_per_second":	553758865.14450359,
					"retransmits":	15722,
					"snd_cwnd":	14549504,
					"snd_wnd":	131436544,
					"rtt":	122684,
					"rttvar":	254,
					"pmtu":	1500,
					"omitted":	false,
					"sender":	true
				}],
			"sum":	{
				"start":	2.000659,
				"end":	3.000459,
				"seconds":	0.99980002641677856,
				"bytes":	69206016,
				"bits_per_second":	553758865.14450359,
				"retransmits":	15722,
				"omitted":	false,
				"sender":	true
			}
		}, {
			"streams":	[{
					"socket":	7,
					"start":	3.000459,
					"end":	4.001076,
					"seconds":	1.0006170272827148,
					"bytes":	135397376,
					"bits_per_second":	1082511069.136502,
					"retransmits":	8624,
					"snd_cwnd":	14572672,
					"snd_wnd":	134127616,
					"rtt":	122450,
					"rttvar":	378,
					"pmtu":	1500,
					"omitted":	false,
					"sender":	true
				}],
			"sum":	{
				"start":	3.000459,
				"end":	4.001076,
				"seconds":	1.0006170272827148,
				"bytes":	135397376,
				"bits_per_second":	1082511069.136502,
				"retransmits":	8624,
				"omitted":	false,
				"sender":	true
			}
		}, {
			"streams":	[{
					"socket":	7,
					"start":	4.001076,
					"end":	5.000875,
					"seconds":	0.99979901313781738,
					"bytes":	143917056,
					"bits_per_second":	1151567898.0184131,
					"retransmits":	8737,
					"snd_cwnd":	14257008,
					"snd_wnd":	139423744,
					"rtt":	122918,
					"rttvar":	63,
					"pmtu":	1500,
					"omitted":	false,
					"sender":	true
				}],
			"sum":	{
				"start":	4.001076,
				"end":	5.000875,
				"seconds":	0.99979901313781738,
				"bytes":	143917056,
				"bits_per_second":	1151567898.0184131,
				"retransmits":	8737,
				"omitted":	false,
				"sender":	true
			}
		}, {
			"streams":	[{
					"socket":	7,
					"start":	5.000875,
					"end":	6.00107,
					"seconds":	1.0001950263977051,
					"bytes":	66584576,
					"bits_per_second":	532572742.25656182,
					"retransmits":	7849,
					"snd_cwnd":	14257008,
					"snd_wnd":	128491520,
					"rtt":	122872,
					"rttvar":	183,
					"pmtu":	1500,
					"omitted":	false,
					"sender":	true
				}],
			"sum":	{
				"start":	5.000875,
				"end":	6.00107,
				"seconds":	1.0001950263977051,
				"bytes":	66584576,
				"bits_per_second":	532572742.25656182,
				"retransmits":	7849,
				"omitted":	false,
				"sender":	true
			}
		}, {
			"streams":	[{
					"socket":	7,
					"start":	6.00107,
					"end":	7.001076,
					"seconds":	1.0000059604644775,
					"bytes":	135397376,
					"bits_per_second":	1083172551.788482,
					"retransmits":	5286,
					"snd_cwnd":	14338096,
					"snd_wnd":	130285568,
					"rtt":	122810,
					"rttvar":	422,
					"pmtu":	1500,
					"omitted":	false,
					"sender":	true
				}],
			"sum":	{
				"start":	6.00107,
				"end":	7.001076,
				"seconds":	1.0000059604644775,
				"bytes":	135397376,
				"bits_per_second":	1083172551.788482,
				"retransmits":	5286,
				"omitted":	false,
				"sender":	true
			}
		}, {
			"streams":	[{
					"socket":	7,
					"start":	7.001076,
					"end":	8.001081,
					"seconds":	1.0000050067901611,
					"bytes":	68026368,
					"bits_per_second":	544208219.26364219,
					"retransmits":	5303,
					"snd_cwnd":	14196192,
					"snd_wnd":	130256896,
					"rtt":	137383,
					"rttvar":	5556,
					"pmtu":	1500,
					"omitted":	false,
					"sender":	true
				}],
			"sum":	{
				"start":	7.001076,
				"end":	8.001081,
				"seconds":	1.0000050067901611,
				"bytes":	68026368,
				"bits_per_second":	544208219.26364219,
				"retransmits":	5303,
				"omitted":	false,
				"sender":	true
			}
		}, {
			"streams":	[{
					"socket":	7,
					"start":	8.001081,
					"end":	9.00106,
					"seconds":	0.999979019165039,
					"bytes":	76677120,
					"bits_per_second":	613429830.270029,
					"retransmits":	5904,
					"snd_cwnd":	14039808,
					"snd_wnd":	131866624,
					"rtt":	122723,
					"rttvar":	139,
					"pmtu":	1500,
					"omitted":	false,
					"sender":	true
				}],
			"sum":	{
				"start":	8.001081,
				"end":	9.00106,
				"seconds":	0.999979019165039,
				"bytes":	76677120,
				"bits_per_second":	613429830.270029,
				"retransmits":	5904,
				"omitted":	false,
				"sender":	true
			}
		}, {
			"streams":	[{
					"socket":	7,
					"start":	9.00106,
					"end":	10.000979,
					"seconds":	0.99991899728775024,
					"bytes":	140902400,
					"bits_per_second":	1127310515.2092795,
					"retransmits":	4765,
					"snd_cwnd":	12693168,
					"snd_wnd":	131796992,
					"rtt":	122701,
					"rttvar":	506,
					"pmtu":	1500,
					"omitted":	false,
					"sender":	true
				}],
			"sum":	{
				"start":	9.00106,
				"end":	10.000979,
				"seconds":	0.99991899728775024,
				"bytes":	140902400,
				"bits_per_second":	1127310515.2092795,
				"retransmits":	4765,
				"omitted":	false,
				"sender":	true
			}
		}, {
			"streams":	[{
					"socket":	7,
					"start":	10.000979,
					"end":	11.001063,
					"seconds":	1.0000840425491333,
					"bytes":	65798144,
					"bits_per_second":	526340916.9676249,
					"retransmits":	1585,
					"snd_cwnd":	14633488,
					"snd_wnd":	141357056,
					"rtt":	62704,
					"rttvar":	447,
					"pmtu":	1500,
					"omitted":	false,
					"sender":	true
				}],
			"sum":	{
				"start":	10.000979,
				"end":	11.001063,
				"seconds":	1.0000840425491333,
				"bytes":	65798144,
				"bits_per_second":	526340916.9676249,
				"retransmits":	1585,
				"omitted":	false,
				"sender":	true
			}
		}, {
			"streams":	[{
					"socket":	7,
					"start":	11.001063,
					"end":	12.001067,
					"seconds":	1.0000040531158447,
					"bytes":	135266304,
					"bits_per_second":	1082126046.017777,
					"retransmits":	3165,
					"snd_cwnd":	13228928,
					"snd_wnd":	141406208,
					"rtt":	123233,
					"rttvar":	574,
					"pmtu":	1500,
					"omitted":	false,
					"sender":	true
				}],
			"sum":	{
				"start":	11.001063,
				"end":	12.001067,
				"seconds":	1.0000040531158447,
				"bytes":	135266304,
				"bits_per_second":	1082126046.017777,
				"retransmits":	3165,
				"omitted":	false,
				"sender":	true
			}
		}, {
			"streams":	[{
					"socket":	7,
					"start":	12.001067,
					"end":	13.001065,
					"seconds":	0.99999797344207764,
					"bytes":	74973184,
					"bits_per_second":	599786687.50246334,
					"retransmits":	5318,
					"snd_cwnd":	13420064,
					"snd_wnd":	130502656,
					"rtt":	122879,
					"rttvar":	278,
					"pmtu":	1500,
					"omitted":	false,
					"sender":	true
				}],
			"sum":	{
				"start":	12.001067,
				"end":	13.001065,
				"seconds":	0.99999797344207764,
				"bytes":	74973184,
				"bits_per_second":	599786687.50246334,
				"retransmits":	5318,
				"omitted":	false,
				"sender":	true
			}
		}, {
			"streams":	[{
					"socket":	7,
					"start":	13.001065,
					"end":	14.001062,
					"seconds":	0.99999701976776123,
					"bytes":	66715648,
					"bits_per_second":	533726774.62974042,
					"retransmits":	3339,
					"snd_cwnd":	12444112,
					"snd_wnd":	132575232,
					"rtt":	122470,
					"rttvar":	383,
					"pmtu":	1500,
					"omitted":	false,
					"sender":	true
				}],
			"sum":	{
				"start":	13.001065,
				"end":	14.001062,
				"seconds":	0.99999701976776123,
				"bytes":	66715648,
				"bits_per_second":	533726774.62974042,
				"retransmits":	3339,
				"omitted":	false,
				"sender":	true
			}
		}, {
			"streams":	[{
					"socket":	7,
					"start":	14.001062,
					"end":	15.000354,
					"seconds":	0.999292016029358,
					"bytes":	135004160,
					"bits_per_second":	1080798467.9908321,
					"retransmits":	4927,
					"snd_cwnd":	12218224,
					"snd_wnd":	137633792,
					"rtt":	122741,
					"rttvar":	257,
					"pmtu":	1500,
					"omitted":	false,
					"sender":	true
				}],
			"sum":	{
				"start":	14.001062,
				"end":	15.000354,
				"seconds":	0.999292016029358,
				"bytes":	135004160,
				"bits_per_second":	1080798467.9908321,
				"retransmits":	4927,
				"omitted":	false,
				"sender":	true
			}
		}, {
			"streams":	[{
					"socket":	7,
					"start":	15.000354,
					"end":	16.000074,
					"seconds":	0.99971997737884521,
					"bytes":	70909952,
					"bits_per_second":	567438511.619368,
					"retransmits":	3168,
					"snd_cwnd":	11549248,
					"snd_wnd":	134742016,
					"rtt":	122870,
					"rttvar":	77,
					"pmtu":	1500,
					"omitted":	false,
					"sender":	true
				}],
			"sum":	{
				"start":	15.000354,
				"end":	16.000074,
				"seconds":	0.99971997737884521,
				"bytes":	70909952,
				"bits_per_second":	567438511.619368,
				"retransmits":	3168,
				"omitted":	false,
				"sender":	true
			}
		}, {
			"streams":	[{
					"socket":	7,
					"start":	16.000074,
					"end":	17.000397,
					"seconds":	1.0003230571746826,
					"bytes":	67895296,
					"bits_per_second":	542986952.16934264,
					"retransmits":	2111,
					"snd_cwnd":	11074304,
					"snd_wnd":	134737920,
					"rtt":	123045,
					"rttvar":	206,
					"pmtu":	1500,
					"omitted":	false,
					"sender":	true
				}],
			"sum":	{
				"start":	16.000074,
				"end":	17.000397,
				"seconds":	1.0003230571746826,
				"bytes":	67895296,
				"bits_per_second":	542986952.16934264,
				"retransmits":	2111,
				"omitted":	false,
				"sender":	true
			}
		}, {
			"streams":	[{
					"socket":	7,
					"start":	17.000397,
					"end":	18.001074,
					"seconds":	1.0006769895553589,
					"bytes":	128712704,
					"bits_per_second":	1029005006.3582834,
					"retransmits":	2387,
					"snd_cwnd":	10732576,
					"snd_wnd":	138383360,
					"rtt":	136565,
					"rttvar":	971,
					"pmtu":	1500,
					"omitted":	false,
					"sender":	true
				}],
			"sum":	{
				"start":	17.000397,
				"end":	18.001074,
				"seconds":	1.0006769895553589,
				"bytes":	128712704,
				"bits_per_second":	1029005006.3582834,
				"retransmits":	2387,
				"omitted":	false,
				"sender":	true
			}
		}, {
			"streams":	[{
					"socket":	7,
					"start":	18.001074,
					"end":	19.00055,
					"seconds":	0.99947601556777954,
					"bytes":	8126464,
					"bits_per_second":	65045794.983953,
					"retransmits":	4120,
					"snd_cwnd":	10888960,
					"snd_wnd":	129781760,
					"rtt":	122060,
					"rttvar":	257,
					"pmtu":	1500,
					"omitted":	false,
					"sender":	true
				}],
			"sum":	{
				"start":	18.001074,
				"end":	19.00055,
				"seconds":	0.99947601556777954,
				"bytes":	8126464,
				"bits_per_second":	65045794.983953,
				"retransmits":	4120,
				"omitted":	false,
				"sender":	true
			}
		}, {
			"streams":	[{
					"socket":	7,
					"start":	19.00055,
					"end":	20.000272,
					"seconds":	0.99972200393676758,
					"bytes":	148242432,
					"bits_per_second":	1186269234.1770349,
					"retransmits":	3561,
					"snd_cwnd":	10185232,
					"snd_wnd":	138821632,
					"rtt":	120869,
					"rttvar":	458,
					"pmtu":	1500,
					"omitted":	false,
					"sender":	true
				}],
			"sum":	{
				"start":	19.00055,
				"end":	20.000272,
				"seconds":	0.99972200393676758,
				"bytes":	148242432,
				"bits_per_second":	1186269234.1770349,
				"retransmits":	3561,
				"omitted":	false,
				"sender":	true
			}
		}, {
			"streams":	[{
					"socket":	7,
					"start":	20.000272,
					"end":	21.001094,
					"seconds":	1.0008219480514526,
					"bytes":	66060288,
					"bits_per_second":	528048275.74867547,
					"retransmits":	1579,
					"snd_cwnd":	5792,
					"snd_wnd":	134795264,
					"rtt":	105145,
					"rttvar":	4222,
					"pmtu":	1500,
					"omitted":	false,
					"sender":	true
				}],
			"sum":	{
				"start":	20.000272,
				"end":	21.001094,
				"seconds":	1.0008219480514526,
				"bytes":	66060288,
				"bits_per_second":	528048275.74867547,
				"retransmits":	1579,
				"omitted":	false,
				"sender":	true
			}
		}, {
			"streams":	[{
					"socket":	7,
					"start":	21.001094,
					"end":	22.00109,
					"seconds":	0.9999960064888,
					"bytes":	0,
					"bits_per_second":	0,
					"retransmits":	1965,
					"snd_cwnd":	8311520,
					"snd_wnd":	141373440,
					"rtt":	123075,
					"rttvar":	152,
					"pmtu":	1500,
					"omitted":	false,
					"sender":	true
				}],
			"sum":	{
				"start":	21.001094,
				"end":	22.00109,
				"seconds":	0.9999960064888,
				"bytes":	0,
				"bits_per_second":	0,
				"retransmits":	1965,
				"omitted":	false,
				"sender":	true
			}
		}, {
			"streams":	[{
					"socket":	7,
					"start":	22.00109,
					"end":	23.000156,
					"seconds":	0.99906599521636963,
					"bytes":	66715648,
					"bits_per_second":	534224151.913418,
					"retransmits":	3545,
					"snd_cwnd":	9739248,
					"snd_wnd":	136179712,
					"rtt":	123239,
					"rttvar":	166,
					"pmtu":	1500,
					"omitted":	false,
					"sender":	true
				}],
			"sum":	{
				"start":	22.00109,
				"end":	23.000156,
				"seconds":	0.99906599521636963,
				"bytes":	66715648,
				"bits_per_second":	534224151.913418,
				"retransmits":	3545,
				"omitted":	false,
				"sender":	true
			}
		}, {
			"streams":	[{
					"socket":	7,
					"start":	23.000156,
					"end":	24.001109,
					"seconds":	1.0009529590606689,
					"bytes":	66977792,
					"bits_per_second":	535312205.383593,
					"retransmits":	3846,
					"snd_cwnd":	9739248,
					"snd_wnd":	134627328,
					"rtt":	121756,
					"rttvar":	752,
					"pmtu":	1500,
					"omitted":	false,
					"sender":	true
				}],
			"sum":	{
				"start":	23.000156,
				"end":	24.001109,
				"seconds":	1.0009529590606689,
				"bytes":	66977792,
				"bits_per_second":	535312205.383593,
				"retransmits":	3846,
				"omitted":	false,
				"sender":	true
			}
		}, {
			"streams":	[{
					"socket":	7,
					"start":	24.001109,
					"end":	25.001066,
					"seconds":	0.999957025051117,
					"bytes":	67108864,
					"bits_per_second":	536893984.99156058,
					"retransmits":	4371,
					"snd_cwnd":	9125296,
					"snd_wnd":	132014080,
					"rtt":	122978,
					"rttvar":	72,
					"pmtu":	1500,
					"omitted":	false,
					"sender":	true
				}],
			"sum":	{
				"start":	24.001109,
				"end":	25.001066,
				"seconds":	0.999957025051117,
				"bytes":	67108864,
				"bits_per_second":	536893984.99156058,
				"retransmits":	4371,
				"omitted":	false,
				"sender":	true
			}
		}, {
			"streams":	[{
					"socket":	7,
					"start":	25.001066,
					"end":	26.001081,
					"seconds":	1.0000150203704834,
					"bytes":	75104256,
					"bits_per_second":	600825023.385553,
					"retransmits":	2780,
					"snd_cwnd":	8421568,
					"snd_wnd":	136863744,
					"rtt":	122911,
					"rttvar":	107,
					"pmtu":	1500,
					"omitted":	false,
					"sender":	true
				}],
			"sum":	{
				"start":	25.001066,
				"end":	26.001081,
				"seconds":	1.0000150203704834,
				"bytes":	75104256,
				"bits_per_second":	600825023.385553,
				"retransmits":	2780,
				"omitted":	false,
				"sender":	true
			}
		}, {
			"streams":	[{
					"socket":	7,
					"start":	26.001081,
					"end":	27.000547,
					"seconds":	0.99946600198745728,
					"bytes":	69861376,
					"bits_per_second":	559189614.14258671,
					"retransmits":	2305,
					"snd_cwnd":	8644560,
					"snd_wnd":	138321920,
					"rtt":	122806,
					"rttvar":	323,
					"pmtu":	1500,
					"omitted":	false,
					"sender":	true
				}],
			"sum":	{
				"start":	26.001081,
				"end":	27.000547,
				"seconds":	0.99946600198745728,
				"bytes":	69861376,
				"bits_per_second":	559189614.14258671,
				"retransmits":	2305,
				"omitted":	false,
				"sender":	true
			}
		}, {
			"streams":	[{
					"socket":	7,
					"start":	27.000547,
					"end":	28.001081,
					"seconds":	1.0005340576171875,
					"bytes":	66584576,
					"bits_per_second":	532392279.84761554,
					"retransmits":	2552,
					"snd_cwnd":	8389712,
					"snd_wnd":	134746112,
					"rtt":	122255,
					"rttvar":	461,
					"pmtu":	1500,
					"omitted":	false,
					"sender":	true
				}],
			"sum":	{
				"start":	27.000547,
				"end":	28.001081,
				"seconds":	1.0005340576171875,
				"bytes":	66584576,
				"bits_per_second":	532392279.84761554,
				"retransmits":	2552,
				"omitted":	false,
				"sender":	true
			}
		}, {
			"streams":	[{
					"socket":	7,
					"start":	28.001081,
					"end":	29.001099,
					"seconds":	1.0000180006027222,
					"bytes":	68157440,
					"bits_per_second":	545249705.1766727,
					"retransmits":	2733,
					"snd_cwnd":	8050880,
					"snd_wnd":	135757824,
					"rtt":	122506,
					"rttvar":	493,
					"pmtu":	1500,
					"omitted":	false,
					"sender":	true
				}],
			"sum":	{
				"start":	28.001081,
				"end":	29.001099,
				"seconds":	1.0000180006027222,
				"bytes":	68157440,
				"bits_per_second":	545249705.1766727,
				"retransmits":	2733,
				"omitted":	false,
				"sender":	true
			}
		}, {
			"streams":	[{
					"socket":	7,
					"start":	29.001099,
					"end":	30.00106,
					"seconds":	0.999961018562317,
					"bytes":	67633152,
					"bits_per_second":	541086308.322209,
					"retransmits":	1989,
					"snd_cwnd":	7813408,
					"snd_wnd":	136347648,
					"rtt":	122694,
					"rttvar":	130,
					"pmtu":	1500,
					"omitted":	false,
					"sender":	true
				}],
			"sum":	{
				"start":	29.001099,
				"end":	30.00106,
				"seconds":	0.999961018562317,
				"bytes":	67633152,
				"bits_per_second":	541086308.322209,
				"retransmits":	1989,
				"omitted":	false,
				"sender":	true
			}
		}, {
			"streams":	[{
					"socket":	7,
					"start":	30.00106,
					"end":	31.000441,
					"seconds":	0.99938100576400757,
					"bytes":	66846720,
					"bits_per_second":	535104986.90254349,
					"retransmits":	1209,
					"snd_cwnd":	7738112,
					"snd_wnd":	139845632,
					"rtt":	122996,
					"rttvar":	134,
					"pmtu":	1500,
					"omitted":	false,
					"sender":	true
				}],
			"sum":	{
				"start":	30.00106,
				"end":	31.000441,
				"seconds":	0.99938100576400757,
				"bytes":	66846720,
				"bits_per_second":	535104986.90254349,
				"retransmits":	1209,
				"omitted":	false,
				"sender":	true
			}
		}, {
			"streams":	[{
					"socket":	7,
					"start":	31.000441,
					"end":	32.001065,
					"seconds":	1.0006239414215088,
					"bytes":	66846720,
					"bits_per_second":	534440300.55915755,
					"retransmits":	42,
					"snd_cwnd":	10327136,
					"snd_wnd":	141352960,
					"rtt":	110637,
					"rttvar":	517,
					"pmtu":	1500,
					"omitted":	false,
					"sender":	true
				}],
			"sum":	{
				"start":	31.000441,
				"end":	32.001065,
				"seconds":	1.0006239414215088,
				"bytes":	66846720,
				"bits_per_second":	534440300.55915755,
				"retransmits":	42,
				"omitted":	false,
				"sender":	true
			}
		}, {
			"streams":	[{
					"socket":	7,
					"start":	32.001065,
					"end":	33.001065,
					"seconds":	1,
					"bytes":	67108864,
					"bits_per_second":	536870912,
					"retransmits":	2979,
					"snd_cwnd":	8307176,
					"snd_wnd":	141410304,
					"rtt":	122941,
					"rttvar":	87,
					"pmtu":	1500,
					"omitted":	false,
					"sender":	true
				}],
			"sum":	{
				"start":	32.001065,
				"end":	33.001065,
				"seconds":	1,
				"bytes":	67108864,
				"bits_per_second":	536870912,
				"retransmits":	2979,
				"omitted":	false,
				"sender":	true
			}
		}, {
			"streams":	[{
					"socket":	7,
					"start":	33.001065,
					"end":	34.000393,
					"seconds":	0.99932801723480225,
					"bytes":	0,
					"bits_per_second":	0,
					"retransmits":	3111,
					"snd_cwnd":	9385936,
					"snd_wnd":	133853184,
					"rtt":	123081,
					"rttvar":	122,
					"pmtu":	1500,
					"omitted":	false,
					"sender":	true
				}],
			"sum":	{
				"start":	33.001065,
				"end":	34.000393,
				"seconds":	0.99932801723480225,
				"bytes":	0,
				"bits_per_second":	0,
				"retransmits":	3111,
				"omitted":	false,
				"sender":	true
			}
		}, {
			"streams":	[{
					"socket":	7,
					"start":	34.000393,
					"end":	35.00108,
					"seconds":	1.0006870031356812,
					"bytes":	79560704,
					"bits_per_second":	636048664.57299256,
					"retransmits":	1759,
					"snd_cwnd":	8740128,
					"snd_wnd":	135208960,
					"rtt":	122480,
					"rttvar":	326,
					"pmtu":	1500,
					"omitted":	false,
					"sender":	true
				}],
			"sum":	{
				"start":	34.000393,
				"end":	35.00108,
				"seconds":	1.0006870031356812,
				"bytes":	79560704,
				"bits_per_second":	636048664.57299256,
				"retransmits":	1759,
				"omitted":	false,
				"sender":	true
			}
		}, {
			"streams":	[{
					"socket":	7,
					"start":	35.00108,
					"end":	36.001076,
					"seconds":	0.9999960064888,
					"bytes":	67764224,
					"bits_per_second":	542115956.94614577,
					"retransmits":	1801,
					"snd_cwnd":	8789360,
					"snd_wnd":	138936320,
					"rtt":	120252,
					"rttvar":	419,
					"pmtu":	1500,
					"omitted":	false,
					"sender":	true
				}],
			"sum":	{
				"start":	35.00108,
				"end":	36.001076,
				"seconds":	0.9999960064888,
				"bytes":	67764224,
				"bits_per_second":	542115956.94614577,
				"retransmits":	1801,
				"omitted":	false,
				"sender":	true
			}
		}, {
			"streams":	[{
					"socket":	7,
					"start":	36.001076,
					"end":	37.001086,
					"seconds":	1.0000100135803223,
					"bytes":	67239936,
					"bits_per_second":	537914101.55393755,
					"retransmits":	2763,
					"snd_cwnd":	8210160,
					"snd_wnd":	140218368,
					"rtt":	122961,
					"rttvar":	191,
					"pmtu":	1500,
					"omitted":	false,
					"sender":	true
				}],
			"sum":	{
				"start":	36.001076,
				"end":	37.001086,
				"seconds":	1.0000100135803223,
				"bytes":	67239936,
				"bits_per_second":	537914101.55393755,
				"retransmits":	2763,
				"omitted":	false,
				"sender":	true
			}
		}, {
			"streams":	[{
					"socket":	7,
					"start":	37.001086,
					"end":	38.000219,
					"seconds":	0.99913299083709717,
					"bytes":	67633152,
					"bits_per_second":	541534731.574305,
					"retransmits":	1705,
					"snd_cwnd":	8143552,
					"snd_wnd":	136749056,
					"rtt":	123035,
					"rttvar":	150,
					"pmtu":	1500,
					"omitted":	false,
					"sender":	true
				}],
			"sum":	{
				"start":	37.001086,
				"end":	38.000219,
				"seconds":	0.99913299083709717,
				"bytes":	67633152,
				"bits_per_second":	541534731.574305,
				"retransmits":	1705,
				"omitted":	false,
				"sender":	true
			}
		}, {
			"streams":	[{
					"socket":	7,
					"start":	38.000219,
					"end":	39.001093,
					"seconds":	1.0008740425109863,
					"bytes":	69730304,
					"bits_per_second":	557355279.79173934,
					"retransmits":	2413,
					"snd_cwnd":	7599104,
					"snd_wnd":	139862016,
					"rtt":	122761,
					"rttvar":	130,
					"pmtu":	1500,
					"omitted":	false,
					"sender":	true
				}],
			"sum":	{
				"start":	38.000219,
				"end":	39.001093,
				"seconds":	1.0008740425109863,
				"bytes":	69730304,
				"bits_per_second":	557355279.79173934,
				"retransmits":	2413,
				"omitted":	false,
				"sender":	true
			}
		}, {
			"streams":	[{
					"socket":	7,
					"start":	39.001093,
					"end":	40.001082,
					"seconds":	0.99998897314071655,
					"bytes":	67895296,
					"bits_per_second":	543168357.44104469,
					"retransmits":	1830,
					"snd_cwnd":	7323984,
					"snd_wnd":	137158656,
					"rtt":	122511,
					"rttvar":	526,
					"pmtu":	1500,
					"omitted":	false,
					"sender":	true
				}],
			"sum":	{
				"start":	39.001093,
				"end":	40.001082,
				"seconds":	0.99998897314071655,
				"bytes":	67895296,
				"bits_per_second":	543168357.44104469,
				"retransmits":	1830,
				"omitted":	false,
				"sender":	true
			}
		}, {
			"streams":	[{
					"socket":	7,
					"start":	40.001082,
					"end":	41.001079,
					"seconds":	0.99999701976776123,
					"bytes":	73269248,
					"bits_per_second":	586155730.880206,
					"retransmits":	2435,
					"snd_cwnd":	7312400,
					"snd_wnd":	136310784,
					"rtt":	122680,
					"rttvar":	161,
					"pmtu":	1500,
					"omitted":	false,
					"sender":	true
				}],
			"sum":	{
				"start":	40.001082,
				"end":	41.001079,
				"seconds":	0.99999701976776123,
				"bytes":	73269248,
				"bits_per_second":	586155730.880206,
				"retransmits":	2435,
				"omitted":	false,
				"sender":	true
			}
		}, {
			"streams":	[{
					"socket":	7,
					"start":	41.001079,
					"end":	42.001075,
					"seconds":	0.9999960064888,
					"bytes":	0,
					"bits_per_second":	0,
					"retransmits":	934,
					"snd_cwnd":	6953296,
					"snd_wnd":	141410304,
					"rtt":	62002,
					"rttvar":	759,
					"pmtu":	1500,
					"omitted":	false,
					"sender":	true
				}],
			"sum":	{
				"start":	41.001079,
				"end":	42.001075,
				"seconds":	0.9999960064888,
				"bytes":	0,
				"bits_per_second":	0,
				"retransmits":	934,
				"omitted":	false,
				"sender":	true
			}
		}, {
			"streams":	[{
					"socket":	7,
					"start":	42.001075,
					"end":	43.00108,
					"seconds":	1.0000050067901611,
					"bytes":	66715648,
					"bits_per_second":	533722511.76337934,
					"retransmits":	830,
					"snd_cwnd":	7439824,
					"snd_wnd":	136941568,
					"rtt":	122849,
					"rttvar":	501,
					"pmtu":	1500,
					"omitted":	false,
					"sender":	true
				}],
			"sum":	{
				"start":	42.001075,
				"end":	43.00108,
				"seconds":	1.0000050067901611,
				"bytes":	66715648,
				"bits_per_second":	533722511.76337934,
				"retransmits":	830,
				"omitted":	false,
				"sender":	true
			}
		}, {
			"streams":	[{
					"socket":	7,
					"start":	43.00108,
					"end":	44.001085,
					"seconds":	1.0000050067901611,
					"bytes":	66715648,
					"bits_per_second":	533722511.76337934,
					"retransmits":	3015,
					"snd_cwnd":	6985152,
					"snd_wnd":	137293824,
					"rtt":	122294,
					"rttvar":	308,
					"pmtu":	1500,
					"omitted":	false,
					"sender":	true
				}],
			"sum":	{
				"start":	43.00108,
				"end":	44.001085,
				"seconds":	1.0000050067901611,
				"bytes":	66715648,
				"bits_per_second":	533722511.76337934,
				"retransmits":	3015,
				"omitted":	false,
				"sender":	true
			}
		}, {
			"streams":	[{
					"socket":	7,
					"start":	44.001085,
					"end":	45.001228,
					"seconds":	1.0001430511474609,
					"bytes":	66322432,
					"bits_per_second":	530503566.85602915,
					"retransmits":	2339,
					"snd_cwnd":	6734648,
					"snd_wnd":	141410304,
					"rtt":	123011,
					"rttvar":	192,
					"pmtu":	1500,
					"omitted":	false,
					"sender":	true
				}],
			"sum":	{
				"start":	44.001085,
				"end":	45.001228,
				"seconds":	1.0001430511474609,
				"bytes":	66322432,
				"bits_per_second":	530503566.85602915,
				"retransmits":	2339,
				"omitted":	false,
				"sender":	true
			}
		}, {
			"streams":	[{
					"socket":	7,
					"start":	45.001228,
					"end":	46.001075,
					"seconds":	0.99984699487686157,
					"bytes":	0,
					"bits_per_second":	0,
					"retransmits":	1892,
					"snd_cwnd":	6356720,
					"snd_wnd":	140886016,
					"rtt":	121379,
					"rttvar":	99,
					"pmtu":	1500,
					"omitted":	false,
					"sender":	true
				}],
			"sum":	{
				"start":	45.001228,
				"end":	46.001075,
				"seconds":	0.99984699487686157,
				"bytes":	0,
				"bits_per_second":	0,
				"retransmits":	1892,
				"omitted":	false,
				"sender":	true
			}
		}, {
			"streams":	[{
					"socket":	7,
					"start":	46.001075,
					"end":	47.001078,
					"seconds":	1.0000029802322388,
					"bytes":	68812800,
					"bits_per_second":	550500759.37988949,
					"retransmits":	1440,
					"snd_cwnd":	6104768,
					"snd_wnd":	138113024,
					"rtt":	123228,
					"rttvar":	102,
					"pmtu":	1500,
					"omitted":	false,
					"sender":	true
				}],
			"sum":	{
				"start":	46.001075,
				"end":	47.001078,
				"seconds":	1.0000029802322388,
				"bytes":	68812800,
				"bits_per_second":	550500759.37988949,
				"retransmits":	1440,
				"omitted":	false,
				"sender":	true
			}
		}, {
			"streams":	[{
					"socket":	7,
					"start":	47.001078,
					"end":	48.001054,
					"seconds":	0.99997597932815552,
					"bytes":	0,
					"bits_per_second":	0,
					"retransmits":	1934,
					"snd_cwnd":	5939696,
					"snd_wnd":	136847360,
					"rtt":	123164,
					"rttvar":	227,
					"pmtu":	1500,
					"omitted":	false,
					"sender":	true
				}],
			"sum":	{
				"start":	47.001078,
				"end":	48.001054,
				"seconds":	0.99997597932815552,
				"bytes":	0,
				"bits_per_second":	0,
				"retransmits":	1934,
				"omitted":	false,
				"sender":	true
			}
		}, {
			"streams":	[{
					"socket":	7,
					"start":	48.001054,
					"end":	49.001054,
					"seconds":	1,
					"bytes":	66584576,
					"bits_per_second":	532676608,
					"retransmits":	2091,
					"snd_cwnd":	5809376,
					"snd_wnd":	137981952,
					"rtt":	123058,
					"rttvar":	371,
					"pmtu":	1500,
					"omitted":	false,
					"sender":	true
				}],
			"sum":	{
				"start":	48.001054,
				"end":	49.001054,
				"seconds":	1,
				"bytes":	66584576,
				"bits_per_second":	532676608,
				"retransmits":	2091,
				"omitted":	false,
				"sender":	true
			}
		}, {
			"streams":	[{
					"socket":	7,
					"start":	49.001054,
					"end":	50.001053,
					"seconds":	0.99999898672103882,
					"bytes":	66584576,
					"bits_per_second":	532677147.750547,
					"retransmits":	1276,
					"snd_cwnd":	5690640,
					"snd_wnd":	137736192,
					"rtt":	122675,
					"rttvar":	392,
					"pmtu":	1500,
					"omitted":	false,
					"sender":	true
				}],
			"sum":	{
				"start":	49.001054,
				"end":	50.001053,
				"seconds":	0.99999898672103882,
				"bytes":	66584576,
				"bits_per_second":	532677147.750547,
				"retransmits":	1276,
				"omitted":	false,
				"sender":	true
			}
		}, {
			"streams":	[{
					"socket":	7,
					"start":	50.001053,
					"end":	51.00105,
					"seconds":	0.99999701976776123,
					"bytes":	67239936,
					"bits_per_second":	537921091.12977767,
					"retransmits":	751,
					"snd_cwnd":	5451720,
					"snd_wnd":	141410304,
					"rtt":	122306,
					"rttvar":	525,
					"pmtu":	1500,
					"omitted":	false,
					"sender":	true
				}],
			"sum":	{
				"start":	50.001053,
				"end":	51.00105,
				"seconds":	0.99999701976776123,
				"bytes":	67239936,
				"bits_per_second":	537921091.12977767,
				"retransmits":	751,
				"omitted":	false,
				"sender":	true
			}
		}, {
			"streams":	[{
					"socket":	7,
					"start":	51.00105,
					"end":	52.001053,
					"seconds":	1.0000029802322388,
					"bytes":	0,
					"bits_per_second":	0,
					"retransmits":	470,
					"snd_cwnd":	5792,
					"snd_wnd":	141410304,
					"rtt":	105512,
					"rttvar":	712,
					"pmtu":	1500,
					"omitted":	false,
					"sender":	true
				}],
			"sum":	{
				"start":	51.00105,
				"end":	52.001053,
				"seconds":	1.0000029802322388,
				"bytes":	0,
				"bits_per_second":	0,
				"retransmits":	470,
				"omitted":	false,
				"sender":	true
			}
		}, {
			"streams":	[{
					"socket":	7,
					"start":	52.001053,
					"end":	53.001057,
					"seconds":	1.0000040531158447,
					"bytes":	66715648,
					"bits_per_second":	533723020.75876784,
					"retransmits":	233,
					"snd_cwnd":	5589280,
					"snd_wnd":	141406208,
					"rtt":	123297,
					"rttvar":	124,
					"pmtu":	1500,
					"omitted":	false,
					"sender":	true
				}],
			"sum":	{
				"start":	52.001053,
				"end":	53.001057,
				"seconds":	1.0000040531158447,
				"bytes":	66715648,
				"bits_per_second":	533723020.75876784,
				"retransmits":	233,
				"omitted":	false,
				"sender":	true
			}
		}, {
			"streams":	[{
					"socket":	7,
					"start":	53.001057,
					"end":	54.001059,
					"seconds":	1.0000020265579224,
					"bytes":	0,
					"bits_per_second":	0,
					"retransmits":	1585,
					"snd_cwnd":	6026576,
					"snd_wnd":	138067968,
					"rtt":	122839,
					"rttvar":	463,
					"pmtu":	1500,
					"omitted":	false,
					"sender":	true
				}],
			"sum":	{
				"start":	53.001057,
				"end":	54.001059,
				"seconds":	1.0000020265579224,
				"bytes":	0,
				"bits_per_second":	0,
				"retransmits":	1585,
				"omitted":	false,
				"sender":	true
			}
		}, {
			"streams":	[{
					"socket":	7,
					"start":	54.001059,
					"end":	55.001047,
					"seconds":	0.9999880194664,
					"bytes":	70516736,
					"bits_per_second":	564140646.705973,
					"retransmits":	1564,
					"snd_cwnd":	5965760,
					"snd_wnd":	137687040,
					"rtt":	123099,
					"rttvar":	92,
					"pmtu":	1500,
					"omitted":	false,
					"sender":	true
				}],
			"sum":	{
				"start":	54.001059,
				"end":	55.001047,
				"seconds":	0.9999880194664,
				"bytes":	70516736,
				"bits_per_second":	564140646.705973,
				"retransmits":	1564,
				"omitted":	false,
				"sender":	true
			}
		}, {
			"streams":	[{
					"socket":	7,
					"start":	55.001047,
					"end":	56.001052,
					"seconds":	1.0000050067901611,
					"bytes":	66584576,
					"bits_per_second":	532673941.013353,
					"retransmits":	982,
					"snd_cwnd":	5780416,
					"snd_wnd":	137891840,
					"rtt":	122866,
					"rttvar":	89,
					"pmtu":	1500,
					"omitted":	false,
					"sender":	true
				}],
			"sum":	{
				"start":	55.001047,
				"end":	56.001052,
				"seconds":	1.0000050067901611,
				"bytes":	66584576,
				"bits_per_second":	532673941.013353,
				"retransmits":	982,
				"omitted":	false,
				"sender":	true
			}
		}, {
			"streams":	[{
					"socket":	7,
					"start":	56.001052,
					"end":	57.001046,
					"seconds":	0.99999397993087769,
					"bytes":	0,
					"bits_per_second":	0,
					"retransmits":	1161,
					"snd_cwnd":	5736976,
					"snd_wnd":	138096640,
					"rtt":	122522,
					"rttvar":	469,
					"pmtu":	1500,
					"omitted":	false,
					"sender":	true
				}],
			"sum":	{
				"start":	56.001052,
				"end":	57.001046,
				"seconds":	0.99999397993087769,
				"bytes":	0,
				"bits_per_second":	0,
				"retransmits":	1161,
				"omitted":	false,
				"sender":	true
			}
		}, {
			"streams":	[{
					"socket":	7,
					"start":	57.001046,
					"end":	58.001057,
					"seconds":	1.0000109672546387,
					"bytes":	66977792,
					"bits_per_second":	535816459.56444836,
					"retransmits":	775,
					"snd_cwnd":	5664576,
					"snd_wnd":	138833920,
					"rtt":	122901,
					"rttvar":	259,
					"pmtu":	1500,
					"omitted":	false,
					"sender":	true
				}],
			"sum":	{
				"start":	57.001046,
				"end":	58.001057,
				"seconds":	1.0000109672546387,
				"bytes":	66977792,
				"bits_per_second":	535816459.56444836,
				"retransmits":	775,
				"omitted":	false,
				"sender":	true
			}
		}, {
			"streams":	[{
					"socket":	7,
					"start":	58.001057,
					"end":	59.001072,
					"seconds":	1.0000150203704834,
					"bytes":	54525952,
					"bits_per_second":	436201064.098412,
					"retransmits":	763,
					"snd_cwnd":	5554528,
					"snd_wnd":	140881920,
					"rtt":	122798,
					"rttvar":	218,
					"pmtu":	1500,
					"omitted":	false,
					"sender":	true
				}],
			"sum":	{
				"start":	58.001057,
				"end":	59.001072,
				"seconds":	1.0000150203704834,
				"bytes":	54525952,
				"bits_per_second":	436201064.098412,
				"retransmits":	763,
				"omitted":	false,
				"sender":	true
			}
		}, {
			"streams":	[{
					"socket":	7,
					"start":	59.001072,
					"end":	60.00107,
					"seconds":	0.99999797344207764,
					"bytes":	12451840,
					"bits_per_second":	99614921.8754091,
					"retransmits":	858,
					"snd_cwnd":	5467648,
					"snd_wnd":	140943360,
					"rtt":	123433,
					"rttvar":	269,
					"pmtu":	1500,
					"omitted":	false,
					"sender":	true
				}],
			"sum":	{
				"start":	59.001072,
				"end":	60.00107,
				"seconds":	0.99999797344207764,
				"bytes":	12451840,
				"bits_per_second":	99614921.8754091,
				"retransmits":	858,
				"omitted":	false,
				"sender":	true
			}
		}, {
			"streams":	[{
					"socket":	7,
					"start":	60.00107,
					"end":	61.001103,
					"seconds":	1.0000330209732056,
					"bytes":	72613888,
					"bits_per_second":	580891922.38339567,
					"retransmits":	792,
					"snd_cwnd":	5360496,
					"snd_wnd":	140234752,
					"rtt":	122948,
					"rttvar":	333,
					"pmtu":	1500,
					"omitted":	false,
					"sender":	true
				}],
			"sum":	{
				"start":	60.00107,
				"end":	61.001103,
				"seconds":	1.0000330209732056,
				"bytes":	72613888,
				"bits_per_second":	580891922.38339567,
				"retransmits":	792,
				"omitted":	false,
				"sender":	true
			}
		}, {
			"streams":	[{
					"socket":	7,
					"start":	61.001103,
					"end":	62.001064,
					"seconds":	0.999961018562317,
					"bytes":	0,
					"bits_per_second":	0,
					"retransmits":	657,
					"snd_cwnd":	5308368,
					"snd_wnd":	140759040,
					"rtt":	122814,
					"rttvar":	86,
					"pmtu":	1500,
					"omitted":	false,
					"sender":	true
				}],
			"sum":	{
				"start":	61.001103,
				"end":	62.001064,
				"seconds":	0.999961018562317,
				"bytes":	0,
				"bits_per_second":	0,
				"retransmits":	657,
				"omitted":	false,
				"sender":	true
			}
		}, {
			"streams":	[{
					"socket":	7,
					"start":	62.001064,
					"end":	63.00106,
					"seconds":	0.9999960064888,
					"bytes":	68943872,
					"bits_per_second":	551553178.63379622,
					"retransmits":	271,
					"snd_cwnd":	5134608,
					"snd_wnd":	141361152,
					"rtt":	87729,
					"rttvar":	445,
					"pmtu":	1500,
					"omitted":	false,
					"sender":	true
				}],
			"sum":	{
				"start":	62.001064,
				"end":	63.00106,
				"seconds":	0.9999960064888,
				"bytes":	68943872,
				"bits_per_second":	551553178.63379622,
				"retransmits":	271,
				"omitted":	false,
				"sender":	true
			}
		}, {
			"streams":	[{
					"socket":	7,
					"start":	63.00106,
					"end":	64.001177,
					"seconds":	1.0001169443130493,
					"bytes":	0,
					"bits_per_second":	0,
					"retransmits":	883,
					"snd_cwnd":	5406832,
					"snd_wnd":	138694656,
					"rtt":	122711,
					"rttvar":	391,
					"pmtu":	1500,
					"omitted":	false,
					"sender":	true
				}],
			"sum":	{
				"start":	63.00106,
				"end":	64.001177,
				"seconds":	1.0001169443130493,
				"bytes":	0,
				"bits_per_second":	0,
				"retransmits":	883,
				"omitted":	false,
				"sender":	true
			}
		}, {
			"streams":	[{
					"socket":	7,
					"start":	64.001177,
					"end":	65.001064,
					"seconds":	0.999886989593506,
					"bytes":	66191360,
					"bits_per_second":	529590729.26358962,
					"retransmits":	1425,
					"snd_cwnd":	5262032,
					"snd_wnd":	138575872,
					"rtt":	122932,
					"rttvar":	141,
					"pmtu":	1500,
					"omitted":	false,
					"sender":	true
				}],
			"sum":	{
				"start":	64.001177,
				"end":	65.001064,
				"seconds":	0.999886989593506,
				"bytes":	66191360,
				"bits_per_second":	529590729.26358962,
				"retransmits":	1425,
				"omitted":	false,
				"sender":	true
			}
		}, {
			"streams":	[{
					"socket":	7,
					"start":	65.001064,
					"end":	66.001063,
					"seconds":	0.99999898672103882,
					"bytes":	0,
					"bits_per_second":	0,
					"retransmits":	664,
					"snd_cwnd":	5207008,
					"snd_wnd":	140066816,
					"rtt":	122990,
					"rttvar":	193,
					"pmtu":	1500,
					"omitted":	false,
					"sender":	true
				}],
			"sum":	{
				"start":	65.001064,
				"end":	66.001063,
				"seconds":	0.99999898672103882,
				"bytes":	0,
				"bits_per_second":	0,
				"retransmits":	664,
				"omitted":	false,
				"sender":	true
			}
		}, {
			"streams":	[{
					"socket":	7,
					"start":	66.001063,
					"end":	67.00108,
					"seconds":	1.0000170469284058,
					"bytes":	67108864,
					"bits_per_second":	536861760.15601081,
					"retransmits":	677,
					"snd_cwnd":	5175152,
					"snd_wnd":	139104256,
					"rtt":	122992,
					"rttvar":	109,
					"pmtu":	1500,
					"omitted":	false,
					"sender":	true
				}],
			"sum":	{
				"start":	66.001063,
				"end":	67.00108,
				"seconds":	1.0000170469284058,
				"bytes":	67108864,
				"bits_per_second":	536861760.15601081,
				"retransmits":	677,
				"omitted":	false,
				"sender":	true
			}
		}, {
			"streams":	[{
					"socket":	7,
					"start":	67.00108,
					"end":	68.001046,
					"seconds":	0.999966025352478,
					"bytes":	69730304,
					"bits_per_second":	557861385.14392638,
					"retransmits":	638,
					"snd_cwnd":	5276512,
					"snd_wnd":	140607488,
					"rtt":	122815,
					"rttvar":	354,
					"pmtu":	1500,
					"omitted":	false,
					"sender":	true
				}],
			"sum":	{
				"start":	67.00108,
				"end":	68.001046,
				"seconds":	0.999966025352478,
				"bytes":	69730304,
				"bits_per_second":	557861385.14392638,
				"retransmits":	638,
				"omitted":	false,
				"sender":	true
			}
		}, {
			"streams":	[{
					"socket":	7,
					"start":	68.001046,
					"end":	69.001148,
					"seconds":	1.0001020431518555,
					"bytes":	0,
					"bits_per_second":	0,
					"retransmits":	838,
					"snd_cwnd":	5027456,
					"snd_wnd":	139403264,
					"rtt":	122759,
					"rttvar":	206,
					"pmtu":	1500,
					"omitted":	false,
					"sender":	true
				}],
			"sum":	{
				"start":	68.001046,
				"end":	69.001148,
				"seconds":	1.0001020431518555,
				"bytes":	0,
				"bits_per_second":	0,
				"retransmits":	838,
				"omitted":	false,
				"sender":	true
			}
		}, {
			"streams":	[{
					"socket":	7,
					"start":	69.001148,
					"end":	70.001087,
					"seconds":	0.99993902444839478,
					"bytes":	66977792,
					"bits_per_second":	535855010.05481851,
					"retransmits":	440,
					"snd_cwnd":	4681384,
					"snd_wnd":	141410304,
					"rtt":	123143,
					"rttvar":	78,
					"pmtu":	1500,
					"omitted":	false,
					"sender":	true
				}],
			"sum":	{
				"start":	69.001148,
				"end":	70.001087,
				"seconds":	0.99993902444839478,
				"bytes":	66977792,
				"bits_per_second":	535855010.05481851,
				"retransmits":	440,
				"omitted":	false,
				"sender":	true
			}
		}, {
			"streams":	[{
					"socket":	7,
					"start":	70.001087,
					"end":	71.001119,
					"seconds":	1.0000319480895996,
					"bytes":	0,
					"bits_per_second":	0,
					"retransmits":	370,
					"snd_cwnd":	4957952,
					"snd_wnd":	141410304,
					"rtt":	123174,
					"rttvar":	99,
					"pmtu":	1500,
					"omitted":	false,
					"sender":	true
				}],
			"sum":	{
				"start":	70.001087,
				"end":	71.001119,
				"seconds":	1.0000319480895996,
				"bytes":	0,
				"bits_per_second":	0,
				"retransmits":	370,
				"omitted":	false,
				"sender":	true
			}
		}, {
			"streams":	[{
					"socket":	7,
					"start":	71.001119,
					"end":	72.001117,
					"seconds":	0.99999797344207764,
					"bytes":	65929216,
					"bits_per_second":	527434796.87716615,
					"retransmits":	545,
					"snd_cwnd":	4978224,
					"snd_wnd":	140546048,
					"rtt":	122989,
					"rttvar":	282,
					"pmtu":	1500,
					"omitted":	false,
					"sender":	true
				}],
			"sum":	{
				"start":	71.001119,
				"end":	72.001117,
				"seconds":	0.99999797344207764,
				"bytes":	65929216,
				"bits_per_second":	527434796.87716615,
				"retransmits":	545,
				"omitted":	false,
				"sender":	true
			}
		}, {
			"streams":	[{
					"socket":	7,
					"start":	72.001117,
					"end":	73.001103,
					"seconds":	0.99998599290847778,
					"bytes":	0,
					"bits_per_second":	0,
					"retransmits":	283,
					"snd_cwnd":	5076688,
					"snd_wnd":	141410304,
					"rtt":	65000,
					"rttvar":	10974,
					"pmtu":	1500,
					"omitted":	false,
					"sender":	true
				}],
			"sum":	{
				"start":	72.001117,
				"end":	73.001103,
				"seconds":	0.99998599290847778,
				"bytes":	0,
				"bits_per_second":	0,
				"retransmits":	283,
				"omitted":	false,
				"sender":	true
			}
		}, {
			"streams":	[{
					"socket":	7,
					"start":	73.001103,
					"end":	74.001055,
					"seconds":	0.99995201826095581,
					"bytes":	66453504,
					"bits_per_second":	531653541.661498,
					"retransmits":	300,
					"snd_cwnd":	5180944,
					"snd_wnd":	141410304,
					"rtt":	122702,
					"rttvar":	587,
					"pmtu":	1500,
					"omitted":	false,
					"sender":	true
				}],
			"sum":	{
				"start":	73.001103,
				"end":	74.001055,
				"seconds":	0.99995201826095581,
				"bytes":	66453504,
				"bits_per_second":	531653541.661498,
				"retransmits":	300,
				"omitted":	false,
				"sender":	true
			}
		}, {
			"streams":	[{
					"socket":	7,
					"start":	74.001055,
					"end":	75.001044,
					"seconds":	0.99998897314071655,
					"bytes":	0,
					"bits_per_second":	0,
					"retransmits":	1714,
					"snd_cwnd":	5314160,
					"snd_wnd":	137961472,
					"rtt":	122932,
					"rttvar":	166,
					"pmtu":	1500,
					"omitted":	false,
					"sender":	true
				}],
			"sum":	{
				"start":	74.001055,
				"end":	75.001044,
				"seconds":	0.99998897314071655,
				"bytes":	0,
				"bits_per_second":	0,
				"retransmits":	1714,
				"omitted":	false,
				"sender":	true
			}
		}, {
			"streams":	[{
					"socket":	7,
					"start":	75.001044,
					"end":	76.001045,
					"seconds":	1.0000009536743164,
					"bytes":	70647808,
					"bits_per_second":	565181925.000514,
					"retransmits":	1163,
					"snd_cwnd":	5215696,
					"snd_wnd":	138833920,
					"rtt":	122816,
					"rttvar":	234,
					"pmtu":	1500,
					"omitted":	false,
					"sender":	true
				}],
			"sum":	{
				"start":	75.001044,
				"end":	76.001045,
				"seconds":	1.0000009536743164,
				"bytes":	70647808,
				"bits_per_second":	565181925.000514,
				"retransmits":	1163,
				"omitted":	false,
				"sender":	true
			}
		}, {
			"streams":	[{
					"socket":	7,
					"start":	76.001045,
					"end":	77.001039,
					"seconds":	0.99999397993087769,
					"bytes":	68288512,
					"bits_per_second":	546311384.832299,
					"retransmits":	778,
					"snd_cwnd":	5117232,
					"snd_wnd":	138481664,
					"rtt":	123036,
					"rttvar":	311,
					"pmtu":	1500,
					"omitted":	false,
					"sender":	true
				}],
			"sum":	{
				"start":	76.001045,
				"end":	77.001039,
				"seconds":	0.99999397993087769,
				"bytes":	68288512,
				"bits_per_second":	546311384.832299,
				"retransmits":	778,
				"omitted":	false,
				"sender":	true
			}
		}, {
			"streams":	[{
					"socket":	7,
					"start":	77.001039,
					"end":	78.001038,
					"seconds":	0.99999898672103882,
					"bytes":	0,
					"bits_per_second":	0,
					"retransmits":	753,
					"snd_cwnd":	4997048,
					"snd_wnd":	141381632,
					"rtt":	123106,
					"rttvar":	45,
					"pmtu":	1500,
					"omitted":	false,
					"sender":	true
				}],
			"sum":	{
				"start":	77.001039,
				"end":	78.001038,
				"seconds":	0.99999898672103882,
				"bytes":	0,
				"bits_per_second":	0,
				"retransmits":	753,
				"omitted":	false,
				"sender":	true
			}
		}, {
			"streams":	[{
					"socket":	7,
					"start":	78.001038,
					"end":	79.001043,
					"seconds":	1.0000050067901611,
					"bytes":	66322432,
					"bits_per_second":	530576799.51330048,
					"retransmits":	864,
					"snd_cwnd":	5044832,
					"snd_wnd":	138391552,
					"rtt":	122675,
					"rttvar":	510,
					"pmtu":	1500,
					"omitted":	false,
					"sender":	true
				}],
			"sum":	{
				"start":	78.001038,
				"end":	79.001043,
				"seconds":	1.0000050067901611,
				"bytes":	66322432,
				"bits_per_second":	530576799.51330048,
				"retransmits":	864,
				"omitted":	false,
				"sender":	true
			}
		}, {
			"streams":	[{
					"socket":	7,
					"start":	79.001043,
					"end":	80.001051,
					"seconds":	1.0000079870224,
					"bytes":	0,
					"bits_per_second":	0,
					"retransmits":	700,
					"snd_cwnd":	4992704,
					"snd_wnd":	139071488,
					"rtt":	123095,
					"rttvar":	162,
					"pmtu":	1500,
					"omitted":	false,
					"sender":	true
				}],
			"sum":	{
				"start":	79.001043,
				"end":	80.001051,
				"seconds":	1.0000079870224,
				"bytes":	0,
				"bits_per_second":	0,
				"retransmits":	700,
				"omitted":	false,
				"sender":	true
			}
		}, {
			"streams":	[{
					"socket":	7,
					"start":	80.001051,
					"end":	81.001044,
					"seconds":	0.99999302625656128,
					"bytes":	67108864,
					"bits_per_second":	536874656.02611,
					"retransmits":	556,
					"snd_cwnd":	4737856,
					"snd_wnd":	141398016,
					"rtt":	123138,
					"rttvar":	342,
					"pmtu":	1500,
					"omitted":	false,
					"sender":	true
				}],
			"sum":	{
				"start":	80.001051,
				"end":	81.001044,
				"seconds":	0.99999302625656128,
				"bytes":	67108864,
				"bits_per_second":	536874656.02611,
				"retransmits":	556,
				"omitted":	false,
				"sender":	true
			}
		}, {
			"streams":	[{
					"socket":	7,
					"start":	81.001044,
					"end":	82.001051,
					"seconds":	1.0000070333480835,
					"bytes":	0,
					"bits_per_second":	0,
					"retransmits":	694,
					"snd_cwnd":	4894240,
					"snd_wnd":	140677120,
					"rtt":	123297,
					"rttvar":	117,
					"pmtu":	1500,
					"omitted":	false,
					"sender":	true
				}],
			"sum":	{
				"start":	81.001044,
				"end":	82.001051,
				"seconds":	1.0000070333480835,
				"bytes":	0,
				"bits_per_second":	0,
				"retransmits":	694,
				"omitted":	false,
				"sender":	true
			}
		}, {
			"streams":	[{
					"socket":	7,
					"start":	82.001051,
					"end":	83.00106,
					"seconds":	1.0000089406967163,
					"bytes":	68419584,
					"bits_per_second":	547351778.293753,
					"retransmits":	866,
					"snd_cwnd":	4714688,
					"snd_wnd":	138854400,
					"rtt":	122669,
					"rttvar":	135,
					"pmtu":	1500,
					"omitted":	false,
					"sender":	true
				}],
			"sum":	{
				"start":	82.001051,
				"end":	83.00106,
				"seconds":	1.0000089406967163,
				"bytes":	68419584,
				"bits_per_second":	547351778.293753,
				"retransmits":	866,
				"omitted":	false,
				"sender":	true
			}
		}, {
			"streams":	[{
					"socket":	7,
					"start":	83.00106,
					"end":	84.001055,
					"seconds":	0.999994993209839,
					"bytes":	0,
					"bits_per_second":	0,
					"retransmits":	0,
					"snd_cwnd":	4871072,
					"snd_wnd":	141410304,
					"rtt":	122507,
					"rttvar":	332,
					"pmtu":	1500,
					"omitted":	false,
					"sender":	true
				}],
			"sum":	{
				"start":	83.00106,
				"end":	84.001055,
				"seconds":	0.999994993209839,
				"bytes":	0,
				"bits_per_second":	0,
				"retransmits":	0,
				"omitted":	false,
				"sender":	true
			}
		}, {
			"streams":	[{
					"socket":	7,
					"start":	84.001055,
					"end":	85.001069,
					"seconds":	1.0000139474868774,
					"bytes":	66322432,
					"bits_per_second":	530572055.85321343,
					"retransmits":	1114,
					"snd_cwnd":	4911616,
					"snd_wnd":	139350016,
					"rtt":	122964,
					"rttvar":	244,
					"pmtu":	1500,
					"omitted":	false,
					"sender":	true
				}],
			"sum":	{
				"start":	84.001055,
				"end":	85.001069,
				"seconds":	1.0000139474868774,
				"bytes":	66322432,
				"bits_per_second":	530572055.85321343,
				"retransmits":	1114,
				"omitted":	false,
				"sender":	true
			}
		}, {
			"streams":	[{
					"socket":	7,
					"start":	85.001069,
					"end":	86.001053,
					"seconds":	0.9999840259552002,
					"bytes":	0,
					"bits_per_second":	0,
					"retransmits":	840,
					"snd_cwnd":	4842112,
					"snd_wnd":	141410304,
					"rtt":	123066,
					"rttvar":	78,
					"pmtu":	1500,
					"omitted":	false,
					"sender":	true
				}],
			"sum":	{
				"start":	85.001069,
				"end":	86.001053,
				"seconds":	0.9999840259552002,
				"bytes":	0,
				"bits_per_second":	0,
				"retransmits":	840,
				"omitted":	false,
				"sender":	true
			}
		}, {
			"streams":	[{
					"socket":	7,
					"start":	86.001053,
					"end":	87.00106,
					"seconds":	1.0000070333480835,
					"bytes":	71565312,
					"bits_per_second":	572518469.27832139,
					"retransmits":	521,
					"snd_cwnd":	4656768,
					"snd_wnd":	139022336,
					"rtt":	123000,
					"rttvar":	153,
					"pmtu":	1500,
					"omitted":	false,
					"sender":	true
				}],
			"sum":	{
				"start":	86.001053,
				"end":	87.00106,
				"seconds":	1.0000070333480835,
				"bytes":	71565312,
				"bits_per_second":	572518469.27832139,
				"retransmits":	521,
				"omitted":	false,
				"sender":	true
			}
		}, {
			"streams":	[{
					"socket":	7,
					"start":	87.00106,
					"end":	88.001062,
					"seconds":	1.0000020265579224,
					"bytes":	67371008,
					"bits_per_second":	538966971.75221348,
					"retransmits":	687,
					"snd_cwnd":	4488800,
					"snd_wnd":	141406208,
					"rtt":	122897,
					"rttvar":	96,
					"pmtu":	1500,
					"omitted":	false,
					"sender":	true
				}],
			"sum":	{
				"start":	87.00106,
				"end":	88.001062,
				"seconds":	1.0000020265579224,
				"bytes":	67371008,
				"bits_per_second":	538966971.75221348,
				"retransmits":	687,
				"omitted":	false,
				"sender":	true
			}
		}, {
			"streams":	[{
					"socket":	7,
					"start":	88.001062,
					"end":	89.001065,
					"seconds":	1.0000029802322388,
					"bytes":	0,
					"bits_per_second":	0,
					"retransmits":	455,
					"snd_cwnd":	4526448,
					"snd_wnd":	139603968,
					"rtt":	123066,
					"rttvar":	88,
					"pmtu":	1500,
					"omitted":	false,
					"sender":	true
				}],
			"sum":	{
				"start":	88.001062,
				"end":	89.001065,
				"seconds":	1.0000029802322388,
				"bytes":	0,
				"bits_per_second":	0,
				"retransmits":	455,
				"omitted":	false,
				"sender":	true
			}
		}, {
			"streams":	[{
					"socket":	7,
					"start":	89.001065,
					"end":	90.001061,
					"seconds":	0.9999960064888,
					"bytes":	66846720,
					"bits_per_second":	534775895.63352865,
					"retransmits":	751,
					"snd_cwnd":	4365720,
					"snd_wnd":	141410304,
					"rtt":	122312,
					"rttvar":	288,
					"pmtu":	1500,
					"omitted":	false,
					"sender":	true
				}],
			"sum":	{
				"start":	89.001065,
				"end":	90.001061,
				"seconds":	0.9999960064888,
				"bytes":	66846720,
				"bits_per_second":	534775895.63352865,
				"retransmits":	751,
				"omitted":	false,
				"sender":	true
			}
		}, {
			"streams":	[{
					"socket":	7,
					"start":	90.001061,
					"end":	91.001061,
					"seconds":	1,
					"bytes":	0,
					"bits_per_second":	0,
					"retransmits":	509,
					"snd_cwnd":	4200648,
					"snd_wnd":	141410304,
					"rtt":	122878,
					"rttvar":	92,
					"pmtu":	1500,
					"omitted":	false,
					"sender":	true
				}],
			"sum":	{
				"start":	90.001061,
				"end":	91.001061,
				"seconds":	1,
				"bytes":	0,
				"bits_per_second":	0,
				"retransmits":	509,
				"omitted":	false,
				"sender":	true
			}
		}, {
			"streams":	[{
					"socket":	7,
					"start":	91.001061,
					"end":	92.001084,
					"seconds":	1.0000230073928833,
					"bytes":	66453504,
					"bits_per_second":	531615800.90640557,
					"retransmits":	372,
					"snd_cwnd":	4300560,
					"snd_wnd":	141410304,
					"rtt":	121992,
					"rttvar":	53,
					"pmtu":	1500,
					"omitted":	false,
					"sender":	true
				}],
			"sum":	{
				"start":	91.001061,
				"end":	92.001084,
				"seconds":	1.0000230073928833,
				"bytes":	66453504,
				"bits_per_second":	531615800.90640557,
				"retransmits":	372,
				"omitted":	false,
				"sender":	true
			}
		}, {
			"streams":	[{
					"socket":	7,
					"start":	92.001084,
					"end":	93.001056,
					"seconds":	0.99997198581695557,
					"bytes":	0,
					"bits_per_second":	0,
					"retransmits":	753,
					"snd_cwnd":	4312144,
					"snd_wnd":	138903552,
					"rtt":	122985,
					"rttvar":	262,
					"pmtu":	1500,
					"omitted":	false,
					"sender":	true
				}],
			"sum":	{
				"start":	92.001084,
				"end":	93.001056,
				"seconds":	0.99997198581695557,
				"bytes":	0,
				"bits_per_second":	0,
				"retransmits":	753,
				"omitted":	false,
				"sender":	true
			}
		}, {
			"streams":	[{
					"socket":	7,
					"start":	93.001056,
					"end":	94.001056,
					"seconds":	1,
					"bytes":	0,
					"bits_per_second":	0,
					"retransmits":	374,
					"snd_cwnd":	4393232,
					"snd_wnd":	141406208,
					"rtt":	74530,
					"rttvar":	460,
					"pmtu":	1500,
					"omitted":	false,
					"sender":	true
				}],
			"sum":	{
				"start":	93.001056,
				"end":	94.001056,
				"seconds":	1,
				"bytes":	0,
				"bits_per_second":	0,
				"retransmits":	374,
				"omitted":	false,
				"sender":	true
			}
		}, {
			"streams":	[{
					"socket":	7,
					"start":	94.001056,
					"end":	95.00107,
					"seconds":	1.0000139474868774,
					"bytes":	66322432,
					"bits_per_second":	530572055.85321343,
					"retransmits":	359,
					"snd_cwnd":	4787088,
					"snd_wnd":	139034624,
					"rtt":	122458,
					"rttvar":	217,
					"pmtu":	1500,
					"omitted":	false,
					"sender":	true
				}],
			"sum":	{
				"start":	94.001056,
				"end":	95.00107,
				"seconds":	1.0000139474868774,
				"bytes":	66322432,
				"bits_per_second":	530572055.85321343,
				"retransmits":	359,
				"omitted":	false,
				"sender":	true
			}
		}, {
			"streams":	[{
					"socket":	7,
					"start":	95.00107,
					"end":	96.00108,
					"seconds":	1.0000100135803223,
					"bytes":	0,
					"bits_per_second":	0,
					"retransmits":	1046,
					"snd_cwnd":	4697312,
					"snd_wnd":	138883072,
					"rtt":	122816,
					"rttvar":	228,
					"pmtu":	1500,
					"omitted":	false,
					"sender":	true
				}],
			"sum":	{
				"start":	95.00107,
				"end":	96.00108,
				"seconds":	1.0000100135803223,
				"bytes":	0,
				"bits_per_second":	0,
				"retransmits":	1046,
				"omitted":	false,
				"sender":	true
			}
		}, {
			"streams":	[{
					"socket":	7,
					"start":	96.00108,
					"end":	97.001053,
					"seconds":	0.99997299909591675,
					"bytes":	65798144,
					"bits_per_second":	526399365.25877082,
					"retransmits":	831,
					"snd_cwnd":	4604640,
					"snd_wnd":	140099584,
					"rtt":	123085,
					"rttvar":	80,
					"pmtu":	1500,
					"omitted":	false,
					"sender":	true
				}],
			"sum":	{
				"start":	96.00108,
				"end":	97.001053,
				"seconds":	0.99997299909591675,
				"bytes":	65798144,
				"bits_per_second":	526399365.25877082,
				"retransmits":	831,
				"omitted":	false,
				"sender":	true
			}
		}, {
			"streams":	[{
					"socket":	7,
					"start":	97.001053,
					"end":	98.001056,
					"seconds":	1.0000029802322388,
					"bytes":	66060288,
					"bits_per_second":	528480729.00469387,
					"retransmits":	395,
					"snd_cwnd":	4441016,
					"snd_wnd":	141410304,
					"rtt":	123269,
					"rttvar":	60,
					"pmtu":	1500,
					"omitted":	false,
					"sender":	true
				}],
			"sum":	{
				"start":	97.001053,
				"end":	98.001056,
				"seconds":	1.0000029802322388,
				"bytes":	66060288,
				"bits_per_second":	528480729.00469387,
				"retransmits":	395,
				"omitted":	false,
				"sender":	true
			}
		}, {
			"streams":	[{
					"socket":	7,
					"start":	98.001056,
					"end":	99.001051,
					"seconds":	0.999994993209839,
					"bytes":	0,
					"bits_per_second":	0,
					"retransmits":	549,
					"snd_cwnd":	4553960,
					"snd_wnd":	141410304,
					"rtt":	123102,
					"rttvar":	89,
					"pmtu":	1500,
					"omitted":	false,
					"sender":	true
				}],
			"sum":	{
				"start":	98.001056,
				"end":	99.001051,
				"seconds":	0.999994993209839,
				"bytes":	0,
				"bits_per_second":	0,
				"retransmits":	549,
				"omitted":	false,
				"sender":	true
			}
		}, {
			"streams":	[{
					"socket":	7,
					"start":	99.001051,
					"end":	100.001056,
					"seconds":	1.0000050067901611,
					"bytes":	66322432,
					"bits_per_second":	530576799.51330048,
					"retransmits":	805,
					"snd_cwnd":	4619120,
					"snd_wnd":	141410304,
					"rtt":	123099,
					"rttvar":	99,
					"pmtu":	1500,
					"omitted":	false,
					"sender":	true
				}],
			"sum":	{
				"start":	99.001051,
				"end":	100.001056,
				"seconds":	1.0000050067901611,
				"bytes":	66322432,
				"bits_per_second":	530576799.51330048,
				"retransmits":	805,
				"omitted":	false,
				"sender":	true
			}
		}, {
			"streams":	[{
					"socket":	7,
					"start":	100.001056,
					"end":	101.00106,
					"seconds":	1.0000040531158447,
					"bytes":	0,
					"bits_per_second":	0,
					"retransmits":	523,
					"snd_cwnd":	4202096,
					"snd_wnd":	141410304,
					"rtt":	123011,
					"rttvar":	129,
					"pmtu":	1500,
					"omitted":	false,
					"sender":	true
				}],
			"sum":	{
				"start":	100.001056,
				"end":	101.00106,
				"seconds":	1.0000040531158447,
				"bytes":	0,
				"bits_per_second":	0,
				"retransmits":	523,
				"omitted":	false,
				"sender":	true
			}
		}, {
			"streams":	[{
					"socket":	7,
					"start":	101.00106,
					"end":	102.001056,
					"seconds":	0.9999960064888,
					"bytes":	66453504,
					"bits_per_second":	531630155.07097852,
					"retransmits":	371,
					"snd_cwnd":	4714688,
					"snd_wnd":	141410304,
					"rtt":	121900,
					"rttvar":	100,
					"pmtu":	1500,
					"omitted":	false,
					"sender":	true
				}],
			"sum":	{
				"start":	101.00106,
				"end":	102.001056,
				"seconds":	0.9999960064888,
				"bytes":	66453504,
				"bits_per_second":	531630155.07097852,
				"retransmits":	371,
				"omitted":	false,
				"sender":	true
			}
		}, {
			"streams":	[{
					"socket":	7,
					"start":	102.001056,
					"end":	103.001054,
					"seconds":	0.99999797344207764,
					"bytes":	0,
					"bits_per_second":	0,
					"retransmits":	561,
					"snd_cwnd":	4165896,
					"snd_wnd":	141410304,
					"rtt":	122931,
					"rttvar":	251,
					"pmtu":	1500,
					"omitted":	false,
					"sender":	true
				}],
			"sum":	{
				"start":	102.001056,
				"end":	103.001054,
				"seconds":	0.99999797344207764,
				"bytes":	0,
				"bits_per_second":	0,
				"retransmits":	561,
				"omitted":	false,
				"sender":	true
			}
		}, {
			"streams":	[{
					"socket":	7,
					"start":	103.001054,
					"end":	104.00106,
					"seconds":	1.0000059604644775,
					"bytes":	66322432,
					"bits_per_second":	530576293.51884985,
					"retransmits":	480,
					"snd_cwnd":	5792,
					"snd_wnd":	141406208,
					"rtt":	80101,
					"rttvar":	5882,
					"pmtu":	1500,
					"omitted":	false,
					"sender":	true
				}],
			"sum":	{
				"start":	103.001054,
				"end":	104.00106,
				"seconds":	1.0000059604644775,
				"bytes":	66322432,
				"bits_per_second":	530576293.51884985,
				"retransmits":	480,
				"omitted":	false,
				"sender":	true
			}
		}, {
			"streams":	[{
					"socket":	7,
					"start":	104.00106,
					"end":	105.001063,
					"seconds":	1.0000029802322388,
					"bytes":	0,
					"bits_per_second":	0,
					"retransmits":	285,
					"snd_cwnd":	5710912,
					"snd_wnd":	138735616,
					"rtt":	121015,
					"rttvar":	372,
					"pmtu":	1500,
					"omitted":	false,
					"sender":	true
				}],
			"sum":	{
				"start":	104.00106,
				"end":	105.001063,
				"seconds":	1.0000029802322388,
				"bytes":	0,
				"bits_per_second":	0,
				"retransmits":	285,
				"omitted":	false,
				"sender":	true
			}
		}, {
			"streams":	[{
					"socket":	7,
					"start":	105.001063,
					"end":	106.001062,
					"seconds":	0.99999898672103882,
					"bytes":	66191360,
					"bits_per_second":	529531416.56304371,
					"retransmits":	892,
					"snd_cwnd":	5702224,
					"snd_wnd":	132784128,
					"rtt":	122923,
					"rttvar":	133,
					"pmtu":	1500,
					"omitted":	false,
					"sender":	true
				}],
			"sum":	{
				"start":	105.001063,
				"end":	106.001062,
				"seconds":	0.99999898672103882,
				"bytes":	66191360,
				"bits_per_second":	529531416.56304371,
				"retransmits":	892,
				"omitted":	false,
				"sender":	true
			}
		}, {
			"streams":	[{
					"socket":	7,
					"start":	106.001062,
					"end":	107.00106,
					"seconds":	0.99999797344207764,
					"bytes":	0,
					"bits_per_second":	0,
					"retransmits":	1030,
					"snd_cwnd":	5470544,
					"snd_wnd":	140316672,
					"rtt":	123072,
					"rttvar":	120,
					"pmtu":	1500,
					"omitted":	false,
					"sender":	true
				}],
			"sum":	{
				"start":	106.001062,
				"end":	107.00106,
				"seconds":	0.99999797344207764,
				"bytes":	0,
				"bits_per_second":	0,
				"retransmits":	1030,
				"omitted":	false,
				"sender":	true
			}
		}, {
			"streams":	[{
					"socket":	7,
					"start":	107.00106,
					"end":	108.001073,
					"seconds":	1.000012993812561,
					"bytes":	69337088,
					"bits_per_second":	554689496.46865332,
					"retransmits":	879,
					"snd_cwnd":	5389456,
					"snd_wnd":	141398016,
					"rtt":	122890,
					"rttvar":	225,
					"pmtu":	1500,
					"omitted":	false,
					"sender":	true
				}],
			"sum":	{
				"start":	107.00106,
				"end":	108.001073,
				"seconds":	1.000012993812561,
				"bytes":	69337088,
				"bits_per_second":	554689496.46865332,
				"retransmits":	879,
				"omitted":	false,
				"sender":	true
			}
		}, {
			"streams":	[{
					"socket":	7,
					"start":	108.001073,
					"end":	109.001071,
					"seconds":	0.99999797344207764,
					"bytes":	66322432,
					"bits_per_second":	530580531.252179,
					"retransmits":	658,
					"snd_cwnd":	5386560,
					"snd_wnd":	137809920,
					"rtt":	122789,
					"rttvar":	290,
					"pmtu":	1500,
					"omitted":	false,
					"sender":	true
				}],
			"sum":	{
				"start":	108.001073,
				"end":	109.001071,
				"seconds":	0.99999797344207764,
				"bytes":	66322432,
				"bits_per_second":	530580531.252179,
				"retransmits":	658,
				"omitted":	false,
				"sender":	true
			}
		}, {
			"streams":	[{
					"socket":	7,
					"start":	109.001071,
					"end":	110.001053,
					"seconds":	0.99998199939727783,
					"bytes":	0,
					"bits_per_second":	0,
					"retransmits":	954,
					"snd_cwnd":	5401040,
					"snd_wnd":	139186176,
					"rtt":	123079,
					"rttvar":	95,
					"pmtu":	1500,
					"omitted":	false,
					"sender":	true
				}],
			"sum":	{
				"start":	109.001071,
				"end":	110.001053,
				"seconds":	0.99998199939727783,
				"bytes":	0,
				"bits_per_second":	0,
				"retransmits":	954,
				"omitted":	false,
				"sender":	true
			}
		}, {
			"streams":	[{
					"socket":	7,
					"start":	110.001053,
					"end":	111.001062,
					"seconds":	1.0000089406967163,
					"bytes":	66060288,
					"bits_per_second":	528477579.04224443,
					"retransmits":	765,
					"snd_cwnd":	5537152,
					"snd_wnd":	138743808,
					"rtt":	122760,
					"rttvar":	242,
					"pmtu":	1500,
					"omitted":	false,
					"sender":	true
				}],
			"sum":	{
				"start":	110.001053,
				"end":	111.001062,
				"seconds":	1.0000089406967163,
				"bytes":	66060288,
				"bits_per_second":	528477579.04224443,
				"retransmits":	765,
				"omitted":	false,
				"sender":	true
			}
		}, {
			"streams":	[{
					"socket":	7,
					"start":	111.001062,
					"end":	112.001065,
					"seconds":	1.0000029802322388,
					"bytes":	0,
					"bits_per_second":	0,
					"retransmits":	1377,
					"snd_cwnd":	5322848,
					"snd_wnd":	138043392,
					"rtt":	131701,
					"rttvar":	4032,
					"pmtu":	1500,
					"omitted":	false,
					"sender":	true
				}],
			"sum":	{
				"start":	111.001062,
				"end":	112.001065,
				"seconds":	1.0000029802322388,
				"bytes":	0,
				"bits_per_second":	0,
				"retransmits":	1377,
				"omitted":	false,
				"sender":	true
			}
		}, {
			"streams":	[{
					"socket":	7,
					"start":	112.001065,
					"end":	113.001062,
					"seconds":	0.99999701976776123,
					"bytes":	71696384,
					"bits_per_second":	573572781.38009441,
					"retransmits":	1635,
					"snd_cwnd":	5085376,
					"snd_wnd":	141221888,
					"rtt":	123124,
					"rttvar":	117,
					"pmtu":	1500,
					"omitted":	false,
					"sender":	true
				}],
			"sum":	{
				"start":	112.001065,
				"end":	113.001062,
				"seconds":	0.99999701976776123,
				"bytes":	71696384,
				"bits_per_second":	573572781.38009441,
				"retransmits":	1635,
				"omitted":	false,
				"sender":	true
			}
		}, {
			"streams":	[{
					"socket":	7,
					"start":	113.001062,
					"end":	114.001059,
					"seconds":	0.99999701976776123,
					"bytes":	0,
					"bits_per_second":	0,
					"retransmits":	784,
					"snd_cwnd":	5166464,
					"snd_wnd":	138100736,
					"rtt":	123068,
					"rttvar":	87,
					"pmtu":	1500,
					"omitted":	false,
					"sender":	true
				}],
			"sum":	{
				"start":	113.001062,
				"end":	114.001059,
				"seconds":	0.99999701976776123,
				"bytes":	0,
				"bits_per_second":	0,
				"retransmits":	784,
				"omitted":	false,
				"sender":	true
			}
		}, {
			"streams":	[{
					"socket":	7,
					"start":	114.001059,
					"end":	115.001059,
					"seconds":	1,
					"bytes":	67764224,
					"bits_per_second":	542113792,
					"retransmits":	137,
					"snd_cwnd":	5125920,
					"snd_wnd":	141410304,
					"rtt":	106257,
					"rttvar":	575,
					"pmtu":	1500,
					"omitted":	false,
					"sender":	true
				}],
			"sum":	{
				"start":	114.001059,
				"end":	115.001059,
				"seconds":	1,
				"bytes":	67764224,
				"bits_per_second":	542113792,
				"retransmits":	137,
				"omitted":	false,
				"sender":	true
			}
		}, {
			"streams":	[{
					"socket":	7,
					"start":	115.001059,
					"end":	116.000355,
					"seconds":	0.999296009540558,
					"bytes":	0,
					"bits_per_second":	0,
					"retransmits":	1045,
					"snd_cwnd":	5007184,
					"snd_wnd":	141398016,
					"rtt":	120809,
					"rttvar":	191,
					"pmtu":	1500,
					"omitted":	false,
					"sender":	true
				}],
			"sum":	{
				"start":	115.001059,
				"end":	116.000355,
				"seconds":	0.999296009540558,
				"bytes":	0,
				"bits_per_second":	0,
				"retransmits":	1045,
				"omitted":	false,
				"sender":	true
			}
		}, {
			"streams":	[{
					"socket":	7,
					"start":	116.000355,
					"end":	117.001078,
					"seconds":	1.0007230043411255,
					"bytes":	74448896,
					"bits_per_second":	595160864.1115793,
					"retransmits":	962,
					"snd_cwnd":	4873968,
					"snd_wnd":	137859072,
					"rtt":	122822,
					"rttvar":	341,
					"pmtu":	1500,
					"omitted":	false,
					"sender":	true
				}],
			"sum":	{
				"start":	116.000355,
				"end":	117.001078,
				"seconds":	1.0007230043411255,
				"bytes":	74448896,
				"bits_per_second":	595160864.1115793,
				"retransmits":	962,
				"omitted":	false,
				"sender":	true
			}
		}, {
			"streams":	[{
					"socket":	7,
					"start":	117.001078,
					"end":	118.00106,
					"seconds":	0.99998199939727783,
					"bytes":	0,
					"bits_per_second":	0,
					"retransmits":	1081,
					"snd_cwnd":	4911616,
					"snd_wnd":	140328960,
					"rtt":	115528,
					"rttvar":	1225,
					"pmtu":	1500,
					"omitted":	false,
					"sender":	true
				}],
			"sum":	{
				"start":	117.001078,
				"end":	118.00106,
				"seconds":	0.99998199939727783,
				"bytes":	0,
				"bits_per_second":	0,
				"retransmits":	1081,
				"omitted":	false,
				"sender":	true
			}
		}, {
			"streams":	[{
					"socket":	7,
					"start":	118.00106,
					"end":	119.000299,
					"seconds":	0.99923902750015259,
					"bytes":	66322432,
					"bits_per_second":	530983519.856483,
					"retransmits":	907,
					"snd_cwnd":	4914512,
					"snd_wnd":	137863168,
					"rtt":	122638,
					"rttvar":	181,
					"pmtu":	1500,
					"omitted":	false,
					"sender":	true
				}],
			"sum":	{
				"start":	118.00106,
				"end":	119.000299,
				"seconds":	0.99923902750015259,
				"bytes":	66322432,
				"bits_per_second":	530983519.856483,
				"retransmits":	907,
				"omitted":	false,
				"sender":	true
			}
		}, {
			"streams":	[{
					"socket":	7,
					"start":	119.000299,
					"end":	120.001373,
					"seconds":	1.001073956489563,
					"bytes":	0,
					"bits_per_second":	0,
					"retransmits":	902,
					"snd_cwnd":	4914512,
					"snd_wnd":	138813440,
					"rtt":	123064,
					"rttvar":	145,
					"pmtu":	1500,
					"omitted":	false,
					"sender":	true
				}],
			"sum":	{
				"start":	119.000299,
				"end":	120.001373,
				"seconds":	1.001073956489563,
				"bytes":	0,
				"bits_per_second":	0,
				"retransmits":	902,
				"omitted":	false,
				"sender":	true
			}
		}],
	"end":	{
		"streams":	[{
				"sender":	{
					"socket":	7,
					"start":	0,
					"end":	120.001373,
					"seconds":	120.001373,
					"bytes":	6360006656,
					"bits_per_second":	423995592.51709563,
					"retransmits":	233861,
					"max_snd_cwnd":	25702000,
					"max_snd_wnd":	141410304,
					"max_rtt":	137383,
					"min_rtt":	62002,
					"mean_rtt":	119921,
					"sender":	true
				},
				"receiver":	{
					"socket":	7,
					"start":	0,
					"end":	120.126963,
					"seconds":	120.001373,
					"bytes":	6231162880,
					"bits_per_second":	414971808.11938113,
					"sender":	true
				}
			}],
		"sum_sent":	{
			"start":	0,
			"end":	120.001373,
			"seconds":	120.001373,
			"bytes":	6360006656,
			"bits_per_second":	423995592.51709563,
			"retransmits":	233861,
			"sender":	true
		},
		"sum_received":	{
			"start":	0,
			"end":	120.126963,
			"seconds":	120.126963,
			"bytes":	6231162880,
			"bits_per_second":	414971808.11938113,
			"sender":	true
		},
		"cpu_utilization_percent":	{
			"host_total":	1.38737396485859,
			"host_user":	0.015932449673560681,
			"host_system":	1.3714415151850292,
			"remote_total":	3.3055705988969537,
			"remote_user":	0.028133564271192509,
			"remote_system":	3.2774378670782491
		},
		"sender_tcp_congestion":	"bbr",
		"receiver_tcp_congestion":	"cubic"
	}
}
