{
	"start":	{
		"connected":	[{
				"socket":	7,
				"local_host":	"172.16.0.14",
				"local_port":	47140,
				"remote_host":	"172.17.0.14",
				"remote_port":	5201
			}],
		"version":	"iperf 3.16",
		"system_info":	"Linux h1 6.8.0-63-generic #66-Ubuntu SMP PREEMPT_DYNAMIC Fri Jun 13 20:25:30 UTC 2025 x86_64",
		"timestamp":	{
			"time":	"Fri, 30 Jan 2026 05:09:52 GMT",
			"timesecs":	1769749792
		},
		"connecting_to":	{
			"host":	"172.17.0.14",
			"port":	5201
		},
		"cookie":	"yrx4eteivyhdyl2fjmp74byuyscofeuf2t2q",
		"tcp_mss_default":	1448,
		"target_bitrate":	0,
		"fq_rate":	0,
		"sock_bufsize":	0,
		"sndbuf_actual":	1000000,
		"rcvbuf_actual":	1000000,
		"test_start":	{
			"protocol":	"TCP",
			"num_streams":	1,
			"blksize":	131072,
			"omit":	0,
			"duration":	120,
			"bytes":	0,
			"blocks":	0,
			"reverse":	0,
			"tos":	0,
			"target_bitrate":	0,
			"bidir":	0,
			"fqrate":	0
		}
	},
	"intervals":	[{
			"streams":	[{
					"socket":	7,
					"start":	0,
					"end":	1.001046,
					"seconds":	1.0010459423065186,
					"bytes":	42467328,
					"bits_per_second":	339383648.284119,
					"retransmits":	1982,
					"snd_cwnd":	2738168,
					"snd_wnd":	12361728,
					"rtt":	126045,
					"rttvar":	250,
					"pmtu":	1500,
					"omitted":	false,
					"sender":	true
				}],
			"sum":	{
				"start":	0,
				"end":	1.001046,
				"seconds":	1.0010459423065186,
				"bytes":	42467328,
				"bits_per_second":	339383648.284119,
				"retransmits":	1982,
				"omitted":	false,
				"sender":	true
			}
		}, {
			"streams":	[{
					"socket":	7,
					"start":	1.001046,
					"end":	2.001047,
					"seconds":	1.0000009536743164,
					"bytes":	29229056,
					"bits_per_second":	233832225.00021267,
					"retransmits":	782,
					"snd_cwnd":	3614208,
					"snd_wnd":	48513024,
					"rtt":	125861,
					"rttvar":	344,
					"pmtu":	1500,
					"omitted":	false,
					"sender":	true
				}],
			"sum":	{
				"start":	1.001046,
				"end":	2.001047,
				"seconds":	1.0000009536743164,
				"bytes":	29229056,
				"bits_per_second":	233832225.00021267,
				"retransmits":	782,
				"omitted":	false,
				"sender":	true
			}
		}, {
			"streams":	[{
					"socket":	7,
					"start":	2.001047,
					"end":	3.000284,
					"seconds":	0.99923700094223022,
					"bytes":	14680064,
					"bits_per_second":	117530187.4222627,
					"retransmits":	1210,
					"snd_cwnd":	3217456,
					"snd_wnd":	48541696,
					"rtt":	126765,
					"rttvar":	190,
					"pmtu":	1500,
					"omitted":	false,
					"sender":	true
				}],
			"sum":	{
				"start":	2.001047,
				"end":	3.000284,
				"seconds":	0.99923700094223022,
				"bytes":	14680064,
				"bits_per_second":	117530187.4222627,
				"retransmits":	1210,
				"omitted":	false,
				"sender":	true
			}
		}, {
			"streams":	[{
					"socket":	7,
					"start":	3.000284,
					"end":	4.000186,
					"seconds":	0.99990200996398926,
					"bytes":	27787264,
					"bits_per_second":	222319897.13472614,
					"retransmits":	763,
					"snd_cwnd":	3504160,
					"snd_wnd":	48873472,
					"rtt":	126338,
					"rttvar":	271,
					"pmtu":	1500,
					"omitted":	false,
					"sender":	true
				}],
			"sum":	{
				"start":	3.000284,
				"end":	4.000186,
				"seconds":	0.99990200996398926,
				"bytes":	27787264,
				"bits_per_second":	222319897.13472614,
				"retransmits":	763,
				"omitted":	false,
				"sender":	true
			}
		}, {
			"streams":	[{
					"socket":	7,
					"start":	4.000186,
					"end":	5.001054,
					"seconds":	1.0008679628372192,
					"bytes":	13762560,
					"bits_per_second":	110004999.74831015,
					"retransmits":	748,
					"snd_cwnd":	3643168,
					"snd_wnd":	48234496,
					"rtt":	126425,
					"rttvar":	395,
					"pmtu":	1500,
					"omitted":	false,
					"sender":	true
				}],
			"sum":	{
				"start":	4.000186,
				"end":	5.001054,
				"seconds":	1.0008679628372192,
				"bytes":	13762560,
				"bits_per_second":	110004999.74831015,
				"retransmits":	748,
				"omitted":	false,
				"sender":	true
			}
		}, {
			"streams":	[{
					"socket":	7,
					"start":	5.001054,
					"end":	6.001043,
					"seconds":	0.99998897314071655,
					"bytes":	31195136,
					"bits_per_second":	249563839.90534487,
					"retransmits":	823,
					"snd_cwnd":	3871952,
					"snd_wnd":	48721920,
					"rtt":	126882,
					"rttvar":	173,
					"pmtu":	1500,
					"omitted":	false,
					"sender":	true
				}],
			"sum":	{
				"start":	5.001054,
				"end":	6.001043,
				"seconds":	0.99998897314071655,
				"bytes":	31195136,
				"bits_per_second":	249563839.90534487,
				"retransmits":	823,
				"omitted":	false,
				"sender":	true
			}
		}, {
			"streams":	[{
					"socket":	7,
					"start":	6.001043,
					"end":	7.001047,
					"seconds":	1.0000040531158447,
					"bytes":	31719424,
					"bits_per_second":	253754363.5041686,
					"retransmits":	696,
					"snd_cwnd":	4332416,
					"snd_wnd":	48832512,
					"rtt":	126384,
					"rttvar":	354,
					"pmtu":	1500,
					"omitted":	false,
					"sender":	true
				}],
			"sum":	{
				"start":	6.001043,
				"end":	7.001047,
				"seconds":	1.0000040531158447,
				"bytes":	31719424,
				"bits_per_second":	253754363.5041686,
				"retransmits":	696,
				"omitted":	false,
				"sender":	true
			}
		}, {
			"streams":	[{
					"socket":	7,
					"start":	7.001047,
					"end":	8.001052,
					"seconds":	1.0000050067901611,
					"bytes":	30801920,
					"bits_per_second":	246414126.2561771,
					"retransmits":	1003,
					"snd_cwnd":	4598848,
					"snd_wnd":	48242688,
					"rtt":	120162,
					"rttvar":	1906,
					"pmtu":	1500,
					"omitted":	false,
					"sender":	true
				}],
			"sum":	{
				"start":	7.001047,
				"end":	8.001052,
				"seconds":	1.0000050067901611,
				"bytes":	30801920,
				"bits_per_second":	246414126.2561771,
				"retransmits":	1003,
				"omitted":	false,
				"sender":	true
			}
		}, {
			"streams":	[{
					"socket":	7,
					"start":	8.001052,
					"end":	9.001049,
					"seconds":	0.99999701976776123,
					"bytes":	28966912,
					"bits_per_second":	231735986.62705824,
					"retransmits":	880,
					"snd_cwnd":	4882656,
					"snd_wnd":	47058944,
					"rtt":	126558,
					"rttvar":	505,
					"pmtu":	1500,
					"omitted":	false,
					"sender":	true
				}],
			"sum":	{
				"start":	8.001052,
				"end":	9.001049,
				"seconds":	0.99999701976776123,
				"bytes":	28966912,
				"bits_per_second":	231735986.62705824,
				"retransmits":	880,
				"omitted":	false,
				"sender":	true
			}
		}, {
			"streams":	[{
					"socket":	7,
					"start":	9.001049,
					"end":	10.001049,
					"seconds":	1,
					"bytes":	28966912,
					"bits_per_second":	231735296,
					"retransmits":	694,
					"snd_cwnd":	5010080,
					"snd_wnd":	50712576,
					"rtt":	126704,
					"rttvar":	64,
					"pmtu":	1500,
					"omitted":	false,
					"sender":	true
				}],
			"sum":	{
				"start":	9.001049,
				"end":	10.001049,
				"seconds":	1,
				"bytes":	28966912,
				"bits_per_second":	231735296,
				"retransmits":	694,
				"omitted":	false,
				"sender":	true
			}
		}, {
			"streams":	[{
					"socket":	7,
					"start":	10.001049,
					"end":	11.001066,
					"seconds":	1.0000170469284058,
					"bytes":	42336256,
					"bits_per_second":	338684274.473421,
					"retransmits":	258,
					"snd_cwnd":	6006304,
					"snd_wnd":	50712576,
					"rtt":	84003,
					"rttvar":	621,
					"pmtu":	1500,
					"omitted":	false,
					"sender":	true
				}],
			"sum":	{
				"start":	10.001049,
				"end":	11.001066,
				"seconds":	1.0000170469284058,
				"bytes":	42336256,
				"bits_per_second":	338684274.473421,
				"retransmits":	258,
				"omitted":	false,
				"sender":	true
			}
		}, {
			"streams":	[{
					"socket":	7,
					"start":	11.001066,
					"end":	12.001046,
					"seconds":	0.99997997283935547,
					"bytes":	28180480,
					"bits_per_second":	225448355.09042445,
					"retransmits":	1404,
					"snd_cwnd":	5357600,
					"snd_wnd":	50003968,
					"rtt":	123826,
					"rttvar":	547,
					"pmtu":	1500,
					"omitted":	false,
					"sender":	true
				}],
			"sum":	{
				"start":	11.001066,
				"end":	12.001046,
				"seconds":	0.99997997283935547,
				"bytes":	28180480,
				"bits_per_second":	225448355.09042445,
				"retransmits":	1404,
				"omitted":	false,
				"sender":	true
			}
		}, {
			"streams":	[{
					"socket":	7,
					"start":	12.001046,
					"end":	13.001041,
					"seconds":	0.999994993209839,
					"bytes":	44695552,
					"bits_per_second":	357566206.25896347,
					"retransmits":	1146,
					"snd_cwnd":	5832544,
					"snd_wnd":	45989888,
					"rtt":	126666,
					"rttvar":	150,
					"pmtu":	1500,
					"omitted":	false,
					"sender":	true
				}],
			"sum":	{
				"start":	12.001046,
				"end":	13.001041,
				"seconds":	0.999994993209839,
				"bytes":	44695552,
				"bits_per_second":	357566206.25896347,
				"retransmits":	1146,
				"omitted":	false,
				"sender":	true
			}
		}, {
			"streams":	[{
					"socket":	7,
					"start":	13.001041,
					"end":	14.001048,
					"seconds":	1.0000070333480835,
					"bytes":	43122688,
					"bits_per_second":	344979077.64206541,
					"retransmits":	957,
					"snd_cwnd":	6049744,
					"snd_wnd":	47353856,
					"rtt":	126734,
					"rttvar":	100,
					"pmtu":	1500,
					"omitted":	false,
					"sender":	true
				}],
			"sum":	{
				"start":	13.001041,
				"end":	14.001048,
				"seconds":	1.0000070333480835,
				"bytes":	43122688,
				"bits_per_second":	344979077.64206541,
				"retransmits":	957,
				"omitted":	false,
				"sender":	true
			}
		}, {
			"streams":	[{
					"socket":	7,
					"start":	14.001048,
					"end":	15.001048,
					"seconds":	1,
					"bytes":	47710208,
					"bits_per_second":	381681664,
					"retransmits":	1311,
					"snd_cwnd":	6139520,
					"snd_wnd":	47616000,
					"rtt":	126381,
					"rttvar":	251,
					"pmtu":	1500,
					"omitted":	false,
					"sender":	true
				}],
			"sum":	{
				"start":	14.001048,
				"end":	15.001048,
				"seconds":	1,
				"bytes":	47710208,
				"bits_per_second":	381681664,
				"retransmits":	1311,
				"omitted":	false,
				"sender":	true
			}
		}, {
			"streams":	[{
					"socket":	7,
					"start":	15.001048,
					"end":	16.001036,
					"seconds":	0.9999880194664,
					"bytes":	30277632,
					"bits_per_second":	242223957.97226718,
					"retransmits":	1155,
					"snd_cwnd":	6139520,
					"snd_wnd":	49491968,
					"rtt":	126619,
					"rttvar":	284,
					"pmtu":	1500,
					"omitted":	false,
					"sender":	true
				}],
			"sum":	{
				"start":	15.001048,
				"end":	16.001036,
				"seconds":	0.9999880194664,
				"bytes":	30277632,
				"bits_per_second":	242223957.97226718,
				"retransmits":	1155,
				"omitted":	false,
				"sender":	true
			}
		}, {
			"streams":	[{
					"socket":	7,
					"start":	16.001036,
					"end":	17.001046,
					"seconds":	1.0000100135803223,
					"bytes":	44826624,
					"bits_per_second":	358609401.03595841,
					"retransmits":	1039,
					"snd_cwnd":	6298800,
					"snd_wnd":	47648768,
					"rtt":	124213,
					"rttvar":	221,
					"pmtu":	1500,
					"omitted":	false,
					"sender":	true
				}],
			"sum":	{
				"start":	16.001036,
				"end":	17.001046,
				"seconds":	1.0000100135803223,
				"bytes":	44826624,
				"bits_per_second":	358609401.03595841,
				"retransmits":	1039,
				"omitted":	false,
				"sender":	true
			}
		}, {
			"streams":	[{
					"socket":	7,
					"start":	17.001046,
					"end":	18.001074,
					"seconds":	1.0000280141830444,
					"bytes":	48365568,
					"bits_per_second":	386913704.92864776,
					"retransmits":	1384,
					"snd_cwnd":	6411744,
					"snd_wnd":	47480832,
					"rtt":	120803,
					"rttvar":	535,
					"pmtu":	1500,
					"omitted":	false,
					"sender":	true
				}],
			"sum":	{
				"start":	17.001046,
				"end":	18.001074,
				"seconds":	1.0000280141830444,
				"bytes":	48365568,
				"bits_per_second":	386913704.92864776,
				"retransmits":	1384,
				"omitted":	false,
				"sender":	true
			}
		}, {
			"streams":	[{
					"socket":	7,
					"start":	18.001074,
					"end":	19.001063,
					"seconds":	0.99998897314071655,
					"bytes":	49676288,
					"bits_per_second":	397414686.23582232,
					"retransmits":	1393,
					"snd_cwnd":	6379888,
					"snd_wnd":	49381376,
					"rtt":	126686,
					"rttvar":	69,
					"pmtu":	1500,
					"omitted":	false,
					"sender":	true
				}],
			"sum":	{
				"start":	18.001074,
				"end":	19.001063,
				"seconds":	0.99998897314071655,
				"bytes":	49676288,
				"bits_per_second":	397414686.23582232,
				"retransmits":	1393,
				"omitted":	false,
				"sender":	true
			}
		}, {
			"streams":	[{
					"socket":	7,
					"start":	19.001063,
					"end":	20.001046,
					"seconds":	0.999983012676239,
					"bytes":	44564480,
					"bits_per_second":	356521896.35288125,
					"retransmits":	1430,
					"snd_cwnd":	6455184,
					"snd_wnd":	50700288,
					"rtt":	126357,
					"rttvar":	508,
					"pmtu":	1500,
					"omitted":	false,
					"sender":	true
				}],
			"sum":	{
				"start":	19.001063,
				"end":	20.001046,
				"seconds":	0.999983012676239,
				"bytes":	44564480,
				"bits_per_second":	356521896.35288125,
				"retransmits":	1430,
				"omitted":	false,
				"sender":	true
			}
		}, {
			"streams":	[{
					"socket":	7,
					"start":	20.001046,
					"end":	21.001057,
					"seconds":	1.0000109672546387,
					"bytes":	47185920,
					"bits_per_second":	377483220.045404,
					"retransmits":	1038,
					"snd_cwnd":	5792,
					"snd_wnd":	50708480,
					"rtt":	60796,
					"rttvar":	26,
					"pmtu":	1500,
					"omitted":	false,
					"sender":	true
				}],
			"sum":	{
				"start":	20.001046,
				"end":	21.001057,
				"seconds":	1.0000109672546387,
				"bytes":	47185920,
				"bits_per_second":	377483220.045404,
				"retransmits":	1038,
				"omitted":	false,
				"sender":	true
			}
		}, {
			"streams":	[{
					"socket":	7,
					"start":	21.001057,
					"end":	22.001072,
					"seconds":	1.0000150203704834,
					"bytes":	30408704,
					"bits_per_second":	243265978.0548836,
					"retransmits":	776,
					"snd_cwnd":	6272736,
					"snd_wnd":	49053696,
					"rtt":	124528,
					"rttvar":	412,
					"pmtu":	1500,
					"omitted":	false,
					"sender":	true
				}],
			"sum":	{
				"start":	21.001057,
				"end":	22.001072,
				"seconds":	1.0000150203704834,
				"bytes":	30408704,
				"bits_per_second":	243265978.0548836,
				"retransmits":	776,
				"omitted":	false,
				"sender":	true
			}
		}, {
			"streams":	[{
					"socket":	7,
					"start":	22.001072,
					"end":	23.001054,
					"seconds":	0.99998199939727783,
					"bytes":	34734080,
					"bits_per_second":	277877641.96503836,
					"retransmits":	1487,
					"snd_cwnd":	6571024,
					"snd_wnd":	46678016,
					"rtt":	126785,
					"rttvar":	138,
					"pmtu":	1500,
					"omitted":	false,
					"sender":	true
				}],
			"sum":	{
				"start":	22.001072,
				"end":	23.001054,
				"seconds":	0.99998199939727783,
				"bytes":	34734080,
				"bits_per_second":	277877641.96503836,
				"retransmits":	1487,
				"omitted":	false,
				"sender":	true
			}
		}, {
			"streams":	[{
					"socket":	7,
					"start":	23.001054,
					"end":	24.001046,
					"seconds":	0.9999920129776,
					"bytes":	45481984,
					"bits_per_second":	363858778.14821148,
					"retransmits":	1976,
					"snd_cwnd":	6646320,
					"snd_wnd":	45838336,
					"rtt":	126803,
					"rttvar":	64,
					"pmtu":	1500,
					"omitted":	false,
					"sender":	true
				}],
			"sum":	{
				"start":	23.001054,
				"end":	24.001046,
				"seconds":	0.9999920129776,
				"bytes":	45481984,
				"bits_per_second":	363858778.14821148,
				"retransmits":	1976,
				"omitted":	false,
				"sender":	true
			}
		}, {
			"streams":	[{
					"socket":	7,
					"start":	24.001046,
					"end":	25.001052,
					"seconds":	1.0000059604644775,
					"bytes":	44957696,
					"bits_per_second":	359659424.26277769,
					"retransmits":	1648,
					"snd_cwnd":	6631840,
					"snd_wnd":	46194688,
					"rtt":	126468,
					"rttvar":	200,
					"pmtu":	1500,
					"omitted":	false,
					"sender":	true
				}],
			"sum":	{
				"start":	24.001046,
				"end":	25.001052,
				"seconds":	1.0000059604644775,
				"bytes":	44957696,
				"bits_per_second":	359659424.26277769,
				"retransmits":	1648,
				"omitted":	false,
				"sender":	true
			}
		}, {
			"streams":	[{
					"socket":	7,
					"start":	25.001052,
					"end":	26.001059,
					"seconds":	1.0000070333480835,
					"bytes":	60030976,
					"bits_per_second":	480244430.27375674,
					"retransmits":	1310,
					"snd_cwnd":	6909856,
					"snd_wnd":	47783936,
					"rtt":	126484,
					"rttvar":	140,
					"pmtu":	1500,
					"omitted":	false,
					"sender":	true
				}],
			"sum":	{
				"start":	25.001052,
				"end":	26.001059,
				"seconds":	1.0000070333480835,
				"bytes":	60030976,
				"bits_per_second":	480244430.27375674,
				"retransmits":	1310,
				"omitted":	false,
				"sender":	true
			}
		}, {
			"streams":	[{
					"socket":	7,
					"start":	26.001059,
					"end":	27.001069,
					"seconds":	1.0000100135803223,
					"bytes":	43778048,
					"bits_per_second":	350220877.03511727,
					"retransmits":	1213,
					"snd_cwnd":	7318192,
					"snd_wnd":	46817280,
					"rtt":	126374,
					"rttvar":	540,
					"pmtu":	1500,
					"omitted":	false,
					"sender":	true
				}],
			"sum":	{
				"start":	26.001059,
				"end":	27.001069,
				"seconds":	1.0000100135803223,
				"bytes":	43778048,
				"bits_per_second":	350220877.03511727,
				"retransmits":	1213,
				"omitted":	false,
				"sender":	true
			}
		}, {
			"streams":	[{
					"socket":	7,
					"start":	27.001069,
					"end":	28.001091,
					"seconds":	1.0000220537185669,
					"bytes":	36962304,
					"bits_per_second":	295691910.89381462,
					"retransmits":	1742,
					"snd_cwnd":	7283440,
					"snd_wnd":	45334528,
					"rtt":	126445,
					"rttvar":	75,
					"pmtu":	1500,
					"omitted":	false,
					"sender":	true
				}],
			"sum":	{
				"start":	27.001069,
				"end":	28.001091,
				"seconds":	1.0000220537185669,
				"bytes":	36962304,
				"bits_per_second":	295691910.89381462,
				"retransmits":	1742,
				"omitted":	false,
				"sender":	true
			}
		}, {
			"streams":	[{
					"socket":	7,
					"start":	28.001091,
					"end":	29.001084,
					"seconds":	0.99999302625656128,
					"bytes":	61997056,
					"bits_per_second":	495979906.836621,
					"retransmits":	1753,
					"snd_cwnd":	7593312,
					"snd_wnd":	46186496,
					"rtt":	126350,
					"rttvar":	129,
					"pmtu":	1500,
					"omitted":	false,
					"sender":	true
				}],
			"sum":	{
				"start":	28.001091,
				"end":	29.001084,
				"seconds":	0.99999302625656128,
				"bytes":	61997056,
				"bits_per_second":	495979906.836621,
				"retransmits":	1753,
				"omitted":	false,
				"sender":	true
			}
		}, {
			"streams":	[{
					"socket":	7,
					"start":	29.001084,
					"end":	30.001051,
					"seconds":	0.99996697902679443,
					"bytes":	46399488,
					"bits_per_second":	371208161.65475971,
					"retransmits":	1588,
					"snd_cwnd":	7584624,
					"snd_wnd":	45170688,
					"rtt":	126255,
					"rttvar":	272,
					"pmtu":	1500,
					"omitted":	false,
					"sender":	true
				}],
			"sum":	{
				"start":	29.001084,
				"end":	30.001051,
				"seconds":	0.99996697902679443,
				"bytes":	46399488,
				"bits_per_second":	371208161.65475971,
				"retransmits":	1588,
				"omitted":	false,
				"sender":	true
			}
		}, {
			"streams":	[{
					"socket":	7,
					"start":	30.001051,
					"end":	31.001095,
					"seconds":	1.0000439882278442,
					"bytes":	54394880,
					"bits_per_second":	435139898.9669801,
					"retransmits":	1619,
					"snd_cwnd":	7677296,
					"snd_wnd":	47173632,
					"rtt":	125158,
					"rttvar":	96,
					"pmtu":	1500,
					"omitted":	false,
					"sender":	true
				}],
			"sum":	{
				"start":	30.001051,
				"end":	31.001095,
				"seconds":	1.0000439882278442,
				"bytes":	54394880,
				"bits_per_second":	435139898.9669801,
				"retransmits":	1619,
				"omitted":	false,
				"sender":	true
			}
		}, {
			"streams":	[{
					"socket":	7,
					"start":	31.001095,
					"end":	32.001051,
					"seconds":	0.99995601177215576,
					"bytes":	42336256,
					"bits_per_second":	338704947.030382,
					"retransmits":	76,
					"snd_cwnd":	7318192,
					"snd_wnd":	50712576,
					"rtt":	126751,
					"rttvar":	208,
					"pmtu":	1500,
					"omitted":	false,
					"sender":	true
				}],
			"sum":	{
				"start":	31.001095,
				"end":	32.001051,
				"seconds":	0.99995601177215576,
				"bytes":	42336256,
				"bits_per_second":	338704947.030382,
				"retransmits":	76,
				"omitted":	false,
				"sender":	true
			}
		}, {
			"streams":	[{
					"socket":	7,
					"start":	32.001051,
					"end":	33.000721,
					"seconds":	0.99967002868652344,
					"bytes":	59113472,
					"bits_per_second":	473063873.50769967,
					"retransmits":	2141,
					"snd_cwnd":	7277648,
					"snd_wnd":	45903872,
					"rtt":	125676,
					"rttvar":	292,
					"pmtu":	1500,
					"omitted":	false,
					"sender":	true
				}],
			"sum":	{
				"start":	32.001051,
				"end":	33.000721,
				"seconds":	0.99967002868652344,
				"bytes":	59113472,
				"bits_per_second":	473063873.50769967,
				"retransmits":	2141,
				"omitted":	false,
				"sender":	true
			}
		}, {
			"streams":	[{
					"socket":	7,
					"start":	33.000721,
					"end":	34.00105,
					"seconds":	1.00032901763916,
					"bytes":	50331648,
					"bits_per_second":	402520747.57392025,
					"retransmits":	1951,
					"snd_cwnd":	7564352,
					"snd_wnd":	46751744,
					"rtt":	126222,
					"rttvar":	129,
					"pmtu":	1500,
					"omitted":	false,
					"sender":	true
				}],
			"sum":	{
				"start":	33.000721,
				"end":	34.00105,
				"seconds":	1.00032901763916,
				"bytes":	50331648,
				"bits_per_second":	402520747.57392025,
				"retransmits":	1951,
				"omitted":	false,
				"sender":	true
			}
		}, {
			"streams":	[{
					"socket":	7,
					"start":	34.00105,
					"end":	35.001074,
					"seconds":	1.0000239610672,
					"bytes":	61734912,
					"bits_per_second":	493867462.40854549,
					"retransmits":	1756,
					"snd_cwnd":	7590416,
					"snd_wnd":	60084224,
					"rtt":	126712,
					"rttvar":	179,
					"pmtu":	1500,
					"omitted":	false,
					"sender":	true
				}],
			"sum":	{
				"start":	34.00105,
				"end":	35.001074,
				"seconds":	1.0000239610672,
				"bytes":	61734912,
				"bits_per_second":	493867462.40854549,
				"retransmits":	1756,
				"omitted":	false,
				"sender":	true
			}
		}, {
			"streams":	[{
					"socket":	7,
					"start":	35.001074,
					"end":	36.001068,
					"seconds":	0.99999397993087769,
					"bytes":	45744128,
					"bits_per_second":	365955227.07576269,
					"retransmits":	1624,
					"snd_cwnd":	7535392,
					"snd_wnd":	61276160,
					"rtt":	126602,
					"rttvar":	114,
					"pmtu":	1500,
					"omitted":	false,
					"sender":	true
				}],
			"sum":	{
				"start":	35.001074,
				"end":	36.001068,
				"seconds":	0.99999397993087769,
				"bytes":	45744128,
				"bits_per_second":	365955227.07576269,
				"retransmits":	1624,
				"omitted":	false,
				"sender":	true
			}
		}, {
			"streams":	[{
					"socket":	7,
					"start":	36.001068,
					"end":	37.001077,
					"seconds":	1.0000089406967163,
					"bytes":	58064896,
					"bits_per_second":	464515014.91213149,
					"retransmits":	2299,
					"snd_cwnd":	7457200,
					"snd_wnd":	56176640,
					"rtt":	126446,
					"rttvar":	447,
					"pmtu":	1500,
					"omitted":	false,
					"sender":	true
				}],
			"sum":	{
				"start":	36.001068,
				"end":	37.001077,
				"seconds":	1.0000089406967163,
				"bytes":	58064896,
				"bits_per_second":	464515014.91213149,
				"retransmits":	2299,
				"omitted":	false,
				"sender":	true
			}
		}, {
			"streams":	[{
					"socket":	7,
					"start":	37.001077,
					"end":	38.001067,
					"seconds":	0.99998998641967773,
					"bytes":	43778048,
					"bits_per_second":	350227891.035118,
					"retransmits":	1488,
					"snd_cwnd":	7480368,
					"snd_wnd":	57290752,
					"rtt":	126642,
					"rttvar":	148,
					"pmtu":	1500,
					"omitted":	false,
					"sender":	true
				}],
			"sum":	{
				"start":	37.001077,
				"end":	38.001067,
				"seconds":	0.99998998641967773,
				"bytes":	43778048,
				"bits_per_second":	350227891.035118,
				"retransmits":	1488,
				"omitted":	false,
				"sender":	true
			}
		}, {
			"streams":	[{
					"socket":	7,
					"start":	38.001067,
					"end":	39.001049,
					"seconds":	0.99998199939727783,
					"bytes":	44957696,
					"bits_per_second":	359668042.24154025,
					"retransmits":	1729,
					"snd_cwnd":	7434032,
					"snd_wnd":	58900480,
					"rtt":	126721,
					"rttvar":	118,
					"pmtu":	1500,
					"omitted":	false,
					"sender":	true
				}],
			"sum":	{
				"start":	38.001067,
				"end":	39.001049,
				"seconds":	0.99998199939727783,
				"bytes":	44957696,
				"bits_per_second":	359668042.24154025,
				"retransmits":	1729,
				"omitted":	false,
				"sender":	true
			}
		}, {
			"streams":	[{
					"socket":	7,
					"start":	39.001049,
					"end":	40.001048,
					"seconds":	0.99999898672103882,
					"bytes":	60162048,
					"bits_per_second":	481296871.68799418,
					"retransmits":	1830,
					"snd_cwnd":	7419552,
					"snd_wnd":	59703296,
					"rtt":	126393,
					"rttvar":	99,
					"pmtu":	1500,
					"omitted":	false,
					"sender":	true
				}],
			"sum":	{
				"start":	39.001049,
				"end":	40.001048,
				"seconds":	0.99999898672103882,
				"bytes":	60162048,
				"bits_per_second":	481296871.68799418,
				"retransmits":	1830,
				"omitted":	false,
				"sender":	true
			}
		}, {
			"streams":	[{
					"socket":	7,
					"start":	40.001048,
					"end":	41.001058,
					"seconds":	1.0000100135803223,
					"bytes":	55967744,
					"bits_per_second":	447737468.54489541,
					"retransmits":	1714,
					"snd_cwnd":	7457200,
					"snd_wnd":	58359808,
					"rtt":	126541,
					"rttvar":	373,
					"pmtu":	1500,
					"omitted":	false,
					"sender":	true
				}],
			"sum":	{
				"start":	40.001048,
				"end":	41.001058,
				"seconds":	1.0000100135803223,
				"bytes":	55967744,
				"bits_per_second":	447737468.54489541,
				"retransmits":	1714,
				"omitted":	false,
				"sender":	true
			}
		}, {
			"streams":	[{
					"socket":	7,
					"start":	41.001058,
					"end":	42.001047,
					"seconds":	0.99998897314071655,
					"bytes":	38010880,
					"bits_per_second":	304090393.16197485,
					"retransmits":	681,
					"snd_cwnd":	7477472,
					"snd_wnd":	61231104,
					"rtt":	79074,
					"rttvar":	311,
					"pmtu":	1500,
					"omitted":	false,
					"sender":	true
				}],
			"sum":	{
				"start":	41.001058,
				"end":	42.001047,
				"seconds":	0.99998897314071655,
				"bytes":	38010880,
				"bits_per_second":	304090393.16197485,
				"retransmits":	681,
				"omitted":	false,
				"sender":	true
			}
		}, {
			"streams":	[{
					"socket":	7,
					"start":	42.001047,
					"end":	43.001046,
					"seconds":	0.99999898672103882,
					"bytes":	46137344,
					"bits_per_second":	369099126.000379,
					"retransmits":	1276,
					"snd_cwnd":	7703360,
					"snd_wnd":	58048512,
					"rtt":	126553,
					"rttvar":	41,
					"pmtu":	1500,
					"omitted":	false,
					"sender":	true
				}],
			"sum":	{
				"start":	42.001047,
				"end":	43.001046,
				"seconds":	0.99999898672103882,
				"bytes":	46137344,
				"bits_per_second":	369099126.000379,
				"retransmits":	1276,
				"omitted":	false,
				"sender":	true
			}
		}, {
			"streams":	[{
					"socket":	7,
					"start":	43.001046,
					"end":	44.00106,
					"seconds":	1.0000139474868774,
					"bytes":	55443456,
					"bits_per_second":	443541461.71128321,
					"retransmits":	3420,
					"snd_cwnd":	7497744,
					"snd_wnd":	56475648,
					"rtt":	126585,
					"rttvar":	368,
					"pmtu":	1500,
					"omitted":	false,
					"sender":	true
				}],
			"sum":	{
				"start":	43.001046,
				"end":	44.00106,
				"seconds":	1.0000139474868774,
				"bytes":	55443456,
				"bits_per_second":	443541461.71128321,
				"retransmits":	3420,
				"omitted":	false,
				"sender":	true
			}
		}, {
			"streams":	[{
					"socket":	7,
					"start":	44.00106,
					"end":	45.001043,
					"seconds":	0.999983012676239,
					"bytes":	57278464,
					"bits_per_second":	458235496.19473261,
					"retransmits":	2710,
					"snd_cwnd":	7225520,
					"snd_wnd":	61280256,
					"rtt":	127153,
					"rttvar":	105,
					"pmtu":	1500,
					"omitted":	false,
					"sender":	true
				}],
			"sum":	{
				"start":	44.00106,
				"end":	45.001043,
				"seconds":	0.999983012676239,
				"bytes":	57278464,
				"bits_per_second":	458235496.19473261,
				"retransmits":	2710,
				"omitted":	false,
				"sender":	true
			}
		}, {
			"streams":	[{
					"socket":	7,
					"start":	45.001043,
					"end":	46.001081,
					"seconds":	1.0000380277633667,
					"bytes":	46661632,
					"bits_per_second":	373278861.03980261,
					"retransmits":	2362,
					"snd_cwnd":	7289232,
					"snd_wnd":	59604992,
					"rtt":	126649,
					"rttvar":	35,
					"pmtu":	1500,
					"omitted":	false,
					"sender":	true
				}],
			"sum":	{
				"start":	45.001043,
				"end":	46.001081,
				"seconds":	1.0000380277633667,
				"bytes":	46661632,
				"bits_per_second":	373278861.03980261,
				"retransmits":	2362,
				"omitted":	false,
				"sender":	true
			}
		}, {
			"streams":	[{
					"socket":	7,
					"start":	46.001081,
					"end":	47.00109,
					"seconds":	1.0000089406967163,
					"bytes":	46792704,
					"bits_per_second":	374338285.15492314,
					"retransmits":	1550,
					"snd_cwnd":	7335568,
					"snd_wnd":	56975360,
					"rtt":	140254,
					"rttvar":	751,
					"pmtu":	1500,
					"omitted":	false,
					"sender":	true
				}],
			"sum":	{
				"start":	46.001081,
				"end":	47.00109,
				"seconds":	1.0000089406967163,
				"bytes":	46792704,
				"bits_per_second":	374338285.15492314,
				"retransmits":	1550,
				"omitted":	false,
				"sender":	true
			}
		}, {
			"streams":	[{
					"socket":	7,
					"start":	47.00109,
					"end":	48.001054,
					"seconds":	0.99996399879455566,
					"bytes":	52297728,
					"bits_per_second":	418396886.79227871,
					"retransmits":	2574,
					"snd_cwnd":	7390592,
					"snd_wnd":	56836096,
					"rtt":	126809,
					"rttvar":	111,
					"pmtu":	1500,
					"omitted":	false,
					"sender":	true
				}],
			"sum":	{
				"start":	47.00109,
				"end":	48.001054,
				"seconds":	0.99996399879455566,
				"bytes":	52297728,
				"bits_per_second":	418396886.79227871,
				"retransmits":	2574,
				"omitted":	false,
				"sender":	true
			}
		}, {
			"streams":	[{
					"socket":	7,
					"start":	48.001054,
					"end":	49.00105,
					"seconds":	0.9999960064888,
					"bytes":	46268416,
					"bits_per_second":	370148806.19340318,
					"retransmits":	2740,
					"snd_cwnd":	7167600,
					"snd_wnd":	56238080,
					"rtt":	126454,
					"rttvar":	60,
					"pmtu":	1500,
					"omitted":	false,
					"sender":	true
				}],
			"sum":	{
				"start":	48.001054,
				"end":	49.00105,
				"seconds":	0.9999960064888,
				"bytes":	46268416,
				"bits_per_second":	370148806.19340318,
				"retransmits":	2740,
				"omitted":	false,
				"sender":	true
			}
		}, {
			"streams":	[{
					"socket":	7,
					"start":	49.00105,
					"end":	50.001064,
					"seconds":	1.0000139474868774,
					"bytes":	49938432,
					"bits_per_second":	399501883.952716,
					"retransmits":	1851,
					"snd_cwnd":	7037280,
					"snd_wnd":	56963072,
					"rtt":	126624,
					"rttvar":	94,
					"pmtu":	1500,
					"omitted":	false,
					"sender":	true
				}],
			"sum":	{
				"start":	49.00105,
				"end":	50.001064,
				"seconds":	1.0000139474868774,
				"bytes":	49938432,
				"bits_per_second":	399501883.952716,
				"retransmits":	1851,
				"omitted":	false,
				"sender":	true
			}
		}, {
			"streams":	[{
					"socket":	7,
					"start":	50.001064,
					"end":	51.001105,
					"seconds":	1.0000410079956055,
					"bytes":	46923776,
					"bits_per_second":	375374814.63125122,
					"retransmits":	1163,
					"snd_cwnd":	7176288,
					"snd_wnd":	57110528,
					"rtt":	126369,
					"rttvar":	539,
					"pmtu":	1500,
					"omitted":	false,
					"sender":	true
				}],
			"sum":	{
				"start":	50.001064,
				"end":	51.001105,
				"seconds":	1.0000410079956055,
				"bytes":	46923776,
				"bits_per_second":	375374814.63125122,
				"retransmits":	1163,
				"omitted":	false,
				"sender":	true
			}
		}, {
			"streams":	[{
					"socket":	7,
					"start":	51.001105,
					"end":	52.001064,
					"seconds":	0.99995899200439453,
					"bytes":	64356352,
					"bits_per_second":	514871929.86583734,
					"retransmits":	837,
					"snd_cwnd":	5792,
					"snd_wnd":	61280256,
					"rtt":	63165,
					"rttvar":	3238,
					"pmtu":	1500,
					"omitted":	false,
					"sender":	true
				}],
			"sum":	{
				"start":	51.001105,
				"end":	52.001064,
				"seconds":	0.99995899200439453,
				"bytes":	64356352,
				"bits_per_second":	514871929.86583734,
				"retransmits":	837,
				"omitted":	false,
				"sender":	true
			}
		}, {
			"streams":	[{
					"socket":	7,
					"start":	52.001064,
					"end":	53.000792,
					"seconds":	0.99972802400589,
					"bytes":	27787264,
					"bits_per_second":	222358588.1980741,
					"retransmits":	422,
					"snd_cwnd":	7625168,
					"snd_wnd":	56877056,
					"rtt":	124439,
					"rttvar":	453,
					"pmtu":	1500,
					"omitted":	false,
					"sender":	true
				}],
			"sum":	{
				"start":	52.001064,
				"end":	53.000792,
				"seconds":	0.99972802400589,
				"bytes":	27787264,
				"bits_per_second":	222358588.1980741,
				"retransmits":	422,
				"omitted":	false,
				"sender":	true
			}
		}, {
			"streams":	[{
					"socket":	7,
					"start":	53.000792,
					"end":	54.00108,
					"seconds":	1.0002880096435547,
					"bytes":	46792704,
					"bits_per_second":	374233849.04253113,
					"retransmits":	2090,
					"snd_cwnd":	7387696,
					"snd_wnd":	56741888,
					"rtt":	126453,
					"rttvar":	124,
					"pmtu":	1500,
					"omitted":	false,
					"sender":	true
				}],
			"sum":	{
				"start":	53.000792,
				"end":	54.00108,
				"seconds":	1.0002880096435547,
				"bytes":	46792704,
				"bits_per_second":	374233849.04253113,
				"retransmits":	2090,
				"omitted":	false,
				"sender":	true
			}
		}, {
			"streams":	[{
					"socket":	7,
					"start":	54.00108,
					"end":	55.001047,
					"seconds":	0.99996697902679443,
					"bytes":	65536000,
					"bits_per_second":	524305313.07169449,
					"retransmits":	2277,
					"snd_cwnd":	7544080,
					"snd_wnd":	57372672,
					"rtt":	126713,
					"rttvar":	145,
					"pmtu":	1500,
					"omitted":	false,
					"sender":	true
				}],
			"sum":	{
				"start":	54.00108,
				"end":	55.001047,
				"seconds":	0.99996697902679443,
				"bytes":	65536000,
				"bits_per_second":	524305313.07169449,
				"retransmits":	2277,
				"omitted":	false,
				"sender":	true
			}
		}, {
			"streams":	[{
					"socket":	7,
					"start":	55.001047,
					"end":	56.001046,
					"seconds":	0.99999898672103882,
					"bytes":	48103424,
					"bits_per_second":	384827781.93789512,
					"retransmits":	1841,
					"snd_cwnd":	7480368,
					"snd_wnd":	57729024,
					"rtt":	126230,
					"rttvar":	280,
					"pmtu":	1500,
					"omitted":	false,
					"sender":	true
				}],
			"sum":	{
				"start":	55.001047,
				"end":	56.001046,
				"seconds":	0.99999898672103882,
				"bytes":	48103424,
				"bits_per_second":	384827781.93789512,
				"retransmits":	1841,
				"omitted":	false,
				"sender":	true
			}
		}, {
			"streams":	[{
					"socket":	7,
					"start":	56.001046,
					"end":	57.001044,
					"seconds":	0.99999797344207764,
					"bytes":	46923776,
					"bits_per_second":	375390968.75154173,
					"retransmits":	1085,
					"snd_cwnd":	7683088,
					"snd_wnd":	56098816,
					"rtt":	126062,
					"rttvar":	340,
					"pmtu":	1500,
					"omitted":	false,
					"sender":	true
				}],
			"sum":	{
				"start":	56.001046,
				"end":	57.001044,
				"seconds":	0.99999797344207764,
				"bytes":	46923776,
				"bits_per_second":	375390968.75154173,
				"retransmits":	1085,
				"omitted":	false,
				"sender":	true
			}
		}, {
			"streams":	[{
					"socket":	7,
					"start":	57.001044,
					"end":	58.001064,
					"seconds":	1.0000200271606445,
					"bytes":	69992448,
					"bits_per_second":	559928370.22458,
					"retransmits":	1301,
					"snd_cwnd":	8016128,
					"snd_wnd":	60256256,
					"rtt":	126755,
					"rttvar":	141,
					"pmtu":	1500,
					"omitted":	false,
					"sender":	true
				}],
			"sum":	{
				"start":	57.001044,
				"end":	58.001064,
				"seconds":	1.0000200271606445,
				"bytes":	69992448,
				"bits_per_second":	559928370.22458,
				"retransmits":	1301,
				"omitted":	false,
				"sender":	true
			}
		}, {
			"streams":	[{
					"socket":	7,
					"start":	58.001064,
					"end":	59.001057,
					"seconds":	0.99999302625656128,
					"bytes":	46006272,
					"bits_per_second":	368052742.70539957,
					"retransmits":	1553,
					"snd_cwnd":	8082736,
					"snd_wnd":	58036224,
					"rtt":	126804,
					"rttvar":	147,
					"pmtu":	1500,
					"omitted":	false,
					"sender":	true
				}],
			"sum":	{
				"start":	58.001064,
				"end":	59.001057,
				"seconds":	0.99999302625656128,
				"bytes":	46006272,
				"bits_per_second":	368052742.70539957,
				"retransmits":	1553,
				"omitted":	false,
				"sender":	true
			}
		}, {
			"streams":	[{
					"socket":	7,
					"start":	59.001057,
					"end":	60.001072,
					"seconds":	1.0000150203704834,
					"bytes":	60817408,
					"bits_per_second":	486531956.1097672,
					"retransmits":	1642,
					"snd_cwnd":	8163824,
					"snd_wnd":	57081856,
					"rtt":	126561,
					"rttvar":	84,
					"pmtu":	1500,
					"omitted":	false,
					"sender":	true
				}],
			"sum":	{
				"start":	59.001057,
				"end":	60.001072,
				"seconds":	1.0000150203704834,
				"bytes":	60817408,
				"bits_per_second":	486531956.1097672,
				"retransmits":	1642,
				"omitted":	false,
				"sender":	true
			}
		}, {
			"streams":	[{
					"socket":	7,
					"start":	60.001072,
					"end":	61.001082,
					"seconds":	1.0000100135803223,
					"bytes":	58458112,
					"bits_per_second":	467660213.04689312,
					"retransmits":	2080,
					"snd_cwnd":	8320208,
					"snd_wnd":	55967744,
					"rtt":	126210,
					"rttvar":	479,
					"pmtu":	1500,
					"omitted":	false,
					"sender":	true
				}],
			"sum":	{
				"start":	60.001072,
				"end":	61.001082,
				"seconds":	1.0000100135803223,
				"bytes":	58458112,
				"bits_per_second":	467660213.04689312,
				"retransmits":	2080,
				"omitted":	false,
				"sender":	true
			}
		}, {
			"streams":	[{
					"socket":	7,
					"start":	61.001082,
					"end":	62.001058,
					"seconds":	0.99997597932815552,
					"bytes":	57147392,
					"bits_per_second":	457190118.01379538,
					"retransmits":	1683,
					"snd_cwnd":	8340480,
					"snd_wnd":	55975936,
					"rtt":	126624,
					"rttvar":	222,
					"pmtu":	1500,
					"omitted":	false,
					"sender":	true
				}],
			"sum":	{
				"start":	61.001082,
				"end":	62.001058,
				"seconds":	0.99997597932815552,
				"bytes":	57147392,
				"bits_per_second":	457190118.01379538,
				"retransmits":	1683,
				"omitted":	false,
				"sender":	true
			}
		}, {
			"streams":	[{
					"socket":	7,
					"start":	62.001058,
					"end":	63.000428,
					"seconds":	0.999369978904724,
					"bytes":	46792704,
					"bits_per_second":	374577623.80481535,
					"retransmits":	42,
					"snd_cwnd":	8902304,
					"snd_wnd":	61280256,
					"rtt":	104379,
					"rttvar":	297,
					"pmtu":	1500,
					"omitted":	false,
					"sender":	true
				}],
			"sum":	{
				"start":	62.001058,
				"end":	63.000428,
				"seconds":	0.999369978904724,
				"bytes":	46792704,
				"bits_per_second":	374577623.80481535,
				"retransmits":	42,
				"omitted":	false,
				"sender":	true
			}
		}, {
			"streams":	[{
					"socket":	7,
					"start":	63.000428,
					"end":	64.000185,
					"seconds":	0.99975699186325073,
					"bytes":	51380224,
					"bits_per_second":	411141702.77913231,
					"retransmits":	2868,
					"snd_cwnd":	9212176,
					"snd_wnd":	55382016,
					"rtt":	126179,
					"rttvar":	374,
					"pmtu":	1500,
					"omitted":	false,
					"sender":	true
				}],
			"sum":	{
				"start":	63.000428,
				"end":	64.000185,
				"seconds":	0.99975699186325073,
				"bytes":	51380224,
				"bits_per_second":	411141702.77913231,
				"retransmits":	2868,
				"omitted":	false,
				"sender":	true
			}
		}, {
			"streams":	[{
					"socket":	7,
					"start":	64.000185,
					"end":	65.001048,
					"seconds":	1.0008629560470581,
					"bytes":	63438848,
					"bits_per_second":	507073202.11393464,
					"retransmits":	3299,
					"snd_cwnd":	8644560,
					"snd_wnd":	59305984,
					"rtt":	126547,
					"rttvar":	183,
					"pmtu":	1500,
					"omitted":	false,
					"sender":	true
				}],
			"sum":	{
				"start":	64.000185,
				"end":	65.001048,
				"seconds":	1.0008629560470581,
				"bytes":	63438848,
				"bits_per_second":	507073202.11393464,
				"retransmits":	3299,
				"omitted":	false,
				"sender":	true
			}
		}, {
			"streams":	[{
					"socket":	7,
					"start":	65.001048,
					"end":	66.000515,
					"seconds":	0.99946701526641846,
					"bytes":	85983232,
					"bits_per_second":	688232673.508132,
					"retransmits":	2016,
					"snd_cwnd":	8601120,
					"snd_wnd":	55341056,
					"rtt":	126571,
					"rttvar":	405,
					"pmtu":	1500,
					"omitted":	false,
					"sender":	true
				}],
			"sum":	{
				"start":	65.001048,
				"end":	66.000515,
				"seconds":	0.99946701526641846,
				"bytes":	85983232,
				"bits_per_second":	688232673.508132,
				"retransmits":	2016,
				"omitted":	false,
				"sender":	true
			}
		}, {
			"streams":	[{
					"socket":	7,
					"start":	66.000515,
					"end":	67.00106,
					"seconds":	1.0005450248718262,
					"bytes":	81920000,
					"bits_per_second":	655003007.070026,
					"retransmits":	2020,
					"snd_cwnd":	7950968,
					"snd_wnd":	61280256,
					"rtt":	126592,
					"rttvar":	75,
					"pmtu":	1500,
					"omitted":	false,
					"sender":	true
				}],
			"sum":	{
				"start":	66.000515,
				"end":	67.00106,
				"seconds":	1.0005450248718262,
				"bytes":	81920000,
				"bits_per_second":	655003007.070026,
				"retransmits":	2020,
				"omitted":	false,
				"sender":	true
			}
		}, {
			"streams":	[{
					"socket":	7,
					"start":	67.00106,
					"end":	68.001053,
					"seconds":	0.99999302625656128,
					"bytes":	59506688,
					"bits_per_second":	476056823.89815211,
					"retransmits":	1795,
					"snd_cwnd":	8760400,
					"snd_wnd":	56385536,
					"rtt":	126694,
					"rttvar":	99,
					"pmtu":	1500,
					"omitted":	false,
					"sender":	true
				}],
			"sum":	{
				"start":	67.00106,
				"end":	68.001053,
				"seconds":	0.99999302625656128,
				"bytes":	59506688,
				"bits_per_second":	476056823.89815211,
				"retransmits":	1795,
				"omitted":	false,
				"sender":	true
			}
		}, {
			"streams":	[{
					"socket":	7,
					"start":	68.001053,
					"end":	69.000129,
					"seconds":	0.999076008796692,
					"bytes":	53739520,
					"bits_per_second":	430313766.13457072,
					"retransmits":	1806,
					"snd_cwnd":	8496864,
					"snd_wnd":	56848384,
					"rtt":	126582,
					"rttvar":	328,
					"pmtu":	1500,
					"omitted":	false,
					"sender":	true
				}],
			"sum":	{
				"start":	68.001053,
				"end":	69.000129,
				"seconds":	0.999076008796692,
				"bytes":	53739520,
				"bits_per_second":	430313766.13457072,
				"retransmits":	1806,
				"omitted":	false,
				"sender":	true
			}
		}, {
			"streams":	[{
					"socket":	7,
					"start":	69.000129,
					"end":	70.001073,
					"seconds":	1.0009440183639526,
					"bytes":	59244544,
					"bits_per_second":	473509350.47764581,
					"retransmits":	1393,
					"snd_cwnd":	8305728,
					"snd_wnd":	56496128,
					"rtt":	126283,
					"rttvar":	469,
					"pmtu":	1500,
					"omitted":	false,
					"sender":	true
				}],
			"sum":	{
				"start":	69.000129,
				"end":	70.001073,
				"seconds":	1.0009440183639526,
				"bytes":	59244544,
				"bits_per_second":	473509350.47764581,
				"retransmits":	1393,
				"omitted":	false,
				"sender":	true
			}
		}, {
			"streams":	[{
					"socket":	7,
					"start":	70.001073,
					"end":	71.001054,
					"seconds":	0.99998098611831665,
					"bytes":	53084160,
					"bits_per_second":	424681354.841034,
					"retransmits":	1345,
					"snd_cwnd":	8375232,
					"snd_wnd":	54304768,
					"rtt":	125971,
					"rttvar":	347,
					"pmtu":	1500,
					"omitted":	false,
					"sender":	true
				}],
			"sum":	{
				"start":	70.001073,
				"end":	71.001054,
				"seconds":	0.99998098611831665,
				"bytes":	53084160,
				"bits_per_second":	424681354.841034,
				"retransmits":	1345,
				"omitted":	false,
				"sender":	true
			}
		}, {
			"streams":	[{
					"socket":	7,
					"start":	71.001054,
					"end":	72.001053,
					"seconds":	0.99999898672103882,
					"bytes":	79167488,
					"bits_per_second":	633340545.75065029,
					"retransmits":	1163,
					"snd_cwnd":	8386816,
					"snd_wnd":	58548224,
					"rtt":	126819,
					"rttvar":	225,
					"pmtu":	1500,
					"omitted":	false,
					"sender":	true
				}],
			"sum":	{
				"start":	71.001054,
				"end":	72.001053,
				"seconds":	0.99999898672103882,
				"bytes":	79167488,
				"bits_per_second":	633340545.75065029,
				"retransmits":	1163,
				"omitted":	false,
				"sender":	true
			}
		}, {
			"streams":	[{
					"socket":	7,
					"start":	72.001053,
					"end":	73.001068,
					"seconds":	1.0000150203704834,
					"bytes":	30408704,
					"bits_per_second":	243265978.0548836,
					"retransmits":	728,
					"snd_cwnd":	8236224,
					"snd_wnd":	61280256,
					"rtt":	64556,
					"rttvar":	278,
					"pmtu":	1500,
					"omitted":	false,
					"sender":	true
				}],
			"sum":	{
				"start":	72.001053,
				"end":	73.001068,
				"seconds":	1.0000150203704834,
				"bytes":	30408704,
				"bits_per_second":	243265978.0548836,
				"retransmits":	728,
				"omitted":	false,
				"sender":	true
			}
		}, {
			"streams":	[{
					"socket":	7,
					"start":	73.001068,
					"end":	74.001056,
					"seconds":	0.9999880194664,
					"bytes":	52035584,
					"bits_per_second":	416289659.37225139,
					"retransmits":	1089,
					"snd_cwnd":	8522928,
					"snd_wnd":	59478016,
					"rtt":	126144,
					"rttvar":	433,
					"pmtu":	1500,
					"omitted":	false,
					"sender":	true
				}],
			"sum":	{
				"start":	73.001068,
				"end":	74.001056,
				"seconds":	0.9999880194664,
				"bytes":	52035584,
				"bits_per_second":	416289659.37225139,
				"retransmits":	1089,
				"omitted":	false,
				"sender":	true
			}
		}, {
			"streams":	[{
					"socket":	7,
					"start":	74.001056,
					"end":	75.000083,
					"seconds":	0.99902701377868652,
					"bytes":	54263808,
					"bits_per_second":	434533258.87358642,
					"retransmits":	3966,
					"snd_cwnd":	8966016,
					"snd_wnd":	53493760,
					"rtt":	126396,
					"rttvar":	286,
					"pmtu":	1500,
					"omitted":	false,
					"sender":	true
				}],
			"sum":	{
				"start":	74.001056,
				"end":	75.000083,
				"seconds":	0.99902701377868652,
				"bytes":	54263808,
				"bits_per_second":	434533258.87358642,
				"retransmits":	3966,
				"omitted":	false,
				"sender":	true
			}
		}, {
			"streams":	[{
					"socket":	7,
					"start":	75.000083,
					"end":	76.001089,
					"seconds":	1.001006007194519,
					"bytes":	75104256,
					"bits_per_second":	600230212.0882715,
					"retransmits":	2899,
					"snd_cwnd":	8740128,
					"snd_wnd":	54956032,
					"rtt":	125698,
					"rttvar":	331,
					"pmtu":	1500,
					"omitted":	false,
					"sender":	true
				}],
			"sum":	{
				"start":	75.000083,
				"end":	76.001089,
				"seconds":	1.001006007194519,
				"bytes":	75104256,
				"bits_per_second":	600230212.0882715,
				"retransmits":	2899,
				"omitted":	false,
				"sender":	true
			}
		}, {
			"streams":	[{
					"socket":	7,
					"start":	76.001089,
					"end":	77.001078,
					"seconds":	0.99998897314071655,
					"bytes":	54263808,
					"bits_per_second":	434115250.9277848,
					"retransmits":	1814,
					"snd_cwnd":	9217968,
					"snd_wnd":	105930752,
					"rtt":	126276,
					"rttvar":	234,
					"pmtu":	1500,
					"omitted":	false,
					"sender":	true
				}],
			"sum":	{
				"start":	76.001089,
				"end":	77.001078,
				"seconds":	0.99998897314071655,
				"bytes":	54263808,
				"bits_per_second":	434115250.9277848,
				"retransmits":	1814,
				"omitted":	false,
				"sender":	true
			}
		}, {
			"streams":	[{
					"socket":	7,
					"start":	77.001078,
					"end":	78.00299,
					"seconds":	1.001911997795105,
					"bytes":	80478208,
					"bits_per_second":	642597019.914782,
					"retransmits":	2086,
					"snd_cwnd":	9412000,
					"snd_wnd":	110080000,
					"rtt":	126713,
					"rttvar":	172,
					"pmtu":	1500,
					"omitted":	false,
					"sender":	true
				}],
			"sum":	{
				"start":	77.001078,
				"end":	78.00299,
				"seconds":	1.001911997795105,
				"bytes":	80478208,
				"bits_per_second":	642597019.914782,
				"retransmits":	2086,
				"omitted":	false,
				"sender":	true
			}
		}, {
			"streams":	[{
					"socket":	7,
					"start":	78.00299,
					"end":	79.001077,
					"seconds":	0.998086988925934,
					"bytes":	67502080,
					"bits_per_second":	541051677.85137177,
					"retransmits":	2012,
					"snd_cwnd":	9446752,
					"snd_wnd":	106217472,
					"rtt":	125988,
					"rttvar":	316,
					"pmtu":	1500,
					"omitted":	false,
					"sender":	true
				}],
			"sum":	{
				"start":	78.00299,
				"end":	79.001077,
				"seconds":	0.998086988925934,
				"bytes":	67502080,
				"bits_per_second":	541051677.85137177,
				"retransmits":	2012,
				"omitted":	false,
				"sender":	true
			}
		}, {
			"streams":	[{
					"socket":	7,
					"start":	79.001077,
					"end":	80.00109,
					"seconds":	1.000012993812561,
					"bytes":	60424192,
					"bits_per_second":	483387254.95661467,
					"retransmits":	2084,
					"snd_cwnd":	9556800,
					"snd_wnd":	105652224,
					"rtt":	126570,
					"rttvar":	113,
					"pmtu":	1500,
					"omitted":	false,
					"sender":	true
				}],
			"sum":	{
				"start":	79.001077,
				"end":	80.00109,
				"seconds":	1.000012993812561,
				"bytes":	60424192,
				"bits_per_second":	483387254.95661467,
				"retransmits":	2084,
				"omitted":	false,
				"sender":	true
			}
		}, {
			"streams":	[{
					"socket":	7,
					"start":	80.00109,
					"end":	81.00105,
					"seconds":	0.99996000528335571,
					"bytes":	57147392,
					"bits_per_second":	457197421.48132265,
					"retransmits":	2102,
					"snd_cwnd":	9794272,
					"snd_wnd":	104509440,
					"rtt":	126141,
					"rttvar":	362,
					"pmtu":	1500,
					"omitted":	false,
					"sender":	true
				}],
			"sum":	{
				"start":	80.00109,
				"end":	81.00105,
				"seconds":	0.99996000528335571,
				"bytes":	57147392,
				"bits_per_second":	457197421.48132265,
				"retransmits":	2102,
				"omitted":	false,
				"sender":	true
			}
		}, {
			"streams":	[{
					"socket":	7,
					"start":	81.00105,
					"end":	82.00034,
					"seconds":	0.99928998947143555,
					"bytes":	82444288,
					"bits_per_second":	660022927.22742546,
					"retransmits":	1826,
					"snd_cwnd":	10327136,
					"snd_wnd":	105852928,
					"rtt":	125690,
					"rttvar":	444,
					"pmtu":	1500,
					"omitted":	false,
					"sender":	true
				}],
			"sum":	{
				"start":	81.00105,
				"end":	82.00034,
				"seconds":	0.99928998947143555,
				"bytes":	82444288,
				"bits_per_second":	660022927.22742546,
				"retransmits":	1826,
				"omitted":	false,
				"sender":	true
			}
		}, {
			"streams":	[{
					"socket":	7,
					"start":	82.00034,
					"end":	83.001087,
					"seconds":	1.0007469654083252,
					"bytes":	82444288,
					"bits_per_second":	659062007.47847223,
					"retransmits":	1627,
					"snd_cwnd":	5792,
					"snd_wnd":	111452160,
					"rtt":	118705,
					"rttvar":	462,
					"pmtu":	1500,
					"omitted":	false,
					"sender":	true
				}],
			"sum":	{
				"start":	82.00034,
				"end":	83.001087,
				"seconds":	1.0007469654083252,
				"bytes":	82444288,
				"bits_per_second":	659062007.47847223,
				"retransmits":	1627,
				"omitted":	false,
				"sender":	true
			}
		}, {
			"streams":	[{
					"socket":	7,
					"start":	83.001087,
					"end":	84.001091,
					"seconds":	1.0000040531158447,
					"bytes":	26083328,
					"bits_per_second":	208665778.25342792,
					"retransmits":	1228,
					"snd_cwnd":	8712616,
					"snd_wnd":	111513600,
					"rtt":	127167,
					"rttvar":	137,
					"pmtu":	1500,
					"omitted":	false,
					"sender":	true
				}],
			"sum":	{
				"start":	83.001087,
				"end":	84.001091,
				"seconds":	1.0000040531158447,
				"bytes":	26083328,
				"bits_per_second":	208665778.25342792,
				"retransmits":	1228,
				"omitted":	false,
				"sender":	true
			}
		}, {
			"streams":	[{
					"socket":	7,
					"start":	84.001091,
					"end":	85.00108,
					"seconds":	0.99998897314071655,
					"bytes":	57802752,
					"bits_per_second":	462427115.11872727,
					"retransmits":	4818,
					"snd_cwnd":	10579088,
					"snd_wnd":	96735232,
					"rtt":	126666,
					"rttvar":	192,
					"pmtu":	1500,
					"omitted":	false,
					"sender":	true
				}],
			"sum":	{
				"start":	84.001091,
				"end":	85.00108,
				"seconds":	0.99998897314071655,
				"bytes":	57802752,
				"bits_per_second":	462427115.11872727,
				"retransmits":	4818,
				"omitted":	false,
				"sender":	true
			}
		}, {
			"streams":	[{
					"socket":	7,
					"start":	85.00108,
					"end":	86.001074,
					"seconds":	0.99999397993087769,
					"bytes":	80478208,
					"bits_per_second":	643829539.89833319,
					"retransmits":	3523,
					"snd_cwnd":	10196816,
					"snd_wnd":	105340928,
					"rtt":	126835,
					"rttvar":	173,
					"pmtu":	1500,
					"omitted":	false,
					"sender":	true
				}],
			"sum":	{
				"start":	85.00108,
				"end":	86.001074,
				"seconds":	0.99999397993087769,
				"bytes":	80478208,
				"bits_per_second":	643829539.89833319,
				"retransmits":	3523,
				"omitted":	false,
				"sender":	true
			}
		}, {
			"streams":	[{
					"socket":	7,
					"start":	86.001074,
					"end":	87.001063,
					"seconds":	0.99998897314071655,
					"bytes":	84803584,
					"bits_per_second":	678436153.019992,
					"retransmits":	2794,
					"snd_cwnd":	10376368,
					"snd_wnd":	104706048,
					"rtt":	126662,
					"rttvar":	267,
					"pmtu":	1500,
					"omitted":	false,
					"sender":	true
				}],
			"sum":	{
				"start":	86.001074,
				"end":	87.001063,
				"seconds":	0.99998897314071655,
				"bytes":	84803584,
				"bits_per_second":	678436153.019992,
				"retransmits":	2794,
				"omitted":	false,
				"sender":	true
			}
		}, {
			"streams":	[{
					"socket":	7,
					"start":	87.001063,
					"end":	88.001064,
					"seconds":	1.0000009536743164,
					"bytes":	82837504,
					"bits_per_second":	662699400.00060272,
					"retransmits":	2719,
					"snd_cwnd":	10498000,
					"snd_wnd":	103837696,
					"rtt":	126378,
					"rttvar":	234,
					"pmtu":	1500,
					"omitted":	false,
					"sender":	true
				}],
			"sum":	{
				"start":	87.001063,
				"end":	88.001064,
				"seconds":	1.0000009536743164,
				"bytes":	82837504,
				"bits_per_second":	662699400.00060272,
				"retransmits":	2719,
				"omitted":	false,
				"sender":	true
			}
		}, {
			"streams":	[{
					"socket":	7,
					"start":	88.001064,
					"end":	89.001084,
					"seconds":	1.0000200271606445,
					"bytes":	59768832,
					"bits_per_second":	478141080.19177628,
					"retransmits":	2448,
					"snd_cwnd":	10625424,
					"snd_wnd":	107237376,
					"rtt":	126462,
					"rttvar":	129,
					"pmtu":	1500,
					"omitted":	false,
					"sender":	true
				}],
			"sum":	{
				"start":	88.001064,
				"end":	89.001084,
				"seconds":	1.0000200271606445,
				"bytes":	59768832,
				"bits_per_second":	478141080.19177628,
				"retransmits":	2448,
				"omitted":	false,
				"sender":	true
			}
		}, {
			"streams":	[{
					"socket":	7,
					"start":	89.001084,
					"end":	90.001067,
					"seconds":	0.999983012676239,
					"bytes":	70647808,
					"bits_per_second":	565192065.100597,
					"retransmits":	2634,
					"snd_cwnd":	10541440,
					"snd_wnd":	107134976,
					"rtt":	126439,
					"rttvar":	143,
					"pmtu":	1500,
					"omitted":	false,
					"sender":	true
				}],
			"sum":	{
				"start":	89.001084,
				"end":	90.001067,
				"seconds":	0.999983012676239,
				"bytes":	70647808,
				"bits_per_second":	565192065.100597,
				"retransmits":	2634,
				"omitted":	false,
				"sender":	true
			}
		}, {
			"streams":	[{
					"socket":	7,
					"start":	90.001067,
					"end":	91.001074,
					"seconds":	1.0000070333480835,
					"bytes":	89391104,
					"bits_per_second":	715123802.28537571,
					"retransmits":	2004,
					"snd_cwnd":	10535648,
					"snd_wnd":	104767488,
					"rtt":	126020,
					"rttvar":	271,
					"pmtu":	1500,
					"omitted":	false,
					"sender":	true
				}],
			"sum":	{
				"start":	90.001067,
				"end":	91.001074,
				"seconds":	1.0000070333480835,
				"bytes":	89391104,
				"bits_per_second":	715123802.28537571,
				"retransmits":	2004,
				"omitted":	false,
				"sender":	true
			}
		}, {
			"streams":	[{
					"socket":	7,
					"start":	91.001074,
					"end":	92.001073,
					"seconds":	0.99999898672103882,
					"bytes":	55705600,
					"bits_per_second":	445645251.56295758,
					"retransmits":	1938,
					"snd_cwnd":	10541440,
					"snd_wnd":	104828928,
					"rtt":	126479,
					"rttvar":	184,
					"pmtu":	1500,
					"omitted":	false,
					"sender":	true
				}],
			"sum":	{
				"start":	91.001074,
				"end":	92.001073,
				"seconds":	0.99999898672103882,
				"bytes":	55705600,
				"bits_per_second":	445645251.56295758,
				"retransmits":	1938,
				"omitted":	false,
				"sender":	true
			}
		}, {
			"streams":	[{
					"socket":	7,
					"start":	92.001073,
					"end":	93.001085,
					"seconds":	1.0000120401382446,
					"bytes":	80347136,
					"bits_per_second":	642769348.968179,
					"retransmits":	3491,
					"snd_cwnd":	9931832,
					"snd_wnd":	101584896,
					"rtt":	135003,
					"rttvar":	589,
					"pmtu":	1500,
					"omitted":	false,
					"sender":	true
				}],
			"sum":	{
				"start":	92.001073,
				"end":	93.001085,
				"seconds":	1.0000120401382446,
				"bytes":	80347136,
				"bits_per_second":	642769348.968179,
				"retransmits":	3491,
				"omitted":	false,
				"sender":	true
			}
		}, {
			"streams":	[{
					"socket":	7,
					"start":	93.001085,
					"end":	94.001085,
					"seconds":	1,
					"bytes":	62128128,
					"bits_per_second":	497025024,
					"retransmits":	1072,
					"snd_cwnd":	10605152,
					"snd_wnd":	111513600,
					"rtt":	86679,
					"rttvar":	273,
					"pmtu":	1500,
					"omitted":	false,
					"sender":	true
				}],
			"sum":	{
				"start":	93.001085,
				"end":	94.001085,
				"seconds":	1,
				"bytes":	62128128,
				"bits_per_second":	497025024,
				"retransmits":	1072,
				"omitted":	false,
				"sender":	true
			}
		}, {
			"streams":	[{
					"socket":	7,
					"start":	94.001085,
					"end":	95.001059,
					"seconds":	0.999974012374878,
					"bytes":	52297728,
					"bits_per_second":	418392697.03256428,
					"retransmits":	2936,
					"snd_cwnd":	10642800,
					"snd_wnd":	111132672,
					"rtt":	126706,
					"rttvar":	105,
					"pmtu":	1500,
					"omitted":	false,
					"sender":	true
				}],
			"sum":	{
				"start":	94.001085,
				"end":	95.001059,
				"seconds":	0.999974012374878,
				"bytes":	52297728,
				"bits_per_second":	418392697.03256428,
				"retransmits":	2936,
				"omitted":	false,
				"sender":	true
			}
		}, {
			"streams":	[{
					"socket":	7,
					"start":	95.001059,
					"end":	96.001076,
					"seconds":	1.0000170469284058,
					"bytes":	78381056,
					"bits_per_second":	627037758.93221581,
					"retransmits":	3462,
					"snd_cwnd":	10028848,
					"snd_wnd":	110587904,
					"rtt":	126640,
					"rttvar":	139,
					"pmtu":	1500,
					"omitted":	false,
					"sender":	true
				}],
			"sum":	{
				"start":	95.001059,
				"end":	96.001076,
				"seconds":	1.0000170469284058,
				"bytes":	78381056,
				"bits_per_second":	627037758.93221581,
				"retransmits":	3462,
				"omitted":	false,
				"sender":	true
			}
		}, {
			"streams":	[{
					"socket":	7,
					"start":	96.001076,
					"end":	97.001076,
					"seconds":	1,
					"bytes":	59375616,
					"bits_per_second":	475004928,
					"retransmits":	3210,
					"snd_cwnd":	9829024,
					"snd_wnd":	105684992,
					"rtt":	126576,
					"rttvar":	151,
					"pmtu":	1500,
					"omitted":	false,
					"sender":	true
				}],
			"sum":	{
				"start":	96.001076,
				"end":	97.001076,
				"seconds":	1,
				"bytes":	59375616,
				"bits_per_second":	475004928,
				"retransmits":	3210,
				"omitted":	false,
				"sender":	true
			}
		}, {
			"streams":	[{
					"socket":	7,
					"start":	97.001076,
					"end":	98.001063,
					"seconds":	0.999987006187439,
					"bytes":	92405760,
					"bits_per_second":	739255685.74981534,
					"retransmits":	1369,
					"snd_cwnd":	9994096,
					"snd_wnd":	107298816,
					"rtt":	126727,
					"rttvar":	215,
					"pmtu":	1500,
					"omitted":	false,
					"sender":	true
				}],
			"sum":	{
				"start":	97.001076,
				"end":	98.001063,
				"seconds":	0.999987006187439,
				"bytes":	92405760,
				"bits_per_second":	739255685.74981534,
				"retransmits":	1369,
				"omitted":	false,
				"sender":	true
			}
		}, {
			"streams":	[{
					"socket":	7,
					"start":	98.001063,
					"end":	99.001067,
					"seconds":	1.0000040531158447,
					"bytes":	53346304,
					"bits_per_second":	426768702.25701088,
					"retransmits":	2977,
					"snd_cwnd":	10162064,
					"snd_wnd":	106889216,
					"rtt":	126626,
					"rttvar":	433,
					"pmtu":	1500,
					"omitted":	false,
					"sender":	true
				}],
			"sum":	{
				"start":	98.001063,
				"end":	99.001067,
				"seconds":	1.0000040531158447,
				"bytes":	53346304,
				"bits_per_second":	426768702.25701088,
				"retransmits":	2977,
				"omitted":	false,
				"sender":	true
			}
		}, {
			"streams":	[{
					"socket":	7,
					"start":	99.001067,
					"end":	100.001058,
					"seconds":	0.999990999698639,
					"bytes":	68681728,
					"bits_per_second":	549458769.294509,
					"retransmits":	2671,
					"snd_cwnd":	10225776,
					"snd_wnd":	104423424,
					"rtt":	126453,
					"rttvar":	254,
					"pmtu":	1500,
					"omitted":	false,
					"sender":	true
				}],
			"sum":	{
				"start":	99.001067,
				"end":	100.001058,
				"seconds":	0.999990999698639,
				"bytes":	68681728,
				"bits_per_second":	549458769.294509,
				"retransmits":	2671,
				"omitted":	false,
				"sender":	true
			}
		}, {
			"streams":	[{
					"socket":	7,
					"start":	100.001058,
					"end":	101.001076,
					"seconds":	1.0000180006027222,
					"bytes":	90177536,
					"bits_per_second":	721407302.23375165,
					"retransmits":	2325,
					"snd_cwnd":	10845520,
					"snd_wnd":	109322240,
					"rtt":	126263,
					"rttvar":	384,
					"pmtu":	1500,
					"omitted":	false,
					"sender":	true
				}],
			"sum":	{
				"start":	100.001058,
				"end":	101.001076,
				"seconds":	1.0000180006027222,
				"bytes":	90177536,
				"bits_per_second":	721407302.23375165,
				"retransmits":	2325,
				"omitted":	false,
				"sender":	true
			}
		}, {
			"streams":	[{
					"socket":	7,
					"start":	101.001076,
					"end":	102.001075,
					"seconds":	0.99999898672103882,
					"bytes":	82182144,
					"bits_per_second":	657457818.188175,
					"retransmits":	2070,
					"snd_cwnd":	10999008,
					"snd_wnd":	109469696,
					"rtt":	126359,
					"rttvar":	293,
					"pmtu":	1500,
					"omitted":	false,
					"sender":	true
				}],
			"sum":	{
				"start":	101.001076,
				"end":	102.001075,
				"seconds":	0.99999898672103882,
				"bytes":	82182144,
				"bits_per_second":	657457818.188175,
				"retransmits":	2070,
				"omitted":	false,
				"sender":	true
			}
		}, {
			"streams":	[{
					"socket":	7,
					"start":	102.001075,
					"end":	103.001082,
					"seconds":	1.0000070333480835,
					"bytes":	59113472,
					"bits_per_second":	472904449.89839363,
					"retransmits":	2741,
					"snd_cwnd":	10784704,
					"snd_wnd":	111206400,
					"rtt":	126961,
					"rttvar":	92,
					"pmtu":	1500,
					"omitted":	false,
					"sender":	true
				}],
			"sum":	{
				"start":	102.001075,
				"end":	103.001082,
				"seconds":	1.0000070333480835,
				"bytes":	59113472,
				"bits_per_second":	472904449.89839363,
				"retransmits":	2741,
				"omitted":	false,
				"sender":	true
			}
		}, {
			"streams":	[{
					"socket":	7,
					"start":	103.001082,
					"end":	104.001071,
					"seconds":	0.99998897314071655,
					"bytes":	84672512,
					"bits_per_second":	677387565.45736468,
					"retransmits":	1581,
					"snd_cwnd":	10880272,
					"snd_wnd":	111513600,
					"rtt":	78563,
					"rttvar":	7490,
					"pmtu":	1500,
					"omitted":	false,
					"sender":	true
				}],
			"sum":	{
				"start":	103.001082,
				"end":	104.001071,
				"seconds":	0.99998897314071655,
				"bytes":	84672512,
				"bits_per_second":	677387565.45736468,
				"retransmits":	1581,
				"omitted":	false,
				"sender":	true
			}
		}, {
			"streams":	[{
					"socket":	7,
					"start":	104.001071,
					"end":	105.001071,
					"seconds":	1,
					"bytes":	51773440,
					"bits_per_second":	414187520,
					"retransmits":	585,
					"snd_cwnd":	11126432,
					"snd_wnd":	111513600,
					"rtt":	125762,
					"rttvar":	171,
					"pmtu":	1500,
					"omitted":	false,
					"sender":	true
				}],
			"sum":	{
				"start":	104.001071,
				"end":	105.001071,
				"seconds":	1,
				"bytes":	51773440,
				"bits_per_second":	414187520,
				"retransmits":	585,
				"omitted":	false,
				"sender":	true
			}
		}, {
			"streams":	[{
					"socket":	7,
					"start":	105.001071,
					"end":	106.00108,
					"seconds":	1.0000089406967163,
					"bytes":	88080384,
					"bits_per_second":	704636772.056326,
					"retransmits":	3851,
					"snd_cwnd":	11126432,
					"snd_wnd":	103284736,
					"rtt":	126090,
					"rttvar":	515,
					"pmtu":	1500,
					"omitted":	false,
					"sender":	true
				}],
			"sum":	{
				"start":	105.001071,
				"end":	106.00108,
				"seconds":	1.0000089406967163,
				"bytes":	88080384,
				"bits_per_second":	704636772.056326,
				"retransmits":	3851,
				"omitted":	false,
				"sender":	true
			}
		}, {
			"streams":	[{
					"socket":	7,
					"start":	106.00108,
					"end":	107.001064,
					"seconds":	0.9999840259552002,
					"bytes":	69468160,
					"bits_per_second":	555754157.641812,
					"retransmits":	3412,
					"snd_cwnd":	10689136,
					"snd_wnd":	106315776,
					"rtt":	126172,
					"rttvar":	149,
					"pmtu":	1500,
					"omitted":	false,
					"sender":	true
				}],
			"sum":	{
				"start":	106.00108,
				"end":	107.001064,
				"seconds":	0.9999840259552002,
				"bytes":	69468160,
				"bits_per_second":	555754157.641812,
				"retransmits":	3412,
				"omitted":	false,
				"sender":	true
			}
		}, {
			"streams":	[{
					"socket":	7,
					"start":	107.001064,
					"end":	108.001083,
					"seconds":	1.0000189542770386,
					"bytes":	85721088,
					"bits_per_second":	685755705.99636781,
					"retransmits":	2968,
					"snd_cwnd":	10668864,
					"snd_wnd":	105156608,
					"rtt":	126536,
					"rttvar":	126,
					"pmtu":	1500,
					"omitted":	false,
					"sender":	true
				}],
			"sum":	{
				"start":	107.001064,
				"end":	108.001083,
				"seconds":	1.0000189542770386,
				"bytes":	85721088,
				"bits_per_second":	685755705.99636781,
				"retransmits":	2968,
				"omitted":	false,
				"sender":	true
			}
		}, {
			"streams":	[{
					"socket":	7,
					"start":	108.001083,
					"end":	109.001067,
					"seconds":	0.9999840259552002,
					"bytes":	55443456,
					"bits_per_second":	443554733.36318189,
					"retransmits":	2630,
					"snd_cwnd":	11224896,
					"snd_wnd":	105631744,
					"rtt":	126640,
					"rttvar":	167,
					"pmtu":	1500,
					"omitted":	false,
					"sender":	true
				}],
			"sum":	{
				"start":	108.001083,
				"end":	109.001067,
				"seconds":	0.9999840259552002,
				"bytes":	55443456,
				"bits_per_second":	443554733.36318189,
				"retransmits":	2630,
				"omitted":	false,
				"sender":	true
			}
		}, {
			"streams":	[{
					"socket":	7,
					"start":	109.001067,
					"end":	110.001067,
					"seconds":	1,
					"bytes":	87425024,
					"bits_per_second":	699400192,
					"retransmits":	3145,
					"snd_cwnd":	11462368,
					"snd_wnd":	105713664,
					"rtt":	126721,
					"rttvar":	272,
					"pmtu":	1500,
					"omitted":	false,
					"sender":	true
				}],
			"sum":	{
				"start":	109.001067,
				"end":	110.001067,
				"seconds":	1,
				"bytes":	87425024,
				"bits_per_second":	699400192,
				"retransmits":	3145,
				"omitted":	false,
				"sender":	true
			}
		}, {
			"streams":	[{
					"socket":	7,
					"start":	110.001067,
					"end":	111.000091,
					"seconds":	0.999023973941803,
					"bytes":	86245376,
					"bits_per_second":	690637087.79444468,
					"retransmits":	4329,
					"snd_cwnd":	11097472,
					"snd_wnd":	107737088,
					"rtt":	126280,
					"rttvar":	385,
					"pmtu":	1500,
					"omitted":	false,
					"sender":	true
				}],
			"sum":	{
				"start":	110.001067,
				"end":	111.000091,
				"seconds":	0.999023973941803,
				"bytes":	86245376,
				"bits_per_second":	690637087.79444468,
				"retransmits":	4329,
				"omitted":	false,
				"sender":	true
			}
		}, {
			"streams":	[{
					"socket":	7,
					"start":	111.000091,
					"end":	112.000386,
					"seconds":	1.0002950429916382,
					"bytes":	53608448,
					"bits_per_second":	428741086.947069,
					"retransmits":	5200,
					"snd_cwnd":	10469040,
					"snd_wnd":	105148416,
					"rtt":	125457,
					"rttvar":	320,
					"pmtu":	1500,
					"omitted":	false,
					"sender":	true
				}],
			"sum":	{
				"start":	111.000091,
				"end":	112.000386,
				"seconds":	1.0002950429916382,
				"bytes":	53608448,
				"bits_per_second":	428741086.947069,
				"retransmits":	5200,
				"omitted":	false,
				"sender":	true
			}
		}, {
			"streams":	[{
					"socket":	7,
					"start":	112.000386,
					"end":	113.001046,
					"seconds":	1.0006599426269531,
					"bytes":	77594624,
					"bits_per_second":	620347598.17643535,
					"retransmits":	3684,
					"snd_cwnd":	10312656,
					"snd_wnd":	97947648,
					"rtt":	126652,
					"rttvar":	223,
					"pmtu":	1500,
					"omitted":	false,
					"sender":	true
				}],
			"sum":	{
				"start":	112.000386,
				"end":	113.001046,
				"seconds":	1.0006599426269531,
				"bytes":	77594624,
				"bits_per_second":	620347598.17643535,
				"retransmits":	3684,
				"omitted":	false,
				"sender":	true
			}
		}, {
			"streams":	[{
					"socket":	7,
					"start":	113.001046,
					"end":	114.000563,
					"seconds":	0.999517023563385,
					"bytes":	61603840,
					"bits_per_second":	493068860.64131838,
					"retransmits":	3237,
					"snd_cwnd":	5792,
					"snd_wnd":	105209856,
					"rtt":	126291,
					"rttvar":	255,
					"pmtu":	1500,
					"omitted":	false,
					"sender":	true
				}],
			"sum":	{
				"start":	113.001046,
				"end":	114.000563,
				"seconds":	0.999517023563385,
				"bytes":	61603840,
				"bits_per_second":	493068860.64131838,
				"retransmits":	3237,
				"omitted":	false,
				"sender":	true
			}
		}, {
			"streams":	[{
					"socket":	7,
					"start":	114.000563,
					"end":	115.000338,
					"seconds":	0.999774992465973,
					"bytes":	77856768,
					"bits_per_second":	622994322.4161998,
					"retransmits":	106,
					"snd_cwnd":	9750832,
					"snd_wnd":	111452160,
					"rtt":	134423,
					"rttvar":	1494,
					"pmtu":	1500,
					"omitted":	false,
					"sender":	true
				}],
			"sum":	{
				"start":	114.000563,
				"end":	115.000338,
				"seconds":	0.999774992465973,
				"bytes":	77856768,
				"bits_per_second":	622994322.4161998,
				"retransmits":	106,
				"omitted":	false,
				"sender":	true
			}
		}, {
			"streams":	[{
					"socket":	7,
					"start":	115.000338,
					"end":	116.000545,
					"seconds":	1.00020694732666,
					"bytes":	58851328,
					"bits_per_second":	470713211.159327,
					"retransmits":	3679,
					"snd_cwnd":	8535960,
					"snd_wnd":	111513600,
					"rtt":	126818,
					"rttvar":	114,
					"pmtu":	1500,
					"omitted":	false,
					"sender":	true
				}],
			"sum":	{
				"start":	115.000338,
				"end":	116.000545,
				"seconds":	1.00020694732666,
				"bytes":	58851328,
				"bits_per_second":	470713211.159327,
				"retransmits":	3679,
				"omitted":	false,
				"sender":	true
			}
		}, {
			"streams":	[{
					"socket":	7,
					"start":	116.000545,
					"end":	117.000349,
					"seconds":	0.99980401992797852,
					"bytes":	52035584,
					"bits_per_second":	416366271.49187428,
					"retransmits":	4018,
					"snd_cwnd":	9122400,
					"snd_wnd":	105099264,
					"rtt":	126260,
					"rttvar":	274,
					"pmtu":	1500,
					"omitted":	false,
					"sender":	true
				}],
			"sum":	{
				"start":	116.000545,
				"end":	117.000349,
				"seconds":	0.99980401992797852,
				"bytes":	52035584,
				"bits_per_second":	416366271.49187428,
				"retransmits":	4018,
				"omitted":	false,
				"sender":	true
			}
		}, {
			"streams":	[{
					"socket":	7,
					"start":	117.000349,
					"end":	118.000235,
					"seconds":	0.99988597631454468,
					"bytes":	55967744,
					"bits_per_second":	447793011.00943643,
					"retransmits":	3717,
					"snd_cwnd":	8145000,
					"snd_wnd":	111513600,
					"rtt":	126503,
					"rttvar":	379,
					"pmtu":	1500,
					"omitted":	false,
					"sender":	true
				}],
			"sum":	{
				"start":	117.000349,
				"end":	118.000235,
				"seconds":	0.99988597631454468,
				"bytes":	55967744,
				"bits_per_second":	447793011.00943643,
				"retransmits":	3717,
				"omitted":	false,
				"sender":	true
			}
		}, {
			"streams":	[{
					"socket":	7,
					"start":	118.000235,
					"end":	119.000358,
					"seconds":	1.0001230239868164,
					"bytes":	53739520,
					"bits_per_second":	429863276.50593829,
					"retransmits":	3264,
					"snd_cwnd":	8476592,
					"snd_wnd":	105037824,
					"rtt":	126771,
					"rttvar":	183,
					"pmtu":	1500,
					"omitted":	false,
					"sender":	true
				}],
			"sum":	{
				"start":	118.000235,
				"end":	119.000358,
				"seconds":	1.0001230239868164,
				"bytes":	53739520,
				"bits_per_second":	429863276.50593829,
				"retransmits":	3264,
				"omitted":	false,
				"sender":	true
			}
		}, {
			"streams":	[{
					"socket":	7,
					"start":	119.000358,
					"end":	120.000727,
					"seconds":	1.00036895275116,
					"bytes":	83492864,
					"bits_per_second":	667696563.515951,
					"retransmits":	2889,
					"snd_cwnd":	8149344,
					"snd_wnd":	106676224,
					"rtt":	126370,
					"rttvar":	398,
					"pmtu":	1500,
					"omitted":	false,
					"sender":	true
				}],
			"sum":	{
				"start":	119.000358,
				"end":	120.000727,
				"seconds":	1.00036895275116,
				"bytes":	83492864,
				"bits_per_second":	667696563.515951,
				"retransmits":	2889,
				"omitted":	false,
				"sender":	true
			}
		}],
	"end":	{
		"streams":	[{
				"sender":	{
					"socket":	7,
					"start":	0,
					"end":	120.000727,
					"seconds":	120.000727,
					"bytes":	6719275008,
					"bits_per_second":	447948953.37592411,
					"retransmits":	235659,
					"max_snd_cwnd":	11462368,
					"max_snd_wnd":	111513600,
					"max_rtt":	140254,
					"min_rtt":	60796,
					"mean_rtt":	123216,
					"sender":	true
				},
				"receiver":	{
					"socket":	7,
					"start":	0,
					"end":	120.124741,
					"seconds":	120.000727,
					"bytes":	6649282560,
					"bits_per_second":	442825183.53150916,
					"sender":	true
				}
			}],
		"sum_sent":	{
			"start":	0,
			"end":	120.000727,
			"seconds":	120.000727,
			"bytes":	6719275008,
			"bits_per_second":	447948953.37592411,
			"retransmits":	235659,
			"sender":	true
		},
		"sum_received":	{
			"start":	0,
			"end":	120.124741,
			"seconds":	120.124741,
			"bytes":	6649282560,
			"bits_per_second":	442825183.53150916,
			"sender":	true
		},
		"cpu_utilization_percent":	{
			"host_total":	1.3742028078553516,
			"host_user":	0.013386793245734965,
			"host_system":	1.3608160146096167,
			"remote_total":	3.4119073839998015,
			"remote_user":	0.03364501675270596,
			"remote_system":	3.37826319971485
		},
		"sender_tcp_congestion":	"bbr",
		"receiver_tcp_congestion":	"cubic"
	}
}
