{
	"start":	{
		"connected":	[{
				"socket":	7,
				"local_host":	"172.16.0.15",
				"local_port":	58212,
				"remote_host":	"172.17.0.15",
				"remote_port":	5201
			}],
		"version":	"iperf 3.16",
		"system_info":	"Linux h1 6.8.0-63-generic #66-Ubuntu SMP PREEMPT_DYNAMIC Fri Jun 13 20:25:30 UTC 2025 x86_64",
		"timestamp":	{
			"time":	"Fri, 30 Jan 2026 05:09:52 GMT",
			"timesecs":	1769749792
		},
		"connecting_to":	{
			"host":	"172.17.0.15",
			"port":	5201
		},
		"cookie":	"w2fpj6nyw7q2wop34lstqg3geju6aiqduoq7",
		"tcp_mss_default":	1448,
		"target_bitrate":	0,
		"fq_rate":	0,
		"sock_bufsize":	0,
		"sndbuf_actual":	1000000,
		"rcvbuf_actual":	1000000,
		"test_start":	{
			"protocol":	"TCP",
			"num_streams":	1,
			"blksize":	131072,
			"omit":	0,
			"duration":	120,
			"bytes":	0,
			"blocks":	0,
			"reverse":	0,
			"tos":	0,
			"target_bitrate":	0,
			"bidir":	0,
			"fqrate":	0
		}
	},
	"intervals":	[{
			"streams":	[{
					"socket":	7,
					"start":	0,
					"end":	1.001041,
					"seconds":	1.001041054725647,
					"bytes":	123731968,
					"bits_per_second":	988826321.68496573,
					"retransmits":	2278,
					"snd_cwnd":	11126432,
					"snd_wnd":	31744000,
					"rtt":	124309,
					"rttvar":	176,
					"pmtu":	1500,
					"omitted":	false,
					"sender":	true
				}],
			"sum":	{
				"start":	0,
				"end":	1.001041,
				"seconds":	1.001041054725647,
				"bytes":	123731968,
				"bits_per_second":	988826321.68496573,
				"retransmits":	2278,
				"omitted":	false,
				"sender":	true
			}
		}, {
			"streams":	[{
					"socket":	7,
					"start":	1.001041,
					"end":	2.001036,
					"seconds":	0.999994993209839,
					"bytes":	36700160,
					"bits_per_second":	293602750.00736,
					"retransmits":	5591,
					"snd_cwnd":	8766192,
					"snd_wnd":	110075904,
					"rtt":	126663,
					"rttvar":	164,
					"pmtu":	1500,
					"omitted":	false,
					"sender":	true
				}],
			"sum":	{
				"start":	1.001041,
				"end":	2.001036,
				"seconds":	0.999994993209839,
				"bytes":	36700160,
				"bits_per_second":	293602750.00736,
				"retransmits":	5591,
				"omitted":	false,
				"sender":	true
			}
		}, {
			"streams":	[{
					"socket":	7,
					"start":	2.001036,
					"end":	3.000133,
					"seconds":	0.99909698963165283,
					"bytes":	47710208,
					"bits_per_second":	382026638.01511246,
					"retransmits":	5495,
					"snd_cwnd":	8659040,
					"snd_wnd":	108019712,
					"rtt":	126636,
					"rttvar":	150,
					"pmtu":	1500,
					"omitted":	false,
					"sender":	true
				}],
			"sum":	{
				"start":	2.001036,
				"end":	3.000133,
				"seconds":	0.99909698963165283,
				"bytes":	47710208,
				"bits_per_second":	382026638.01511246,
				"retransmits":	5495,
				"omitted":	false,
				"sender":	true
			}
		}, {
			"streams":	[{
					"socket":	7,
					"start":	3.000133,
					"end":	4.000507,
					"seconds":	1.0003739595413208,
					"bytes":	81657856,
					"bits_per_second":	653018645.44687474,
					"retransmits":	3642,
					"snd_cwnd":	9215072,
					"snd_wnd":	108388352,
					"rtt":	126831,
					"rttvar":	276,
					"pmtu":	1500,
					"omitted":	false,
					"sender":	true
				}],
			"sum":	{
				"start":	3.000133,
				"end":	4.000507,
				"seconds":	1.0003739595413208,
				"bytes":	81657856,
				"bits_per_second":	653018645.44687474,
				"retransmits":	3642,
				"omitted":	false,
				"sender":	true
			}
		}, {
			"streams":	[{
					"socket":	7,
					"start":	4.000507,
					"end":	5.001052,
					"seconds":	1.0005450248718262,
					"bytes":	36175872,
					"bits_per_second":	289249327.92212343,
					"retransmits":	5506,
					"snd_cwnd":	8601120,
					"snd_wnd":	114597888,
					"rtt":	126669,
					"rttvar":	100,
					"pmtu":	1500,
					"omitted":	false,
					"sender":	true
				}],
			"sum":	{
				"start":	4.000507,
				"end":	5.001052,
				"seconds":	1.0005450248718262,
				"bytes":	36175872,
				"bits_per_second":	289249327.92212343,
				"retransmits":	5506,
				"omitted":	false,
				"sender":	true
			}
		}, {
			"streams":	[{
					"socket":	7,
					"start":	5.001052,
					"end":	6.001064,
					"seconds":	1.0000120401382446,
					"bytes":	38010880,
					"bits_per_second":	304083378.79408145,
					"retransmits":	3584,
					"snd_cwnd":	7607792,
					"snd_wnd":	111120384,
					"rtt":	126466,
					"rttvar":	411,
					"pmtu":	1500,
					"omitted":	false,
					"sender":	true
				}],
			"sum":	{
				"start":	5.001052,
				"end":	6.001064,
				"seconds":	1.0000120401382446,
				"bytes":	38010880,
				"bits_per_second":	304083378.79408145,
				"retransmits":	3584,
				"omitted":	false,
				"sender":	true
			}
		}, {
			"streams":	[{
					"socket":	7,
					"start":	6.001064,
					"end":	7.001041,
					"seconds":	0.9999769926071167,
					"bytes":	72482816,
					"bits_per_second":	579875869.43195152,
					"retransmits":	2214,
					"snd_cwnd":	6995288,
					"snd_wnd":	116035584,
					"rtt":	126755,
					"rttvar":	136,
					"pmtu":	1500,
					"omitted":	false,
					"sender":	true
				}],
			"sum":	{
				"start":	6.001064,
				"end":	7.001041,
				"seconds":	0.9999769926071167,
				"bytes":	72482816,
				"bits_per_second":	579875869.43195152,
				"retransmits":	2214,
				"omitted":	false,
				"sender":	true
			}
		}, {
			"streams":	[{
					"socket":	7,
					"start":	7.001041,
					"end":	8.001052,
					"seconds":	1.0000109672546387,
					"bytes":	36306944,
					"bits_per_second":	290452366.53493583,
					"retransmits":	2246,
					"snd_cwnd":	8592432,
					"snd_wnd":	110845952,
					"rtt":	143988,
					"rttvar":	763,
					"pmtu":	1500,
					"omitted":	false,
					"sender":	true
				}],
			"sum":	{
				"start":	7.001041,
				"end":	8.001052,
				"seconds":	1.0000109672546387,
				"bytes":	36306944,
				"bits_per_second":	290452366.53493583,
				"retransmits":	2246,
				"omitted":	false,
				"sender":	true
			}
		}, {
			"streams":	[{
					"socket":	7,
					"start":	8.001052,
					"end":	9.001048,
					"seconds":	0.9999960064888,
					"bytes":	45481984,
					"bits_per_second":	363857325.06830287,
					"retransmits":	2721,
					"snd_cwnd":	8326000,
					"snd_wnd":	108187648,
					"rtt":	126179,
					"rttvar":	180,
					"pmtu":	1500,
					"omitted":	false,
					"sender":	true
				}],
			"sum":	{
				"start":	8.001052,
				"end":	9.001048,
				"seconds":	0.9999960064888,
				"bytes":	45481984,
				"bits_per_second":	363857325.06830287,
				"retransmits":	2721,
				"omitted":	false,
				"sender":	true
			}
		}, {
			"streams":	[{
					"socket":	7,
					"start":	9.001048,
					"end":	10.001047,
					"seconds":	0.99999898672103882,
					"bytes":	78643200,
					"bits_per_second":	629146237.500646,
					"retransmits":	2249,
					"snd_cwnd":	8279664,
					"snd_wnd":	111194112,
					"rtt":	126511,
					"rttvar":	266,
					"pmtu":	1500,
					"omitted":	false,
					"sender":	true
				}],
			"sum":	{
				"start":	9.001048,
				"end":	10.001047,
				"seconds":	0.99999898672103882,
				"bytes":	78643200,
				"bits_per_second":	629146237.500646,
				"retransmits":	2249,
				"omitted":	false,
				"sender":	true
			}
		}, {
			"streams":	[{
					"socket":	7,
					"start":	10.001047,
					"end":	11.001095,
					"seconds":	1.000048041343689,
					"bytes":	36175872,
					"bits_per_second":	289393073.16791075,
					"retransmits":	865,
					"snd_cwnd":	7807616,
					"snd_wnd":	116039680,
					"rtt":	72306,
					"rttvar":	891,
					"pmtu":	1500,
					"omitted":	false,
					"sender":	true
				}],
			"sum":	{
				"start":	10.001047,
				"end":	11.001095,
				"seconds":	1.000048041343689,
				"bytes":	36175872,
				"bits_per_second":	289393073.16791075,
				"retransmits":	865,
				"omitted":	false,
				"sender":	true
			}
		}, {
			"streams":	[{
					"socket":	7,
					"start":	11.001095,
					"end":	12.001041,
					"seconds":	0.9999459981918335,
					"bytes":	72744960,
					"bits_per_second":	581991108.5721997,
					"retransmits":	1894,
					"snd_cwnd":	7021352,
					"snd_wnd":	116011008,
					"rtt":	126729,
					"rttvar":	186,
					"pmtu":	1500,
					"omitted":	false,
					"sender":	true
				}],
			"sum":	{
				"start":	11.001095,
				"end":	12.001041,
				"seconds":	0.9999459981918335,
				"bytes":	72744960,
				"bits_per_second":	581991108.5721997,
				"retransmits":	1894,
				"omitted":	false,
				"sender":	true
			}
		}, {
			"streams":	[{
					"socket":	7,
					"start":	12.001041,
					"end":	13.001055,
					"seconds":	1.0000139474868774,
					"bytes":	36438016,
					"bits_per_second":	291500062.30670619,
					"retransmits":	2413,
					"snd_cwnd":	8085632,
					"snd_wnd":	111292416,
					"rtt":	126215,
					"rttvar":	363,
					"pmtu":	1500,
					"omitted":	false,
					"sender":	true
				}],
			"sum":	{
				"start":	12.001041,
				"end":	13.001055,
				"seconds":	1.0000139474868774,
				"bytes":	36438016,
				"bits_per_second":	291500062.30670619,
				"retransmits":	2413,
				"omitted":	false,
				"sender":	true
			}
		}, {
			"streams":	[{
					"socket":	7,
					"start":	13.001055,
					"end":	14.00105,
					"seconds":	0.999994993209839,
					"bytes":	74186752,
					"bits_per_second":	593496987.5148778,
					"retransmits":	2810,
					"snd_cwnd":	9548112,
					"snd_wnd":	112652288,
					"rtt":	126510,
					"rttvar":	143,
					"pmtu":	1500,
					"omitted":	false,
					"sender":	true
				}],
			"sum":	{
				"start":	13.001055,
				"end":	14.00105,
				"seconds":	0.999994993209839,
				"bytes":	74186752,
				"bits_per_second":	593496987.5148778,
				"retransmits":	2810,
				"omitted":	false,
				"sender":	true
			}
		}, {
			"streams":	[{
					"socket":	7,
					"start":	14.00105,
					"end":	15.001058,
					"seconds":	1.0000079870224,
					"bytes":	36306944,
					"bits_per_second":	290453232.14352876,
					"retransmits":	2560,
					"snd_cwnd":	9345392,
					"snd_wnd":	111869952,
					"rtt":	126493,
					"rttvar":	90,
					"pmtu":	1500,
					"omitted":	false,
					"sender":	true
				}],
			"sum":	{
				"start":	14.00105,
				"end":	15.001058,
				"seconds":	1.0000079870224,
				"bytes":	36306944,
				"bits_per_second":	290453232.14352876,
				"retransmits":	2560,
				"omitted":	false,
				"sender":	true
			}
		}, {
			"streams":	[{
					"socket":	7,
					"start":	15.001058,
					"end":	16.001049,
					"seconds":	0.999990999698639,
					"bytes":	81264640,
					"bits_per_second":	650122971.30266345,
					"retransmits":	2650,
					"snd_cwnd":	9076064,
					"snd_wnd":	112111616,
					"rtt":	126605,
					"rttvar":	134,
					"pmtu":	1500,
					"omitted":	false,
					"sender":	true
				}],
			"sum":	{
				"start":	15.001058,
				"end":	16.001049,
				"seconds":	0.999990999698639,
				"bytes":	81264640,
				"bits_per_second":	650122971.30266345,
				"retransmits":	2650,
				"omitted":	false,
				"sender":	true
			}
		}, {
			"streams":	[{
					"socket":	7,
					"start":	16.001049,
					"end":	17.001051,
					"seconds":	1.0000020265579224,
					"bytes":	75104256,
					"bits_per_second":	600832830.37746763,
					"retransmits":	2553,
					"snd_cwnd":	9400416,
					"snd_wnd":	110731264,
					"rtt":	126609,
					"rttvar":	125,
					"pmtu":	1500,
					"omitted":	false,
					"sender":	true
				}],
			"sum":	{
				"start":	16.001049,
				"end":	17.001051,
				"seconds":	1.0000020265579224,
				"bytes":	75104256,
				"bits_per_second":	600832830.37746763,
				"retransmits":	2553,
				"omitted":	false,
				"sender":	true
			}
		}, {
			"streams":	[{
					"socket":	7,
					"start":	17.001051,
					"end":	18.00105,
					"seconds":	0.99999898672103882,
					"bytes":	36700160,
					"bits_per_second":	293601577.50030148,
					"retransmits":	2119,
					"snd_cwnd":	11155392,
					"snd_wnd":	115769344,
					"rtt":	140452,
					"rttvar":	529,
					"pmtu":	1500,
					"omitted":	false,
					"sender":	true
				}],
			"sum":	{
				"start":	17.001051,
				"end":	18.00105,
				"seconds":	0.99999898672103882,
				"bytes":	36700160,
				"bits_per_second":	293601577.50030148,
				"retransmits":	2119,
				"omitted":	false,
				"sender":	true
			}
		}, {
			"streams":	[{
					"socket":	7,
					"start":	18.00105,
					"end":	19.001081,
					"seconds":	1.0000309944152832,
					"bytes":	76414976,
					"bits_per_second":	611300861.08724844,
					"retransmits":	2627,
					"snd_cwnd":	11077200,
					"snd_wnd":	133894144,
					"rtt":	125129,
					"rttvar":	228,
					"pmtu":	1500,
					"omitted":	false,
					"sender":	true
				}],
			"sum":	{
				"start":	18.00105,
				"end":	19.001081,
				"seconds":	1.0000309944152832,
				"bytes":	76414976,
				"bits_per_second":	611300861.08724844,
				"retransmits":	2627,
				"omitted":	false,
				"sender":	true
			}
		}, {
			"streams":	[{
					"socket":	7,
					"start":	19.001081,
					"end":	20.001086,
					"seconds":	1.0000050067901611,
					"bytes":	76808192,
					"bits_per_second":	614462459.51540327,
					"retransmits":	2589,
					"snd_cwnd":	12429632,
					"snd_wnd":	136118272,
					"rtt":	125201,
					"rttvar":	562,
					"pmtu":	1500,
					"omitted":	false,
					"sender":	true
				}],
			"sum":	{
				"start":	19.001081,
				"end":	20.001086,
				"seconds":	1.0000050067901611,
				"bytes":	76808192,
				"bits_per_second":	614462459.51540327,
				"retransmits":	2589,
				"omitted":	false,
				"sender":	true
			}
		}, {
			"streams":	[{
					"socket":	7,
					"start":	20.001086,
					"end":	21.001059,
					"seconds":	0.99997299909591675,
					"bytes":	74711040,
					"bits_per_second":	597704458.56075573,
					"retransmits":	2704,
					"snd_cwnd":	5792,
					"snd_wnd":	141410304,
					"rtt":	60929,
					"rttvar":	198,
					"pmtu":	1500,
					"omitted":	false,
					"sender":	true
				}],
			"sum":	{
				"start":	20.001086,
				"end":	21.001059,
				"seconds":	0.99997299909591675,
				"bytes":	74711040,
				"bits_per_second":	597704458.56075573,
				"retransmits":	2704,
				"omitted":	false,
				"sender":	true
			}
		}, {
			"streams":	[{
					"socket":	7,
					"start":	21.001059,
					"end":	22.001071,
					"seconds":	1.0000120401382446,
					"bytes":	73400320,
					"bits_per_second":	587195490.0851227,
					"retransmits":	1715,
					"snd_cwnd":	8398400,
					"snd_wnd":	141410304,
					"rtt":	127074,
					"rttvar":	92,
					"pmtu":	1500,
					"omitted":	false,
					"sender":	true
				}],
			"sum":	{
				"start":	21.001059,
				"end":	22.001071,
				"seconds":	1.0000120401382446,
				"bytes":	73400320,
				"bits_per_second":	587195490.0851227,
				"retransmits":	1715,
				"omitted":	false,
				"sender":	true
			}
		}, {
			"streams":	[{
					"socket":	7,
					"start":	22.001071,
					"end":	23.001064,
					"seconds":	0.99999302625656128,
					"bytes":	74973184,
					"bits_per_second":	599789654.77916968,
					"retransmits":	4127,
					"snd_cwnd":	11589792,
					"snd_wnd":	134586368,
					"rtt":	126366,
					"rttvar":	380,
					"pmtu":	1500,
					"omitted":	false,
					"sender":	true
				}],
			"sum":	{
				"start":	22.001071,
				"end":	23.001064,
				"seconds":	0.99999302625656128,
				"bytes":	74973184,
				"bits_per_second":	599789654.77916968,
				"retransmits":	4127,
				"omitted":	false,
				"sender":	true
			}
		}, {
			"streams":	[{
					"socket":	7,
					"start":	23.001064,
					"end":	24.00107,
					"seconds":	1.0000059604644775,
					"bytes":	42991616,
					"bits_per_second":	343930878.01221889,
					"retransmits":	4933,
					"snd_cwnd":	12574432,
					"snd_wnd":	131670016,
					"rtt":	126591,
					"rttvar":	395,
					"pmtu":	1500,
					"omitted":	false,
					"sender":	true
				}],
			"sum":	{
				"start":	23.001064,
				"end":	24.00107,
				"seconds":	1.0000059604644775,
				"bytes":	42991616,
				"bits_per_second":	343930878.01221889,
				"retransmits":	4933,
				"omitted":	false,
				"sender":	true
			}
		}, {
			"streams":	[{
					"socket":	7,
					"start":	24.00107,
					"end":	25.00107,
					"seconds":	1,
					"bytes":	92405760,
					"bits_per_second":	739246080,
					"retransmits":	3843,
					"snd_cwnd":	11864912,
					"snd_wnd":	132661248,
					"rtt":	126635,
					"rttvar":	434,
					"pmtu":	1500,
					"omitted":	false,
					"sender":	true
				}],
			"sum":	{
				"start":	24.00107,
				"end":	25.00107,
				"seconds":	1,
				"bytes":	92405760,
				"bits_per_second":	739246080,
				"retransmits":	3843,
				"omitted":	false,
				"sender":	true
			}
		}, {
			"streams":	[{
					"socket":	7,
					"start":	25.00107,
					"end":	26.001069,
					"seconds":	0.99999898672103882,
					"bytes":	90570752,
					"bits_per_second":	724566750.188244,
					"retransmits":	4289,
					"snd_cwnd":	11769344,
					"snd_wnd":	134782976,
					"rtt":	126078,
					"rttvar":	192,
					"pmtu":	1500,
					"omitted":	false,
					"sender":	true
				}],
			"sum":	{
				"start":	25.00107,
				"end":	26.001069,
				"seconds":	0.99999898672103882,
				"bytes":	90570752,
				"bits_per_second":	724566750.188244,
				"retransmits":	4289,
				"omitted":	false,
				"sender":	true
			}
		}, {
			"streams":	[{
					"socket":	7,
					"start":	26.001069,
					"end":	27.001075,
					"seconds":	1.0000059604644775,
					"bytes":	77725696,
					"bits_per_second":	621801861.77209079,
					"retransmits":	2880,
					"snd_cwnd":	13194176,
					"snd_wnd":	131747840,
					"rtt":	126597,
					"rttvar":	91,
					"pmtu":	1500,
					"omitted":	false,
					"sender":	true
				}],
			"sum":	{
				"start":	26.001069,
				"end":	27.001075,
				"seconds":	1.0000059604644775,
				"bytes":	77725696,
				"bits_per_second":	621801861.77209079,
				"retransmits":	2880,
				"omitted":	false,
				"sender":	true
			}
		}, {
			"streams":	[{
					"socket":	7,
					"start":	27.001075,
					"end":	28.001124,
					"seconds":	1.0000489950180054,
					"bytes":	74055680,
					"bits_per_second":	592416414.54710257,
					"retransmits":	3981,
					"snd_cwnd":	12635248,
					"snd_wnd":	134832128,
					"rtt":	125908,
					"rttvar":	307,
					"pmtu":	1500,
					"omitted":	false,
					"sender":	true
				}],
			"sum":	{
				"start":	27.001075,
				"end":	28.001124,
				"seconds":	1.0000489950180054,
				"bytes":	74055680,
				"bits_per_second":	592416414.54710257,
				"retransmits":	3981,
				"omitted":	false,
				"sender":	true
			}
		}, {
			"streams":	[{
					"socket":	7,
					"start":	28.001124,
					"end":	29.001067,
					"seconds":	0.99994301795959473,
					"bytes":	77725696,
					"bits_per_second":	621841001.76908851,
					"retransmits":	3687,
					"snd_cwnd":	12403568,
					"snd_wnd":	134184960,
					"rtt":	126574,
					"rttvar":	92,
					"pmtu":	1500,
					"omitted":	false,
					"sender":	true
				}],
			"sum":	{
				"start":	28.001124,
				"end":	29.001067,
				"seconds":	0.99994301795959473,
				"bytes":	77725696,
				"bits_per_second":	621841001.76908851,
				"retransmits":	3687,
				"omitted":	false,
				"sender":	true
			}
		}, {
			"streams":	[{
					"socket":	7,
					"start":	29.001067,
					"end":	30.001079,
					"seconds":	1.0000120401382446,
					"bytes":	120979456,
					"bits_per_second":	967823995.26530051,
					"retransmits":	2988,
					"snd_cwnd":	12215328,
					"snd_wnd":	136904704,
					"rtt":	126612,
					"rttvar":	149,
					"pmtu":	1500,
					"omitted":	false,
					"sender":	true
				}],
			"sum":	{
				"start":	29.001067,
				"end":	30.001079,
				"seconds":	1.0000120401382446,
				"bytes":	120979456,
				"bits_per_second":	967823995.26530051,
				"retransmits":	2988,
				"omitted":	false,
				"sender":	true
			}
		}, {
			"streams":	[{
					"socket":	7,
					"start":	30.001079,
					"end":	31.00105,
					"seconds":	0.99997097253799438,
					"bytes":	78118912,
					"bits_per_second":	624969437.27659523,
					"retransmits":	3063,
					"snd_cwnd":	11922832,
					"snd_wnd":	133554176,
					"rtt":	126608,
					"rttvar":	69,
					"pmtu":	1500,
					"omitted":	false,
					"sender":	true
				}],
			"sum":	{
				"start":	30.001079,
				"end":	31.00105,
				"seconds":	0.99997097253799438,
				"bytes":	78118912,
				"bits_per_second":	624969437.27659523,
				"retransmits":	3063,
				"omitted":	false,
				"sender":	true
			}
		}, {
			"streams":	[{
					"socket":	7,
					"start":	31.00105,
					"end":	32.001084,
					"seconds":	1.000033974647522,
					"bytes":	73662464,
					"bits_per_second":	589279691.43019176,
					"retransmits":	0,
					"snd_cwnd":	12368816,
					"snd_wnd":	141410304,
					"rtt":	118000,
					"rttvar":	567,
					"pmtu":	1500,
					"omitted":	false,
					"sender":	true
				}],
			"sum":	{
				"start":	31.00105,
				"end":	32.001084,
				"seconds":	1.000033974647522,
				"bytes":	73662464,
				"bits_per_second":	589279691.43019176,
				"retransmits":	0,
				"omitted":	false,
				"sender":	true
			}
		}, {
			"streams":	[{
					"socket":	7,
					"start":	32.001084,
					"end":	33.001068,
					"seconds":	0.9999840259552002,
					"bytes":	83886080,
					"bits_per_second":	671099360.1712445,
					"retransmits":	3861,
					"snd_cwnd":	10852760,
					"snd_wnd":	139657216,
					"rtt":	126215,
					"rttvar":	436,
					"pmtu":	1500,
					"omitted":	false,
					"sender":	true
				}],
			"sum":	{
				"start":	32.001084,
				"end":	33.001068,
				"seconds":	0.9999840259552002,
				"bytes":	83886080,
				"bits_per_second":	671099360.1712445,
				"retransmits":	3861,
				"omitted":	false,
				"sender":	true
			}
		}, {
			"streams":	[{
					"socket":	7,
					"start":	33.001068,
					"end":	34.001052,
					"seconds":	0.9999840259552002,
					"bytes":	59113472,
					"bits_per_second":	472915330.37067384,
					"retransmits":	4114,
					"snd_cwnd":	11592688,
					"snd_wnd":	133496832,
					"rtt":	126165,
					"rttvar":	326,
					"pmtu":	1500,
					"omitted":	false,
					"sender":	true
				}],
			"sum":	{
				"start":	33.001068,
				"end":	34.001052,
				"seconds":	0.9999840259552002,
				"bytes":	59113472,
				"bits_per_second":	472915330.37067384,
				"retransmits":	4114,
				"omitted":	false,
				"sender":	true
			}
		}, {
			"streams":	[{
					"socket":	7,
					"start":	34.001052,
					"end":	35.001059,
					"seconds":	1.0000070333480835,
					"bytes":	83623936,
					"bits_per_second":	668986782.78309345,
					"retransmits":	2729,
					"snd_cwnd":	11401552,
					"snd_wnd":	132595712,
					"rtt":	125891,
					"rttvar":	354,
					"pmtu":	1500,
					"omitted":	false,
					"sender":	true
				}],
			"sum":	{
				"start":	34.001052,
				"end":	35.001059,
				"seconds":	1.0000070333480835,
				"bytes":	83623936,
				"bits_per_second":	668986782.78309345,
				"retransmits":	2729,
				"omitted":	false,
				"sender":	true
			}
		}, {
			"streams":	[{
					"socket":	7,
					"start":	35.001059,
					"end":	36.00106,
					"seconds":	1.0000009536743164,
					"bytes":	76414976,
					"bits_per_second":	611319225.000556,
					"retransmits":	2656,
					"snd_cwnd":	12736608,
					"snd_wnd":	136400896,
					"rtt":	124855,
					"rttvar":	254,
					"pmtu":	1500,
					"omitted":	false,
					"sender":	true
				}],
			"sum":	{
				"start":	35.001059,
				"end":	36.00106,
				"seconds":	1.0000009536743164,
				"bytes":	76414976,
				"bits_per_second":	611319225.000556,
				"retransmits":	2656,
				"omitted":	false,
				"sender":	true
			}
		}, {
			"streams":	[{
					"socket":	7,
					"start":	36.00106,
					"end":	37.001045,
					"seconds":	0.9999849796295166,
					"bytes":	80478208,
					"bits_per_second":	643835334.64525664,
					"retransmits":	3656,
					"snd_cwnd":	12403568,
					"snd_wnd":	135733248,
					"rtt":	126753,
					"rttvar":	144,
					"pmtu":	1500,
					"omitted":	false,
					"sender":	true
				}],
			"sum":	{
				"start":	36.00106,
				"end":	37.001045,
				"seconds":	0.9999849796295166,
				"bytes":	80478208,
				"bits_per_second":	643835334.64525664,
				"retransmits":	3656,
				"omitted":	false,
				"sender":	true
			}
		}, {
			"streams":	[{
					"socket":	7,
					"start":	37.001045,
					"end":	38.00105,
					"seconds":	1.0000050067901611,
					"bytes":	85721088,
					"bits_per_second":	685765270.51719069,
					"retransmits":	3715,
					"snd_cwnd":	12528096,
					"snd_wnd":	136777728,
					"rtt":	126566,
					"rttvar":	113,
					"pmtu":	1500,
					"omitted":	false,
					"sender":	true
				}],
			"sum":	{
				"start":	37.001045,
				"end":	38.00105,
				"seconds":	1.0000050067901611,
				"bytes":	85721088,
				"bits_per_second":	685765270.51719069,
				"retransmits":	3715,
				"omitted":	false,
				"sender":	true
			}
		}, {
			"streams":	[{
					"socket":	7,
					"start":	38.00105,
					"end":	39.001078,
					"seconds":	1.0000280141830444,
					"bytes":	119930880,
					"bits_per_second":	959420162.62794757,
					"retransmits":	3455,
					"snd_cwnd":	12525200,
					"snd_wnd":	134311936,
					"rtt":	126774,
					"rttvar":	183,
					"pmtu":	1500,
					"omitted":	false,
					"sender":	true
				}],
			"sum":	{
				"start":	38.00105,
				"end":	39.001078,
				"seconds":	1.0000280141830444,
				"bytes":	119930880,
				"bits_per_second":	959420162.62794757,
				"retransmits":	3455,
				"omitted":	false,
				"sender":	true
			}
		}, {
			"streams":	[{
					"socket":	7,
					"start":	39.001078,
					"end":	40.001066,
					"seconds":	0.9999880194664,
					"bytes":	59244544,
					"bits_per_second":	473962030.31802928,
					"retransmits":	3343,
					"snd_cwnd":	12745296,
					"snd_wnd":	134459392,
					"rtt":	126651,
					"rttvar":	99,
					"pmtu":	1500,
					"omitted":	false,
					"sender":	true
				}],
			"sum":	{
				"start":	39.001078,
				"end":	40.001066,
				"seconds":	0.9999880194664,
				"bytes":	59244544,
				"bits_per_second":	473962030.31802928,
				"retransmits":	3343,
				"omitted":	false,
				"sender":	true
			}
		}, {
			"streams":	[{
					"socket":	7,
					"start":	40.001066,
					"end":	41.001073,
					"seconds":	1.0000070333480835,
					"bytes":	82575360,
					"bits_per_second":	660598233.78267848,
					"retransmits":	4385,
					"snd_cwnd":	12707648,
					"snd_wnd":	130961408,
					"rtt":	126313,
					"rttvar":	297,
					"pmtu":	1500,
					"omitted":	false,
					"sender":	true
				}],
			"sum":	{
				"start":	40.001066,
				"end":	41.001073,
				"seconds":	1.0000070333480835,
				"bytes":	82575360,
				"bits_per_second":	660598233.78267848,
				"retransmits":	4385,
				"omitted":	false,
				"sender":	true
			}
		}, {
			"streams":	[{
					"socket":	7,
					"start":	41.001073,
					"end":	42.001045,
					"seconds":	0.99997198581695557,
					"bytes":	82575360,
					"bits_per_second":	660621386.768452,
					"retransmits":	2347,
					"snd_cwnd":	12177680,
					"snd_wnd":	141410304,
					"rtt":	71192,
					"rttvar":	668,
					"pmtu":	1500,
					"omitted":	false,
					"sender":	true
				}],
			"sum":	{
				"start":	41.001073,
				"end":	42.001045,
				"seconds":	0.99997198581695557,
				"bytes":	82575360,
				"bits_per_second":	660621386.768452,
				"retransmits":	2347,
				"omitted":	false,
				"sender":	true
			}
		}, {
			"streams":	[{
					"socket":	7,
					"start":	42.001045,
					"end":	43.001041,
					"seconds":	0.9999960064888,
					"bytes":	75235328,
					"bits_per_second":	601885027.634599,
					"retransmits":	1575,
					"snd_cwnd":	12377504,
					"snd_wnd":	134057984,
					"rtt":	126548,
					"rttvar":	156,
					"pmtu":	1500,
					"omitted":	false,
					"sender":	true
				}],
			"sum":	{
				"start":	42.001045,
				"end":	43.001041,
				"seconds":	0.9999960064888,
				"bytes":	75235328,
				"bits_per_second":	601885027.634599,
				"retransmits":	1575,
				"omitted":	false,
				"sender":	true
			}
		}, {
			"streams":	[{
					"socket":	7,
					"start":	43.001041,
					"end":	44.001047,
					"seconds":	1.0000059604644775,
					"bytes":	78512128,
					"bits_per_second":	628093280.27231431,
					"retransmits":	6237,
					"snd_cwnd":	13993472,
					"snd_wnd":	134549504,
					"rtt":	126389,
					"rttvar":	288,
					"pmtu":	1500,
					"omitted":	false,
					"sender":	true
				}],
			"sum":	{
				"start":	43.001041,
				"end":	44.001047,
				"seconds":	1.0000059604644775,
				"bytes":	78512128,
				"bits_per_second":	628093280.27231431,
				"retransmits":	6237,
				"omitted":	false,
				"sender":	true
			}
		}, {
			"streams":	[{
					"socket":	7,
					"start":	44.001047,
					"end":	45.001064,
					"seconds":	1.0000170469284058,
					"bytes":	77594624,
					"bits_per_second":	620746410.1803875,
					"retransmits":	4949,
					"snd_cwnd":	14355472,
					"snd_wnd":	132268032,
					"rtt":	126687,
					"rttvar":	186,
					"pmtu":	1500,
					"omitted":	false,
					"sender":	true
				}],
			"sum":	{
				"start":	44.001047,
				"end":	45.001064,
				"seconds":	1.0000170469284058,
				"bytes":	77594624,
				"bits_per_second":	620746410.1803875,
				"retransmits":	4949,
				"omitted":	false,
				"sender":	true
			}
		}, {
			"streams":	[{
					"socket":	7,
					"start":	45.001064,
					"end":	46.001065,
					"seconds":	1.0000009536743164,
					"bytes":	92405760,
					"bits_per_second":	739245375.00067234,
					"retransmits":	4295,
					"snd_cwnd":	14647968,
					"snd_wnd":	108503040,
					"rtt":	125689,
					"rttvar":	434,
					"pmtu":	1500,
					"omitted":	false,
					"sender":	true
				}],
			"sum":	{
				"start":	45.001064,
				"end":	46.001065,
				"seconds":	1.0000009536743164,
				"bytes":	92405760,
				"bits_per_second":	739245375.00067234,
				"retransmits":	4295,
				"omitted":	false,
				"sender":	true
			}
		}, {
			"streams":	[{
					"socket":	7,
					"start":	46.001065,
					"end":	47.001072,
					"seconds":	1.0000070333480835,
					"bytes":	105644032,
					"bits_per_second":	845146311.79180765,
					"retransmits":	5300,
					"snd_cwnd":	14711680,
					"snd_wnd":	128131072,
					"rtt":	129536,
					"rttvar":	3702,
					"pmtu":	1500,
					"omitted":	false,
					"sender":	true
				}],
			"sum":	{
				"start":	46.001065,
				"end":	47.001072,
				"seconds":	1.0000070333480835,
				"bytes":	105644032,
				"bits_per_second":	845146311.79180765,
				"retransmits":	5300,
				"omitted":	false,
				"sender":	true
			}
		}, {
			"streams":	[{
					"socket":	7,
					"start":	47.001072,
					"end":	48.001049,
					"seconds":	0.9999769926071167,
					"bytes":	91750400,
					"bits_per_second":	734020087.88854623,
					"retransmits":	5580,
					"snd_cwnd":	15140288,
					"snd_wnd":	128360448,
					"rtt":	126697,
					"rttvar":	292,
					"pmtu":	1500,
					"omitted":	false,
					"sender":	true
				}],
			"sum":	{
				"start":	47.001072,
				"end":	48.001049,
				"seconds":	0.9999769926071167,
				"bytes":	91750400,
				"bits_per_second":	734020087.88854623,
				"retransmits":	5580,
				"omitted":	false,
				"sender":	true
			}
		}, {
			"streams":	[{
					"socket":	7,
					"start":	48.001049,
					"end":	49.00107,
					"seconds":	1.0000209808349609,
					"bytes":	92930048,
					"bits_per_second":	743424786.327252,
					"retransmits":	6363,
					"snd_cwnd":	17129840,
					"snd_wnd":	129802240,
					"rtt":	126375,
					"rttvar":	636,
					"pmtu":	1500,
					"omitted":	false,
					"sender":	true
				}],
			"sum":	{
				"start":	48.001049,
				"end":	49.00107,
				"seconds":	1.0000209808349609,
				"bytes":	92930048,
				"bits_per_second":	743424786.327252,
				"retransmits":	6363,
				"omitted":	false,
				"sender":	true
			}
		}, {
			"streams":	[{
					"socket":	7,
					"start":	49.00107,
					"end":	50.001067,
					"seconds":	0.99999701976776123,
					"bytes":	112197632,
					"bits_per_second":	897583731.007972,
					"retransmits":	5593,
					"snd_cwnd":	15067888,
					"snd_wnd":	124874752,
					"rtt":	126870,
					"rttvar":	103,
					"pmtu":	1500,
					"omitted":	false,
					"sender":	true
				}],
			"sum":	{
				"start":	49.00107,
				"end":	50.001067,
				"seconds":	0.99999701976776123,
				"bytes":	112197632,
				"bits_per_second":	897583731.007972,
				"retransmits":	5593,
				"omitted":	false,
				"sender":	true
			}
		}, {
			"streams":	[{
					"socket":	7,
					"start":	50.001067,
					"end":	51.001075,
					"seconds":	1.0000079870224,
					"bytes":	112984064,
					"bits_per_second":	903865292.80766,
					"retransmits":	4025,
					"snd_cwnd":	13331736,
					"snd_wnd":	140668928,
					"rtt":	127020,
					"rttvar":	147,
					"pmtu":	1500,
					"omitted":	false,
					"sender":	true
				}],
			"sum":	{
				"start":	50.001067,
				"end":	51.001075,
				"seconds":	1.0000079870224,
				"bytes":	112984064,
				"bits_per_second":	903865292.80766,
				"retransmits":	4025,
				"omitted":	false,
				"sender":	true
			}
		}, {
			"streams":	[{
					"socket":	7,
					"start":	51.001075,
					"end":	52.001079,
					"seconds":	1.0000040531158447,
					"bytes":	117964800,
					"bits_per_second":	943714575.015503,
					"retransmits":	2470,
					"snd_cwnd":	5792,
					"snd_wnd":	141410304,
					"rtt":	73892,
					"rttvar":	3325,
					"pmtu":	1500,
					"omitted":	false,
					"sender":	true
				}],
			"sum":	{
				"start":	51.001075,
				"end":	52.001079,
				"seconds":	1.0000040531158447,
				"bytes":	117964800,
				"bits_per_second":	943714575.015503,
				"retransmits":	2470,
				"omitted":	false,
				"sender":	true
			}
		}, {
			"streams":	[{
					"socket":	7,
					"start":	52.001079,
					"end":	53.001071,
					"seconds":	0.9999920129776,
					"bytes":	37224448,
					"bits_per_second":	297797962.51899731,
					"retransmits":	900,
					"snd_cwnd":	13032000,
					"snd_wnd":	141398016,
					"rtt":	126786,
					"rttvar":	185,
					"pmtu":	1500,
					"omitted":	false,
					"sender":	true
				}],
			"sum":	{
				"start":	52.001079,
				"end":	53.001071,
				"seconds":	0.9999920129776,
				"bytes":	37224448,
				"bits_per_second":	297797962.51899731,
				"retransmits":	900,
				"omitted":	false,
				"sender":	true
			}
		}, {
			"streams":	[{
					"socket":	7,
					"start":	53.001071,
					"end":	54.001079,
					"seconds":	1.0000079870224,
					"bytes":	119537664,
					"bits_per_second":	956293674.0610044,
					"retransmits":	4540,
					"snd_cwnd":	14448144,
					"snd_wnd":	122830848,
					"rtt":	126430,
					"rttvar":	184,
					"pmtu":	1500,
					"omitted":	false,
					"sender":	true
				}],
			"sum":	{
				"start":	53.001071,
				"end":	54.001079,
				"seconds":	1.0000079870224,
				"bytes":	119537664,
				"bits_per_second":	956293674.0610044,
				"retransmits":	4540,
				"omitted":	false,
				"sender":	true
			}
		}, {
			"streams":	[{
					"socket":	7,
					"start":	54.001079,
					"end":	55.001061,
					"seconds":	0.99998199939727783,
					"bytes":	92143616,
					"bits_per_second":	737162197.36385655,
					"retransmits":	4654,
					"snd_cwnd":	13492464,
					"snd_wnd":	131661824,
					"rtt":	126514,
					"rttvar":	160,
					"pmtu":	1500,
					"omitted":	false,
					"sender":	true
				}],
			"sum":	{
				"start":	54.001079,
				"end":	55.001061,
				"seconds":	0.99998199939727783,
				"bytes":	92143616,
				"bits_per_second":	737162197.36385655,
				"retransmits":	4654,
				"omitted":	false,
				"sender":	true
			}
		}, {
			"streams":	[{
					"socket":	7,
					"start":	55.001061,
					"end":	56.001072,
					"seconds":	1.0000109672546387,
					"bytes":	83623936,
					"bits_per_second":	668984151.080466,
					"retransmits":	3576,
					"snd_cwnd":	13101504,
					"snd_wnd":	132710400,
					"rtt":	126629,
					"rttvar":	316,
					"pmtu":	1500,
					"omitted":	false,
					"sender":	true
				}],
			"sum":	{
				"start":	55.001061,
				"end":	56.001072,
				"seconds":	1.0000109672546387,
				"bytes":	83623936,
				"bits_per_second":	668984151.080466,
				"retransmits":	3576,
				"omitted":	false,
				"sender":	true
			}
		}, {
			"streams":	[{
					"socket":	7,
					"start":	56.001072,
					"end":	57.001076,
					"seconds":	1.0000040531158447,
					"bytes":	111280128,
					"bits_per_second":	890237415.7646246,
					"retransmits":	3445,
					"snd_cwnd":	12655520,
					"snd_wnd":	132231168,
					"rtt":	126371,
					"rttvar":	330,
					"pmtu":	1500,
					"omitted":	false,
					"sender":	true
				}],
			"sum":	{
				"start":	56.001072,
				"end":	57.001076,
				"seconds":	1.0000040531158447,
				"bytes":	111280128,
				"bits_per_second":	890237415.7646246,
				"retransmits":	3445,
				"omitted":	false,
				"sender":	true
			}
		}, {
			"streams":	[{
					"socket":	7,
					"start":	57.001076,
					"end":	58.001072,
					"seconds":	0.9999960064888,
					"bytes":	83099648,
					"bits_per_second":	664799838.88560236,
					"retransmits":	2741,
					"snd_cwnd":	12351440,
					"snd_wnd":	131698688,
					"rtt":	126178,
					"rttvar":	606,
					"pmtu":	1500,
					"omitted":	false,
					"sender":	true
				}],
			"sum":	{
				"start":	57.001076,
				"end":	58.001072,
				"seconds":	0.9999960064888,
				"bytes":	83099648,
				"bits_per_second":	664799838.88560236,
				"retransmits":	2741,
				"omitted":	false,
				"sender":	true
			}
		}, {
			"streams":	[{
					"socket":	7,
					"start":	58.001072,
					"end":	59.00107,
					"seconds":	0.99999797344207764,
					"bytes":	77332480,
					"bits_per_second":	618661093.752541,
					"retransmits":	3406,
					"snd_cwnd":	12221120,
					"snd_wnd":	133783552,
					"rtt":	126029,
					"rttvar":	433,
					"pmtu":	1500,
					"omitted":	false,
					"sender":	true
				}],
			"sum":	{
				"start":	58.001072,
				"end":	59.00107,
				"seconds":	0.99999797344207764,
				"bytes":	77332480,
				"bits_per_second":	618661093.752541,
				"retransmits":	3406,
				"omitted":	false,
				"sender":	true
			}
		}, {
			"streams":	[{
					"socket":	7,
					"start":	59.00107,
					"end":	60.001066,
					"seconds":	0.9999960064888,
					"bytes":	102760448,
					"bits_per_second":	822086867.01311076,
					"retransmits":	3185,
					"snd_cwnd":	12119760,
					"snd_wnd":	132276224,
					"rtt":	126934,
					"rttvar":	120,
					"pmtu":	1500,
					"omitted":	false,
					"sender":	true
				}],
			"sum":	{
				"start":	59.00107,
				"end":	60.001066,
				"seconds":	0.9999960064888,
				"bytes":	102760448,
				"bits_per_second":	822086867.01311076,
				"retransmits":	3185,
				"omitted":	false,
				"sender":	true
			}
		}, {
			"streams":	[{
					"socket":	7,
					"start":	60.001066,
					"end":	61.001067,
					"seconds":	1.0000009536743164,
					"bytes":	78381056,
					"bits_per_second":	627047850.0005703,
					"retransmits":	2841,
					"snd_cwnd":	11746176,
					"snd_wnd":	134168576,
					"rtt":	126657,
					"rttvar":	176,
					"pmtu":	1500,
					"omitted":	false,
					"sender":	true
				}],
			"sum":	{
				"start":	60.001066,
				"end":	61.001067,
				"seconds":	1.0000009536743164,
				"bytes":	78381056,
				"bits_per_second":	627047850.0005703,
				"retransmits":	2841,
				"omitted":	false,
				"sender":	true
			}
		}, {
			"streams":	[{
					"socket":	7,
					"start":	61.001067,
					"end":	62.001075,
					"seconds":	1.0000079870224,
					"bytes":	82837504,
					"bits_per_second":	662694739.042275,
					"retransmits":	3186,
					"snd_cwnd":	11534768,
					"snd_wnd":	134373376,
					"rtt":	126497,
					"rttvar":	280,
					"pmtu":	1500,
					"omitted":	false,
					"sender":	true
				}],
			"sum":	{
				"start":	61.001067,
				"end":	62.001075,
				"seconds":	1.0000079870224,
				"bytes":	82837504,
				"bits_per_second":	662694739.042275,
				"retransmits":	3186,
				"omitted":	false,
				"sender":	true
			}
		}, {
			"streams":	[{
					"socket":	7,
					"start":	62.001075,
					"end":	63.000461,
					"seconds":	0.9993860125541687,
					"bytes":	81133568,
					"bits_per_second":	649467308.774065,
					"retransmits":	628,
					"snd_cwnd":	11265440,
					"snd_wnd":	141410304,
					"rtt":	95565,
					"rttvar":	393,
					"pmtu":	1500,
					"omitted":	false,
					"sender":	true
				}],
			"sum":	{
				"start":	62.001075,
				"end":	63.000461,
				"seconds":	0.9993860125541687,
				"bytes":	81133568,
				"bits_per_second":	649467308.774065,
				"retransmits":	628,
				"omitted":	false,
				"sender":	true
			}
		}, {
			"streams":	[{
					"socket":	7,
					"start":	63.000461,
					"end":	64.000436,
					"seconds":	0.999975025653839,
					"bytes":	41156608,
					"bits_per_second":	329261087.080366,
					"retransmits":	2766,
					"snd_cwnd":	11763552,
					"snd_wnd":	138645504,
					"rtt":	126743,
					"rttvar":	300,
					"pmtu":	1500,
					"omitted":	false,
					"sender":	true
				}],
			"sum":	{
				"start":	63.000461,
				"end":	64.000436,
				"seconds":	0.999975025653839,
				"bytes":	41156608,
				"bits_per_second":	329261087.080366,
				"retransmits":	2766,
				"omitted":	false,
				"sender":	true
			}
		}, {
			"streams":	[{
					"socket":	7,
					"start":	64.000436,
					"end":	65.001073,
					"seconds":	1.0006370544433594,
					"bytes":	82313216,
					"bits_per_second":	658086491.07674479,
					"retransmits":	4685,
					"snd_cwnd":	11039552,
					"snd_wnd":	132763648,
					"rtt":	126230,
					"rttvar":	393,
					"pmtu":	1500,
					"omitted":	false,
					"sender":	true
				}],
			"sum":	{
				"start":	64.000436,
				"end":	65.001073,
				"seconds":	1.0006370544433594,
				"bytes":	82313216,
				"bits_per_second":	658086491.07674479,
				"retransmits":	4685,
				"omitted":	false,
				"sender":	true
			}
		}, {
			"streams":	[{
					"socket":	7,
					"start":	65.001073,
					"end":	66.0003,
					"seconds":	0.999226987361908,
					"bytes":	74579968,
					"bits_per_second":	597101310.85951579,
					"retransmits":	2582,
					"snd_cwnd":	10697824,
					"snd_wnd":	134066176,
					"rtt":	127072,
					"rttvar":	183,
					"pmtu":	1500,
					"omitted":	false,
					"sender":	true
				}],
			"sum":	{
				"start":	65.001073,
				"end":	66.0003,
				"seconds":	0.999226987361908,
				"bytes":	74579968,
				"bits_per_second":	597101310.85951579,
				"retransmits":	2582,
				"omitted":	false,
				"sender":	true
			}
		}, {
			"streams":	[{
					"socket":	7,
					"start":	66.0003,
					"end":	67.001077,
					"seconds":	1.000777006149292,
					"bytes":	81395712,
					"bits_per_second":	650660129.078607,
					"retransmits":	2185,
					"snd_cwnd":	10312656,
					"snd_wnd":	134623232,
					"rtt":	126181,
					"rttvar":	608,
					"pmtu":	1500,
					"omitted":	false,
					"sender":	true
				}],
			"sum":	{
				"start":	66.0003,
				"end":	67.001077,
				"seconds":	1.000777006149292,
				"bytes":	81395712,
				"bits_per_second":	650660129.078607,
				"retransmits":	2185,
				"omitted":	false,
				"sender":	true
			}
		}, {
			"streams":	[{
					"socket":	7,
					"start":	67.001077,
					"end":	68.001072,
					"seconds":	0.999994993209839,
					"bytes":	76677120,
					"bits_per_second":	613420031.265377,
					"retransmits":	2042,
					"snd_cwnd":	10217088,
					"snd_wnd":	134242304,
					"rtt":	126505,
					"rttvar":	509,
					"pmtu":	1500,
					"omitted":	false,
					"sender":	true
				}],
			"sum":	{
				"start":	67.001077,
				"end":	68.001072,
				"seconds":	0.999994993209839,
				"bytes":	76677120,
				"bits_per_second":	613420031.265377,
				"retransmits":	2042,
				"omitted":	false,
				"sender":	true
			}
		}, {
			"streams":	[{
					"socket":	7,
					"start":	68.001072,
					"end":	69.001751,
					"seconds":	1.0006790161132812,
					"bytes":	75104256,
					"bits_per_second":	600426348.834303,
					"retransmits":	2281,
					"snd_cwnd":	9863776,
					"snd_wnd":	136708096,
					"rtt":	126708,
					"rttvar":	126,
					"pmtu":	1500,
					"omitted":	false,
					"sender":	true
				}],
			"sum":	{
				"start":	68.001072,
				"end":	69.001751,
				"seconds":	1.0006790161132812,
				"bytes":	75104256,
				"bits_per_second":	600426348.834303,
				"retransmits":	2281,
				"omitted":	false,
				"sender":	true
			}
		}, {
			"streams":	[{
					"socket":	7,
					"start":	69.001751,
					"end":	70.000365,
					"seconds":	0.998614013195038,
					"bytes":	72089600,
					"bits_per_second":	577517231.26216769,
					"retransmits":	2265,
					"snd_cwnd":	9768208,
					"snd_wnd":	141377536,
					"rtt":	126501,
					"rttvar":	83,
					"pmtu":	1500,
					"omitted":	false,
					"sender":	true
				}],
			"sum":	{
				"start":	69.001751,
				"end":	70.000365,
				"seconds":	0.998614013195038,
				"bytes":	72089600,
				"bits_per_second":	577517231.26216769,
				"retransmits":	2265,
				"omitted":	false,
				"sender":	true
			}
		}, {
			"streams":	[{
					"socket":	7,
					"start":	70.000365,
					"end":	71.000094,
					"seconds":	0.9997289776802063,
					"bytes":	76152832,
					"bits_per_second":	609387813.69892275,
					"retransmits":	1450,
					"snd_cwnd":	8892168,
					"snd_wnd":	141410304,
					"rtt":	126961,
					"rttvar":	106,
					"pmtu":	1500,
					"omitted":	false,
					"sender":	true
				}],
			"sum":	{
				"start":	70.000365,
				"end":	71.000094,
				"seconds":	0.9997289776802063,
				"bytes":	76152832,
				"bits_per_second":	609387813.69892275,
				"retransmits":	1450,
				"omitted":	false,
				"sender":	true
			}
		}, {
			"streams":	[{
					"socket":	7,
					"start":	71.000094,
					"end":	72.000194,
					"seconds":	1.0001000165939331,
					"bytes":	72220672,
					"bits_per_second":	577707595.65399337,
					"retransmits":	2022,
					"snd_cwnd":	9750832,
					"snd_wnd":	141160448,
					"rtt":	126844,
					"rttvar":	74,
					"pmtu":	1500,
					"omitted":	false,
					"sender":	true
				}],
			"sum":	{
				"start":	71.000094,
				"end":	72.000194,
				"seconds":	1.0001000165939331,
				"bytes":	72220672,
				"bits_per_second":	577707595.65399337,
				"retransmits":	2022,
				"omitted":	false,
				"sender":	true
			}
		}, {
			"streams":	[{
					"socket":	7,
					"start":	72.000194,
					"end":	73.000429,
					"seconds":	1.0002349615097046,
					"bytes":	41549824,
					"bits_per_second":	332320509.47138882,
					"retransmits":	1406,
					"snd_cwnd":	9452544,
					"snd_wnd":	141410304,
					"rtt":	79645,
					"rttvar":	7939,
					"pmtu":	1500,
					"omitted":	false,
					"sender":	true
				}],
			"sum":	{
				"start":	72.000194,
				"end":	73.000429,
				"seconds":	1.0002349615097046,
				"bytes":	41549824,
				"bits_per_second":	332320509.47138882,
				"retransmits":	1406,
				"omitted":	false,
				"sender":	true
			}
		}, {
			"streams":	[{
					"socket":	7,
					"start":	73.000429,
					"end":	74.000106,
					"seconds":	0.999677002429962,
					"bytes":	73138176,
					"bits_per_second":	585294456.68726659,
					"retransmits":	1508,
					"snd_cwnd":	11207520,
					"snd_wnd":	141410304,
					"rtt":	126884,
					"rttvar":	132,
					"pmtu":	1500,
					"omitted":	false,
					"sender":	true
				}],
			"sum":	{
				"start":	73.000429,
				"end":	74.000106,
				"seconds":	0.999677002429962,
				"bytes":	73138176,
				"bits_per_second":	585294456.68726659,
				"retransmits":	1508,
				"omitted":	false,
				"sender":	true
			}
		}, {
			"streams":	[{
					"socket":	7,
					"start":	74.000106,
					"end":	75.000454,
					"seconds":	1.0003479719161987,
					"bytes":	79036416,
					"bits_per_second":	632071384.909019,
					"retransmits":	4284,
					"snd_cwnd":	10842624,
					"snd_wnd":	134500352,
					"rtt":	126128,
					"rttvar":	384,
					"pmtu":	1500,
					"omitted":	false,
					"sender":	true
				}],
			"sum":	{
				"start":	74.000106,
				"end":	75.000454,
				"seconds":	1.0003479719161987,
				"bytes":	79036416,
				"bits_per_second":	632071384.909019,
				"retransmits":	4284,
				"omitted":	false,
				"sender":	true
			}
		}, {
			"streams":	[{
					"socket":	7,
					"start":	75.000454,
					"end":	76.001052,
					"seconds":	1.0005979537963867,
					"bytes":	84541440,
					"bits_per_second":	675927346.676973,
					"retransmits":	3044,
					"snd_cwnd":	11224896,
					"snd_wnd":	133271552,
					"rtt":	126584,
					"rttvar":	124,
					"pmtu":	1500,
					"omitted":	false,
					"sender":	true
				}],
			"sum":	{
				"start":	75.000454,
				"end":	76.001052,
				"seconds":	1.0005979537963867,
				"bytes":	84541440,
				"bits_per_second":	675927346.676973,
				"retransmits":	3044,
				"omitted":	false,
				"sender":	true
			}
		}, {
			"streams":	[{
					"socket":	7,
					"start":	76.001052,
					"end":	77.000135,
					"seconds":	0.99908298254013062,
					"bytes":	74055680,
					"bits_per_second":	592989221.469602,
					"retransmits":	2053,
					"snd_cwnd":	10886064,
					"snd_wnd":	135729152,
					"rtt":	126801,
					"rttvar":	153,
					"pmtu":	1500,
					"omitted":	false,
					"sender":	true
				}],
			"sum":	{
				"start":	76.001052,
				"end":	77.000135,
				"seconds":	0.99908298254013062,
				"bytes":	74055680,
				"bits_per_second":	592989221.469602,
				"retransmits":	2053,
				"omitted":	false,
				"sender":	true
			}
		}, {
			"streams":	[{
					"socket":	7,
					"start":	77.000135,
					"end":	78.000277,
					"seconds":	1.000141978263855,
					"bytes":	75759616,
					"bits_per_second":	605990890.46546,
					"retransmits":	2063,
					"snd_cwnd":	10663072,
					"snd_wnd":	133734400,
					"rtt":	126719,
					"rttvar":	79,
					"pmtu":	1500,
					"omitted":	false,
					"sender":	true
				}],
			"sum":	{
				"start":	77.000135,
				"end":	78.000277,
				"seconds":	1.000141978263855,
				"bytes":	75759616,
				"bits_per_second":	605990890.46546,
				"retransmits":	2063,
				"omitted":	false,
				"sender":	true
			}
		}, {
			"streams":	[{
					"socket":	7,
					"start":	78.000277,
					"end":	79.001136,
					"seconds":	1.0008590221405029,
					"bytes":	78512128,
					"bits_per_second":	627557937.83694971,
					"retransmits":	2629,
					"snd_cwnd":	10492208,
					"snd_wnd":	135421952,
					"rtt":	126673,
					"rttvar":	101,
					"pmtu":	1500,
					"omitted":	false,
					"sender":	true
				}],
			"sum":	{
				"start":	78.000277,
				"end":	79.001136,
				"seconds":	1.0008590221405029,
				"bytes":	78512128,
				"bits_per_second":	627557937.83694971,
				"retransmits":	2629,
				"omitted":	false,
				"sender":	true
			}
		}, {
			"streams":	[{
					"socket":	7,
					"start":	79.001136,
					"end":	80.000191,
					"seconds":	0.999055027961731,
					"bytes":	81133568,
					"bits_per_second":	649682475.77335918,
					"retransmits":	2827,
					"snd_cwnd":	10579088,
					"snd_wnd":	133373952,
					"rtt":	125881,
					"rttvar":	446,
					"pmtu":	1500,
					"omitted":	false,
					"sender":	true
				}],
			"sum":	{
				"start":	79.001136,
				"end":	80.000191,
				"seconds":	0.999055027961731,
				"bytes":	81133568,
				"bits_per_second":	649682475.77335918,
				"retransmits":	2827,
				"omitted":	false,
				"sender":	true
			}
		}, {
			"streams":	[{
					"socket":	7,
					"start":	80.000191,
					"end":	81.000126,
					"seconds":	0.99993497133255,
					"bytes":	77725696,
					"bits_per_second":	621846005.81711733,
					"retransmits":	2033,
					"snd_cwnd":	10694928,
					"snd_wnd":	134434816,
					"rtt":	126504,
					"rttvar":	122,
					"pmtu":	1500,
					"omitted":	false,
					"sender":	true
				}],
			"sum":	{
				"start":	80.000191,
				"end":	81.000126,
				"seconds":	0.99993497133255,
				"bytes":	77725696,
				"bits_per_second":	621846005.81711733,
				"retransmits":	2033,
				"omitted":	false,
				"sender":	true
			}
		}, {
			"streams":	[{
					"socket":	7,
					"start":	81.000126,
					"end":	82.000114,
					"seconds":	0.9999880194664,
					"bytes":	81002496,
					"bits_per_second":	648027731.71801353,
					"retransmits":	2557,
					"snd_cwnd":	10330032,
					"snd_wnd":	133353472,
					"rtt":	126059,
					"rttvar":	506,
					"pmtu":	1500,
					"omitted":	false,
					"sender":	true
				}],
			"sum":	{
				"start":	81.000126,
				"end":	82.000114,
				"seconds":	0.9999880194664,
				"bytes":	81002496,
				"bits_per_second":	648027731.71801353,
				"retransmits":	2557,
				"omitted":	false,
				"sender":	true
			}
		}, {
			"streams":	[{
					"socket":	7,
					"start":	82.000114,
					"end":	83.00105,
					"seconds":	1.0009360313415527,
					"bytes":	78905344,
					"bits_per_second":	630652441.54908335,
					"retransmits":	2787,
					"snd_cwnd":	5792,
					"snd_wnd":	138084352,
					"rtt":	124244,
					"rttvar":	319,
					"pmtu":	1500,
					"omitted":	false,
					"sender":	true
				}],
			"sum":	{
				"start":	82.000114,
				"end":	83.00105,
				"seconds":	1.0009360313415527,
				"bytes":	78905344,
				"bits_per_second":	630652441.54908335,
				"retransmits":	2787,
				"omitted":	false,
				"sender":	true
			}
		}, {
			"streams":	[{
					"socket":	7,
					"start":	83.00105,
					"end":	84.000085,
					"seconds":	0.99903500080108643,
					"bytes":	36438016,
					"bits_per_second":	291785700.96768826,
					"retransmits":	341,
					"snd_cwnd":	9606032,
					"snd_wnd":	141410304,
					"rtt":	127026,
					"rttvar":	308,
					"pmtu":	1500,
					"omitted":	false,
					"sender":	true
				}],
			"sum":	{
				"start":	83.00105,
				"end":	84.000085,
				"seconds":	0.99903500080108643,
				"bytes":	36438016,
				"bits_per_second":	291785700.96768826,
				"retransmits":	341,
				"omitted":	false,
				"sender":	true
			}
		}, {
			"streams":	[{
					"socket":	7,
					"start":	84.000085,
					"end":	85.000067,
					"seconds":	0.99998199939727783,
					"bytes":	72351744,
					"bits_per_second":	578824371.18755162,
					"retransmits":	3446,
					"snd_cwnd":	10778912,
					"snd_wnd":	136622080,
					"rtt":	126554,
					"rttvar":	82,
					"pmtu":	1500,
					"omitted":	false,
					"sender":	true
				}],
			"sum":	{
				"start":	84.000085,
				"end":	85.000067,
				"seconds":	0.99998199939727783,
				"bytes":	72351744,
				"bits_per_second":	578824371.18755162,
				"retransmits":	3446,
				"omitted":	false,
				"sender":	true
			}
		}, {
			"streams":	[{
					"socket":	7,
					"start":	85.000067,
					"end":	86.000661,
					"seconds":	1.0005940198898315,
					"bytes":	76546048,
					"bits_per_second":	612004840.95180142,
					"retransmits":	3727,
					"snd_cwnd":	10755744,
					"snd_wnd":	134623232,
					"rtt":	126188,
					"rttvar":	354,
					"pmtu":	1500,
					"omitted":	false,
					"sender":	true
				}],
			"sum":	{
				"start":	85.000067,
				"end":	86.000661,
				"seconds":	1.0005940198898315,
				"bytes":	76546048,
				"bits_per_second":	612004840.95180142,
				"retransmits":	3727,
				"omitted":	false,
				"sender":	true
			}
		}, {
			"streams":	[{
					"socket":	7,
					"start":	86.000661,
					"end":	87.000127,
					"seconds":	0.99946600198745728,
					"bytes":	78774272,
					"bits_per_second":	630530878.2358247,
					"retransmits":	3235,
					"snd_cwnd":	10833936,
					"snd_wnd":	135655424,
					"rtt":	126282,
					"rttvar":	342,
					"pmtu":	1500,
					"omitted":	false,
					"sender":	true
				}],
			"sum":	{
				"start":	86.000661,
				"end":	87.000127,
				"seconds":	0.99946600198745728,
				"bytes":	78774272,
				"bits_per_second":	630530878.2358247,
				"retransmits":	3235,
				"omitted":	false,
				"sender":	true
			}
		}, {
			"streams":	[{
					"socket":	7,
					"start":	87.000127,
					"end":	88.00012,
					"seconds":	0.99999302625656128,
					"bytes":	72876032,
					"bits_per_second":	583012321.77835369,
					"retransmits":	2943,
					"snd_cwnd":	10660176,
					"snd_wnd":	135917568,
					"rtt":	126899,
					"rttvar":	112,
					"pmtu":	1500,
					"omitted":	false,
					"sender":	true
				}],
			"sum":	{
				"start":	87.000127,
				"end":	88.00012,
				"seconds":	0.99999302625656128,
				"bytes":	72876032,
				"bits_per_second":	583012321.77835369,
				"retransmits":	2943,
				"omitted":	false,
				"sender":	true
			}
		}, {
			"streams":	[{
					"socket":	7,
					"start":	88.00012,
					"end":	89.00048,
					"seconds":	1.0003600120544434,
					"bytes":	74448896,
					"bits_per_second":	595376825.166004,
					"retransmits":	2962,
					"snd_cwnd":	10156272,
					"snd_wnd":	134807552,
					"rtt":	126453,
					"rttvar":	348,
					"pmtu":	1500,
					"omitted":	false,
					"sender":	true
				}],
			"sum":	{
				"start":	88.00012,
				"end":	89.00048,
				"seconds":	1.0003600120544434,
				"bytes":	74448896,
				"bits_per_second":	595376825.166004,
				"retransmits":	2962,
				"omitted":	false,
				"sender":	true
			}
		}, {
			"streams":	[{
					"socket":	7,
					"start":	89.00048,
					"end":	90.000262,
					"seconds":	0.9997820258140564,
					"bytes":	73400320,
					"bits_per_second":	587330582.90568864,
					"retransmits":	2159,
					"snd_cwnd":	9999888,
					"snd_wnd":	139124736,
					"rtt":	126612,
					"rttvar":	132,
					"pmtu":	1500,
					"omitted":	false,
					"sender":	true
				}],
			"sum":	{
				"start":	89.00048,
				"end":	90.000262,
				"seconds":	0.9997820258140564,
				"bytes":	73400320,
				"bits_per_second":	587330582.90568864,
				"retransmits":	2159,
				"omitted":	false,
				"sender":	true
			}
		}, {
			"streams":	[{
					"socket":	7,
					"start":	90.000262,
					"end":	91.00008,
					"seconds":	0.99981802701950073,
					"bytes":	82313216,
					"bits_per_second":	658625580.05983651,
					"retransmits":	2234,
					"snd_cwnd":	9921696,
					"snd_wnd":	139497472,
					"rtt":	126662,
					"rttvar":	71,
					"pmtu":	1500,
					"omitted":	false,
					"sender":	true
				}],
			"sum":	{
				"start":	90.000262,
				"end":	91.00008,
				"seconds":	0.99981802701950073,
				"bytes":	82313216,
				"bits_per_second":	658625580.05983651,
				"retransmits":	2234,
				"omitted":	false,
				"sender":	true
			}
		}, {
			"streams":	[{
					"socket":	7,
					"start":	91.00008,
					"end":	92.000098,
					"seconds":	1.0000180006027222,
					"bytes":	75235328,
					"bits_per_second":	601871789.94501948,
					"retransmits":	2330,
					"snd_cwnd":	10040432,
					"snd_wnd":	134070272,
					"rtt":	126540,
					"rttvar":	185,
					"pmtu":	1500,
					"omitted":	false,
					"sender":	true
				}],
			"sum":	{
				"start":	91.00008,
				"end":	92.000098,
				"seconds":	1.0000180006027222,
				"bytes":	75235328,
				"bits_per_second":	601871789.94501948,
				"retransmits":	2330,
				"omitted":	false,
				"sender":	true
			}
		}, {
			"streams":	[{
					"socket":	7,
					"start":	92.000098,
					"end":	93.000428,
					"seconds":	1.0003299713134766,
					"bytes":	54919168,
					"bits_per_second":	439208417.82148147,
					"retransmits":	2826,
					"snd_cwnd":	11563728,
					"snd_wnd":	136781824,
					"rtt":	127008,
					"rttvar":	468,
					"pmtu":	1500,
					"omitted":	false,
					"sender":	true
				}],
			"sum":	{
				"start":	92.000098,
				"end":	93.000428,
				"seconds":	1.0003299713134766,
				"bytes":	54919168,
				"bits_per_second":	439208417.82148147,
				"retransmits":	2826,
				"omitted":	false,
				"sender":	true
			}
		}, {
			"streams":	[{
					"socket":	7,
					"start":	93.000428,
					"end":	94.000196,
					"seconds":	0.99976801872253418,
					"bytes":	80478208,
					"bits_per_second":	643975054.155719,
					"retransmits":	1283,
					"snd_cwnd":	9976720,
					"snd_wnd":	141344768,
					"rtt":	81451,
					"rttvar":	689,
					"pmtu":	1500,
					"omitted":	false,
					"sender":	true
				}],
			"sum":	{
				"start":	93.000428,
				"end":	94.000196,
				"seconds":	0.99976801872253418,
				"bytes":	80478208,
				"bits_per_second":	643975054.155719,
				"retransmits":	1283,
				"omitted":	false,
				"sender":	true
			}
		}, {
			"streams":	[{
					"socket":	7,
					"start":	94.000196,
					"end":	95.000588,
					"seconds":	1.000391960144043,
					"bytes":	39452672,
					"bits_per_second":	315497713.47078276,
					"retransmits":	2092,
					"snd_cwnd":	10425600,
					"snd_wnd":	141410304,
					"rtt":	126346,
					"rttvar":	539,
					"pmtu":	1500,
					"omitted":	false,
					"sender":	true
				}],
			"sum":	{
				"start":	94.000196,
				"end":	95.000588,
				"seconds":	1.000391960144043,
				"bytes":	39452672,
				"bits_per_second":	315497713.47078276,
				"retransmits":	2092,
				"omitted":	false,
				"sender":	true
			}
		}, {
			"streams":	[{
					"socket":	7,
					"start":	95.000588,
					"end":	96.000161,
					"seconds":	0.999572992324829,
					"bytes":	73138176,
					"bits_per_second":	585355359.231094,
					"retransmits":	3493,
					"snd_cwnd":	10040432,
					"snd_wnd":	135770112,
					"rtt":	126247,
					"rttvar":	324,
					"pmtu":	1500,
					"omitted":	false,
					"sender":	true
				}],
			"sum":	{
				"start":	95.000588,
				"end":	96.000161,
				"seconds":	0.999572992324829,
				"bytes":	73138176,
				"bits_per_second":	585355359.231094,
				"retransmits":	3493,
				"omitted":	false,
				"sender":	true
			}
		}, {
			"streams":	[{
					"socket":	7,
					"start":	96.000161,
					"end":	97.000145,
					"seconds":	0.9999840259552002,
					"bytes":	79036416,
					"bits_per_second":	632301428.41134441,
					"retransmits":	2722,
					"snd_cwnd":	10037536,
					"snd_wnd":	133480448,
					"rtt":	125927,
					"rttvar":	492,
					"pmtu":	1500,
					"omitted":	false,
					"sender":	true
				}],
			"sum":	{
				"start":	96.000161,
				"end":	97.000145,
				"seconds":	0.9999840259552002,
				"bytes":	79036416,
				"bits_per_second":	632301428.41134441,
				"retransmits":	2722,
				"omitted":	false,
				"sender":	true
			}
		}, {
			"streams":	[{
					"socket":	7,
					"start":	97.000145,
					"end":	98.000449,
					"seconds":	1.0003039836883545,
					"bytes":	75759616,
					"bits_per_second":	605892746.48817527,
					"retransmits":	1874,
					"snd_cwnd":	9889840,
					"snd_wnd":	137723904,
					"rtt":	126153,
					"rttvar":	408,
					"pmtu":	1500,
					"omitted":	false,
					"sender":	true
				}],
			"sum":	{
				"start":	97.000145,
				"end":	98.000449,
				"seconds":	1.0003039836883545,
				"bytes":	75759616,
				"bits_per_second":	605892746.48817527,
				"retransmits":	1874,
				"omitted":	false,
				"sender":	true
			}
		}, {
			"streams":	[{
					"socket":	7,
					"start":	98.000449,
					"end":	99.000076,
					"seconds":	0.99962699413299561,
					"bytes":	74055680,
					"bits_per_second":	592666508.0846926,
					"retransmits":	2728,
					"snd_cwnd":	11531872,
					"snd_wnd":	137850880,
					"rtt":	126614,
					"rttvar":	111,
					"pmtu":	1500,
					"omitted":	false,
					"sender":	true
				}],
			"sum":	{
				"start":	98.000449,
				"end":	99.000076,
				"seconds":	0.99962699413299561,
				"bytes":	74055680,
				"bits_per_second":	592666508.0846926,
				"retransmits":	2728,
				"omitted":	false,
				"sender":	true
			}
		}, {
			"streams":	[{
					"socket":	7,
					"start":	99.000076,
					"end":	100.000165,
					"seconds":	1.0000890493392944,
					"bytes":	77463552,
					"bits_per_second":	619653236.28871679,
					"retransmits":	3340,
					"snd_cwnd":	10529856,
					"snd_wnd":	134709248,
					"rtt":	126197,
					"rttvar":	443,
					"pmtu":	1500,
					"omitted":	false,
					"sender":	true
				}],
			"sum":	{
				"start":	99.000076,
				"end":	100.000165,
				"seconds":	1.0000890493392944,
				"bytes":	77463552,
				"bits_per_second":	619653236.28871679,
				"retransmits":	3340,
				"omitted":	false,
				"sender":	true
			}
		}, {
			"streams":	[{
					"socket":	7,
					"start":	100.000165,
					"end":	101.000339,
					"seconds":	1.0001740455627441,
					"bytes":	85065728,
					"bits_per_second":	680407402.11080432,
					"retransmits":	2074,
					"snd_cwnd":	10434288,
					"snd_wnd":	138756096,
					"rtt":	126688,
					"rttvar":	201,
					"pmtu":	1500,
					"omitted":	false,
					"sender":	true
				}],
			"sum":	{
				"start":	100.000165,
				"end":	101.000339,
				"seconds":	1.0001740455627441,
				"bytes":	85065728,
				"bits_per_second":	680407402.11080432,
				"retransmits":	2074,
				"omitted":	false,
				"sender":	true
			}
		}, {
			"streams":	[{
					"socket":	7,
					"start":	101.000339,
					"end":	102.000558,
					"seconds":	1.0002189874649048,
					"bytes":	79036416,
					"bits_per_second":	632152894.44021428,
					"retransmits":	2021,
					"snd_cwnd":	8696688,
					"snd_wnd":	141410304,
					"rtt":	126595,
					"rttvar":	107,
					"pmtu":	1500,
					"omitted":	false,
					"sender":	true
				}],
			"sum":	{
				"start":	101.000339,
				"end":	102.000558,
				"seconds":	1.0002189874649048,
				"bytes":	79036416,
				"bits_per_second":	632152894.44021428,
				"retransmits":	2021,
				"omitted":	false,
				"sender":	true
			}
		}, {
			"streams":	[{
					"socket":	7,
					"start":	102.000558,
					"end":	103.000115,
					"seconds":	0.9995570182800293,
					"bytes":	39845888,
					"bits_per_second":	318908374.58028466,
					"retransmits":	2592,
					"snd_cwnd":	10671760,
					"snd_wnd":	135663616,
					"rtt":	126110,
					"rttvar":	221,
					"pmtu":	1500,
					"omitted":	false,
					"sender":	true
				}],
			"sum":	{
				"start":	102.000558,
				"end":	103.000115,
				"seconds":	0.9995570182800293,
				"bytes":	39845888,
				"bits_per_second":	318908374.58028466,
				"retransmits":	2592,
				"omitted":	false,
				"sender":	true
			}
		}, {
			"streams":	[{
					"socket":	7,
					"start":	103.000115,
					"end":	104.001061,
					"seconds":	1.000946044921875,
					"bytes":	79429632,
					"bits_per_second":	634836472.17927372,
					"retransmits":	2024,
					"snd_cwnd":	5792,
					"snd_wnd":	141410304,
					"rtt":	89372,
					"rttvar":	5217,
					"pmtu":	1500,
					"omitted":	false,
					"sender":	true
				}],
			"sum":	{
				"start":	103.000115,
				"end":	104.001061,
				"seconds":	1.000946044921875,
				"bytes":	79429632,
				"bits_per_second":	634836472.17927372,
				"retransmits":	2024,
				"omitted":	false,
				"sender":	true
			}
		}, {
			"streams":	[{
					"socket":	7,
					"start":	104.001061,
					"end":	105.00011,
					"seconds":	0.99904900789260864,
					"bytes":	74186752,
					"bits_per_second":	594058961.383601,
					"retransmits":	755,
					"snd_cwnd":	12609184,
					"snd_wnd":	134500352,
					"rtt":	122545,
					"rttvar":	142,
					"pmtu":	1500,
					"omitted":	false,
					"sender":	true
				}],
			"sum":	{
				"start":	104.001061,
				"end":	105.00011,
				"seconds":	0.99904900789260864,
				"bytes":	74186752,
				"bits_per_second":	594058961.383601,
				"retransmits":	755,
				"omitted":	false,
				"sender":	true
			}
		}, {
			"streams":	[{
					"socket":	7,
					"start":	105.00011,
					"end":	106.002447,
					"seconds":	1.0023369789123535,
					"bytes":	83230720,
					"bits_per_second":	664293320.51833141,
					"retransmits":	4250,
					"snd_cwnd":	11844640,
					"snd_wnd":	132505600,
					"rtt":	126272,
					"rttvar":	272,
					"pmtu":	1500,
					"omitted":	false,
					"sender":	true
				}],
			"sum":	{
				"start":	105.00011,
				"end":	106.002447,
				"seconds":	1.0023369789123535,
				"bytes":	83230720,
				"bits_per_second":	664293320.51833141,
				"retransmits":	4250,
				"omitted":	false,
				"sender":	true
			}
		}, {
			"streams":	[{
					"socket":	7,
					"start":	106.002447,
					"end":	107.000314,
					"seconds":	0.997866988182068,
					"bytes":	76546048,
					"bits_per_second":	613677365.07209623,
					"retransmits":	3689,
					"snd_cwnd":	11517392,
					"snd_wnd":	135786496,
					"rtt":	126872,
					"rttvar":	196,
					"pmtu":	1500,
					"omitted":	false,
					"sender":	true
				}],
			"sum":	{
				"start":	106.002447,
				"end":	107.000314,
				"seconds":	0.997866988182068,
				"bytes":	76546048,
				"bits_per_second":	613677365.07209623,
				"retransmits":	3689,
				"omitted":	false,
				"sender":	true
			}
		}, {
			"streams":	[{
					"socket":	7,
					"start":	107.000314,
					"end":	108.000196,
					"seconds":	0.99988198280334473,
					"bytes":	75759616,
					"bits_per_second":	606148463.94247139,
					"retransmits":	2980,
					"snd_cwnd":	11181456,
					"snd_wnd":	135786496,
					"rtt":	126536,
					"rttvar":	157,
					"pmtu":	1500,
					"omitted":	false,
					"sender":	true
				}],
			"sum":	{
				"start":	107.000314,
				"end":	108.000196,
				"seconds":	0.99988198280334473,
				"bytes":	75759616,
				"bits_per_second":	606148463.94247139,
				"retransmits":	2980,
				"omitted":	false,
				"sender":	true
			}
		}, {
			"streams":	[{
					"socket":	7,
					"start":	108.000196,
					"end":	109.000152,
					"seconds":	0.99995601177215576,
					"bytes":	86114304,
					"bits_per_second":	688944737.45808339,
					"retransmits":	2263,
					"snd_cwnd":	11193040,
					"snd_wnd":	132894720,
					"rtt":	126566,
					"rttvar":	229,
					"pmtu":	1500,
					"omitted":	false,
					"sender":	true
				}],
			"sum":	{
				"start":	108.000196,
				"end":	109.000152,
				"seconds":	0.99995601177215576,
				"bytes":	86114304,
				"bits_per_second":	688944737.45808339,
				"retransmits":	2263,
				"omitted":	false,
				"sender":	true
			}
		}, {
			"streams":	[{
					"socket":	7,
					"start":	109.000152,
					"end":	110.001051,
					"seconds":	1.0008989572525024,
					"bytes":	73531392,
					"bits_per_second":	587722798.327982,
					"retransmits":	4283,
					"snd_cwnd":	12545472,
					"snd_wnd":	133132288,
					"rtt":	126736,
					"rttvar":	129,
					"pmtu":	1500,
					"omitted":	false,
					"sender":	true
				}],
			"sum":	{
				"start":	109.000152,
				"end":	110.001051,
				"seconds":	1.0008989572525024,
				"bytes":	73531392,
				"bits_per_second":	587722798.327982,
				"retransmits":	4283,
				"omitted":	false,
				"sender":	true
			}
		}, {
			"streams":	[{
					"socket":	7,
					"start":	110.001051,
					"end":	111.00009,
					"seconds":	0.99903899431228638,
					"bytes":	78512128,
					"bits_per_second":	628701209.43814254,
					"retransmits":	4262,
					"snd_cwnd":	14135376,
					"snd_wnd":	131870720,
					"rtt":	126537,
					"rttvar":	136,
					"pmtu":	1500,
					"omitted":	false,
					"sender":	true
				}],
			"sum":	{
				"start":	110.001051,
				"end":	111.00009,
				"seconds":	0.99903899431228638,
				"bytes":	78512128,
				"bits_per_second":	628701209.43814254,
				"retransmits":	4262,
				"omitted":	false,
				"sender":	true
			}
		}, {
			"streams":	[{
					"socket":	7,
					"start":	111.00009,
					"end":	112.00008,
					"seconds":	0.99998998641967773,
					"bytes":	74317824,
					"bits_per_second":	594548545.55961645,
					"retransmits":	4863,
					"snd_cwnd":	13144944,
					"snd_wnd":	132710400,
					"rtt":	137051,
					"rttvar":	603,
					"pmtu":	1500,
					"omitted":	false,
					"sender":	true
				}],
			"sum":	{
				"start":	111.00009,
				"end":	112.00008,
				"seconds":	0.99998998641967773,
				"bytes":	74317824,
				"bits_per_second":	594548545.55961645,
				"retransmits":	4863,
				"omitted":	false,
				"sender":	true
			}
		}, {
			"streams":	[{
					"socket":	7,
					"start":	112.00008,
					"end":	113.001073,
					"seconds":	1.000993013381958,
					"bytes":	84279296,
					"bits_per_second":	673565508.43649721,
					"retransmits":	4797,
					"snd_cwnd":	12594704,
					"snd_wnd":	125820928,
					"rtt":	126746,
					"rttvar":	247,
					"pmtu":	1500,
					"omitted":	false,
					"sender":	true
				}],
			"sum":	{
				"start":	112.00008,
				"end":	113.001073,
				"seconds":	1.000993013381958,
				"bytes":	84279296,
				"bits_per_second":	673565508.43649721,
				"retransmits":	4797,
				"omitted":	false,
				"sender":	true
			}
		}, {
			"streams":	[{
					"socket":	7,
					"start":	113.001073,
					"end":	114.000343,
					"seconds":	0.99927002191543579,
					"bytes":	78118912,
					"bits_per_second":	625407830.009822,
					"retransmits":	3886,
					"snd_cwnd":	14317824,
					"snd_wnd":	132431872,
					"rtt":	126300,
					"rttvar":	203,
					"pmtu":	1500,
					"omitted":	false,
					"sender":	true
				}],
			"sum":	{
				"start":	113.001073,
				"end":	114.000343,
				"seconds":	0.99927002191543579,
				"bytes":	78118912,
				"bits_per_second":	625407830.009822,
				"retransmits":	3886,
				"omitted":	false,
				"sender":	true
			}
		}, {
			"streams":	[{
					"socket":	7,
					"start":	114.000343,
					"end":	115.0002,
					"seconds":	0.999857008457184,
					"bytes":	81133568,
					"bits_per_second":	649161368.58563066,
					"retransmits":	1037,
					"snd_cwnd":	14062976,
					"snd_wnd":	141410304,
					"rtt":	112728,
					"rttvar":	645,
					"pmtu":	1500,
					"omitted":	false,
					"sender":	true
				}],
			"sum":	{
				"start":	114.000343,
				"end":	115.0002,
				"seconds":	0.999857008457184,
				"bytes":	81133568,
				"bits_per_second":	649161368.58563066,
				"retransmits":	1037,
				"omitted":	false,
				"sender":	true
			}
		}, {
			"streams":	[{
					"socket":	7,
					"start":	115.0002,
					"end":	116.000152,
					"seconds":	0.99995201826095581,
					"bytes":	114819072,
					"bits_per_second":	918596651.86483669,
					"retransmits":	5123,
					"snd_cwnd":	15244544,
					"snd_wnd":	141410304,
					"rtt":	126048,
					"rttvar":	405,
					"pmtu":	1500,
					"omitted":	false,
					"sender":	true
				}],
			"sum":	{
				"start":	115.0002,
				"end":	116.000152,
				"seconds":	0.99995201826095581,
				"bytes":	114819072,
				"bits_per_second":	918596651.86483669,
				"retransmits":	5123,
				"omitted":	false,
				"sender":	true
			}
		}, {
			"streams":	[{
					"socket":	7,
					"start":	116.000152,
					"end":	117.000607,
					"seconds":	1.0004550218582153,
					"bytes":	72744960,
					"bits_per_second":	581694996.06197727,
					"retransmits":	5768,
					"snd_cwnd":	14613216,
					"snd_wnd":	131289088,
					"rtt":	126646,
					"rttvar":	302,
					"pmtu":	1500,
					"omitted":	false,
					"sender":	true
				}],
			"sum":	{
				"start":	116.000152,
				"end":	117.000607,
				"seconds":	1.0004550218582153,
				"bytes":	72744960,
				"bits_per_second":	581694996.06197727,
				"retransmits":	5768,
				"omitted":	false,
				"sender":	true
			}
		}, {
			"streams":	[{
					"socket":	7,
					"start":	117.000607,
					"end":	118.000431,
					"seconds":	0.99982398748397827,
					"bytes":	84410368,
					"bits_per_second":	675401823.17422259,
					"retransmits":	5920,
					"snd_cwnd":	14584256,
					"snd_wnd":	132157440,
					"rtt":	120541,
					"rttvar":	666,
					"pmtu":	1500,
					"omitted":	false,
					"sender":	true
				}],
			"sum":	{
				"start":	117.000607,
				"end":	118.000431,
				"seconds":	0.99982398748397827,
				"bytes":	84410368,
				"bits_per_second":	675401823.17422259,
				"retransmits":	5920,
				"omitted":	false,
				"sender":	true
			}
		}, {
			"streams":	[{
					"socket":	7,
					"start":	118.000431,
					"end":	119.000251,
					"seconds":	0.99981999397277832,
					"bytes":	120848384,
					"bits_per_second":	966961130.83163881,
					"retransmits":	3790,
					"snd_cwnd":	14042704,
					"snd_wnd":	131796992,
					"rtt":	126575,
					"rttvar":	49,
					"pmtu":	1500,
					"omitted":	false,
					"sender":	true
				}],
			"sum":	{
				"start":	118.000431,
				"end":	119.000251,
				"seconds":	0.99981999397277832,
				"bytes":	120848384,
				"bits_per_second":	966961130.83163881,
				"retransmits":	3790,
				"omitted":	false,
				"sender":	true
			}
		}, {
			"streams":	[{
					"socket":	7,
					"start":	119.000251,
					"end":	120.001504,
					"seconds":	1.0012530088424683,
					"bytes":	73138176,
					"bits_per_second":	584373183.2341063,
					"retransmits":	5099,
					"snd_cwnd":	13260784,
					"snd_wnd":	132894720,
					"rtt":	126502,
					"rttvar":	152,
					"pmtu":	1500,
					"omitted":	false,
					"sender":	true
				}],
			"sum":	{
				"start":	119.000251,
				"end":	120.001504,
				"seconds":	1.0012530088424683,
				"bytes":	73138176,
				"bits_per_second":	584373183.2341063,
				"retransmits":	5099,
				"omitted":	false,
				"sender":	true
			}
		}],
	"end":	{
		"streams":	[{
				"sender":	{
					"socket":	7,
					"start":	0,
					"end":	120.001504,
					"seconds":	120.001504,
					"bytes":	9178054656,
					"bits_per_second":	611862641.721557,
					"retransmits":	375246,
					"max_snd_cwnd":	17129840,
					"max_snd_wnd":	141410304,
					"max_rtt":	143988,
					"min_rtt":	60929,
					"mean_rtt":	123315,
					"sender":	true
				},
				"receiver":	{
					"socket":	7,
					"start":	0,
					"end":	120.130653,
					"seconds":	120.001504,
					"bytes":	9113960448,
					"bits_per_second":	606936545.86227882,
					"sender":	true
				}
			}],
		"sum_sent":	{
			"start":	0,
			"end":	120.001504,
			"seconds":	120.001504,
			"bytes":	9178054656,
			"bits_per_second":	611862641.721557,
			"retransmits":	375246,
			"sender":	true
		},
		"sum_received":	{
			"start":	0,
			"end":	120.130653,
			"seconds":	120.130653,
			"bytes":	9113960448,
			"bits_per_second":	606936545.86227882,
			"sender":	true
		},
		"cpu_utilization_percent":	{
			"host_total":	1.8092601473833636,
			"host_user":	0.016022823259378208,
			"host_system":	1.7932456398927519,
			"remote_total":	4.6535311033149345,
			"remote_user":	0.0508546243994914,
			"remote_system":	4.6026764789154422
		},
		"sender_tcp_congestion":	"bbr",
		"receiver_tcp_congestion":	"cubic"
	}
}
