{
	"start":	{
		"connected":	[{
				"socket":	7,
				"local_host":	"172.16.0.16",
				"local_port":	50088,
				"remote_host":	"172.17.0.16",
				"remote_port":	5201
			}],
		"version":	"iperf 3.16",
		"system_info":	"Linux h1 6.8.0-63-generic #66-Ubuntu SMP PREEMPT_DYNAMIC Fri Jun 13 20:25:30 UTC 2025 x86_64",
		"timestamp":	{
			"time":	"Fri, 30 Jan 2026 05:09:52 GMT",
			"timesecs":	1769749792
		},
		"connecting_to":	{
			"host":	"172.17.0.16",
			"port":	5201
		},
		"cookie":	"qbqxs3zcbvgdywwazvjo226eejhgw6otutco",
		"tcp_mss_default":	1448,
		"target_bitrate":	0,
		"fq_rate":	0,
		"sock_bufsize":	0,
		"sndbuf_actual":	1000000,
		"rcvbuf_actual":	1000000,
		"test_start":	{
			"protocol":	"TCP",
			"num_streams":	1,
			"blksize":	131072,
			"omit":	0,
			"duration":	120,
			"bytes":	0,
			"blocks":	0,
			"reverse":	0,
			"tos":	0,
			"target_bitrate":	0,
			"bidir":	0,
			"fqrate":	0
		}
	},
	"intervals":	[{
			"streams":	[{
					"socket":	7,
					"start":	0,
					"end":	1.001061,
					"seconds":	1.001060962677002,
					"bytes":	83230720,
					"bits_per_second":	665140071.20946836,
					"retransmits":	1558,
					"snd_cwnd":	7281992,
					"snd_wnd":	16646144,
					"rtt":	128540,
					"rttvar":	893,
					"pmtu":	1500,
					"omitted":	false,
					"sender":	true
				}],
			"sum":	{
				"start":	0,
				"end":	1.001061,
				"seconds":	1.001060962677002,
				"bytes":	83230720,
				"bits_per_second":	665140071.20946836,
				"retransmits":	1558,
				"omitted":	false,
				"sender":	true
			}
		}, {
			"streams":	[{
					"socket":	7,
					"start":	1.001061,
					"end":	2.001051,
					"seconds":	0.99998998641967773,
					"bytes":	66846720,
					"bits_per_second":	534779115.05362326,
					"retransmits":	6142,
					"snd_cwnd":	11830160,
					"snd_wnd":	81731584,
					"rtt":	130250,
					"rttvar":	131,
					"pmtu":	1500,
					"omitted":	false,
					"sender":	true
				}],
			"sum":	{
				"start":	1.001061,
				"end":	2.001051,
				"seconds":	0.99998998641967773,
				"bytes":	66846720,
				"bits_per_second":	534779115.05362326,
				"retransmits":	6142,
				"omitted":	false,
				"sender":	true
			}
		}, {
			"streams":	[{
					"socket":	7,
					"start":	2.001051,
					"end":	3.00105,
					"seconds":	0.99999898672103882,
					"bytes":	77594624,
					"bits_per_second":	620757621.00063741,
					"retransmits":	9011,
					"snd_cwnd":	8270976,
					"snd_wnd":	77107200,
					"rtt":	130263,
					"rttvar":	276,
					"pmtu":	1500,
					"omitted":	false,
					"sender":	true
				}],
			"sum":	{
				"start":	2.001051,
				"end":	3.00105,
				"seconds":	0.99999898672103882,
				"bytes":	77594624,
				"bits_per_second":	620757621.00063741,
				"retransmits":	9011,
				"omitted":	false,
				"sender":	true
			}
		}, {
			"streams":	[{
					"socket":	7,
					"start":	3.00105,
					"end":	4.001067,
					"seconds":	1.0000170469284058,
					"bytes":	41680896,
					"bits_per_second":	333441483.84689736,
					"retransmits":	3393,
					"snd_cwnd":	7793136,
					"snd_wnd":	80330752,
					"rtt":	130383,
					"rttvar":	287,
					"pmtu":	1500,
					"omitted":	false,
					"sender":	true
				}],
			"sum":	{
				"start":	3.00105,
				"end":	4.001067,
				"seconds":	1.0000170469284058,
				"bytes":	41680896,
				"bits_per_second":	333441483.84689736,
				"retransmits":	3393,
				"omitted":	false,
				"sender":	true
			}
		}, {
			"streams":	[{
					"socket":	7,
					"start":	4.001067,
					"end":	5.001052,
					"seconds":	0.9999849796295166,
					"bytes":	38141952,
					"bits_per_second":	305140199.31884313,
					"retransmits":	3790,
					"snd_cwnd":	7616480,
					"snd_wnd":	83181568,
					"rtt":	130317,
					"rttvar":	77,
					"pmtu":	1500,
					"omitted":	false,
					"sender":	true
				}],
			"sum":	{
				"start":	4.001067,
				"end":	5.001052,
				"seconds":	0.9999849796295166,
				"bytes":	38141952,
				"bits_per_second":	305140199.31884313,
				"retransmits":	3790,
				"omitted":	false,
				"sender":	true
			}
		}, {
			"streams":	[{
					"socket":	7,
					"start":	5.001052,
					"end":	6.001047,
					"seconds":	0.999994993209839,
					"bytes":	38535168,
					"bits_per_second":	308282887.507728,
					"retransmits":	4035,
					"snd_cwnd":	7578832,
					"snd_wnd":	78827520,
					"rtt":	130384,
					"rttvar":	105,
					"pmtu":	1500,
					"omitted":	false,
					"sender":	true
				}],
			"sum":	{
				"start":	5.001052,
				"end":	6.001047,
				"seconds":	0.999994993209839,
				"bytes":	38535168,
				"bits_per_second":	308282887.507728,
				"retransmits":	4035,
				"omitted":	false,
				"sender":	true
			}
		}, {
			"streams":	[{
					"socket":	7,
					"start":	6.001047,
					"end":	7.00105,
					"seconds":	1.0000029802322388,
					"bytes":	76283904,
					"bits_per_second":	610269413.25542033,
					"retransmits":	2340,
					"snd_cwnd":	7729424,
					"snd_wnd":	83156992,
					"rtt":	130441,
					"rttvar":	380,
					"pmtu":	1500,
					"omitted":	false,
					"sender":	true
				}],
			"sum":	{
				"start":	6.001047,
				"end":	7.00105,
				"seconds":	1.0000029802322388,
				"bytes":	76283904,
				"bits_per_second":	610269413.25542033,
				"retransmits":	2340,
				"omitted":	false,
				"sender":	true
			}
		}, {
			"streams":	[{
					"socket":	7,
					"start":	7.00105,
					"end":	8.001048,
					"seconds":	0.99999797344207764,
					"bytes":	38273024,
					"bits_per_second":	306184812.50125748,
					"retransmits":	1976,
					"snd_cwnd":	7729424,
					"snd_wnd":	80048128,
					"rtt":	147769,
					"rttvar":	435,
					"pmtu":	1500,
					"omitted":	false,
					"sender":	true
				}],
			"sum":	{
				"start":	7.00105,
				"end":	8.001048,
				"seconds":	0.99999797344207764,
				"bytes":	38273024,
				"bits_per_second":	306184812.50125748,
				"retransmits":	1976,
				"omitted":	false,
				"sender":	true
			}
		}, {
			"streams":	[{
					"socket":	7,
					"start":	8.001048,
					"end":	9.000518,
					"seconds":	0.99946999549865723,
					"bytes":	41811968,
					"bits_per_second":	334673122.2612769,
					"retransmits":	2259,
					"snd_cwnd":	7665712,
					"snd_wnd":	80289792,
					"rtt":	130092,
					"rttvar":	159,
					"pmtu":	1500,
					"omitted":	false,
					"sender":	true
				}],
			"sum":	{
				"start":	8.001048,
				"end":	9.000518,
				"seconds":	0.99946999549865723,
				"bytes":	41811968,
				"bits_per_second":	334673122.2612769,
				"retransmits":	2259,
				"omitted":	false,
				"sender":	true
			}
		}, {
			"streams":	[{
					"socket":	7,
					"start":	9.000518,
					"end":	10.001615,
					"seconds":	1.0010969638824463,
					"bytes":	80347136,
					"bits_per_second":	642072757.37525666,
					"retransmits":	1473,
					"snd_cwnd":	7990064,
					"snd_wnd":	78823424,
					"rtt":	129721,
					"rttvar":	298,
					"pmtu":	1500,
					"omitted":	false,
					"sender":	true
				}],
			"sum":	{
				"start":	9.000518,
				"end":	10.001615,
				"seconds":	1.0010969638824463,
				"bytes":	80347136,
				"bits_per_second":	642072757.37525666,
				"retransmits":	1473,
				"omitted":	false,
				"sender":	true
			}
		}, {
			"streams":	[{
					"socket":	7,
					"start":	10.001615,
					"end":	11.00105,
					"seconds":	0.999435007572174,
					"bytes":	43253760,
					"bits_per_second":	346225694.895935,
					"retransmits":	853,
					"snd_cwnd":	8320208,
					"snd_wnd":	85061632,
					"rtt":	76725,
					"rttvar":	892,
					"pmtu":	1500,
					"omitted":	false,
					"sender":	true
				}],
			"sum":	{
				"start":	10.001615,
				"end":	11.00105,
				"seconds":	0.999435007572174,
				"bytes":	43253760,
				"bits_per_second":	346225694.895935,
				"retransmits":	853,
				"omitted":	false,
				"sender":	true
			}
		}, {
			"streams":	[{
					"socket":	7,
					"start":	11.00105,
					"end":	12.001055,
					"seconds":	1.0000050067901611,
					"bytes":	38404096,
					"bits_per_second":	307231229.75770164,
					"retransmits":	2078,
					"snd_cwnd":	7280544,
					"snd_wnd":	85110784,
					"rtt":	130402,
					"rttvar":	171,
					"pmtu":	1500,
					"omitted":	false,
					"sender":	true
				}],
			"sum":	{
				"start":	11.00105,
				"end":	12.001055,
				"seconds":	1.0000050067901611,
				"bytes":	38404096,
				"bits_per_second":	307231229.75770164,
				"retransmits":	2078,
				"omitted":	false,
				"sender":	true
			}
		}, {
			"streams":	[{
					"socket":	7,
					"start":	12.001055,
					"end":	13.00042,
					"seconds":	0.999364972114563,
					"bytes":	39059456,
					"bits_per_second":	312674204.83912969,
					"retransmits":	3175,
					"snd_cwnd":	8450528,
					"snd_wnd":	77873152,
					"rtt":	130385,
					"rttvar":	311,
					"pmtu":	1500,
					"omitted":	false,
					"sender":	true
				}],
			"sum":	{
				"start":	12.001055,
				"end":	13.00042,
				"seconds":	0.999364972114563,
				"bytes":	39059456,
				"bits_per_second":	312674204.83912969,
				"retransmits":	3175,
				"omitted":	false,
				"sender":	true
			}
		}, {
			"streams":	[{
					"socket":	7,
					"start":	13.00042,
					"end":	14.001001,
					"seconds":	1.0005810260772705,
					"bytes":	77987840,
					"bits_per_second":	623540426.751825,
					"retransmits":	2080,
					"snd_cwnd":	8997872,
					"snd_wnd":	81358848,
					"rtt":	130221,
					"rttvar":	145,
					"pmtu":	1500,
					"omitted":	false,
					"sender":	true
				}],
			"sum":	{
				"start":	13.00042,
				"end":	14.001001,
				"seconds":	1.0005810260772705,
				"bytes":	77987840,
				"bits_per_second":	623540426.751825,
				"retransmits":	2080,
				"omitted":	false,
				"sender":	true
			}
		}, {
			"streams":	[{
					"socket":	7,
					"start":	14.001001,
					"end":	15.001037,
					"seconds":	1.0000360012054443,
					"bytes":	40108032,
					"bits_per_second":	320852704.915853,
					"retransmits":	2754,
					"snd_cwnd":	9449648,
					"snd_wnd":	82923520,
					"rtt":	129242,
					"rttvar":	335,
					"pmtu":	1500,
					"omitted":	false,
					"sender":	true
				}],
			"sum":	{
				"start":	14.001001,
				"end":	15.001037,
				"seconds":	1.0000360012054443,
				"bytes":	40108032,
				"bits_per_second":	320852704.915853,
				"retransmits":	2754,
				"omitted":	false,
				"sender":	true
			}
		}, {
			"streams":	[{
					"socket":	7,
					"start":	15.001037,
					"end":	16.001061,
					"seconds":	1.0000239610672,
					"bytes":	82706432,
					"bits_per_second":	661635602.50486672,
					"retransmits":	2928,
					"snd_cwnd":	9235344,
					"snd_wnd":	80592896,
					"rtt":	130204,
					"rttvar":	34,
					"pmtu":	1500,
					"omitted":	false,
					"sender":	true
				}],
			"sum":	{
				"start":	15.001037,
				"end":	16.001061,
				"seconds":	1.0000239610672,
				"bytes":	82706432,
				"bits_per_second":	661635602.50486672,
				"retransmits":	2928,
				"omitted":	false,
				"sender":	true
			}
		}, {
			"streams":	[{
					"socket":	7,
					"start":	16.001061,
					"end":	17.001046,
					"seconds":	0.9999849796295166,
					"bytes":	39714816,
					"bits_per_second":	317723300.321682,
					"retransmits":	2062,
					"snd_cwnd":	9119504,
					"snd_wnd":	79159296,
					"rtt":	130201,
					"rttvar":	254,
					"pmtu":	1500,
					"omitted":	false,
					"sender":	true
				}],
			"sum":	{
				"start":	16.001061,
				"end":	17.001046,
				"seconds":	0.9999849796295166,
				"bytes":	39714816,
				"bits_per_second":	317723300.321682,
				"retransmits":	2062,
				"omitted":	false,
				"sender":	true
			}
		}, {
			"streams":	[{
					"socket":	7,
					"start":	17.001046,
					"end":	18.00105,
					"seconds":	1.0000040531158447,
					"bytes":	81395712,
					"bits_per_second":	651163056.760697,
					"retransmits":	2170,
					"snd_cwnd":	8659040,
					"snd_wnd":	78999552,
					"rtt":	141320,
					"rttvar":	941,
					"pmtu":	1500,
					"omitted":	false,
					"sender":	true
				}],
			"sum":	{
				"start":	17.001046,
				"end":	18.00105,
				"seconds":	1.0000040531158447,
				"bytes":	81395712,
				"bits_per_second":	651163056.760697,
				"retransmits":	2170,
				"omitted":	false,
				"sender":	true
			}
		}, {
			"streams":	[{
					"socket":	7,
					"start":	18.00105,
					"end":	19.001091,
					"seconds":	1.0000410079956055,
					"bytes":	41549824,
					"bits_per_second":	332384961.558957,
					"retransmits":	3063,
					"snd_cwnd":	9634992,
					"snd_wnd":	78024704,
					"rtt":	128564,
					"rttvar":	206,
					"pmtu":	1500,
					"omitted":	false,
					"sender":	true
				}],
			"sum":	{
				"start":	18.00105,
				"end":	19.001091,
				"seconds":	1.0000410079956055,
				"bytes":	41549824,
				"bits_per_second":	332384961.558957,
				"retransmits":	3063,
				"omitted":	false,
				"sender":	true
			}
		}, {
			"streams":	[{
					"socket":	7,
					"start":	19.001091,
					"end":	20.001089,
					"seconds":	0.99999797344207764,
					"bytes":	82051072,
					"bits_per_second":	656409906.2526958,
					"retransmits":	3013,
					"snd_cwnd":	9501776,
					"snd_wnd":	81686528,
					"rtt":	128396,
					"rttvar":	433,
					"pmtu":	1500,
					"omitted":	false,
					"sender":	true
				}],
			"sum":	{
				"start":	19.001091,
				"end":	20.001089,
				"seconds":	0.99999797344207764,
				"bytes":	82051072,
				"bits_per_second":	656409906.2526958,
				"retransmits":	3013,
				"omitted":	false,
				"sender":	true
			}
		}, {
			"streams":	[{
					"socket":	7,
					"start":	20.001089,
					"end":	21.001049,
					"seconds":	0.99996000528335571,
					"bytes":	46530560,
					"bits_per_second":	372259368.40795767,
					"retransmits":	1760,
					"snd_cwnd":	5792,
					"snd_wnd":	80404480,
					"rtt":	111108,
					"rttvar":	4466,
					"pmtu":	1500,
					"omitted":	false,
					"sender":	true
				}],
			"sum":	{
				"start":	20.001089,
				"end":	21.001049,
				"seconds":	0.99996000528335571,
				"bytes":	46530560,
				"bits_per_second":	372259368.40795767,
				"retransmits":	1760,
				"omitted":	false,
				"sender":	true
			}
		}, {
			"streams":	[{
					"socket":	7,
					"start":	21.001049,
					"end":	22.00106,
					"seconds":	1.0000109672546387,
					"bytes":	38666240,
					"bits_per_second":	309326527.537206,
					"retransmits":	2014,
					"snd_cwnd":	7481816,
					"snd_wnd":	85110784,
					"rtt":	130585,
					"rttvar":	88,
					"pmtu":	1500,
					"omitted":	false,
					"sender":	true
				}],
			"sum":	{
				"start":	21.001049,
				"end":	22.00106,
				"seconds":	1.0000109672546387,
				"bytes":	38666240,
				"bits_per_second":	309326527.537206,
				"retransmits":	2014,
				"omitted":	false,
				"sender":	true
			}
		}, {
			"streams":	[{
					"socket":	7,
					"start":	22.00106,
					"end":	23.001069,
					"seconds":	1.0000089406967163,
					"bytes":	80740352,
					"bits_per_second":	645917041.051632,
					"retransmits":	2289,
					"snd_cwnd":	9290368,
					"snd_wnd":	79060992,
					"rtt":	129741,
					"rttvar":	285,
					"pmtu":	1500,
					"omitted":	false,
					"sender":	true
				}],
			"sum":	{
				"start":	22.00106,
				"end":	23.001069,
				"seconds":	1.0000089406967163,
				"bytes":	80740352,
				"bits_per_second":	645917041.051632,
				"retransmits":	2289,
				"omitted":	false,
				"sender":	true
			}
		}, {
			"streams":	[{
					"socket":	7,
					"start":	23.001069,
					"end":	24.00104,
					"seconds":	0.99997097253799438,
					"bytes":	38404096,
					"bits_per_second":	307241686.44637984,
					"retransmits":	2792,
					"snd_cwnd":	9490192,
					"snd_wnd":	73932800,
					"rtt":	130312,
					"rttvar":	329,
					"pmtu":	1500,
					"omitted":	false,
					"sender":	true
				}],
			"sum":	{
				"start":	23.001069,
				"end":	24.00104,
				"seconds":	0.99997097253799438,
				"bytes":	38404096,
				"bits_per_second":	307241686.44637984,
				"retransmits":	2792,
				"omitted":	false,
				"sender":	true
			}
		}, {
			"streams":	[{
					"socket":	7,
					"start":	24.00104,
					"end":	25.001085,
					"seconds":	1.0000449419021606,
					"bytes":	80871424,
					"bits_per_second":	646942317.1816777,
					"retransmits":	3670,
					"snd_cwnd":	9000768,
					"snd_wnd":	78004224,
					"rtt":	130078,
					"rttvar":	422,
					"pmtu":	1500,
					"omitted":	false,
					"sender":	true
				}],
			"sum":	{
				"start":	24.00104,
				"end":	25.001085,
				"seconds":	1.0000449419021606,
				"bytes":	80871424,
				"bits_per_second":	646942317.1816777,
				"retransmits":	3670,
				"omitted":	false,
				"sender":	true
			}
		}, {
			"streams":	[{
					"socket":	7,
					"start":	25.001085,
					"end":	26.001057,
					"seconds":	0.99997198581695557,
					"bytes":	39321600,
					"bits_per_second":	314581612.7468819,
					"retransmits":	2921,
					"snd_cwnd":	8864656,
					"snd_wnd":	79503360,
					"rtt":	130141,
					"rttvar":	217,
					"pmtu":	1500,
					"omitted":	false,
					"sender":	true
				}],
			"sum":	{
				"start":	25.001085,
				"end":	26.001057,
				"seconds":	0.99997198581695557,
				"bytes":	39321600,
				"bits_per_second":	314581612.7468819,
				"retransmits":	2921,
				"omitted":	false,
				"sender":	true
			}
		}, {
			"streams":	[{
					"socket":	7,
					"start":	26.001057,
					"end":	27.00066,
					"seconds":	0.999602973461151,
					"bytes":	83492864,
					"bits_per_second":	668208208.39220834,
					"retransmits":	2057,
					"snd_cwnd":	9055792,
					"snd_wnd":	80363520,
					"rtt":	130163,
					"rttvar":	133,
					"pmtu":	1500,
					"omitted":	false,
					"sender":	true
				}],
			"sum":	{
				"start":	26.001057,
				"end":	27.00066,
				"seconds":	0.999602973461151,
				"bytes":	83492864,
				"bits_per_second":	668208208.39220834,
				"retransmits":	2057,
				"omitted":	false,
				"sender":	true
			}
		}, {
			"streams":	[{
					"socket":	7,
					"start":	27.00066,
					"end":	28.001036,
					"seconds":	1.0003759860992432,
					"bytes":	38928384,
					"bits_per_second":	311310023.75851172,
					"retransmits":	2637,
					"snd_cwnd":	8818320,
					"snd_wnd":	78110720,
					"rtt":	129911,
					"rttvar":	147,
					"pmtu":	1500,
					"omitted":	false,
					"sender":	true
				}],
			"sum":	{
				"start":	27.00066,
				"end":	28.001036,
				"seconds":	1.0003759860992432,
				"bytes":	38928384,
				"bits_per_second":	311310023.75851172,
				"retransmits":	2637,
				"omitted":	false,
				"sender":	true
			}
		}, {
			"streams":	[{
					"socket":	7,
					"start":	28.001036,
					"end":	29.000389,
					"seconds":	0.999352991580963,
					"bytes":	80216064,
					"bits_per_second":	642143984.564247,
					"retransmits":	2319,
					"snd_cwnd":	8835696,
					"snd_wnd":	79835136,
					"rtt":	130146,
					"rttvar":	147,
					"pmtu":	1500,
					"omitted":	false,
					"sender":	true
				}],
			"sum":	{
				"start":	28.001036,
				"end":	29.000389,
				"seconds":	0.999352991580963,
				"bytes":	80216064,
				"bits_per_second":	642143984.564247,
				"retransmits":	2319,
				"omitted":	false,
				"sender":	true
			}
		}, {
			"streams":	[{
					"socket":	7,
					"start":	29.000389,
					"end":	30.001057,
					"seconds":	1.0006680488586426,
					"bytes":	39583744,
					"bits_per_second":	316458542.23205417,
					"retransmits":	2237,
					"snd_cwnd":	9021040,
					"snd_wnd":	78721024,
					"rtt":	130236,
					"rttvar":	132,
					"pmtu":	1500,
					"omitted":	false,
					"sender":	true
				}],
			"sum":	{
				"start":	29.000389,
				"end":	30.001057,
				"seconds":	1.0006680488586426,
				"bytes":	39583744,
				"bits_per_second":	316458542.23205417,
				"retransmits":	2237,
				"omitted":	false,
				"sender":	true
			}
		}, {
			"streams":	[{
					"socket":	7,
					"start":	30.001057,
					"end":	31.000198,
					"seconds":	0.999140977859497,
					"bytes":	78905344,
					"bits_per_second":	631785469.706526,
					"retransmits":	2189,
					"snd_cwnd":	9495984,
					"snd_wnd":	79921152,
					"rtt":	130120,
					"rttvar":	113,
					"pmtu":	1500,
					"omitted":	false,
					"sender":	true
				}],
			"sum":	{
				"start":	30.001057,
				"end":	31.000198,
				"seconds":	0.999140977859497,
				"bytes":	78905344,
				"bits_per_second":	631785469.706526,
				"retransmits":	2189,
				"omitted":	false,
				"sender":	true
			}
		}, {
			"streams":	[{
					"socket":	7,
					"start":	31.000198,
					"end":	32.001042,
					"seconds":	1.0008440017700195,
					"bytes":	38666240,
					"bits_per_second":	309069065.161945,
					"retransmits":	45,
					"snd_cwnd":	9090544,
					"snd_wnd":	85057536,
					"rtt":	121722,
					"rttvar":	742,
					"pmtu":	1500,
					"omitted":	false,
					"sender":	true
				}],
			"sum":	{
				"start":	31.000198,
				"end":	32.001042,
				"seconds":	1.0008440017700195,
				"bytes":	38666240,
				"bits_per_second":	309069065.161945,
				"retransmits":	45,
				"omitted":	false,
				"sender":	true
			}
		}, {
			"streams":	[{
					"socket":	7,
					"start":	32.001042,
					"end":	33.00105,
					"seconds":	1.0000079870224,
					"bytes":	40501248,
					"bits_per_second":	324007396.14566922,
					"retransmits":	2801,
					"snd_cwnd":	8210160,
					"snd_wnd":	85118976,
					"rtt":	130078,
					"rttvar":	64,
					"pmtu":	1500,
					"omitted":	false,
					"sender":	true
				}],
			"sum":	{
				"start":	32.001042,
				"end":	33.00105,
				"seconds":	1.0000079870224,
				"bytes":	40501248,
				"bits_per_second":	324007396.14566922,
				"retransmits":	2801,
				"omitted":	false,
				"sender":	true
			}
		}, {
			"streams":	[{
					"socket":	7,
					"start":	33.00105,
					"end":	34.000789,
					"seconds":	0.99973899126052856,
					"bytes":	80871424,
					"bits_per_second":	647140301.27429676,
					"retransmits":	2492,
					"snd_cwnd":	8931264,
					"snd_wnd":	73531392,
					"rtt":	130083,
					"rttvar":	179,
					"pmtu":	1500,
					"omitted":	false,
					"sender":	true
				}],
			"sum":	{
				"start":	33.00105,
				"end":	34.000789,
				"seconds":	0.99973899126052856,
				"bytes":	80871424,
				"bits_per_second":	647140301.27429676,
				"retransmits":	2492,
				"omitted":	false,
				"sender":	true
			}
		}, {
			"streams":	[{
					"socket":	7,
					"start":	34.000789,
					"end":	35.001052,
					"seconds":	1.000262975692749,
					"bytes":	41811968,
					"bits_per_second":	334407802.87637788,
					"retransmits":	2197,
					"snd_cwnd":	8873344,
					"snd_wnd":	77762560,
					"rtt":	129775,
					"rttvar":	132,
					"pmtu":	1500,
					"omitted":	false,
					"sender":	true
				}],
			"sum":	{
				"start":	34.000789,
				"end":	35.001052,
				"seconds":	1.000262975692749,
				"bytes":	41811968,
				"bits_per_second":	334407802.87637788,
				"retransmits":	2197,
				"omitted":	false,
				"sender":	true
			}
		}, {
			"streams":	[{
					"socket":	7,
					"start":	35.001052,
					"end":	36.001055,
					"seconds":	1.0000029802322388,
					"bytes":	76939264,
					"bits_per_second":	615512277.63046682,
					"retransmits":	2090,
					"snd_cwnd":	9579968,
					"snd_wnd":	77500416,
					"rtt":	129075,
					"rttvar":	788,
					"pmtu":	1500,
					"omitted":	false,
					"sender":	true
				}],
			"sum":	{
				"start":	35.001052,
				"end":	36.001055,
				"seconds":	1.0000029802322388,
				"bytes":	76939264,
				"bits_per_second":	615512277.63046682,
				"retransmits":	2090,
				"omitted":	false,
				"sender":	true
			}
		}, {
			"streams":	[{
					"socket":	7,
					"start":	36.001055,
					"end":	37.001051,
					"seconds":	0.9999960064888,
					"bytes":	45613056,
					"bits_per_second":	364905905.25581956,
					"retransmits":	2552,
					"snd_cwnd":	10199712,
					"snd_wnd":	77701120,
					"rtt":	130097,
					"rttvar":	396,
					"pmtu":	1500,
					"omitted":	false,
					"sender":	true
				}],
			"sum":	{
				"start":	36.001055,
				"end":	37.001051,
				"seconds":	0.9999960064888,
				"bytes":	45613056,
				"bits_per_second":	364905905.25581956,
				"retransmits":	2552,
				"omitted":	false,
				"sender":	true
			}
		}, {
			"streams":	[{
					"socket":	7,
					"start":	37.001051,
					"end":	38.001044,
					"seconds":	0.99999302625656128,
					"bytes":	82444288,
					"bits_per_second":	659558903.59457636,
					"retransmits":	3574,
					"snd_cwnd":	10092560,
					"snd_wnd":	70115328,
					"rtt":	129865,
					"rttvar":	125,
					"pmtu":	1500,
					"omitted":	false,
					"sender":	true
				}],
			"sum":	{
				"start":	37.001051,
				"end":	38.001044,
				"seconds":	0.99999302625656128,
				"bytes":	82444288,
				"bits_per_second":	659558903.59457636,
				"retransmits":	3574,
				"omitted":	false,
				"sender":	true
			}
		}, {
			"streams":	[{
					"socket":	7,
					"start":	38.001044,
					"end":	39.001038,
					"seconds":	0.99999397993087769,
					"bytes":	45219840,
					"bits_per_second":	361760897.82561064,
					"retransmits":	3192,
					"snd_cwnd":	10025952,
					"snd_wnd":	79667200,
					"rtt":	130466,
					"rttvar":	151,
					"pmtu":	1500,
					"omitted":	false,
					"sender":	true
				}],
			"sum":	{
				"start":	38.001044,
				"end":	39.001038,
				"seconds":	0.99999397993087769,
				"bytes":	45219840,
				"bits_per_second":	361760897.82561064,
				"retransmits":	3192,
				"omitted":	false,
				"sender":	true
			}
		}, {
			"streams":	[{
					"socket":	7,
					"start":	39.001038,
					"end":	40.001039,
					"seconds":	1.0000009536743164,
					"bytes":	91881472,
					"bits_per_second":	735051075.00066853,
					"retransmits":	2432,
					"snd_cwnd":	9785584,
					"snd_wnd":	77250560,
					"rtt":	130350,
					"rttvar":	69,
					"pmtu":	1500,
					"omitted":	false,
					"sender":	true
				}],
			"sum":	{
				"start":	39.001038,
				"end":	40.001039,
				"seconds":	1.0000009536743164,
				"bytes":	91881472,
				"bits_per_second":	735051075.00066853,
				"retransmits":	2432,
				"omitted":	false,
				"sender":	true
			}
		}, {
			"streams":	[{
					"socket":	7,
					"start":	40.001039,
					"end":	41.001043,
					"seconds":	1.0000040531158447,
					"bytes":	38404096,
					"bits_per_second":	307231522.75504714,
					"retransmits":	2874,
					"snd_cwnd":	10222880,
					"snd_wnd":	79257600,
					"rtt":	129914,
					"rttvar":	130,
					"pmtu":	1500,
					"omitted":	false,
					"sender":	true
				}],
			"sum":	{
				"start":	40.001039,
				"end":	41.001043,
				"seconds":	1.0000040531158447,
				"bytes":	38404096,
				"bits_per_second":	307231522.75504714,
				"retransmits":	2874,
				"omitted":	false,
				"sender":	true
			}
		}, {
			"streams":	[{
					"socket":	7,
					"start":	41.001043,
					"end":	42.00104,
					"seconds":	0.99999701976776123,
					"bytes":	82837504,
					"bits_per_second":	662702007.005886,
					"retransmits":	920,
					"snd_cwnd":	11265440,
					"snd_wnd":	85118976,
					"rtt":	75478,
					"rttvar":	948,
					"pmtu":	1500,
					"omitted":	false,
					"sender":	true
				}],
			"sum":	{
				"start":	41.001043,
				"end":	42.00104,
				"seconds":	0.99999701976776123,
				"bytes":	82837504,
				"bits_per_second":	662702007.005886,
				"retransmits":	920,
				"omitted":	false,
				"sender":	true
			}
		}, {
			"streams":	[{
					"socket":	7,
					"start":	42.00104,
					"end":	43.001044,
					"seconds":	1.0000040531158447,
					"bytes":	38797312,
					"bits_per_second":	310377238.00509882,
					"retransmits":	1742,
					"snd_cwnd":	11505808,
					"snd_wnd":	82739200,
					"rtt":	129984,
					"rttvar":	115,
					"pmtu":	1500,
					"omitted":	false,
					"sender":	true
				}],
			"sum":	{
				"start":	42.00104,
				"end":	43.001044,
				"seconds":	1.0000040531158447,
				"bytes":	38797312,
				"bits_per_second":	310377238.00509882,
				"retransmits":	1742,
				"omitted":	false,
				"sender":	true
			}
		}, {
			"streams":	[{
					"socket":	7,
					"start":	43.001044,
					"end":	44.000178,
					"seconds":	0.99913400411605835,
					"bytes":	90439680,
					"bits_per_second":	724144546.196385,
					"retransmits":	6938,
					"snd_cwnd":	10929504,
					"snd_wnd":	75927552,
					"rtt":	130286,
					"rttvar":	220,
					"pmtu":	1500,
					"omitted":	false,
					"sender":	true
				}],
			"sum":	{
				"start":	43.001044,
				"end":	44.000178,
				"seconds":	0.99913400411605835,
				"bytes":	90439680,
				"bits_per_second":	724144546.196385,
				"retransmits":	6938,
				"omitted":	false,
				"sender":	true
			}
		}, {
			"streams":	[{
					"socket":	7,
					"start":	44.000178,
					"end":	45.000279,
					"seconds":	1.0001009702682495,
					"bytes":	76546048,
					"bits_per_second":	612306559.2424624,
					"retransmits":	3971,
					"snd_cwnd":	10877376,
					"snd_wnd":	81231872,
					"rtt":	130034,
					"rttvar":	274,
					"pmtu":	1500,
					"omitted":	false,
					"sender":	true
				}],
			"sum":	{
				"start":	44.000178,
				"end":	45.000279,
				"seconds":	1.0001009702682495,
				"bytes":	76546048,
				"bits_per_second":	612306559.2424624,
				"retransmits":	3971,
				"omitted":	false,
				"sender":	true
			}
		}, {
			"streams":	[{
					"socket":	7,
					"start":	45.000279,
					"end":	46.000776,
					"seconds":	1.0004969835281372,
					"bytes":	76808192,
					"bits_per_second":	614160308.443068,
					"retransmits":	3389,
					"snd_cwnd":	10747056,
					"snd_wnd":	82776064,
					"rtt":	129456,
					"rttvar":	646,
					"pmtu":	1500,
					"omitted":	false,
					"sender":	true
				}],
			"sum":	{
				"start":	45.000279,
				"end":	46.000776,
				"seconds":	1.0004969835281372,
				"bytes":	76808192,
				"bits_per_second":	614160308.443068,
				"retransmits":	3389,
				"omitted":	false,
				"sender":	true
			}
		}, {
			"streams":	[{
					"socket":	7,
					"start":	46.000776,
					"end":	47.000108,
					"seconds":	0.9993320107460022,
					"bytes":	44433408,
					"bits_per_second":	355704871.03144366,
					"retransmits":	3193,
					"snd_cwnd":	10610944,
					"snd_wnd":	77099008,
					"rtt":	129863,
					"rttvar":	368,
					"pmtu":	1500,
					"omitted":	false,
					"sender":	true
				}],
			"sum":	{
				"start":	46.000776,
				"end":	47.000108,
				"seconds":	0.9993320107460022,
				"bytes":	44433408,
				"bits_per_second":	355704871.03144366,
				"retransmits":	3193,
				"omitted":	false,
				"sender":	true
			}
		}, {
			"streams":	[{
					"socket":	7,
					"start":	47.000108,
					"end":	48.000103,
					"seconds":	0.999994993209839,
					"bytes":	84148224,
					"bits_per_second":	673189162.51687551,
					"retransmits":	4490,
					"snd_cwnd":	10845520,
					"snd_wnd":	76218368,
					"rtt":	130308,
					"rttvar":	228,
					"pmtu":	1500,
					"omitted":	false,
					"sender":	true
				}],
			"sum":	{
				"start":	47.000108,
				"end":	48.000103,
				"seconds":	0.999994993209839,
				"bytes":	84148224,
				"bits_per_second":	673189162.51687551,
				"retransmits":	4490,
				"omitted":	false,
				"sender":	true
			}
		}, {
			"streams":	[{
					"socket":	7,
					"start":	48.000103,
					"end":	49.000147,
					"seconds":	1.0000439882278442,
					"bytes":	85327872,
					"bits_per_second":	682592949.945793,
					"retransmits":	4049,
					"snd_cwnd":	10631216,
					"snd_wnd":	77266944,
					"rtt":	129698,
					"rttvar":	562,
					"pmtu":	1500,
					"omitted":	false,
					"sender":	true
				}],
			"sum":	{
				"start":	48.000103,
				"end":	49.000147,
				"seconds":	1.0000439882278442,
				"bytes":	85327872,
				"bits_per_second":	682592949.945793,
				"retransmits":	4049,
				"omitted":	false,
				"sender":	true
			}
		}, {
			"streams":	[{
					"socket":	7,
					"start":	49.000147,
					"end":	50.00016,
					"seconds":	1.000012993812561,
					"bytes":	38404096,
					"bits_per_second":	307228775.92687225,
					"retransmits":	4171,
					"snd_cwnd":	10741264,
					"snd_wnd":	76603392,
					"rtt":	130083,
					"rttvar":	440,
					"pmtu":	1500,
					"omitted":	false,
					"sender":	true
				}],
			"sum":	{
				"start":	49.000147,
				"end":	50.00016,
				"seconds":	1.000012993812561,
				"bytes":	38404096,
				"bits_per_second":	307228775.92687225,
				"retransmits":	4171,
				"omitted":	false,
				"sender":	true
			}
		}, {
			"streams":	[{
					"socket":	7,
					"start":	50.00016,
					"end":	51.000066,
					"seconds":	0.99990600347518921,
					"bytes":	78249984,
					"bits_per_second":	626058719.343946,
					"retransmits":	2754,
					"snd_cwnd":	11242272,
					"snd_wnd":	77279232,
					"rtt":	130338,
					"rttvar":	217,
					"pmtu":	1500,
					"omitted":	false,
					"sender":	true
				}],
			"sum":	{
				"start":	50.00016,
				"end":	51.000066,
				"seconds":	0.99990600347518921,
				"bytes":	78249984,
				"bits_per_second":	626058719.343946,
				"retransmits":	2754,
				"omitted":	false,
				"sender":	true
			}
		}, {
			"streams":	[{
					"socket":	7,
					"start":	51.000066,
					"end":	52.001051,
					"seconds":	1.0009850263595581,
					"bytes":	82182144,
					"bits_per_second":	656810176.66276121,
					"retransmits":	1781,
					"snd_cwnd":	5792,
					"snd_wnd":	85118976,
					"rtt":	105242,
					"rttvar":	1629,
					"pmtu":	1500,
					"omitted":	false,
					"sender":	true
				}],
			"sum":	{
				"start":	51.000066,
				"end":	52.001051,
				"seconds":	1.0009850263595581,
				"bytes":	82182144,
				"bits_per_second":	656810176.66276121,
				"retransmits":	1781,
				"omitted":	false,
				"sender":	true
			}
		}, {
			"streams":	[{
					"socket":	7,
					"start":	52.001051,
					"end":	53.000225,
					"seconds":	0.99917399883270264,
					"bytes":	39059456,
					"bits_per_second":	312733966.62148291,
					"retransmits":	990,
					"snd_cwnd":	10164960,
					"snd_wnd":	85094400,
					"rtt":	130305,
					"rttvar":	93,
					"pmtu":	1500,
					"omitted":	false,
					"sender":	true
				}],
			"sum":	{
				"start":	52.001051,
				"end":	53.000225,
				"seconds":	0.99917399883270264,
				"bytes":	39059456,
				"bits_per_second":	312733966.62148291,
				"retransmits":	990,
				"omitted":	false,
				"sender":	true
			}
		}, {
			"streams":	[{
					"socket":	7,
					"start":	53.000225,
					"end":	54.000183,
					"seconds":	0.99995797872543335,
					"bytes":	77332480,
					"bits_per_second":	618685837.96746778,
					"retransmits":	3438,
					"snd_cwnd":	12296416,
					"snd_wnd":	70860800,
					"rtt":	129907,
					"rttvar":	341,
					"pmtu":	1500,
					"omitted":	false,
					"sender":	true
				}],
			"sum":	{
				"start":	53.000225,
				"end":	54.000183,
				"seconds":	0.99995797872543335,
				"bytes":	77332480,
				"bits_per_second":	618685837.96746778,
				"retransmits":	3438,
				"omitted":	false,
				"sender":	true
			}
		}, {
			"streams":	[{
					"socket":	7,
					"start":	54.000183,
					"end":	55.000048,
					"seconds":	0.99986499547958374,
					"bytes":	90308608,
					"bits_per_second":	722566413.732155,
					"retransmits":	3597,
					"snd_cwnd":	13266576,
					"snd_wnd":	75321344,
					"rtt":	129810,
					"rttvar":	251,
					"pmtu":	1500,
					"omitted":	false,
					"sender":	true
				}],
			"sum":	{
				"start":	54.000183,
				"end":	55.000048,
				"seconds":	0.99986499547958374,
				"bytes":	90308608,
				"bits_per_second":	722566413.732155,
				"retransmits":	3597,
				"omitted":	false,
				"sender":	true
			}
		}, {
			"streams":	[{
					"socket":	7,
					"start":	55.000048,
					"end":	56.000174,
					"seconds":	1.0001260042190552,
					"bytes":	78381056,
					"bits_per_second":	626969447.20443356,
					"retransmits":	3403,
					"snd_cwnd":	13648848,
					"snd_wnd":	75849728,
					"rtt":	130174,
					"rttvar":	462,
					"pmtu":	1500,
					"omitted":	false,
					"sender":	true
				}],
			"sum":	{
				"start":	55.000048,
				"end":	56.000174,
				"seconds":	1.0001260042190552,
				"bytes":	78381056,
				"bits_per_second":	626969447.20443356,
				"retransmits":	3403,
				"omitted":	false,
				"sender":	true
			}
		}, {
			"streams":	[{
					"socket":	7,
					"start":	56.000174,
					"end":	57.00009,
					"seconds":	0.99991601705551147,
					"bytes":	118751232,
					"bits_per_second":	950089647.32611048,
					"retransmits":	3891,
					"snd_cwnd":	13825504,
					"snd_wnd":	71921664,
					"rtt":	129934,
					"rttvar":	337,
					"pmtu":	1500,
					"omitted":	false,
					"sender":	true
				}],
			"sum":	{
				"start":	56.000174,
				"end":	57.00009,
				"seconds":	0.99991601705551147,
				"bytes":	118751232,
				"bits_per_second":	950089647.32611048,
				"retransmits":	3891,
				"omitted":	false,
				"sender":	true
			}
		}, {
			"streams":	[{
					"socket":	7,
					"start":	57.00009,
					"end":	58.000258,
					"seconds":	1.0001679658889771,
					"bytes":	79167488,
					"bits_per_second":	633233542.36512661,
					"retransmits":	3825,
					"snd_cwnd":	13990576,
					"snd_wnd":	73838592,
					"rtt":	129819,
					"rttvar":	661,
					"pmtu":	1500,
					"omitted":	false,
					"sender":	true
				}],
			"sum":	{
				"start":	57.00009,
				"end":	58.000258,
				"seconds":	1.0001679658889771,
				"bytes":	79167488,
				"bits_per_second":	633233542.36512661,
				"retransmits":	3825,
				"omitted":	false,
				"sender":	true
			}
		}, {
			"streams":	[{
					"socket":	7,
					"start":	58.000258,
					"end":	59.000253,
					"seconds":	0.999994993209839,
					"bytes":	79036416,
					"bits_per_second":	632294493.76585031,
					"retransmits":	4076,
					"snd_cwnd":	14201984,
					"snd_wnd":	74608640,
					"rtt":	130074,
					"rttvar":	222,
					"pmtu":	1500,
					"omitted":	false,
					"sender":	true
				}],
			"sum":	{
				"start":	58.000258,
				"end":	59.000253,
				"seconds":	0.999994993209839,
				"bytes":	79036416,
				"bits_per_second":	632294493.76585031,
				"retransmits":	4076,
				"omitted":	false,
				"sender":	true
			}
		}, {
			"streams":	[{
					"socket":	7,
					"start":	59.000253,
					"end":	60.000113,
					"seconds":	0.99985998868942261,
					"bytes":	116523008,
					"bits_per_second":	932314598.588819,
					"retransmits":	3009,
					"snd_cwnd":	14792768,
					"snd_wnd":	80986112,
					"rtt":	130416,
					"rttvar":	88,
					"pmtu":	1500,
					"omitted":	false,
					"sender":	true
				}],
			"sum":	{
				"start":	59.000253,
				"end":	60.000113,
				"seconds":	0.99985998868942261,
				"bytes":	116523008,
				"bits_per_second":	932314598.588819,
				"retransmits":	3009,
				"omitted":	false,
				"sender":	true
			}
		}, {
			"streams":	[{
					"socket":	7,
					"start":	60.000113,
					"end":	61.000306,
					"seconds":	1.0001929998397827,
					"bytes":	82706432,
					"bits_per_second":	661523782.01605844,
					"retransmits":	2857,
					"snd_cwnd":	15673152,
					"snd_wnd":	67235840,
					"rtt":	130401,
					"rttvar":	93,
					"pmtu":	1500,
					"omitted":	false,
					"sender":	true
				}],
			"sum":	{
				"start":	60.000113,
				"end":	61.000306,
				"seconds":	1.0001929998397827,
				"bytes":	82706432,
				"bits_per_second":	661523782.01605844,
				"retransmits":	2857,
				"omitted":	false,
				"sender":	true
			}
		}, {
			"streams":	[{
					"socket":	7,
					"start":	61.000306,
					"end":	62.000158,
					"seconds":	0.99985200166702271,
					"bytes":	133300224,
					"bits_per_second":	1066559641.0488961,
					"retransmits":	2743,
					"snd_cwnd":	16362400,
					"snd_wnd":	77221888,
					"rtt":	130389,
					"rttvar":	88,
					"pmtu":	1500,
					"omitted":	false,
					"sender":	true
				}],
			"sum":	{
				"start":	61.000306,
				"end":	62.000158,
				"seconds":	0.99985200166702271,
				"bytes":	133300224,
				"bits_per_second":	1066559641.0488961,
				"retransmits":	2743,
				"omitted":	false,
				"sender":	true
			}
		}, {
			"streams":	[{
					"socket":	7,
					"start":	62.000158,
					"end":	63.000064,
					"seconds":	0.99990600347518921,
					"bytes":	82575360,
					"bits_per_second":	660664980.212204,
					"retransmits":	630,
					"snd_cwnd":	17378896,
					"snd_wnd":	85057536,
					"rtt":	99527,
					"rttvar":	642,
					"pmtu":	1500,
					"omitted":	false,
					"sender":	true
				}],
			"sum":	{
				"start":	62.000158,
				"end":	63.000064,
				"seconds":	0.99990600347518921,
				"bytes":	82575360,
				"bits_per_second":	660664980.212204,
				"retransmits":	630,
				"omitted":	false,
				"sender":	true
			}
		}, {
			"streams":	[{
					"socket":	7,
					"start":	63.000064,
					"end":	64.000228,
					"seconds":	1.0001640319824219,
					"bytes":	78381056,
					"bits_per_second":	626945608.8689065,
					"retransmits":	4002,
					"snd_cwnd":	17378896,
					"snd_wnd":	77266944,
					"rtt":	130308,
					"rttvar":	271,
					"pmtu":	1500,
					"omitted":	false,
					"sender":	true
				}],
			"sum":	{
				"start":	63.000064,
				"end":	64.000228,
				"seconds":	1.0001640319824219,
				"bytes":	78381056,
				"bits_per_second":	626945608.8689065,
				"retransmits":	4002,
				"omitted":	false,
				"sender":	true
			}
		}, {
			"streams":	[{
					"socket":	7,
					"start":	64.000228,
					"end":	65.000136,
					"seconds":	0.9999079704284668,
					"bytes":	113508352,
					"bits_per_second":	908150392.691527,
					"retransmits":	6431,
					"snd_cwnd":	16828656,
					"snd_wnd":	78872576,
					"rtt":	129926,
					"rttvar":	118,
					"pmtu":	1500,
					"omitted":	false,
					"sender":	true
				}],
			"sum":	{
				"start":	64.000228,
				"end":	65.000136,
				"seconds":	0.9999079704284668,
				"bytes":	113508352,
				"bits_per_second":	908150392.691527,
				"retransmits":	6431,
				"omitted":	false,
				"sender":	true
			}
		}, {
			"streams":	[{
					"socket":	7,
					"start":	65.000136,
					"end":	66.000121,
					"seconds":	0.9999849796295166,
					"bytes":	160432128,
					"bits_per_second":	1283476302.289567,
					"retransmits":	3826,
					"snd_cwnd":	17155904,
					"snd_wnd":	91619328,
					"rtt":	130559,
					"rttvar":	415,
					"pmtu":	1500,
					"omitted":	false,
					"sender":	true
				}],
			"sum":	{
				"start":	65.000136,
				"end":	66.000121,
				"seconds":	0.9999849796295166,
				"bytes":	160432128,
				"bits_per_second":	1283476302.289567,
				"retransmits":	3826,
				"omitted":	false,
				"sender":	true
			}
		}, {
			"streams":	[{
					"socket":	7,
					"start":	66.000121,
					"end":	67.000244,
					"seconds":	1.0001230239868164,
					"bytes":	107085824,
					"bits_per_second":	856581211.964272,
					"retransmits":	3941,
					"snd_cwnd":	17879904,
					"snd_wnd":	89206784,
					"rtt":	130068,
					"rttvar":	307,
					"pmtu":	1500,
					"omitted":	false,
					"sender":	true
				}],
			"sum":	{
				"start":	66.000121,
				"end":	67.000244,
				"seconds":	1.0001230239868164,
				"bytes":	107085824,
				"bits_per_second":	856581211.964272,
				"retransmits":	3941,
				"omitted":	false,
				"sender":	true
			}
		}, {
			"streams":	[{
					"socket":	7,
					"start":	67.000244,
					"end":	68.000303,
					"seconds":	1.0000590085983276,
					"bytes":	104071168,
					"bits_per_second":	832520218.14884758,
					"retransmits":	3073,
					"snd_cwnd":	18722640,
					"snd_wnd":	87019520,
					"rtt":	129745,
					"rttvar":	506,
					"pmtu":	1500,
					"omitted":	false,
					"sender":	true
				}],
			"sum":	{
				"start":	67.000244,
				"end":	68.000303,
				"seconds":	1.0000590085983276,
				"bytes":	104071168,
				"bits_per_second":	832520218.14884758,
				"retransmits":	3073,
				"omitted":	false,
				"sender":	true
			}
		}, {
			"streams":	[{
					"socket":	7,
					"start":	68.000303,
					"end":	69.000238,
					"seconds":	0.99993497133255,
					"bytes":	134348800,
					"bits_per_second":	1074860296.7327914,
					"retransmits":	3249,
					"snd_cwnd":	18936944,
					"snd_wnd":	85868544,
					"rtt":	130031,
					"rttvar":	262,
					"pmtu":	1500,
					"omitted":	false,
					"sender":	true
				}],
			"sum":	{
				"start":	68.000303,
				"end":	69.000238,
				"seconds":	0.99993497133255,
				"bytes":	134348800,
				"bits_per_second":	1074860296.7327914,
				"retransmits":	3249,
				"omitted":	false,
				"sender":	true
			}
		}, {
			"streams":	[{
					"socket":	7,
					"start":	69.000238,
					"end":	70.000067,
					"seconds":	0.9998289942741394,
					"bytes":	169738240,
					"bits_per_second":	1358138169.4034779,
					"retransmits":	3403,
					"snd_cwnd":	18415664,
					"snd_wnd":	98033664,
					"rtt":	130146,
					"rttvar":	110,
					"pmtu":	1500,
					"omitted":	false,
					"sender":	true
				}],
			"sum":	{
				"start":	69.000238,
				"end":	70.000067,
				"seconds":	0.9998289942741394,
				"bytes":	169738240,
				"bits_per_second":	1358138169.4034779,
				"retransmits":	3403,
				"omitted":	false,
				"sender":	true
			}
		}, {
			"streams":	[{
					"socket":	7,
					"start":	70.000067,
					"end":	71.000666,
					"seconds":	1.0005990266799927,
					"bytes":	65929216,
					"bits_per_second":	527117970.27230328,
					"retransmits":	2929,
					"snd_cwnd":	18777664,
					"snd_wnd":	129642496,
					"rtt":	130515,
					"rttvar":	155,
					"pmtu":	1500,
					"omitted":	false,
					"sender":	true
				}],
			"sum":	{
				"start":	70.000067,
				"end":	71.000666,
				"seconds":	1.0005990266799927,
				"bytes":	65929216,
				"bits_per_second":	527117970.27230328,
				"retransmits":	2929,
				"omitted":	false,
				"sender":	true
			}
		}, {
			"streams":	[{
					"socket":	7,
					"start":	71.000666,
					"end":	72.000137,
					"seconds":	0.99947100877761841,
					"bytes":	171573248,
					"bits_per_second":	1373312454.2338769,
					"retransmits":	4021,
					"snd_cwnd":	18728432,
					"snd_wnd":	131092480,
					"rtt":	130586,
					"rttvar":	198,
					"pmtu":	1500,
					"omitted":	false,
					"sender":	true
				}],
			"sum":	{
				"start":	71.000666,
				"end":	72.000137,
				"seconds":	0.99947100877761841,
				"bytes":	171573248,
				"bits_per_second":	1373312454.2338769,
				"retransmits":	4021,
				"omitted":	false,
				"sender":	true
			}
		}, {
			"streams":	[{
					"socket":	7,
					"start":	72.000137,
					"end":	73.000104,
					"seconds":	0.99996697902679443,
					"bytes":	123731968,
					"bits_per_second":	989888431.079359,
					"retransmits":	2463,
					"snd_cwnd":	18641552,
					"snd_wnd":	141406208,
					"rtt":	81880,
					"rttvar":	7699,
					"pmtu":	1500,
					"omitted":	false,
					"sender":	true
				}],
			"sum":	{
				"start":	72.000137,
				"end":	73.000104,
				"seconds":	0.99996697902679443,
				"bytes":	123731968,
				"bits_per_second":	989888431.079359,
				"retransmits":	2463,
				"omitted":	false,
				"sender":	true
			}
		}, {
			"streams":	[{
					"socket":	7,
					"start":	73.000104,
					"end":	74.000059,
					"seconds":	0.99995499849319458,
					"bytes":	115081216,
					"bits_per_second":	920691160.48952448,
					"retransmits":	1844,
					"snd_cwnd":	18766080,
					"snd_wnd":	141402112,
					"rtt":	130392,
					"rttvar":	89,
					"pmtu":	1500,
					"omitted":	false,
					"sender":	true
				}],
			"sum":	{
				"start":	73.000104,
				"end":	74.000059,
				"seconds":	0.99995499849319458,
				"bytes":	115081216,
				"bits_per_second":	920691160.48952448,
				"retransmits":	1844,
				"omitted":	false,
				"sender":	true
			}
		}, {
			"streams":	[{
					"socket":	7,
					"start":	74.000059,
					"end":	75.000216,
					"seconds":	1.0001569986343384,
					"bytes":	114425856,
					"bits_per_second":	915263152.934929,
					"retransmits":	7154,
					"snd_cwnd":	19139664,
					"snd_wnd":	125366272,
					"rtt":	130133,
					"rttvar":	93,
					"pmtu":	1500,
					"omitted":	false,
					"sender":	true
				}],
			"sum":	{
				"start":	74.000059,
				"end":	75.000216,
				"seconds":	1.0001569986343384,
				"bytes":	114425856,
				"bits_per_second":	915263152.934929,
				"retransmits":	7154,
				"omitted":	false,
				"sender":	true
			}
		}, {
			"streams":	[{
					"socket":	7,
					"start":	75.000216,
					"end":	76.000397,
					"seconds":	1.0001809597015381,
					"bytes":	119406592,
					"bits_per_second":	955079905.02544153,
					"retransmits":	5445,
					"snd_cwnd":	18085520,
					"snd_wnd":	128696320,
					"rtt":	130163,
					"rttvar":	51,
					"pmtu":	1500,
					"omitted":	false,
					"sender":	true
				}],
			"sum":	{
				"start":	75.000216,
				"end":	76.000397,
				"seconds":	1.0001809597015381,
				"bytes":	119406592,
				"bits_per_second":	955079905.02544153,
				"retransmits":	5445,
				"omitted":	false,
				"sender":	true
			}
		}, {
			"streams":	[{
					"socket":	7,
					"start":	76.000397,
					"end":	77.000206,
					"seconds":	0.99980902671813965,
					"bytes":	112852992,
					"bits_per_second":	902996384.18299544,
					"retransmits":	2891,
					"snd_cwnd":	18013120,
					"snd_wnd":	130306048,
					"rtt":	130135,
					"rttvar":	264,
					"pmtu":	1500,
					"omitted":	false,
					"sender":	true
				}],
			"sum":	{
				"start":	76.000397,
				"end":	77.000206,
				"seconds":	0.99980902671813965,
				"bytes":	112852992,
				"bits_per_second":	902996384.18299544,
				"retransmits":	2891,
				"omitted":	false,
				"sender":	true
			}
		}, {
			"streams":	[{
					"socket":	7,
					"start":	77.000206,
					"end":	78.000135,
					"seconds":	0.99992901086807251,
					"bytes":	126615552,
					"bits_per_second":	1012996327.7299513,
					"retransmits":	3411,
					"snd_cwnd":	17984160,
					"snd_wnd":	128294912,
					"rtt":	130176,
					"rttvar":	256,
					"pmtu":	1500,
					"omitted":	false,
					"sender":	true
				}],
			"sum":	{
				"start":	77.000206,
				"end":	78.000135,
				"seconds":	0.99992901086807251,
				"bytes":	126615552,
				"bits_per_second":	1012996327.7299513,
				"retransmits":	3411,
				"omitted":	false,
				"sender":	true
			}
		}, {
			"streams":	[{
					"socket":	7,
					"start":	78.000135,
					"end":	79.000109,
					"seconds":	0.999974012374878,
					"bytes":	106299392,
					"bits_per_second":	850417236.324335,
					"retransmits":	4532,
					"snd_cwnd":	17625056,
					"snd_wnd":	129728512,
					"rtt":	130269,
					"rttvar":	141,
					"pmtu":	1500,
					"omitted":	false,
					"sender":	true
				}],
			"sum":	{
				"start":	78.000135,
				"end":	79.000109,
				"seconds":	0.999974012374878,
				"bytes":	106299392,
				"bits_per_second":	850417236.324335,
				"retransmits":	4532,
				"omitted":	false,
				"sender":	true
			}
		}, {
			"streams":	[{
					"socket":	7,
					"start":	79.000109,
					"end":	80.00023,
					"seconds":	1.000120997428894,
					"bytes":	124780544,
					"bits_per_second":	998123581.61290634,
					"retransmits":	4967,
					"snd_cwnd":	17306496,
					"snd_wnd":	125788160,
					"rtt":	129727,
					"rttvar":	434,
					"pmtu":	1500,
					"omitted":	false,
					"sender":	true
				}],
			"sum":	{
				"start":	79.000109,
				"end":	80.00023,
				"seconds":	1.000120997428894,
				"bytes":	124780544,
				"bits_per_second":	998123581.61290634,
				"retransmits":	4967,
				"omitted":	false,
				"sender":	true
			}
		}, {
			"streams":	[{
					"socket":	7,
					"start":	80.00023,
					"end":	81.000359,
					"seconds":	1.0001289844512939,
					"bytes":	111804416,
					"bits_per_second":	894319974.62879133,
					"retransmits":	2910,
					"snd_cwnd":	17355728,
					"snd_wnd":	128319488,
					"rtt":	130004,
					"rttvar":	307,
					"pmtu":	1500,
					"omitted":	false,
					"sender":	true
				}],
			"sum":	{
				"start":	80.00023,
				"end":	81.000359,
				"seconds":	1.0001289844512939,
				"bytes":	111804416,
				"bits_per_second":	894319974.62879133,
				"retransmits":	2910,
				"omitted":	false,
				"sender":	true
			}
		}, {
			"streams":	[{
					"socket":	7,
					"start":	81.000359,
					"end":	82.000102,
					"seconds":	0.99974298477172852,
					"bytes":	107347968,
					"bits_per_second":	859004521.24311352,
					"retransmits":	3958,
					"snd_cwnd":	17129840,
					"snd_wnd":	124997632,
					"rtt":	130221,
					"rttvar":	130,
					"pmtu":	1500,
					"omitted":	false,
					"sender":	true
				}],
			"sum":	{
				"start":	81.000359,
				"end":	82.000102,
				"seconds":	0.99974298477172852,
				"bytes":	107347968,
				"bits_per_second":	859004521.24311352,
				"retransmits":	3958,
				"omitted":	false,
				"sender":	true
			}
		}, {
			"streams":	[{
					"socket":	7,
					"start":	82.000102,
					"end":	83.000599,
					"seconds":	1.0004969835281372,
					"bytes":	111935488,
					"bits_per_second":	895039084.318055,
					"retransmits":	3514,
					"snd_cwnd":	5792,
					"snd_wnd":	126955520,
					"rtt":	128606,
					"rttvar":	287,
					"pmtu":	1500,
					"omitted":	false,
					"sender":	true
				}],
			"sum":	{
				"start":	82.000102,
				"end":	83.000599,
				"seconds":	1.0004969835281372,
				"bytes":	111935488,
				"bits_per_second":	895039084.318055,
				"retransmits":	3514,
				"omitted":	false,
				"sender":	true
			}
		}, {
			"streams":	[{
					"socket":	7,
					"start":	83.000599,
					"end":	84.00059,
					"seconds":	0.999990999698639,
					"bytes":	114163712,
					"bits_per_second":	913317916.13648367,
					"retransmits":	220,
					"snd_cwnd":	18214392,
					"snd_wnd":	141402112,
					"rtt":	130853,
					"rttvar":	98,
					"pmtu":	1500,
					"omitted":	false,
					"sender":	true
				}],
			"sum":	{
				"start":	83.000599,
				"end":	84.00059,
				"seconds":	0.999990999698639,
				"bytes":	114163712,
				"bits_per_second":	913317916.13648367,
				"retransmits":	220,
				"omitted":	false,
				"sender":	true
			}
		}, {
			"streams":	[{
					"socket":	7,
					"start":	84.00059,
					"end":	85.000138,
					"seconds":	0.99954801797866821,
					"bytes":	111411200,
					"bits_per_second":	891692629.03687871,
					"retransmits":	7236,
					"snd_cwnd":	19177312,
					"snd_wnd":	136728576,
					"rtt":	130261,
					"rttvar":	195,
					"pmtu":	1500,
					"omitted":	false,
					"sender":	true
				}],
			"sum":	{
				"start":	84.00059,
				"end":	85.000138,
				"seconds":	0.99954801797866821,
				"bytes":	111411200,
				"bits_per_second":	891692629.03687871,
				"retransmits":	7236,
				"omitted":	false,
				"sender":	true
			}
		}, {
			"streams":	[{
					"socket":	7,
					"start":	85.000138,
					"end":	86.000133,
					"seconds":	0.999994993209839,
					"bytes":	113377280,
					"bits_per_second":	907022781.272737,
					"retransmits":	7163,
					"snd_cwnd":	18963008,
					"snd_wnd":	122781696,
					"rtt":	130384,
					"rttvar":	165,
					"pmtu":	1500,
					"omitted":	false,
					"sender":	true
				}],
			"sum":	{
				"start":	85.000138,
				"end":	86.000133,
				"seconds":	0.999994993209839,
				"bytes":	113377280,
				"bits_per_second":	907022781.272737,
				"retransmits":	7163,
				"omitted":	false,
				"sender":	true
			}
		}, {
			"streams":	[{
					"socket":	7,
					"start":	86.000133,
					"end":	87.000178,
					"seconds":	1.0000449419021606,
					"bytes":	117047296,
					"bits_per_second":	936336287.26618826,
					"retransmits":	5464,
					"snd_cwnd":	18181088,
					"snd_wnd":	129503232,
					"rtt":	130266,
					"rttvar":	124,
					"pmtu":	1500,
					"omitted":	false,
					"sender":	true
				}],
			"sum":	{
				"start":	86.000133,
				"end":	87.000178,
				"seconds":	1.0000449419021606,
				"bytes":	117047296,
				"bits_per_second":	936336287.26618826,
				"retransmits":	5464,
				"omitted":	false,
				"sender":	true
			}
		}, {
			"streams":	[{
					"socket":	7,
					"start":	87.000178,
					"end":	88.0001,
					"seconds":	0.999921977519989,
					"bytes":	184418304,
					"bits_per_second":	1475461551.169383,
					"retransmits":	4579,
					"snd_cwnd":	18215840,
					"snd_wnd":	133644288,
					"rtt":	130499,
					"rttvar":	212,
					"pmtu":	1500,
					"omitted":	false,
					"sender":	true
				}],
			"sum":	{
				"start":	87.000178,
				"end":	88.0001,
				"seconds":	0.999921977519989,
				"bytes":	184418304,
				"bits_per_second":	1475461551.169383,
				"retransmits":	4579,
				"omitted":	false,
				"sender":	true
			}
		}, {
			"streams":	[{
					"socket":	7,
					"start":	88.0001,
					"end":	89.000053,
					"seconds":	0.99995297193527222,
					"bytes":	118620160,
					"bits_per_second":	949005909.91135836,
					"retransmits":	3961,
					"snd_cwnd":	17532384,
					"snd_wnd":	130301952,
					"rtt":	130120,
					"rttvar":	369,
					"pmtu":	1500,
					"omitted":	false,
					"sender":	true
				}],
			"sum":	{
				"start":	88.0001,
				"end":	89.000053,
				"seconds":	0.99995297193527222,
				"bytes":	118620160,
				"bits_per_second":	949005909.91135836,
				"retransmits":	3961,
				"omitted":	false,
				"sender":	true
			}
		}, {
			"streams":	[{
					"socket":	7,
					"start":	89.000053,
					"end":	90.000318,
					"seconds":	1.0002650022506714,
					"bytes":	133955584,
					"bits_per_second":	1071360758.9875873,
					"retransmits":	3506,
					"snd_cwnd":	16355160,
					"snd_wnd":	139247616,
					"rtt":	130171,
					"rttvar":	78,
					"pmtu":	1500,
					"omitted":	false,
					"sender":	true
				}],
			"sum":	{
				"start":	89.000053,
				"end":	90.000318,
				"seconds":	1.0002650022506714,
				"bytes":	133955584,
				"bits_per_second":	1071360758.9875873,
				"retransmits":	3506,
				"omitted":	false,
				"sender":	true
			}
		}, {
			"streams":	[{
					"socket":	7,
					"start":	90.000318,
					"end":	91.000098,
					"seconds":	0.999779999256134,
					"bytes":	114688000,
					"bits_per_second":	917705895.97976577,
					"retransmits":	3861,
					"snd_cwnd":	17529488,
					"snd_wnd":	134537216,
					"rtt":	130306,
					"rttvar":	183,
					"pmtu":	1500,
					"omitted":	false,
					"sender":	true
				}],
			"sum":	{
				"start":	90.000318,
				"end":	91.000098,
				"seconds":	0.999779999256134,
				"bytes":	114688000,
				"bits_per_second":	917705895.97976577,
				"retransmits":	3861,
				"omitted":	false,
				"sender":	true
			}
		}, {
			"streams":	[{
					"socket":	7,
					"start":	91.000098,
					"end":	92.000248,
					"seconds":	1.0001499652862549,
					"bytes":	114819072,
					"bits_per_second":	918414845.65477061,
					"retransmits":	3672,
					"snd_cwnd":	17639536,
					"snd_wnd":	128684032,
					"rtt":	130047,
					"rttvar":	438,
					"pmtu":	1500,
					"omitted":	false,
					"sender":	true
				}],
			"sum":	{
				"start":	91.000098,
				"end":	92.000248,
				"seconds":	1.0001499652862549,
				"bytes":	114819072,
				"bits_per_second":	918414845.65477061,
				"retransmits":	3672,
				"omitted":	false,
				"sender":	true
			}
		}, {
			"streams":	[{
					"socket":	7,
					"start":	92.000248,
					"end":	93.000056,
					"seconds":	0.99980801343917847,
					"bytes":	113115136,
					"bits_per_second":	905094854.048246,
					"retransmits":	4983,
					"snd_cwnd":	17329664,
					"snd_wnd":	128589824,
					"rtt":	129800,
					"rttvar":	561,
					"pmtu":	1500,
					"omitted":	false,
					"sender":	true
				}],
			"sum":	{
				"start":	92.000248,
				"end":	93.000056,
				"seconds":	0.99980801343917847,
				"bytes":	113115136,
				"bits_per_second":	905094854.048246,
				"retransmits":	4983,
				"omitted":	false,
				"sender":	true
			}
		}, {
			"streams":	[{
					"socket":	7,
					"start":	93.000056,
					"end":	94.000615,
					"seconds":	1.0005589723587036,
					"bytes":	71041024,
					"bits_per_second":	568010689.72499549,
					"retransmits":	1980,
					"snd_cwnd":	19197584,
					"snd_wnd":	141365248,
					"rtt":	86206,
					"rttvar":	239,
					"pmtu":	1500,
					"omitted":	false,
					"sender":	true
				}],
			"sum":	{
				"start":	93.000056,
				"end":	94.000615,
				"seconds":	1.0005589723587036,
				"bytes":	71041024,
				"bits_per_second":	568010689.72499549,
				"retransmits":	1980,
				"omitted":	false,
				"sender":	true
			}
		}, {
			"streams":	[{
					"socket":	7,
					"start":	94.000615,
					"end":	95.000445,
					"seconds":	0.99983000755310059,
					"bytes":	112721920,
					"bits_per_second":	901928681.06342268,
					"retransmits":	3059,
					"snd_cwnd":	18570600,
					"snd_wnd":	141348864,
					"rtt":	130193,
					"rttvar":	173,
					"pmtu":	1500,
					"omitted":	false,
					"sender":	true
				}],
			"sum":	{
				"start":	94.000615,
				"end":	95.000445,
				"seconds":	0.99983000755310059,
				"bytes":	112721920,
				"bits_per_second":	901928681.06342268,
				"retransmits":	3059,
				"omitted":	false,
				"sender":	true
			}
		}, {
			"streams":	[{
					"socket":	7,
					"start":	95.000445,
					"end":	96.000414,
					"seconds":	0.9999690055847168,
					"bytes":	130678784,
					"bits_per_second":	1045462675.5043277,
					"retransmits":	7511,
					"snd_cwnd":	17879904,
					"snd_wnd":	128331776,
					"rtt":	130221,
					"rttvar":	160,
					"pmtu":	1500,
					"omitted":	false,
					"sender":	true
				}],
			"sum":	{
				"start":	95.000445,
				"end":	96.000414,
				"seconds":	0.9999690055847168,
				"bytes":	130678784,
				"bits_per_second":	1045462675.5043277,
				"retransmits":	7511,
				"omitted":	false,
				"sender":	true
			}
		}, {
			"streams":	[{
					"socket":	7,
					"start":	96.000414,
					"end":	97.000449,
					"seconds":	1.0000350475311279,
					"bytes":	123731968,
					"bits_per_second":	989821053.21582639,
					"retransmits":	4629,
					"snd_cwnd":	17367312,
					"snd_wnd":	126324736,
					"rtt":	129651,
					"rttvar":	368,
					"pmtu":	1500,
					"omitted":	false,
					"sender":	true
				}],
			"sum":	{
				"start":	96.000414,
				"end":	97.000449,
				"seconds":	1.0000350475311279,
				"bytes":	123731968,
				"bits_per_second":	989821053.21582639,
				"retransmits":	4629,
				"omitted":	false,
				"sender":	true
			}
		}, {
			"streams":	[{
					"socket":	7,
					"start":	97.000449,
					"end":	98.000211,
					"seconds":	0.999761998653412,
					"bytes":	129236992,
					"bits_per_second":	1034142063.2036059,
					"retransmits":	3446,
					"snd_cwnd":	17292016,
					"snd_wnd":	134504448,
					"rtt":	129718,
					"rttvar":	533,
					"pmtu":	1500,
					"omitted":	false,
					"sender":	true
				}],
			"sum":	{
				"start":	97.000449,
				"end":	98.000211,
				"seconds":	0.999761998653412,
				"bytes":	129236992,
				"bits_per_second":	1034142063.2036059,
				"retransmits":	3446,
				"omitted":	false,
				"sender":	true
			}
		}, {
			"streams":	[{
					"socket":	7,
					"start":	98.000211,
					"end":	99.000289,
					"seconds":	1.0000779628753662,
					"bytes":	108265472,
					"bits_per_second":	866056255.7640717,
					"retransmits":	3820,
					"snd_cwnd":	17616368,
					"snd_wnd":	134463488,
					"rtt":	129866,
					"rttvar":	328,
					"pmtu":	1500,
					"omitted":	false,
					"sender":	true
				}],
			"sum":	{
				"start":	98.000211,
				"end":	99.000289,
				"seconds":	1.0000779628753662,
				"bytes":	108265472,
				"bits_per_second":	866056255.7640717,
				"retransmits":	3820,
				"omitted":	false,
				"sender":	true
			}
		}, {
			"streams":	[{
					"socket":	7,
					"start":	99.000289,
					"end":	100.000232,
					"seconds":	0.99994301795959473,
					"bytes":	132251648,
					"bits_per_second":	1058073475.1855148,
					"retransmits":	4821,
					"snd_cwnd":	17610576,
					"snd_wnd":	129978368,
					"rtt":	130473,
					"rttvar":	179,
					"pmtu":	1500,
					"omitted":	false,
					"sender":	true
				}],
			"sum":	{
				"start":	99.000289,
				"end":	100.000232,
				"seconds":	0.99994301795959473,
				"bytes":	132251648,
				"bits_per_second":	1058073475.1855148,
				"retransmits":	4821,
				"omitted":	false,
				"sender":	true
			}
		}, {
			"streams":	[{
					"socket":	7,
					"start":	100.000232,
					"end":	101.00014,
					"seconds":	0.9999079704284668,
					"bytes":	113639424,
					"bits_per_second":	909199065.20040882,
					"retransmits":	3585,
					"snd_cwnd":	17364416,
					"snd_wnd":	129687552,
					"rtt":	130486,
					"rttvar":	189,
					"pmtu":	1500,
					"omitted":	false,
					"sender":	true
				}],
			"sum":	{
				"start":	100.000232,
				"end":	101.00014,
				"seconds":	0.9999079704284668,
				"bytes":	113639424,
				"bits_per_second":	909199065.20040882,
				"retransmits":	3585,
				"omitted":	false,
				"sender":	true
			}
		}, {
			"streams":	[{
					"socket":	7,
					"start":	101.00014,
					"end":	102.000047,
					"seconds":	0.99990701675415039,
					"bytes":	122683392,
					"bits_per_second":	981558404.48644,
					"retransmits":	2848,
					"snd_cwnd":	18091312,
					"snd_wnd":	128204800,
					"rtt":	130294,
					"rttvar":	212,
					"pmtu":	1500,
					"omitted":	false,
					"sender":	true
				}],
			"sum":	{
				"start":	101.00014,
				"end":	102.000047,
				"seconds":	0.99990701675415039,
				"bytes":	122683392,
				"bits_per_second":	981558404.48644,
				"retransmits":	2848,
				"omitted":	false,
				"sender":	true
			}
		}, {
			"streams":	[{
					"socket":	7,
					"start":	102.000047,
					"end":	103.000082,
					"seconds":	1.0000350475311279,
					"bytes":	125173760,
					"bits_per_second":	1001354984.9799938,
					"retransmits":	3677,
					"snd_cwnd":	18262176,
					"snd_wnd":	126394368,
					"rtt":	129342,
					"rttvar":	513,
					"pmtu":	1500,
					"omitted":	false,
					"sender":	true
				}],
			"sum":	{
				"start":	102.000047,
				"end":	103.000082,
				"seconds":	1.0000350475311279,
				"bytes":	125173760,
				"bits_per_second":	1001354984.9799938,
				"retransmits":	3677,
				"omitted":	false,
				"sender":	true
			}
		}, {
			"streams":	[{
					"socket":	7,
					"start":	103.000082,
					"end":	104.001043,
					"seconds":	1.0009609460830688,
					"bytes":	119799808,
					"bits_per_second":	957478378.902171,
					"retransmits":	3237,
					"snd_cwnd":	5792,
					"snd_wnd":	141410304,
					"rtt":	100542,
					"rttvar":	3219,
					"pmtu":	1500,
					"omitted":	false,
					"sender":	true
				}],
			"sum":	{
				"start":	103.000082,
				"end":	104.001043,
				"seconds":	1.0009609460830688,
				"bytes":	119799808,
				"bits_per_second":	957478378.902171,
				"retransmits":	3237,
				"omitted":	false,
				"sender":	true
			}
		}, {
			"streams":	[{
					"socket":	7,
					"start":	104.001043,
					"end":	105.00035,
					"seconds":	0.99930697679519653,
					"bytes":	52297728,
					"bits_per_second":	418671973.392762,
					"retransmits":	1035,
					"snd_cwnd":	17764064,
					"snd_wnd":	132448256,
					"rtt":	125546,
					"rttvar":	333,
					"pmtu":	1500,
					"omitted":	false,
					"sender":	true
				}],
			"sum":	{
				"start":	104.001043,
				"end":	105.00035,
				"seconds":	0.99930697679519653,
				"bytes":	52297728,
				"bits_per_second":	418671973.392762,
				"retransmits":	1035,
				"omitted":	false,
				"sender":	true
			}
		}, {
			"streams":	[{
					"socket":	7,
					"start":	105.00035,
					"end":	106.000114,
					"seconds":	0.99976402521133423,
					"bytes":	115867648,
					"bits_per_second":	927159970.37806928,
					"retransmits":	5850,
					"snd_cwnd":	18042080,
					"snd_wnd":	123678720,
					"rtt":	130379,
					"rttvar":	307,
					"pmtu":	1500,
					"omitted":	false,
					"sender":	true
				}],
			"sum":	{
				"start":	105.00035,
				"end":	106.000114,
				"seconds":	0.99976402521133423,
				"bytes":	115867648,
				"bits_per_second":	927159970.37806928,
				"retransmits":	5850,
				"omitted":	false,
				"sender":	true
			}
		}, {
			"streams":	[{
					"socket":	7,
					"start":	106.000114,
					"end":	107.000151,
					"seconds":	1.0000369548797607,
					"bytes":	114163712,
					"bits_per_second":	913275945.99722731,
					"retransmits":	5298,
					"snd_cwnd":	17205136,
					"snd_wnd":	121106432,
					"rtt":	130620,
					"rttvar":	195,
					"pmtu":	1500,
					"omitted":	false,
					"sender":	true
				}],
			"sum":	{
				"start":	106.000114,
				"end":	107.000151,
				"seconds":	1.0000369548797607,
				"bytes":	114163712,
				"bits_per_second":	913275945.99722731,
				"retransmits":	5298,
				"omitted":	false,
				"sender":	true
			}
		}, {
			"streams":	[{
					"socket":	7,
					"start":	107.000151,
					"end":	108.000348,
					"seconds":	1.0001970529556274,
					"bytes":	108920832,
					"bits_per_second":	871194984.45338571,
					"retransmits":	3505,
					"snd_cwnd":	16788112,
					"snd_wnd":	129007616,
					"rtt":	130236,
					"rttvar":	113,
					"pmtu":	1500,
					"omitted":	false,
					"sender":	true
				}],
			"sum":	{
				"start":	107.000151,
				"end":	108.000348,
				"seconds":	1.0001970529556274,
				"bytes":	108920832,
				"bits_per_second":	871194984.45338571,
				"retransmits":	3505,
				"omitted":	false,
				"sender":	true
			}
		}, {
			"streams":	[{
					"socket":	7,
					"start":	108.000348,
					"end":	109.000339,
					"seconds":	0.999990999698639,
					"bytes":	117047296,
					"bits_per_second":	936386795.76335239,
					"retransmits":	3547,
					"snd_cwnd":	16591184,
					"snd_wnd":	128139264,
					"rtt":	130331,
					"rttvar":	170,
					"pmtu":	1500,
					"omitted":	false,
					"sender":	true
				}],
			"sum":	{
				"start":	108.000348,
				"end":	109.000339,
				"seconds":	0.999990999698639,
				"bytes":	117047296,
				"bits_per_second":	936386795.76335239,
				"retransmits":	3547,
				"omitted":	false,
				"sender":	true
			}
		}, {
			"streams":	[{
					"socket":	7,
					"start":	109.000339,
					"end":	110.000114,
					"seconds":	0.999774992465973,
					"bytes":	112984064,
					"bits_per_second":	904075935.89690936,
					"retransmits":	4944,
					"snd_cwnd":	16237872,
					"snd_wnd":	125173760,
					"rtt":	130049,
					"rttvar":	180,
					"pmtu":	1500,
					"omitted":	false,
					"sender":	true
				}],
			"sum":	{
				"start":	109.000339,
				"end":	110.000114,
				"seconds":	0.999774992465973,
				"bytes":	112984064,
				"bits_per_second":	904075935.89690936,
				"retransmits":	4944,
				"omitted":	false,
				"sender":	true
			}
		}, {
			"streams":	[{
					"socket":	7,
					"start":	110.000114,
					"end":	111.000322,
					"seconds":	1.0002080202102661,
					"bytes":	108658688,
					"bits_per_second":	869088715.98256135,
					"retransmits":	5594,
					"snd_cwnd":	16669376,
					"snd_wnd":	129294336,
					"rtt":	129980,
					"rttvar":	407,
					"pmtu":	1500,
					"omitted":	false,
					"sender":	true
				}],
			"sum":	{
				"start":	110.000114,
				"end":	111.000322,
				"seconds":	1.0002080202102661,
				"bytes":	108658688,
				"bits_per_second":	869088715.98256135,
				"retransmits":	5594,
				"omitted":	false,
				"sender":	true
			}
		}, {
			"streams":	[{
					"socket":	7,
					"start":	111.000322,
					"end":	112.000153,
					"seconds":	0.99983102083206177,
					"bytes":	135004160,
					"bits_per_second":	1080215813.9694383,
					"retransmits":	5999,
					"snd_cwnd":	16078592,
					"snd_wnd":	128212992,
					"rtt":	140507,
					"rttvar":	481,
					"pmtu":	1500,
					"omitted":	false,
					"sender":	true
				}],
			"sum":	{
				"start":	111.000322,
				"end":	112.000153,
				"seconds":	0.99983102083206177,
				"bytes":	135004160,
				"bits_per_second":	1080215813.9694383,
				"retransmits":	5999,
				"omitted":	false,
				"sender":	true
			}
		}, {
			"streams":	[{
					"socket":	7,
					"start":	112.000153,
					"end":	113.000836,
					"seconds":	1.0006829500198364,
					"bytes":	73924608,
					"bits_per_second":	590993245.15150058,
					"retransmits":	7058,
					"snd_cwnd":	15036032,
					"snd_wnd":	120131584,
					"rtt":	130513,
					"rttvar":	312,
					"pmtu":	1500,
					"omitted":	false,
					"sender":	true
				}],
			"sum":	{
				"start":	112.000153,
				"end":	113.000836,
				"seconds":	1.0006829500198364,
				"bytes":	73924608,
				"bits_per_second":	590993245.15150058,
				"retransmits":	7058,
				"omitted":	false,
				"sender":	true
			}
		}, {
			"streams":	[{
					"socket":	7,
					"start":	113.000836,
					"end":	114.000079,
					"seconds":	0.99924302101135254,
					"bytes":	119930880,
					"bits_per_second":	960173871.446133,
					"retransmits":	4293,
					"snd_cwnd":	15204000,
					"snd_wnd":	131100672,
					"rtt":	130174,
					"rttvar":	100,
					"pmtu":	1500,
					"omitted":	false,
					"sender":	true
				}],
			"sum":	{
				"start":	113.000836,
				"end":	114.000079,
				"seconds":	0.99924302101135254,
				"bytes":	119930880,
				"bits_per_second":	960173871.446133,
				"retransmits":	4293,
				"omitted":	false,
				"sender":	true
			}
		}, {
			"streams":	[{
					"socket":	7,
					"start":	114.000079,
					"end":	115.000093,
					"seconds":	1.0000139474868774,
					"bytes":	50987008,
					"bits_per_second":	407890374.95434791,
					"retransmits":	988,
					"snd_cwnd":	14338096,
					"snd_wnd":	141357056,
					"rtt":	119037,
					"rttvar":	434,
					"pmtu":	1500,
					"omitted":	false,
					"sender":	true
				}],
			"sum":	{
				"start":	114.000079,
				"end":	115.000093,
				"seconds":	1.0000139474868774,
				"bytes":	50987008,
				"bits_per_second":	407890374.95434791,
				"retransmits":	988,
				"omitted":	false,
				"sender":	true
			}
		}, {
			"streams":	[{
					"socket":	7,
					"start":	115.000093,
					"end":	116.000357,
					"seconds":	1.000264048576355,
					"bytes":	109707264,
					"bits_per_second":	877426428.800619,
					"retransmits":	3528,
					"snd_cwnd":	14349680,
					"snd_wnd":	141385728,
					"rtt":	130086,
					"rttvar":	480,
					"pmtu":	1500,
					"omitted":	false,
					"sender":	true
				}],
			"sum":	{
				"start":	115.000093,
				"end":	116.000357,
				"seconds":	1.000264048576355,
				"bytes":	109707264,
				"bits_per_second":	877426428.800619,
				"retransmits":	3528,
				"omitted":	false,
				"sender":	true
			}
		}, {
			"streams":	[{
					"socket":	7,
					"start":	116.000357,
					"end":	117.000034,
					"seconds":	0.999677002429962,
					"bytes":	107347968,
					"bits_per_second":	859061218.68614936,
					"retransmits":	4537,
					"snd_cwnd":	14285968,
					"snd_wnd":	130613248,
					"rtt":	130125,
					"rttvar":	457,
					"pmtu":	1500,
					"omitted":	false,
					"sender":	true
				}],
			"sum":	{
				"start":	116.000357,
				"end":	117.000034,
				"seconds":	0.999677002429962,
				"bytes":	107347968,
				"bits_per_second":	859061218.68614936,
				"retransmits":	4537,
				"omitted":	false,
				"sender":	true
			}
		}, {
			"streams":	[{
					"socket":	7,
					"start":	117.000034,
					"end":	118.000177,
					"seconds":	1.0001430511474609,
					"bytes":	57147392,
					"bits_per_second":	457113745.354207,
					"retransmits":	5841,
					"snd_cwnd":	14193296,
					"snd_wnd":	117481472,
					"rtt":	124385,
					"rttvar":	955,
					"pmtu":	1500,
					"omitted":	false,
					"sender":	true
				}],
			"sum":	{
				"start":	117.000034,
				"end":	118.000177,
				"seconds":	1.0001430511474609,
				"bytes":	57147392,
				"bits_per_second":	457113745.354207,
				"retransmits":	5841,
				"omitted":	false,
				"sender":	true
			}
		}, {
			"streams":	[{
					"socket":	7,
					"start":	118.000177,
					"end":	119.000292,
					"seconds":	1.0001150369644165,
					"bytes":	122028032,
					"bits_per_second":	976111967.04238081,
					"retransmits":	4294,
					"snd_cwnd":	14549504,
					"snd_wnd":	132714496,
					"rtt":	129809,
					"rttvar":	368,
					"pmtu":	1500,
					"omitted":	false,
					"sender":	true
				}],
			"sum":	{
				"start":	118.000177,
				"end":	119.000292,
				"seconds":	1.0001150369644165,
				"bytes":	122028032,
				"bits_per_second":	976111967.04238081,
				"retransmits":	4294,
				"omitted":	false,
				"sender":	true
			}
		}, {
			"streams":	[{
					"socket":	7,
					"start":	119.000292,
					"end":	120.001097,
					"seconds":	1.0008050203323364,
					"bytes":	104988672,
					"bits_per_second":	839233775.74694026,
					"retransmits":	4997,
					"snd_cwnd":	14836208,
					"snd_wnd":	129687552,
					"rtt":	129812,
					"rttvar":	479,
					"pmtu":	1500,
					"omitted":	false,
					"sender":	true
				}],
			"sum":	{
				"start":	119.000292,
				"end":	120.001097,
				"seconds":	1.0008050203323364,
				"bytes":	104988672,
				"bits_per_second":	839233775.74694026,
				"retransmits":	4997,
				"omitted":	false,
				"sender":	true
			}
		}],
	"end":	{
		"streams":	[{
				"sender":	{
					"socket":	7,
					"start":	0,
					"end":	120.001097,
					"seconds":	120.001097,
					"bytes":	10647502848,
					"bits_per_second":	709827034.19786239,
					"retransmits":	417674,
					"max_snd_cwnd":	19197584,
					"max_snd_wnd":	141410304,
					"max_rtt":	147769,
					"min_rtt":	75478,
					"mean_rtt":	127618,
					"sender":	true
				},
				"receiver":	{
					"socket":	7,
					"start":	0,
					"end":	120.122809,
					"seconds":	120.001097,
					"bytes":	10500046848,
					"bits_per_second":	699287466.5793072,
					"sender":	true
				}
			}],
		"sum_sent":	{
			"start":	0,
			"end":	120.001097,
			"seconds":	120.001097,
			"bytes":	10647502848,
			"bits_per_second":	709827034.19786239,
			"retransmits":	417674,
			"sender":	true
		},
		"sum_received":	{
			"start":	0,
			"end":	120.122809,
			"seconds":	120.122809,
			"bytes":	10500046848,
			"bits_per_second":	699287466.5793072,
			"sender":	true
		},
		"cpu_utilization_percent":	{
			"host_total":	2.21757302376051,
			"host_user":	0.020964389703686963,
			"host_system":	2.1966094657130308,
			"remote_total":	4.7519193891919818,
			"remote_user":	0.0226601350201065,
			"remote_system":	4.7292600866529551
		},
		"sender_tcp_congestion":	"bbr",
		"receiver_tcp_congestion":	"cubic"
	}
}
