{
	"start":	{
		"connected":	[{
				"socket":	7,
				"local_host":	"172.16.0.1",
				"local_port":	55544,
				"remote_host":	"172.17.0.1",
				"remote_port":	5201
			}],
		"version":	"iperf 3.16",
		"system_info":	"Linux h1 6.8.0-63-generic #66-Ubuntu SMP PREEMPT_DYNAMIC Fri Jun 13 20:25:30 UTC 2025 x86_64",
		"timestamp":	{
			"time":	"Fri, 30 Jan 2026 05:09:52 GMT",
			"timesecs":	1769749792
		},
		"connecting_to":	{
			"host":	"172.17.0.1",
			"port":	5201
		},
		"cookie":	"5k2f4u3lhtdicya7wsevdtguuqaboch4sm7r",
		"tcp_mss_default":	1448,
		"target_bitrate":	0,
		"fq_rate":	0,
		"sock_bufsize":	0,
		"sndbuf_actual":	1000000,
		"rcvbuf_actual":	1000000,
		"test_start":	{
			"protocol":	"TCP",
			"num_streams":	1,
			"blksize":	131072,
			"omit":	0,
			"duration":	120,
			"bytes":	0,
			"blocks":	0,
			"reverse":	0,
			"tos":	0,
			"target_bitrate":	0,
			"bidir":	0,
			"fqrate":	0
		}
	},
	"intervals":	[{
			"streams":	[{
					"socket":	7,
					"start":	0,
					"end":	1.001065,
					"seconds":	1.0010650157928467,
					"bytes":	59768832,
					"bits_per_second":	477641959.76951921,
					"retransmits":	1302,
					"snd_cwnd":	5726840,
					"snd_wnd":	17027072,
					"rtt":	130144,
					"rttvar":	1252,
					"pmtu":	1500,
					"omitted":	false,
					"sender":	true
				}],
			"sum":	{
				"start":	0,
				"end":	1.001065,
				"seconds":	1.0010650157928467,
				"bytes":	59768832,
				"bits_per_second":	477641959.76951921,
				"retransmits":	1302,
				"omitted":	false,
				"sender":	true
			}
		}, {
			"streams":	[{
					"socket":	7,
					"start":	1.001065,
					"end":	2.001063,
					"seconds":	0.99999797344207764,
					"bytes":	79691776,
					"bits_per_second":	637535500.00261831,
					"retransmits":	8694,
					"snd_cwnd":	18997760,
					"snd_wnd":	64716800,
					"rtt":	130437,
					"rttvar":	59,
					"pmtu":	1500,
					"omitted":	false,
					"sender":	true
				}],
			"sum":	{
				"start":	1.001065,
				"end":	2.001063,
				"seconds":	0.99999797344207764,
				"bytes":	79691776,
				"bits_per_second":	637535500.00261831,
				"retransmits":	8694,
				"omitted":	false,
				"sender":	true
			}
		}, {
			"streams":	[{
					"socket":	7,
					"start":	2.001063,
					"end":	3.001076,
					"seconds":	1.000012993812561,
					"bytes":	87162880,
					"bits_per_second":	697293979.4927305,
					"retransmits":	17430,
					"snd_cwnd":	21847424,
					"snd_wnd":	119300096,
					"rtt":	129525,
					"rttvar":	85,
					"pmtu":	1500,
					"omitted":	false,
					"sender":	true
				}],
			"sum":	{
				"start":	2.001063,
				"end":	3.001076,
				"seconds":	1.000012993812561,
				"bytes":	87162880,
				"bits_per_second":	697293979.4927305,
				"retransmits":	17430,
				"omitted":	false,
				"sender":	true
			}
		}, {
			"streams":	[{
					"socket":	7,
					"start":	3.001076,
					"end":	4.000218,
					"seconds":	0.99914199113845825,
					"bytes":	158072832,
					"bits_per_second":	1265668610.8839135,
					"retransmits":	10491,
					"snd_cwnd":	19348176,
					"snd_wnd":	124473344,
					"rtt":	130626,
					"rttvar":	179,
					"pmtu":	1500,
					"omitted":	false,
					"sender":	true
				}],
			"sum":	{
				"start":	3.001076,
				"end":	4.000218,
				"seconds":	0.99914199113845825,
				"bytes":	158072832,
				"bits_per_second":	1265668610.8839135,
				"retransmits":	10491,
				"omitted":	false,
				"sender":	true
			}
		}, {
			"streams":	[{
					"socket":	7,
					"start":	4.000218,
					"end":	5.001053,
					"seconds":	1.0008349418640137,
					"bytes":	146407424,
					"bits_per_second":	1170282274.3364434,
					"retransmits":	9336,
					"snd_cwnd":	17210928,
					"snd_wnd":	117841920,
					"rtt":	130272,
					"rttvar":	227,
					"pmtu":	1500,
					"omitted":	false,
					"sender":	true
				}],
			"sum":	{
				"start":	4.000218,
				"end":	5.001053,
				"seconds":	1.0008349418640137,
				"bytes":	146407424,
				"bits_per_second":	1170282274.3364434,
				"retransmits":	9336,
				"omitted":	false,
				"sender":	true
			}
		}, {
			"streams":	[{
					"socket":	7,
					"start":	5.001053,
					"end":	6.001058,
					"seconds":	1.0000050067901611,
					"bytes":	143523840,
					"bits_per_second":	1148184971.2787826,
					"retransmits":	8580,
					"snd_cwnd":	17002416,
					"snd_wnd":	128348160,
					"rtt":	130381,
					"rttvar":	395,
					"pmtu":	1500,
					"omitted":	false,
					"sender":	true
				}],
			"sum":	{
				"start":	5.001053,
				"end":	6.001058,
				"seconds":	1.0000050067901611,
				"bytes":	143523840,
				"bits_per_second":	1148184971.2787826,
				"retransmits":	8580,
				"omitted":	false,
				"sender":	true
			}
		}, {
			"streams":	[{
					"socket":	7,
					"start":	6.001058,
					"end":	7.001063,
					"seconds":	1.0000050067901611,
					"bytes":	80347136,
					"bits_per_second":	642773869.766113,
					"retransmits":	6362,
					"snd_cwnd":	18149232,
					"snd_wnd":	135979008,
					"rtt":	130474,
					"rttvar":	207,
					"pmtu":	1500,
					"omitted":	false,
					"sender":	true
				}],
			"sum":	{
				"start":	6.001058,
				"end":	7.001063,
				"seconds":	1.0000050067901611,
				"bytes":	80347136,
				"bits_per_second":	642773869.766113,
				"retransmits":	6362,
				"omitted":	false,
				"sender":	true
			}
		}, {
			"streams":	[{
					"socket":	7,
					"start":	7.001063,
					"end":	8.001052,
					"seconds":	0.99998897314071655,
					"bytes":	141426688,
					"bits_per_second":	1131425980.0750718,
					"retransmits":	5948,
					"snd_cwnd":	16727296,
					"snd_wnd":	129716224,
					"rtt":	140115,
					"rttvar":	2046,
					"pmtu":	1500,
					"omitted":	false,
					"sender":	true
				}],
			"sum":	{
				"start":	7.001063,
				"end":	8.001052,
				"seconds":	0.99998897314071655,
				"bytes":	141426688,
				"bits_per_second":	1131425980.0750718,
				"retransmits":	5948,
				"omitted":	false,
				"sender":	true
			}
		}, {
			"streams":	[{
					"socket":	7,
					"start":	8.001052,
					"end":	9.001116,
					"seconds":	1.0000640153884888,
					"bytes":	72089600,
					"bits_per_second":	576679883.613217,
					"retransmits":	6961,
					"snd_cwnd":	17929136,
					"snd_wnd":	129880064,
					"rtt":	130307,
					"rttvar":	159,
					"pmtu":	1500,
					"omitted":	false,
					"sender":	true
				}],
			"sum":	{
				"start":	8.001052,
				"end":	9.001116,
				"seconds":	1.0000640153884888,
				"bytes":	72089600,
				"bits_per_second":	576679883.613217,
				"retransmits":	6961,
				"omitted":	false,
				"sender":	true
			}
		}, {
			"streams":	[{
					"socket":	7,
					"start":	9.001116,
					"end":	10.000322,
					"seconds":	0.999206006526947,
					"bytes":	165281792,
					"bits_per_second":	1323305031.5579152,
					"retransmits":	5145,
					"snd_cwnd":	17758272,
					"snd_wnd":	127115264,
					"rtt":	129424,
					"rttvar":	404,
					"pmtu":	1500,
					"omitted":	false,
					"sender":	true
				}],
			"sum":	{
				"start":	9.001116,
				"end":	10.000322,
				"seconds":	0.999206006526947,
				"bytes":	165281792,
				"bits_per_second":	1323305031.5579152,
				"retransmits":	5145,
				"omitted":	false,
				"sender":	true
			}
		}, {
			"streams":	[{
					"socket":	7,
					"start":	10.000322,
					"end":	11.001072,
					"seconds":	1.000749945640564,
					"bytes":	73400320,
					"bits_per_second":	586762520.006075,
					"retransmits":	1578,
					"snd_cwnd":	17236992,
					"snd_wnd":	141406208,
					"rtt":	81499,
					"rttvar":	393,
					"pmtu":	1500,
					"omitted":	false,
					"sender":	true
				}],
			"sum":	{
				"start":	10.000322,
				"end":	11.001072,
				"seconds":	1.000749945640564,
				"bytes":	73400320,
				"bits_per_second":	586762520.006075,
				"retransmits":	1578,
				"omitted":	false,
				"sender":	true
			}
		}, {
			"streams":	[{
					"socket":	7,
					"start":	11.001072,
					"end":	12.001078,
					"seconds":	1.0000059604644775,
					"bytes":	67108864,
					"bits_per_second":	536867712.01907337,
					"retransmits":	5335,
					"snd_cwnd":	15806368,
					"snd_wnd":	141357056,
					"rtt":	130351,
					"rttvar":	99,
					"pmtu":	1500,
					"omitted":	false,
					"sender":	true
				}],
			"sum":	{
				"start":	11.001072,
				"end":	12.001078,
				"seconds":	1.0000059604644775,
				"bytes":	67108864,
				"bits_per_second":	536867712.01907337,
				"retransmits":	5335,
				"omitted":	false,
				"sender":	true
			}
		}, {
			"streams":	[{
					"socket":	7,
					"start":	12.001078,
					"end":	13.000277,
					"seconds":	0.99919897317886353,
					"bytes":	141426688,
					"bits_per_second":	1132320523.1091337,
					"retransmits":	6618,
					"snd_cwnd":	17106672,
					"snd_wnd":	129257472,
					"rtt":	130146,
					"rttvar":	328,
					"pmtu":	1500,
					"omitted":	false,
					"sender":	true
				}],
			"sum":	{
				"start":	12.001078,
				"end":	13.000277,
				"seconds":	0.99919897317886353,
				"bytes":	141426688,
				"bits_per_second":	1132320523.1091337,
				"retransmits":	6618,
				"omitted":	false,
				"sender":	true
			}
		}, {
			"streams":	[{
					"socket":	7,
					"start":	13.000277,
					"end":	14.001042,
					"seconds":	1.0007649660110474,
					"bytes":	140247040,
					"bits_per_second":	1121118702.2983923,
					"retransmits":	4130,
					"snd_cwnd":	17332560,
					"snd_wnd":	131817472,
					"rtt":	129993,
					"rttvar":	150,
					"pmtu":	1500,
					"omitted":	false,
					"sender":	true
				}],
			"sum":	{
				"start":	13.000277,
				"end":	14.001042,
				"seconds":	1.0007649660110474,
				"bytes":	140247040,
				"bits_per_second":	1121118702.2983923,
				"retransmits":	4130,
				"omitted":	false,
				"sender":	true
			}
		}, {
			"streams":	[{
					"socket":	7,
					"start":	14.001042,
					"end":	15.000487,
					"seconds":	0.99944502115249634,
					"bytes":	66060288,
					"bits_per_second":	528775763.36373949,
					"retransmits":	5542,
					"snd_cwnd":	17303600,
					"snd_wnd":	126222336,
					"rtt":	129911,
					"rttvar":	94,
					"pmtu":	1500,
					"omitted":	false,
					"sender":	true
				}],
			"sum":	{
				"start":	14.001042,
				"end":	15.000487,
				"seconds":	0.99944502115249634,
				"bytes":	66060288,
				"bits_per_second":	528775763.36373949,
				"retransmits":	5542,
				"omitted":	false,
				"sender":	true
			}
		}, {
			"streams":	[{
					"socket":	7,
					"start":	15.000487,
					"end":	16.001066,
					"seconds":	1.0005789995193481,
					"bytes":	155058176,
					"bits_per_second":	1239747594.7385333,
					"retransmits":	4836,
					"snd_cwnd":	18409872,
					"snd_wnd":	136167424,
					"rtt":	130206,
					"rttvar":	199,
					"pmtu":	1500,
					"omitted":	false,
					"sender":	true
				}],
			"sum":	{
				"start":	15.000487,
				"end":	16.001066,
				"seconds":	1.0005789995193481,
				"bytes":	155058176,
				"bits_per_second":	1239747594.7385333,
				"retransmits":	4836,
				"omitted":	false,
				"sender":	true
			}
		}, {
			"streams":	[{
					"socket":	7,
					"start":	16.001066,
					"end":	17.000904,
					"seconds":	0.99983799457550049,
					"bytes":	133693440,
					"bits_per_second":	1069720820.5756333,
					"retransmits":	4708,
					"snd_cwnd":	18902192,
					"snd_wnd":	129613824,
					"rtt":	129466,
					"rttvar":	549,
					"pmtu":	1500,
					"omitted":	false,
					"sender":	true
				}],
			"sum":	{
				"start":	16.001066,
				"end":	17.000904,
				"seconds":	0.99983799457550049,
				"bytes":	133693440,
				"bits_per_second":	1069720820.5756333,
				"retransmits":	4708,
				"omitted":	false,
				"sender":	true
			}
		}, {
			"streams":	[{
					"socket":	7,
					"start":	17.000904,
					"end":	18.000506,
					"seconds":	0.99960201978683472,
					"bytes":	137101312,
					"bits_per_second":	1097247178.6660604,
					"retransmits":	5534,
					"snd_cwnd":	18589424,
					"snd_wnd":	133136384,
					"rtt":	133190,
					"rttvar":	1316,
					"pmtu":	1500,
					"omitted":	false,
					"sender":	true
				}],
			"sum":	{
				"start":	17.000904,
				"end":	18.000506,
				"seconds":	0.99960201978683472,
				"bytes":	137101312,
				"bits_per_second":	1097247178.6660604,
				"retransmits":	5534,
				"omitted":	false,
				"sender":	true
			}
		}, {
			"streams":	[{
					"socket":	7,
					"start":	18.000506,
					"end":	19.000688,
					"seconds":	1.000182032585144,
					"bytes":	83099648,
					"bits_per_second":	664676191.27461863,
					"retransmits":	5388,
					"snd_cwnd":	18036288,
					"snd_wnd":	120377344,
					"rtt":	129747,
					"rttvar":	433,
					"pmtu":	1500,
					"omitted":	false,
					"sender":	true
				}],
			"sum":	{
				"start":	18.000506,
				"end":	19.000688,
				"seconds":	1.000182032585144,
				"bytes":	83099648,
				"bits_per_second":	664676191.27461863,
				"retransmits":	5388,
				"omitted":	false,
				"sender":	true
			}
		}, {
			"streams":	[{
					"socket":	7,
					"start":	19.000688,
					"end":	20.000238,
					"seconds":	0.9995499849319458,
					"bytes":	151126016,
					"bits_per_second":	1209552444.8257735,
					"retransmits":	6767,
					"snd_cwnd":	17824880,
					"snd_wnd":	130150400,
					"rtt":	128967,
					"rttvar":	260,
					"pmtu":	1500,
					"omitted":	false,
					"sender":	true
				}],
			"sum":	{
				"start":	19.000688,
				"end":	20.000238,
				"seconds":	0.9995499849319458,
				"bytes":	151126016,
				"bits_per_second":	1209552444.8257735,
				"retransmits":	6767,
				"omitted":	false,
				"sender":	true
			}
		}, {
			"streams":	[{
					"socket":	7,
					"start":	20.000238,
					"end":	21.001055,
					"seconds":	1.0008169412612915,
					"bytes":	89260032,
					"bits_per_second":	713497370.558168,
					"retransmits":	4417,
					"snd_cwnd":	5792,
					"snd_wnd":	126345216,
					"rtt":	106598,
					"rttvar":	5121,
					"pmtu":	1500,
					"omitted":	false,
					"sender":	true
				}],
			"sum":	{
				"start":	20.000238,
				"end":	21.001055,
				"seconds":	1.0008169412612915,
				"bytes":	89260032,
				"bits_per_second":	713497370.558168,
				"retransmits":	4417,
				"omitted":	false,
				"sender":	true
			}
		}, {
			"streams":	[{
					"socket":	7,
					"start":	21.001055,
					"end":	22.001079,
					"seconds":	1.0000239610672,
					"bytes":	66453504,
					"bits_per_second":	531615293.93021774,
					"retransmits":	3589,
					"snd_cwnd":	13954376,
					"snd_wnd":	141348864,
					"rtt":	130636,
					"rttvar":	61,
					"pmtu":	1500,
					"omitted":	false,
					"sender":	true
				}],
			"sum":	{
				"start":	21.001055,
				"end":	22.001079,
				"seconds":	1.0000239610672,
				"bytes":	66453504,
				"bits_per_second":	531615293.93021774,
				"retransmits":	3589,
				"omitted":	false,
				"sender":	true
			}
		}, {
			"streams":	[{
					"socket":	7,
					"start":	22.001079,
					"end":	23.001071,
					"seconds":	0.9999920129776,
					"bytes":	67239936,
					"bits_per_second":	537923784.40931547,
					"retransmits":	6790,
					"snd_cwnd":	15227168,
					"snd_wnd":	129937408,
					"rtt":	130123,
					"rttvar":	231,
					"pmtu":	1500,
					"omitted":	false,
					"sender":	true
				}],
			"sum":	{
				"start":	22.001079,
				"end":	23.001071,
				"seconds":	0.9999920129776,
				"bytes":	67239936,
				"bits_per_second":	537923784.40931547,
				"retransmits":	6790,
				"omitted":	false,
				"sender":	true
			}
		}, {
			"streams":	[{
					"socket":	7,
					"start":	23.001071,
					"end":	24.001074,
					"seconds":	1.0000029802322388,
					"bytes":	144834560,
					"bits_per_second":	1158673026.8852911,
					"retransmits":	6076,
					"snd_cwnd":	14705888,
					"snd_wnd":	139743232,
					"rtt":	130641,
					"rttvar":	257,
					"pmtu":	1500,
					"omitted":	false,
					"sender":	true
				}],
			"sum":	{
				"start":	23.001071,
				"end":	24.001074,
				"seconds":	1.0000029802322388,
				"bytes":	144834560,
				"bits_per_second":	1158673026.8852911,
				"retransmits":	6076,
				"omitted":	false,
				"sender":	true
			}
		}, {
			"streams":	[{
					"socket":	7,
					"start":	24.001074,
					"end":	25.001106,
					"seconds":	1.0000319480895996,
					"bytes":	65011712,
					"bits_per_second":	520077080.53083247,
					"retransmits":	5877,
					"snd_cwnd":	14943360,
					"snd_wnd":	125554688,
					"rtt":	130220,
					"rttvar":	398,
					"pmtu":	1500,
					"omitted":	false,
					"sender":	true
				}],
			"sum":	{
				"start":	24.001074,
				"end":	25.001106,
				"seconds":	1.0000319480895996,
				"bytes":	65011712,
				"bits_per_second":	520077080.53083247,
				"retransmits":	5877,
				"omitted":	false,
				"sender":	true
			}
		}, {
			"streams":	[{
					"socket":	7,
					"start":	25.001106,
					"end":	26.001079,
					"seconds":	0.99997299909591675,
					"bytes":	79691776,
					"bits_per_second":	637551422.464806,
					"retransmits":	4856,
					"snd_cwnd":	14619008,
					"snd_wnd":	133414912,
					"rtt":	130301,
					"rttvar":	118,
					"pmtu":	1500,
					"omitted":	false,
					"sender":	true
				}],
			"sum":	{
				"start":	25.001106,
				"end":	26.001079,
				"seconds":	0.99997299909591675,
				"bytes":	79691776,
				"bits_per_second":	637551422.464806,
				"retransmits":	4856,
				"omitted":	false,
				"sender":	true
			}
		}, {
			"streams":	[{
					"socket":	7,
					"start":	26.001079,
					"end":	27.000542,
					"seconds":	0.99946302175521851,
					"bytes":	143392768,
					"bits_per_second":	1147758465.326144,
					"retransmits":	4286,
					"snd_cwnd":	14636384,
					"snd_wnd":	131334144,
					"rtt":	130141,
					"rttvar":	90,
					"pmtu":	1500,
					"omitted":	false,
					"sender":	true
				}],
			"sum":	{
				"start":	26.001079,
				"end":	27.000542,
				"seconds":	0.99946302175521851,
				"bytes":	143392768,
				"bits_per_second":	1147758465.326144,
				"retransmits":	4286,
				"omitted":	false,
				"sender":	true
			}
		}, {
			"streams":	[{
					"socket":	7,
					"start":	27.000542,
					"end":	28.001271,
					"seconds":	1.000728964805603,
					"bytes":	67239936,
					"bits_per_second":	537527649.26164973,
					"retransmits":	6428,
					"snd_cwnd":	14109312,
					"snd_wnd":	132521984,
					"rtt":	129936,
					"rttvar":	413,
					"pmtu":	1500,
					"omitted":	false,
					"sender":	true
				}],
			"sum":	{
				"start":	27.000542,
				"end":	28.001271,
				"seconds":	1.000728964805603,
				"bytes":	67239936,
				"bits_per_second":	537527649.26164973,
				"retransmits":	6428,
				"omitted":	false,
				"sender":	true
			}
		}, {
			"streams":	[{
					"socket":	7,
					"start":	28.001271,
					"end":	29.001039,
					"seconds":	0.99976801872253418,
					"bytes":	72220672,
					"bits_per_second":	577899437.84983921,
					"retransmits":	4410,
					"snd_cwnd":	14726160,
					"snd_wnd":	134402048,
					"rtt":	129997,
					"rttvar":	197,
					"pmtu":	1500,
					"omitted":	false,
					"sender":	true
				}],
			"sum":	{
				"start":	28.001271,
				"end":	29.001039,
				"seconds":	0.99976801872253418,
				"bytes":	72220672,
				"bits_per_second":	577899437.84983921,
				"retransmits":	4410,
				"omitted":	false,
				"sender":	true
			}
		}, {
			"streams":	[{
					"socket":	7,
					"start":	29.001039,
					"end":	30.000513,
					"seconds":	0.99947398900985718,
					"bytes":	154664960,
					"bits_per_second":	1237970866.2811406,
					"retransmits":	3693,
					"snd_cwnd":	15629712,
					"snd_wnd":	128888832,
					"rtt":	130372,
					"rttvar":	132,
					"pmtu":	1500,
					"omitted":	false,
					"sender":	true
				}],
			"sum":	{
				"start":	29.001039,
				"end":	30.000513,
				"seconds":	0.99947398900985718,
				"bytes":	154664960,
				"bits_per_second":	1237970866.2811406,
				"retransmits":	3693,
				"omitted":	false,
				"sender":	true
			}
		}, {
			"streams":	[{
					"socket":	7,
					"start":	30.000513,
					"end":	31.00103,
					"seconds":	1.0005170106887817,
					"bytes":	71565312,
					"bits_per_second":	572226648.706213,
					"retransmits":	4339,
					"snd_cwnd":	15722384,
					"snd_wnd":	130490368,
					"rtt":	129806,
					"rttvar":	88,
					"pmtu":	1500,
					"omitted":	false,
					"sender":	true
				}],
			"sum":	{
				"start":	30.000513,
				"end":	31.00103,
				"seconds":	1.0005170106887817,
				"bytes":	71565312,
				"bits_per_second":	572226648.706213,
				"retransmits":	4339,
				"omitted":	false,
				"sender":	true
			}
		}, {
			"streams":	[{
					"socket":	7,
					"start":	31.00103,
					"end":	32.001039,
					"seconds":	1.0000089406967163,
					"bytes":	70909952,
					"bits_per_second":	567274544.17034566,
					"retransmits":	675,
					"snd_cwnd":	15163456,
					"snd_wnd":	141410304,
					"rtt":	124660,
					"rttvar":	438,
					"pmtu":	1500,
					"omitted":	false,
					"sender":	true
				}],
			"sum":	{
				"start":	31.00103,
				"end":	32.001039,
				"seconds":	1.0000089406967163,
				"bytes":	70909952,
				"bits_per_second":	567274544.17034566,
				"retransmits":	675,
				"omitted":	false,
				"sender":	true
			}
		}, {
			"streams":	[{
					"socket":	7,
					"start":	32.001039,
					"end":	33.000237,
					"seconds":	0.999198019504547,
					"bytes":	137232384,
					"bits_per_second":	1098740240.2422435,
					"retransmits":	5140,
					"snd_cwnd":	15137392,
					"snd_wnd":	138108928,
					"rtt":	129761,
					"rttvar":	531,
					"pmtu":	1500,
					"omitted":	false,
					"sender":	true
				}],
			"sum":	{
				"start":	32.001039,
				"end":	33.000237,
				"seconds":	0.999198019504547,
				"bytes":	137232384,
				"bits_per_second":	1098740240.2422435,
				"retransmits":	5140,
				"omitted":	false,
				"sender":	true
			}
		}, {
			"streams":	[{
					"socket":	7,
					"start":	33.000237,
					"end":	34.001036,
					"seconds":	1.0007989406585693,
					"bytes":	72089600,
					"bits_per_second":	576256405.32802248,
					"retransmits":	4127,
					"snd_cwnd":	14465520,
					"snd_wnd":	131813376,
					"rtt":	130013,
					"rttvar":	153,
					"pmtu":	1500,
					"omitted":	false,
					"sender":	true
				}],
			"sum":	{
				"start":	33.000237,
				"end":	34.001036,
				"seconds":	1.0007989406585693,
				"bytes":	72089600,
				"bits_per_second":	576256405.32802248,
				"retransmits":	4127,
				"omitted":	false,
				"sender":	true
			}
		}, {
			"streams":	[{
					"socket":	7,
					"start":	34.001036,
					"end":	35.000853,
					"seconds":	0.99981701374053955,
					"bytes":	78118912,
					"bits_per_second":	625065674.429681,
					"retransmits":	3206,
					"snd_cwnd":	15175040,
					"snd_wnd":	131969024,
					"rtt":	130174,
					"rttvar":	167,
					"pmtu":	1500,
					"omitted":	false,
					"sender":	true
				}],
			"sum":	{
				"start":	34.001036,
				"end":	35.000853,
				"seconds":	0.99981701374053955,
				"bytes":	78118912,
				"bits_per_second":	625065674.429681,
				"retransmits":	3206,
				"omitted":	false,
				"sender":	true
			}
		}, {
			"streams":	[{
					"socket":	7,
					"start":	35.000853,
					"end":	36.000444,
					"seconds":	0.99959099292755127,
					"bytes":	130678784,
					"bits_per_second":	1045858035.3332286,
					"retransmits":	3732,
					"snd_cwnd":	15797680,
					"snd_wnd":	130670592,
					"rtt":	129695,
					"rttvar":	392,
					"pmtu":	1500,
					"omitted":	false,
					"sender":	true
				}],
			"sum":	{
				"start":	35.000853,
				"end":	36.000444,
				"seconds":	0.99959099292755127,
				"bytes":	130678784,
				"bits_per_second":	1045858035.3332286,
				"retransmits":	3732,
				"omitted":	false,
				"sender":	true
			}
		}, {
			"streams":	[{
					"socket":	7,
					"start":	36.000444,
					"end":	37.000465,
					"seconds":	1.0000209808349609,
					"bytes":	72744960,
					"bits_per_second":	581947470.25617063,
					"retransmits":	5077,
					"snd_cwnd":	16081488,
					"snd_wnd":	130093056,
					"rtt":	130449,
					"rttvar":	189,
					"pmtu":	1500,
					"omitted":	false,
					"sender":	true
				}],
			"sum":	{
				"start":	36.000444,
				"end":	37.000465,
				"seconds":	1.0000209808349609,
				"bytes":	72744960,
				"bits_per_second":	581947470.25617063,
				"retransmits":	5077,
				"omitted":	false,
				"sender":	true
			}
		}, {
			"streams":	[{
					"socket":	7,
					"start":	37.000465,
					"end":	38.000377,
					"seconds":	0.99991202354431152,
					"bytes":	151126016,
					"bits_per_second":	1209114501.6083729,
					"retransmits":	4528,
					"snd_cwnd":	15377760,
					"snd_wnd":	138219520,
					"rtt":	130373,
					"rttvar":	158,
					"pmtu":	1500,
					"omitted":	false,
					"sender":	true
				}],
			"sum":	{
				"start":	37.000465,
				"end":	38.000377,
				"seconds":	0.99991202354431152,
				"bytes":	151126016,
				"bits_per_second":	1209114501.6083729,
				"retransmits":	4528,
				"omitted":	false,
				"sender":	true
			}
		}, {
			"streams":	[{
					"socket":	7,
					"start":	38.000377,
					"end":	39.000726,
					"seconds":	1.0003490447998047,
					"bytes":	81002496,
					"bits_per_second":	647793858.92219782,
					"retransmits":	4450,
					"snd_cwnd":	15893248,
					"snd_wnd":	139399168,
					"rtt":	130599,
					"rttvar":	62,
					"pmtu":	1500,
					"omitted":	false,
					"sender":	true
				}],
			"sum":	{
				"start":	38.000377,
				"end":	39.000726,
				"seconds":	1.0003490447998047,
				"bytes":	81002496,
				"bits_per_second":	647793858.92219782,
				"retransmits":	4450,
				"omitted":	false,
				"sender":	true
			}
		}, {
			"streams":	[{
					"socket":	7,
					"start":	39.000726,
					"end":	40.00041,
					"seconds":	0.999683976173401,
					"bytes":	138805248,
					"bits_per_second":	1110793021.0610752,
					"retransmits":	4664,
					"snd_cwnd":	17315184,
					"snd_wnd":	128524288,
					"rtt":	130070,
					"rttvar":	156,
					"pmtu":	1500,
					"omitted":	false,
					"sender":	true
				}],
			"sum":	{
				"start":	39.000726,
				"end":	40.00041,
				"seconds":	0.999683976173401,
				"bytes":	138805248,
				"bits_per_second":	1110793021.0610752,
				"retransmits":	4664,
				"omitted":	false,
				"sender":	true
			}
		}, {
			"streams":	[{
					"socket":	7,
					"start":	40.00041,
					"end":	41.000074,
					"seconds":	0.999664008617401,
					"bytes":	79036416,
					"bits_per_second":	632503843.84099126,
					"retransmits":	5404,
					"snd_cwnd":	17381792,
					"snd_wnd":	129257472,
					"rtt":	129951,
					"rttvar":	343,
					"pmtu":	1500,
					"omitted":	false,
					"sender":	true
				}],
			"sum":	{
				"start":	40.00041,
				"end":	41.000074,
				"seconds":	0.999664008617401,
				"bytes":	79036416,
				"bits_per_second":	632503843.84099126,
				"retransmits":	5404,
				"omitted":	false,
				"sender":	true
			}
		}, {
			"streams":	[{
					"socket":	7,
					"start":	41.000074,
					"end":	42.000275,
					"seconds":	1.0002009868621826,
					"bytes":	83755008,
					"bits_per_second":	669905421.811311,
					"retransmits":	2234,
					"snd_cwnd":	17066128,
					"snd_wnd":	141410304,
					"rtt":	78973,
					"rttvar":	488,
					"pmtu":	1500,
					"omitted":	false,
					"sender":	true
				}],
			"sum":	{
				"start":	41.000074,
				"end":	42.000275,
				"seconds":	1.0002009868621826,
				"bytes":	83755008,
				"bits_per_second":	669905421.811311,
				"retransmits":	2234,
				"omitted":	false,
				"sender":	true
			}
		}, {
			"streams":	[{
					"socket":	7,
					"start":	42.000275,
					"end":	43.000365,
					"seconds":	1.0000900030136108,
					"bytes":	133562368,
					"bits_per_second":	1068402784.5296421,
					"retransmits":	3059,
					"snd_cwnd":	17341248,
					"snd_wnd":	129511424,
					"rtt":	130078,
					"rttvar":	82,
					"pmtu":	1500,
					"omitted":	false,
					"sender":	true
				}],
			"sum":	{
				"start":	42.000275,
				"end":	43.000365,
				"seconds":	1.0000900030136108,
				"bytes":	133562368,
				"bits_per_second":	1068402784.5296421,
				"retransmits":	3059,
				"omitted":	false,
				"sender":	true
			}
		}, {
			"streams":	[{
					"socket":	7,
					"start":	43.000365,
					"end":	44.000541,
					"seconds":	1.000175952911377,
					"bytes":	72351744,
					"bits_per_second":	578712125.91659582,
					"retransmits":	8107,
					"snd_cwnd":	17069024,
					"snd_wnd":	127692800,
					"rtt":	130532,
					"rttvar":	214,
					"pmtu":	1500,
					"omitted":	false,
					"sender":	true
				}],
			"sum":	{
				"start":	43.000365,
				"end":	44.000541,
				"seconds":	1.000175952911377,
				"bytes":	72351744,
				"bits_per_second":	578712125.91659582,
				"retransmits":	8107,
				"omitted":	false,
				"sender":	true
			}
		}, {
			"streams":	[{
					"socket":	7,
					"start":	44.000541,
					"end":	45.00074,
					"seconds":	1.00019896030426,
					"bytes":	151257088,
					"bits_per_second":	1209815998.6408114,
					"retransmits":	6677,
					"snd_cwnd":	17239888,
					"snd_wnd":	128327680,
					"rtt":	130136,
					"rttvar":	152,
					"pmtu":	1500,
					"omitted":	false,
					"sender":	true
				}],
			"sum":	{
				"start":	44.000541,
				"end":	45.00074,
				"seconds":	1.00019896030426,
				"bytes":	151257088,
				"bits_per_second":	1209815998.6408114,
				"retransmits":	6677,
				"omitted":	false,
				"sender":	true
			}
		}, {
			"streams":	[{
					"socket":	7,
					"start":	45.00074,
					"end":	46.000289,
					"seconds":	0.99954897165298462,
					"bytes":	66322432,
					"bits_per_second":	530818870.357662,
					"retransmits":	6358,
					"snd_cwnd":	18360640,
					"snd_wnd":	124043264,
					"rtt":	129818,
					"rttvar":	582,
					"pmtu":	1500,
					"omitted":	false,
					"sender":	true
				}],
			"sum":	{
				"start":	45.00074,
				"end":	46.000289,
				"seconds":	0.99954897165298462,
				"bytes":	66322432,
				"bits_per_second":	530818870.357662,
				"retransmits":	6358,
				"omitted":	false,
				"sender":	true
			}
		}, {
			"streams":	[{
					"socket":	7,
					"start":	46.000289,
					"end":	47.00016,
					"seconds":	0.999871015548706,
					"bytes":	137101312,
					"bits_per_second":	1096951985.7499778,
					"retransmits":	6559,
					"snd_cwnd":	17850944,
					"snd_wnd":	127369216,
					"rtt":	129944,
					"rttvar":	245,
					"pmtu":	1500,
					"omitted":	false,
					"sender":	true
				}],
			"sum":	{
				"start":	46.000289,
				"end":	47.00016,
				"seconds":	0.999871015548706,
				"bytes":	137101312,
				"bits_per_second":	1096951985.7499778,
				"retransmits":	6559,
				"omitted":	false,
				"sender":	true
			}
		}, {
			"streams":	[{
					"socket":	7,
					"start":	47.00016,
					"end":	48.000075,
					"seconds":	0.99991500377655029,
					"bytes":	145358848,
					"bits_per_second":	1162969632.0267091,
					"retransmits":	7376,
					"snd_cwnd":	17598992,
					"snd_wnd":	127143936,
					"rtt":	130123,
					"rttvar":	369,
					"pmtu":	1500,
					"omitted":	false,
					"sender":	true
				}],
			"sum":	{
				"start":	47.00016,
				"end":	48.000075,
				"seconds":	0.99991500377655029,
				"bytes":	145358848,
				"bits_per_second":	1162969632.0267091,
				"retransmits":	7376,
				"omitted":	false,
				"sender":	true
			}
		}, {
			"streams":	[{
					"socket":	7,
					"start":	48.000075,
					"end":	49.001042,
					"seconds":	1.0009670257568359,
					"bytes":	71565312,
					"bits_per_second":	571969386.87077427,
					"retransmits":	7588,
					"snd_cwnd":	17202240,
					"snd_wnd":	124436480,
					"rtt":	130398,
					"rttvar":	194,
					"pmtu":	1500,
					"omitted":	false,
					"sender":	true
				}],
			"sum":	{
				"start":	48.000075,
				"end":	49.001042,
				"seconds":	1.0009670257568359,
				"bytes":	71565312,
				"bits_per_second":	571969386.87077427,
				"retransmits":	7588,
				"omitted":	false,
				"sender":	true
			}
		}, {
			"streams":	[{
					"socket":	7,
					"start":	49.001042,
					"end":	50.001042,
					"seconds":	1,
					"bytes":	141295616,
					"bits_per_second":	1130364928,
					"retransmits":	5867,
					"snd_cwnd":	16825760,
					"snd_wnd":	129634304,
					"rtt":	130501,
					"rttvar":	249,
					"pmtu":	1500,
					"omitted":	false,
					"sender":	true
				}],
			"sum":	{
				"start":	49.001042,
				"end":	50.001042,
				"seconds":	1,
				"bytes":	141295616,
				"bits_per_second":	1130364928,
				"retransmits":	5867,
				"omitted":	false,
				"sender":	true
			}
		}, {
			"streams":	[{
					"socket":	7,
					"start":	50.001042,
					"end":	51.000372,
					"seconds":	0.99932998418808,
					"bytes":	79691776,
					"bits_per_second":	637961652.394503,
					"retransmits":	4271,
					"snd_cwnd":	16646208,
					"snd_wnd":	133390336,
					"rtt":	130263,
					"rttvar":	223,
					"pmtu":	1500,
					"omitted":	false,
					"sender":	true
				}],
			"sum":	{
				"start":	50.001042,
				"end":	51.000372,
				"seconds":	0.99932998418808,
				"bytes":	79691776,
				"bits_per_second":	637961652.394503,
				"retransmits":	4271,
				"omitted":	false,
				"sender":	true
			}
		}, {
			"streams":	[{
					"socket":	7,
					"start":	51.000372,
					"end":	52.001037,
					"seconds":	1.0006649494171143,
					"bytes":	165543936,
					"bits_per_second":	1323471446.4331269,
					"retransmits":	2312,
					"snd_cwnd":	5792,
					"snd_wnd":	141406208,
					"rtt":	102760,
					"rttvar":	3340,
					"pmtu":	1500,
					"omitted":	false,
					"sender":	true
				}],
			"sum":	{
				"start":	51.000372,
				"end":	52.001037,
				"seconds":	1.0006649494171143,
				"bytes":	165543936,
				"bits_per_second":	1323471446.4331269,
				"retransmits":	2312,
				"omitted":	false,
				"sender":	true
			}
		}, {
			"streams":	[{
					"socket":	7,
					"start":	52.001037,
					"end":	53.000184,
					"seconds":	0.99914699792861938,
					"bytes":	66715648,
					"bits_per_second":	534180841.3641755,
					"retransmits":	1394,
					"snd_cwnd":	17724968,
					"snd_wnd":	139362304,
					"rtt":	129154,
					"rttvar":	489,
					"pmtu":	1500,
					"omitted":	false,
					"sender":	true
				}],
			"sum":	{
				"start":	52.001037,
				"end":	53.000184,
				"seconds":	0.99914699792861938,
				"bytes":	66715648,
				"bits_per_second":	534180841.3641755,
				"retransmits":	1394,
				"omitted":	false,
				"sender":	true
			}
		}, {
			"streams":	[{
					"socket":	7,
					"start":	53.000184,
					"end":	54.000721,
					"seconds":	1.0005370378494263,
					"bytes":	71303168,
					"bits_per_second":	570119168.42787075,
					"retransmits":	5969,
					"snd_cwnd":	18169504,
					"snd_wnd":	119431168,
					"rtt":	129864,
					"rttvar":	322,
					"pmtu":	1500,
					"omitted":	false,
					"sender":	true
				}],
			"sum":	{
				"start":	53.000184,
				"end":	54.000721,
				"seconds":	1.0005370378494263,
				"bytes":	71303168,
				"bits_per_second":	570119168.42787075,
				"retransmits":	5969,
				"omitted":	false,
				"sender":	true
			}
		}, {
			"streams":	[{
					"socket":	7,
					"start":	54.000721,
					"end":	55.001052,
					"seconds":	1.0003310441970825,
					"bytes":	148635648,
					"bits_per_second":	1188691674.51903,
					"retransmits":	7467,
					"snd_cwnd":	17642432,
					"snd_wnd":	118153216,
					"rtt":	130233,
					"rttvar":	271,
					"pmtu":	1500,
					"omitted":	false,
					"sender":	true
				}],
			"sum":	{
				"start":	54.000721,
				"end":	55.001052,
				"seconds":	1.0003310441970825,
				"bytes":	148635648,
				"bits_per_second":	1188691674.51903,
				"retransmits":	7467,
				"omitted":	false,
				"sender":	true
			}
		}, {
			"streams":	[{
					"socket":	7,
					"start":	55.001052,
					"end":	56.000136,
					"seconds":	0.9990839958190918,
					"bytes":	131334144,
					"bits_per_second":	1051636455.3899326,
					"retransmits":	4465,
					"snd_cwnd":	17833568,
					"snd_wnd":	128688128,
					"rtt":	130169,
					"rttvar":	202,
					"pmtu":	1500,
					"omitted":	false,
					"sender":	true
				}],
			"sum":	{
				"start":	55.001052,
				"end":	56.000136,
				"seconds":	0.9990839958190918,
				"bytes":	131334144,
				"bits_per_second":	1051636455.3899326,
				"retransmits":	4465,
				"omitted":	false,
				"sender":	true
			}
		}, {
			"streams":	[{
					"socket":	7,
					"start":	56.000136,
					"end":	57.00105,
					"seconds":	1.0009139776229858,
					"bytes":	75104256,
					"bits_per_second":	600285400.576468,
					"retransmits":	4086,
					"snd_cwnd":	19119392,
					"snd_wnd":	126914560,
					"rtt":	129570,
					"rttvar":	447,
					"pmtu":	1500,
					"omitted":	false,
					"sender":	true
				}],
			"sum":	{
				"start":	56.000136,
				"end":	57.00105,
				"seconds":	1.0009139776229858,
				"bytes":	75104256,
				"bits_per_second":	600285400.576468,
				"retransmits":	4086,
				"omitted":	false,
				"sender":	true
			}
		}, {
			"streams":	[{
					"socket":	7,
					"start":	57.00105,
					"end":	58.001054,
					"seconds":	1.0000040531158447,
					"bytes":	145620992,
					"bits_per_second":	1164963214.2691376,
					"retransmits":	4225,
					"snd_cwnd":	19125184,
					"snd_wnd":	128516096,
					"rtt":	130310,
					"rttvar":	236,
					"pmtu":	1500,
					"omitted":	false,
					"sender":	true
				}],
			"sum":	{
				"start":	57.00105,
				"end":	58.001054,
				"seconds":	1.0000040531158447,
				"bytes":	145620992,
				"bits_per_second":	1164963214.2691376,
				"retransmits":	4225,
				"omitted":	false,
				"sender":	true
			}
		}, {
			"streams":	[{
					"socket":	7,
					"start":	58.001054,
					"end":	59.000236,
					"seconds":	0.99918198585510254,
					"bytes":	148373504,
					"bits_per_second":	1187959799.919904,
					"retransmits":	4995,
					"snd_cwnd":	19298944,
					"snd_wnd":	127524864,
					"rtt":	130155,
					"rttvar":	102,
					"pmtu":	1500,
					"omitted":	false,
					"sender":	true
				}],
			"sum":	{
				"start":	58.001054,
				"end":	59.000236,
				"seconds":	0.99918198585510254,
				"bytes":	148373504,
				"bits_per_second":	1187959799.919904,
				"retransmits":	4995,
				"omitted":	false,
				"sender":	true
			}
		}, {
			"streams":	[{
					"socket":	7,
					"start":	59.000236,
					"end":	60.00104,
					"seconds":	1.0008039474487305,
					"bytes":	138543104,
					"bits_per_second":	1107454496.7827265,
					"retransmits":	4586,
					"snd_cwnd":	19212064,
					"snd_wnd":	137338880,
					"rtt":	130309,
					"rttvar":	89,
					"pmtu":	1500,
					"omitted":	false,
					"sender":	true
				}],
			"sum":	{
				"start":	59.000236,
				"end":	60.00104,
				"seconds":	1.0008039474487305,
				"bytes":	138543104,
				"bits_per_second":	1107454496.7827265,
				"retransmits":	4586,
				"omitted":	false,
				"sender":	true
			}
		}, {
			"streams":	[{
					"socket":	7,
					"start":	60.00104,
					"end":	61.000132,
					"seconds":	0.9990919828414917,
					"bytes":	85590016,
					"bits_per_second":	685342430.686517,
					"retransmits":	5062,
					"snd_cwnd":	19718864,
					"snd_wnd":	120741888,
					"rtt":	129960,
					"rttvar":	340,
					"pmtu":	1500,
					"omitted":	false,
					"sender":	true
				}],
			"sum":	{
				"start":	60.00104,
				"end":	61.000132,
				"seconds":	0.9990919828414917,
				"bytes":	85590016,
				"bits_per_second":	685342430.686517,
				"retransmits":	5062,
				"omitted":	false,
				"sender":	true
			}
		}, {
			"streams":	[{
					"socket":	7,
					"start":	61.000132,
					"end":	62.000474,
					"seconds":	1.0003420114517212,
					"bytes":	188350464,
					"bits_per_second":	1506288544.0683322,
					"retransmits":	4666,
					"snd_cwnd":	20060592,
					"snd_wnd":	127668224,
					"rtt":	129892,
					"rttvar":	428,
					"pmtu":	1500,
					"omitted":	false,
					"sender":	true
				}],
			"sum":	{
				"start":	61.000132,
				"end":	62.000474,
				"seconds":	1.0003420114517212,
				"bytes":	188350464,
				"bits_per_second":	1506288544.0683322,
				"retransmits":	4666,
				"omitted":	false,
				"sender":	true
			}
		}, {
			"streams":	[{
					"socket":	7,
					"start":	62.000474,
					"end":	63.001033,
					"seconds":	1.0005589723587036,
					"bytes":	65404928,
					"bits_per_second":	522947111.019876,
					"retransmits":	1339,
					"snd_cwnd":	20014256,
					"snd_wnd":	141361152,
					"rtt":	102597,
					"rttvar":	352,
					"pmtu":	1500,
					"omitted":	false,
					"sender":	true
				}],
			"sum":	{
				"start":	62.000474,
				"end":	63.001033,
				"seconds":	1.0005589723587036,
				"bytes":	65404928,
				"bits_per_second":	522947111.019876,
				"retransmits":	1339,
				"omitted":	false,
				"sender":	true
			}
		}, {
			"streams":	[{
					"socket":	7,
					"start":	63.001033,
					"end":	64.000497,
					"seconds":	0.999463975429535,
					"bytes":	134217728,
					"bits_per_second":	1074317684.6754713,
					"retransmits":	4552,
					"snd_cwnd":	20463136,
					"snd_wnd":	126730240,
					"rtt":	130411,
					"rttvar":	167,
					"pmtu":	1500,
					"omitted":	false,
					"sender":	true
				}],
			"sum":	{
				"start":	63.001033,
				"end":	64.000497,
				"seconds":	0.999463975429535,
				"bytes":	134217728,
				"bits_per_second":	1074317684.6754713,
				"retransmits":	4552,
				"omitted":	false,
				"sender":	true
			}
		}, {
			"streams":	[{
					"socket":	7,
					"start":	64.000497,
					"end":	65.000206,
					"seconds":	0.99970901012420654,
					"bytes":	141164544,
					"bits_per_second":	1129645067.277818,
					"retransmits":	7464,
					"snd_cwnd":	19773888,
					"snd_wnd":	127406080,
					"rtt":	130082,
					"rttvar":	344,
					"pmtu":	1500,
					"omitted":	false,
					"sender":	true
				}],
			"sum":	{
				"start":	64.000497,
				"end":	65.000206,
				"seconds":	0.99970901012420654,
				"bytes":	141164544,
				"bits_per_second":	1129645067.277818,
				"retransmits":	7464,
				"omitted":	false,
				"sender":	true
			}
		}, {
			"streams":	[{
					"socket":	7,
					"start":	65.000206,
					"end":	66.000618,
					"seconds":	1.0004119873046875,
					"bytes":	136577024,
					"bits_per_second":	1092166233.37724,
					"retransmits":	5109,
					"snd_cwnd":	19449536,
					"snd_wnd":	125837312,
					"rtt":	130481,
					"rttvar":	63,
					"pmtu":	1500,
					"omitted":	false,
					"sender":	true
				}],
			"sum":	{
				"start":	65.000206,
				"end":	66.000618,
				"seconds":	1.0004119873046875,
				"bytes":	136577024,
				"bits_per_second":	1092166233.37724,
				"retransmits":	5109,
				"omitted":	false,
				"sender":	true
			}
		}, {
			"streams":	[{
					"socket":	7,
					"start":	66.000618,
					"end":	67.000576,
					"seconds":	0.99995797872543335,
					"bytes":	134479872,
					"bits_per_second":	1075884186.0247829,
					"retransmits":	3691,
					"snd_cwnd":	19353968,
					"snd_wnd":	125636608,
					"rtt":	130605,
					"rttvar":	178,
					"pmtu":	1500,
					"omitted":	false,
					"sender":	true
				}],
			"sum":	{
				"start":	66.000618,
				"end":	67.000576,
				"seconds":	0.99995797872543335,
				"bytes":	134479872,
				"bits_per_second":	1075884186.0247829,
				"retransmits":	3691,
				"omitted":	false,
				"sender":	true
			}
		}, {
			"streams":	[{
					"socket":	7,
					"start":	67.000576,
					"end":	68.000427,
					"seconds":	0.99985098838806152,
					"bytes":	136445952,
					"bits_per_second":	1091730296.4912822,
					"retransmits":	3572,
					"snd_cwnd":	19634880,
					"snd_wnd":	126414848,
					"rtt":	130034,
					"rttvar":	264,
					"pmtu":	1500,
					"omitted":	false,
					"sender":	true
				}],
			"sum":	{
				"start":	67.000576,
				"end":	68.000427,
				"seconds":	0.99985098838806152,
				"bytes":	136445952,
				"bits_per_second":	1091730296.4912822,
				"retransmits":	3572,
				"omitted":	false,
				"sender":	true
			}
		}, {
			"streams":	[{
					"socket":	7,
					"start":	68.000427,
					"end":	69.000085,
					"seconds":	0.99965798854827881,
					"bytes":	99352576,
					"bits_per_second":	795092538.7534318,
					"retransmits":	4200,
					"snd_cwnd":	19727552,
					"snd_wnd":	125284352,
					"rtt":	129940,
					"rttvar":	463,
					"pmtu":	1500,
					"omitted":	false,
					"sender":	true
				}],
			"sum":	{
				"start":	68.000427,
				"end":	69.000085,
				"seconds":	0.99965798854827881,
				"bytes":	99352576,
				"bits_per_second":	795092538.7534318,
				"retransmits":	4200,
				"omitted":	false,
				"sender":	true
			}
		}, {
			"streams":	[{
					"socket":	7,
					"start":	69.000085,
					"end":	70.000225,
					"seconds":	1.0001399517059326,
					"bytes":	150863872,
					"bits_per_second":	1206742090.38583,
					"retransmits":	3691,
					"snd_cwnd":	20257520,
					"snd_wnd":	132071424,
					"rtt":	130273,
					"rttvar":	151,
					"pmtu":	1500,
					"omitted":	false,
					"sender":	true
				}],
			"sum":	{
				"start":	69.000085,
				"end":	70.000225,
				"seconds":	1.0001399517059326,
				"bytes":	150863872,
				"bits_per_second":	1206742090.38583,
				"retransmits":	3691,
				"omitted":	false,
				"sender":	true
			}
		}, {
			"streams":	[{
					"socket":	7,
					"start":	70.000225,
					"end":	71.000508,
					"seconds":	1.0002830028533936,
					"bytes":	136970240,
					"bits_per_second":	1095451903.9854167,
					"retransmits":	4376,
					"snd_cwnd":	21137904,
					"snd_wnd":	126787584,
					"rtt":	130170,
					"rttvar":	198,
					"pmtu":	1500,
					"omitted":	false,
					"sender":	true
				}],
			"sum":	{
				"start":	70.000225,
				"end":	71.000508,
				"seconds":	1.0002830028533936,
				"bytes":	136970240,
				"bits_per_second":	1095451903.9854167,
				"retransmits":	4376,
				"omitted":	false,
				"sender":	true
			}
		}, {
			"streams":	[{
					"socket":	7,
					"start":	71.000508,
					"end":	72.000279,
					"seconds":	0.999770998954773,
					"bytes":	133562368,
					"bits_per_second":	1068743687.4214994,
					"retransmits":	4278,
					"snd_cwnd":	21731584,
					"snd_wnd":	126230528,
					"rtt":	130475,
					"rttvar":	68,
					"pmtu":	1500,
					"omitted":	false,
					"sender":	true
				}],
			"sum":	{
				"start":	71.000508,
				"end":	72.000279,
				"seconds":	0.999770998954773,
				"bytes":	133562368,
				"bits_per_second":	1068743687.4214994,
				"retransmits":	4278,
				"omitted":	false,
				"sender":	true
			}
		}, {
			"streams":	[{
					"socket":	7,
					"start":	72.000279,
					"end":	73.000394,
					"seconds":	1.0001150369644165,
					"bytes":	141950976,
					"bits_per_second":	1135477186.151341,
					"retransmits":	2647,
					"snd_cwnd":	22134128,
					"snd_wnd":	141410304,
					"rtt":	82440,
					"rttvar":	7734,
					"pmtu":	1500,
					"omitted":	false,
					"sender":	true
				}],
			"sum":	{
				"start":	72.000279,
				"end":	73.000394,
				"seconds":	1.0001150369644165,
				"bytes":	141950976,
				"bits_per_second":	1135477186.151341,
				"retransmits":	2647,
				"omitted":	false,
				"sender":	true
			}
		}, {
			"streams":	[{
					"socket":	7,
					"start":	73.000394,
					"end":	74.000189,
					"seconds":	0.99979501962661743,
					"bytes":	133824512,
					"bits_per_second":	1070815592.1799089,
					"retransmits":	2522,
					"snd_cwnd":	20264760,
					"snd_wnd":	141348864,
					"rtt":	130405,
					"rttvar":	131,
					"pmtu":	1500,
					"omitted":	false,
					"sender":	true
				}],
			"sum":	{
				"start":	73.000394,
				"end":	74.000189,
				"seconds":	0.99979501962661743,
				"bytes":	133824512,
				"bits_per_second":	1070815592.1799089,
				"retransmits":	2522,
				"omitted":	false,
				"sender":	true
			}
		}, {
			"streams":	[{
					"socket":	7,
					"start":	74.000189,
					"end":	75.000129,
					"seconds":	0.99993997812271118,
					"bytes":	144048128,
					"bits_per_second":	1152454196.4643612,
					"retransmits":	9473,
					"snd_cwnd":	21271120,
					"snd_wnd":	118267904,
					"rtt":	130154,
					"rttvar":	115,
					"pmtu":	1500,
					"omitted":	false,
					"sender":	true
				}],
			"sum":	{
				"start":	74.000189,
				"end":	75.000129,
				"seconds":	0.99993997812271118,
				"bytes":	144048128,
				"bits_per_second":	1152454196.4643612,
				"retransmits":	9473,
				"omitted":	false,
				"sender":	true
			}
		}, {
			"streams":	[{
					"socket":	7,
					"start":	75.000129,
					"end":	76.000081,
					"seconds":	0.99995201826095581,
					"bytes":	143130624,
					"bits_per_second":	1145099935.8863032,
					"retransmits":	7285,
					"snd_cwnd":	20312544,
					"snd_wnd":	130035712,
					"rtt":	130252,
					"rttvar":	554,
					"pmtu":	1500,
					"omitted":	false,
					"sender":	true
				}],
			"sum":	{
				"start":	75.000129,
				"end":	76.000081,
				"seconds":	0.99995201826095581,
				"bytes":	143130624,
				"bits_per_second":	1145099935.8863032,
				"retransmits":	7285,
				"omitted":	false,
				"sender":	true
			}
		}, {
			"streams":	[{
					"socket":	7,
					"start":	76.000081,
					"end":	77.000068,
					"seconds":	0.999987006187439,
					"bytes":	88997888,
					"bits_per_second":	711992355.4952122,
					"retransmits":	4754,
					"snd_cwnd":	20080864,
					"snd_wnd":	120078336,
					"rtt":	130382,
					"rttvar":	163,
					"pmtu":	1500,
					"omitted":	false,
					"sender":	true
				}],
			"sum":	{
				"start":	76.000081,
				"end":	77.000068,
				"seconds":	0.999987006187439,
				"bytes":	88997888,
				"bits_per_second":	711992355.4952122,
				"retransmits":	4754,
				"omitted":	false,
				"sender":	true
			}
		}, {
			"streams":	[{
					"socket":	7,
					"start":	77.000068,
					"end":	78.000045,
					"seconds":	0.9999769926071167,
					"bytes":	148897792,
					"bits_per_second":	1191209742.6305552,
					"retransmits":	3628,
					"snd_cwnd":	21001792,
					"snd_wnd":	126566400,
					"rtt":	129867,
					"rttvar":	367,
					"pmtu":	1500,
					"omitted":	false,
					"sender":	true
				}],
			"sum":	{
				"start":	77.000068,
				"end":	78.000045,
				"seconds":	0.9999769926071167,
				"bytes":	148897792,
				"bits_per_second":	1191209742.6305552,
				"retransmits":	3628,
				"omitted":	false,
				"sender":	true
			}
		}, {
			"streams":	[{
					"socket":	7,
					"start":	78.000045,
					"end":	79.000229,
					"seconds":	1.0001840591430664,
					"bytes":	200671232,
					"bits_per_second":	1605074427.3763392,
					"retransmits":	4142,
					"snd_cwnd":	21247952,
					"snd_wnd":	124813312,
					"rtt":	129784,
					"rttvar":	416,
					"pmtu":	1500,
					"omitted":	false,
					"sender":	true
				}],
			"sum":	{
				"start":	78.000045,
				"end":	79.000229,
				"seconds":	1.0001840591430664,
				"bytes":	200671232,
				"bits_per_second":	1605074427.3763392,
				"retransmits":	4142,
				"omitted":	false,
				"sender":	true
			}
		}, {
			"streams":	[{
					"socket":	7,
					"start":	79.000229,
					"end":	80.000289,
					"seconds":	1.000059962272644,
					"bytes":	75890688,
					"bits_per_second":	607089101.557773,
					"retransmits":	4793,
					"snd_cwnd":	21175552,
					"snd_wnd":	126148608,
					"rtt":	130342,
					"rttvar":	375,
					"pmtu":	1500,
					"omitted":	false,
					"sender":	true
				}],
			"sum":	{
				"start":	79.000229,
				"end":	80.000289,
				"seconds":	1.000059962272644,
				"bytes":	75890688,
				"bits_per_second":	607089101.557773,
				"retransmits":	4793,
				"omitted":	false,
				"sender":	true
			}
		}, {
			"streams":	[{
					"socket":	7,
					"start":	80.000289,
					"end":	81.000074,
					"seconds":	0.999785006046295,
					"bytes":	154796032,
					"bits_per_second":	1238634554.9401619,
					"retransmits":	4665,
					"snd_cwnd":	21413024,
					"snd_wnd":	131137536,
					"rtt":	130217,
					"rttvar":	191,
					"pmtu":	1500,
					"omitted":	false,
					"sender":	true
				}],
			"sum":	{
				"start":	80.000289,
				"end":	81.000074,
				"seconds":	0.999785006046295,
				"bytes":	154796032,
				"bits_per_second":	1238634554.9401619,
				"retransmits":	4665,
				"omitted":	false,
				"sender":	true
			}
		}, {
			"streams":	[{
					"socket":	7,
					"start":	81.000074,
					"end":	82.000482,
					"seconds":	1.0004080533981323,
					"bytes":	154664960,
					"bits_per_second":	1236814993.4390662,
					"retransmits":	4238,
					"snd_cwnd":	22041456,
					"snd_wnd":	131198976,
					"rtt":	130223,
					"rttvar":	363,
					"pmtu":	1500,
					"omitted":	false,
					"sender":	true
				}],
			"sum":	{
				"start":	81.000074,
				"end":	82.000482,
				"seconds":	1.0004080533981323,
				"bytes":	154664960,
				"bits_per_second":	1236814993.4390662,
				"retransmits":	4238,
				"omitted":	false,
				"sender":	true
			}
		}, {
			"streams":	[{
					"socket":	7,
					"start":	82.000482,
					"end":	83.001046,
					"seconds":	1.0005639791488647,
					"bytes":	149291008,
					"bits_per_second":	1193654867.5437644,
					"retransmits":	4771,
					"snd_cwnd":	5792,
					"snd_wnd":	126726144,
					"rtt":	127645,
					"rttvar":	299,
					"pmtu":	1500,
					"omitted":	false,
					"sender":	true
				}],
			"sum":	{
				"start":	82.000482,
				"end":	83.001046,
				"seconds":	1.0005639791488647,
				"bytes":	149291008,
				"bits_per_second":	1193654867.5437644,
				"retransmits":	4771,
				"omitted":	false,
				"sender":	true
			}
		}, {
			"streams":	[{
					"socket":	7,
					"start":	83.001046,
					"end":	84.000135,
					"seconds":	0.999089002609253,
					"bytes":	149815296,
					"bits_per_second":	1199615214.3301554,
					"retransmits":	1826,
					"snd_cwnd":	20525400,
					"snd_wnd":	141410304,
					"rtt":	130857,
					"rttvar":	103,
					"pmtu":	1500,
					"omitted":	false,
					"sender":	true
				}],
			"sum":	{
				"start":	83.001046,
				"end":	84.000135,
				"seconds":	0.999089002609253,
				"bytes":	149815296,
				"bits_per_second":	1199615214.3301554,
				"retransmits":	1826,
				"omitted":	false,
				"sender":	true
			}
		}, {
			"streams":	[{
					"socket":	7,
					"start":	84.000135,
					"end":	85.000344,
					"seconds":	1.0002089738845825,
					"bytes":	134217728,
					"bits_per_second":	1073517486.8805993,
					"retransmits":	8124,
					"snd_cwnd":	22539568,
					"snd_wnd":	124297216,
					"rtt":	130017,
					"rttvar":	295,
					"pmtu":	1500,
					"omitted":	false,
					"sender":	true
				}],
			"sum":	{
				"start":	84.000135,
				"end":	85.000344,
				"seconds":	1.0002089738845825,
				"bytes":	134217728,
				"bits_per_second":	1073517486.8805993,
				"retransmits":	8124,
				"omitted":	false,
				"sender":	true
			}
		}, {
			"streams":	[{
					"socket":	7,
					"start":	85.000344,
					"end":	86.000364,
					"seconds":	1.0000200271606445,
					"bytes":	133955584,
					"bits_per_second":	1071623210.4298143,
					"retransmits":	8562,
					"snd_cwnd":	20790384,
					"snd_wnd":	126013440,
					"rtt":	129670,
					"rttvar":	482,
					"pmtu":	1500,
					"omitted":	false,
					"sender":	true
				}],
			"sum":	{
				"start":	85.000344,
				"end":	86.000364,
				"seconds":	1.0000200271606445,
				"bytes":	133955584,
				"bits_per_second":	1071623210.4298143,
				"retransmits":	8562,
				"omitted":	false,
				"sender":	true
			}
		}, {
			"streams":	[{
					"socket":	7,
					"start":	86.000364,
					"end":	87.000164,
					"seconds":	0.99980002641677856,
					"bytes":	161087488,
					"bits_per_second":	1288957661.4821873,
					"retransmits":	6461,
					"snd_cwnd":	19808640,
					"snd_wnd":	125550592,
					"rtt":	130197,
					"rttvar":	239,
					"pmtu":	1500,
					"omitted":	false,
					"sender":	true
				}],
			"sum":	{
				"start":	86.000364,
				"end":	87.000164,
				"seconds":	0.99980002641677856,
				"bytes":	161087488,
				"bits_per_second":	1288957661.4821873,
				"retransmits":	6461,
				"omitted":	false,
				"sender":	true
			}
		}, {
			"streams":	[{
					"socket":	7,
					"start":	87.000164,
					"end":	88.000786,
					"seconds":	1.000622034072876,
					"bytes":	134873088,
					"bits_per_second":	1078313955.9781239,
					"retransmits":	5395,
					"snd_cwnd":	19284464,
					"snd_wnd":	128086016,
					"rtt":	130524,
					"rttvar":	218,
					"pmtu":	1500,
					"omitted":	false,
					"sender":	true
				}],
			"sum":	{
				"start":	87.000164,
				"end":	88.000786,
				"seconds":	1.000622034072876,
				"bytes":	134873088,
				"bits_per_second":	1078313955.9781239,
				"retransmits":	5395,
				"omitted":	false,
				"sender":	true
			}
		}, {
			"streams":	[{
					"socket":	7,
					"start":	88.000786,
					"end":	89.00015,
					"seconds":	0.99936401844024658,
					"bytes":	66715648,
					"bits_per_second":	534064839.38956445,
					"retransmits":	4677,
					"snd_cwnd":	18598112,
					"snd_wnd":	126758912,
					"rtt":	130125,
					"rttvar":	317,
					"pmtu":	1500,
					"omitted":	false,
					"sender":	true
				}],
			"sum":	{
				"start":	88.000786,
				"end":	89.00015,
				"seconds":	0.99936401844024658,
				"bytes":	66715648,
				"bits_per_second":	534064839.38956445,
				"retransmits":	4677,
				"omitted":	false,
				"sender":	true
			}
		}, {
			"streams":	[{
					"socket":	7,
					"start":	89.00015,
					"end":	90.000378,
					"seconds":	1.0002280473709106,
					"bytes":	145620992,
					"bits_per_second":	1164702328.6960473,
					"retransmits":	4915,
					"snd_cwnd":	18351952,
					"snd_wnd":	135172096,
					"rtt":	130117,
					"rttvar":	313,
					"pmtu":	1500,
					"omitted":	false,
					"sender":	true
				}],
			"sum":	{
				"start":	89.00015,
				"end":	90.000378,
				"seconds":	1.0002280473709106,
				"bytes":	145620992,
				"bits_per_second":	1164702328.6960473,
				"retransmits":	4915,
				"omitted":	false,
				"sender":	true
			}
		}, {
			"streams":	[{
					"socket":	7,
					"start":	90.000378,
					"end":	91.000387,
					"seconds":	1.0000089406967163,
					"bytes":	134479872,
					"bits_per_second":	1075829357.3359976,
					"retransmits":	4424,
					"snd_cwnd":	17714832,
					"snd_wnd":	134926336,
					"rtt":	130313,
					"rttvar":	125,
					"pmtu":	1500,
					"omitted":	false,
					"sender":	true
				}],
			"sum":	{
				"start":	90.000378,
				"end":	91.000387,
				"seconds":	1.0000089406967163,
				"bytes":	134479872,
				"bits_per_second":	1075829357.3359976,
				"retransmits":	4424,
				"omitted":	false,
				"sender":	true
			}
		}, {
			"streams":	[{
					"socket":	7,
					"start":	91.000387,
					"end":	92.001043,
					"seconds":	1.0006560087203979,
					"bytes":	141688832,
					"bits_per_second":	1132767550.6086168,
					"retransmits":	4110,
					"snd_cwnd":	17894384,
					"snd_wnd":	134066176,
					"rtt":	130257,
					"rttvar":	143,
					"pmtu":	1500,
					"omitted":	false,
					"sender":	true
				}],
			"sum":	{
				"start":	91.000387,
				"end":	92.001043,
				"seconds":	1.0006560087203979,
				"bytes":	141688832,
				"bits_per_second":	1132767550.6086168,
				"retransmits":	4110,
				"omitted":	false,
				"sender":	true
			}
		}, {
			"streams":	[{
					"socket":	7,
					"start":	92.001043,
					"end":	93.000087,
					"seconds":	0.99904400110244751,
					"bytes":	132251648,
					"bits_per_second":	1059025611.3168988,
					"retransmits":	5043,
					"snd_cwnd":	17894384,
					"snd_wnd":	129503232,
					"rtt":	134172,
					"rttvar":	5712,
					"pmtu":	1500,
					"omitted":	false,
					"sender":	true
				}],
			"sum":	{
				"start":	92.001043,
				"end":	93.000087,
				"seconds":	0.99904400110244751,
				"bytes":	132251648,
				"bits_per_second":	1059025611.3168988,
				"retransmits":	5043,
				"omitted":	false,
				"sender":	true
			}
		}, {
			"streams":	[{
					"socket":	7,
					"start":	93.000087,
					"end":	94.00037,
					"seconds":	1.0002830028533936,
					"bytes":	71303168,
					"bits_per_second":	570263957.672791,
					"retransmits":	1836,
					"snd_cwnd":	17987056,
					"snd_wnd":	141348864,
					"rtt":	88757,
					"rttvar":	146,
					"pmtu":	1500,
					"omitted":	false,
					"sender":	true
				}],
			"sum":	{
				"start":	93.000087,
				"end":	94.00037,
				"seconds":	1.0002830028533936,
				"bytes":	71303168,
				"bits_per_second":	570263957.672791,
				"retransmits":	1836,
				"omitted":	false,
				"sender":	true
			}
		}, {
			"streams":	[{
					"socket":	7,
					"start":	94.00037,
					"end":	95.000308,
					"seconds":	0.99993801116943359,
					"bytes":	66453504,
					"bits_per_second":	531660989.04296857,
					"retransmits":	3590,
					"snd_cwnd":	16979248,
					"snd_wnd":	131457024,
					"rtt":	130428,
					"rttvar":	130,
					"pmtu":	1500,
					"omitted":	false,
					"sender":	true
				}],
			"sum":	{
				"start":	94.00037,
				"end":	95.000308,
				"seconds":	0.99993801116943359,
				"bytes":	66453504,
				"bits_per_second":	531660989.04296857,
				"retransmits":	3590,
				"omitted":	false,
				"sender":	true
			}
		}, {
			"streams":	[{
					"socket":	7,
					"start":	95.000308,
					"end":	96.000523,
					"seconds":	1.0002150535583496,
					"bytes":	141950976,
					"bits_per_second":	1135363644.0083351,
					"retransmits":	5460,
					"snd_cwnd":	16628832,
					"snd_wnd":	132317184,
					"rtt":	130196,
					"rttvar":	223,
					"pmtu":	1500,
					"omitted":	false,
					"sender":	true
				}],
			"sum":	{
				"start":	95.000308,
				"end":	96.000523,
				"seconds":	1.0002150535583496,
				"bytes":	141950976,
				"bits_per_second":	1135363644.0083351,
				"retransmits":	5460,
				"omitted":	false,
				"sender":	true
			}
		}, {
			"streams":	[{
					"socket":	7,
					"start":	96.000523,
					"end":	97.000358,
					"seconds":	0.99983501434326172,
					"bytes":	77070336,
					"bits_per_second":	616664428.78577042,
					"retransmits":	4908,
					"snd_cwnd":	16368192,
					"snd_wnd":	128872448,
					"rtt":	130121,
					"rttvar":	178,
					"pmtu":	1500,
					"omitted":	false,
					"sender":	true
				}],
			"sum":	{
				"start":	96.000523,
				"end":	97.000358,
				"seconds":	0.99983501434326172,
				"bytes":	77070336,
				"bits_per_second":	616664428.78577042,
				"retransmits":	4908,
				"omitted":	false,
				"sender":	true
			}
		}, {
			"streams":	[{
					"socket":	7,
					"start":	97.000358,
					"end":	98.001031,
					"seconds":	1.0006730556488037,
					"bytes":	139853824,
					"bits_per_second":	1118078063.24373,
					"retransmits":	3052,
					"snd_cwnd":	16631728,
					"snd_wnd":	127631360,
					"rtt":	130357,
					"rttvar":	107,
					"pmtu":	1500,
					"omitted":	false,
					"sender":	true
				}],
			"sum":	{
				"start":	97.000358,
				"end":	98.001031,
				"seconds":	1.0006730556488037,
				"bytes":	139853824,
				"bits_per_second":	1118078063.24373,
				"retransmits":	3052,
				"omitted":	false,
				"sender":	true
			}
		}, {
			"streams":	[{
					"socket":	7,
					"start":	98.001031,
					"end":	99.001029,
					"seconds":	0.99999797344207764,
					"bytes":	146276352,
					"bits_per_second":	1170213187.504806,
					"retransmits":	4304,
					"snd_cwnd":	16704128,
					"snd_wnd":	134500352,
					"rtt":	130263,
					"rttvar":	212,
					"pmtu":	1500,
					"omitted":	false,
					"sender":	true
				}],
			"sum":	{
				"start":	98.001031,
				"end":	99.001029,
				"seconds":	0.99999797344207764,
				"bytes":	146276352,
				"bits_per_second":	1170213187.504806,
				"retransmits":	4304,
				"omitted":	false,
				"sender":	true
			}
		}, {
			"streams":	[{
					"socket":	7,
					"start":	99.001029,
					"end":	100.00103,
					"seconds":	1.0000009536743164,
					"bytes":	76152832,
					"bits_per_second":	609222075.000554,
					"retransmits":	5297,
					"snd_cwnd":	16492720,
					"snd_wnd":	134545408,
					"rtt":	130339,
					"rttvar":	363,
					"pmtu":	1500,
					"omitted":	false,
					"sender":	true
				}],
			"sum":	{
				"start":	99.001029,
				"end":	100.00103,
				"seconds":	1.0000009536743164,
				"bytes":	76152832,
				"bits_per_second":	609222075.000554,
				"retransmits":	5297,
				"omitted":	false,
				"sender":	true
			}
		}, {
			"streams":	[{
					"socket":	7,
					"start":	100.00103,
					"end":	101.001027,
					"seconds":	0.99999701976776123,
					"bytes":	137494528,
					"bits_per_second":	1099959502.13477,
					"retransmits":	3695,
					"snd_cwnd":	16217600,
					"snd_wnd":	131477504,
					"rtt":	130638,
					"rttvar":	127,
					"pmtu":	1500,
					"omitted":	false,
					"sender":	true
				}],
			"sum":	{
				"start":	100.00103,
				"end":	101.001027,
				"seconds":	0.99999701976776123,
				"bytes":	137494528,
				"bits_per_second":	1099959502.13477,
				"retransmits":	3695,
				"omitted":	false,
				"sender":	true
			}
		}, {
			"streams":	[{
					"socket":	7,
					"start":	101.001027,
					"end":	102.001032,
					"seconds":	1.0000050067901611,
					"bytes":	74842112,
					"bits_per_second":	598733898.265009,
					"retransmits":	2750,
					"snd_cwnd":	16811280,
					"snd_wnd":	138518528,
					"rtt":	130425,
					"rttvar":	113,
					"pmtu":	1500,
					"omitted":	false,
					"sender":	true
				}],
			"sum":	{
				"start":	101.001027,
				"end":	102.001032,
				"seconds":	1.0000050067901611,
				"bytes":	74842112,
				"bits_per_second":	598733898.265009,
				"retransmits":	2750,
				"omitted":	false,
				"sender":	true
			}
		}, {
			"streams":	[{
					"socket":	7,
					"start":	102.001032,
					"end":	103.001028,
					"seconds":	0.9999960064888,
					"bytes":	134217728,
					"bits_per_second":	1073746112.0171242,
					"retransmits":	2704,
					"snd_cwnd":	15899040,
					"snd_wnd":	141348864,
					"rtt":	129418,
					"rttvar":	132,
					"pmtu":	1500,
					"omitted":	false,
					"sender":	true
				}],
			"sum":	{
				"start":	102.001032,
				"end":	103.001028,
				"seconds":	0.9999960064888,
				"bytes":	134217728,
				"bits_per_second":	1073746112.0171242,
				"retransmits":	2704,
				"omitted":	false,
				"sender":	true
			}
		}, {
			"streams":	[{
					"socket":	7,
					"start":	103.001028,
					"end":	104.001063,
					"seconds":	1.0000350475311279,
					"bytes":	145358848,
					"bits_per_second":	1162830029.6783383,
					"retransmits":	3190,
					"snd_cwnd":	5792,
					"snd_wnd":	141410304,
					"rtt":	96461,
					"rttvar":	4150,
					"pmtu":	1500,
					"omitted":	false,
					"sender":	true
				}],
			"sum":	{
				"start":	103.001028,
				"end":	104.001063,
				"seconds":	1.0000350475311279,
				"bytes":	145358848,
				"bits_per_second":	1162830029.6783383,
				"retransmits":	3190,
				"omitted":	false,
				"sender":	true
			}
		}, {
			"streams":	[{
					"socket":	7,
					"start":	104.001063,
					"end":	105.00008,
					"seconds":	0.99901700019836426,
					"bytes":	66453504,
					"bits_per_second":	532151136.461582,
					"retransmits":	941,
					"snd_cwnd":	17181968,
					"snd_wnd":	129425408,
					"rtt":	124867,
					"rttvar":	366,
					"pmtu":	1500,
					"omitted":	false,
					"sender":	true
				}],
			"sum":	{
				"start":	104.001063,
				"end":	105.00008,
				"seconds":	0.99901700019836426,
				"bytes":	66453504,
				"bits_per_second":	532151136.461582,
				"retransmits":	941,
				"omitted":	false,
				"sender":	true
			}
		}, {
			"streams":	[{
					"socket":	7,
					"start":	105.00008,
					"end":	106.001034,
					"seconds":	1.0009540319442749,
					"bytes":	66715648,
					"bits_per_second":	533216478.44634843,
					"retransmits":	6208,
					"snd_cwnd":	17358624,
					"snd_wnd":	123580416,
					"rtt":	130371,
					"rttvar":	128,
					"pmtu":	1500,
					"omitted":	false,
					"sender":	true
				}],
			"sum":	{
				"start":	105.00008,
				"end":	106.001034,
				"seconds":	1.0009540319442749,
				"bytes":	66715648,
				"bits_per_second":	533216478.44634843,
				"retransmits":	6208,
				"omitted":	false,
				"sender":	true
			}
		}, {
			"streams":	[{
					"socket":	7,
					"start":	106.001034,
					"end":	107.00103,
					"seconds":	0.9999960064888,
					"bytes":	150339584,
					"bits_per_second":	1202721475.0816813,
					"retransmits":	5156,
					"snd_cwnd":	17011104,
					"snd_wnd":	125493248,
					"rtt":	130675,
					"rttvar":	139,
					"pmtu":	1500,
					"omitted":	false,
					"sender":	true
				}],
			"sum":	{
				"start":	106.001034,
				"end":	107.00103,
				"seconds":	0.9999960064888,
				"bytes":	150339584,
				"bits_per_second":	1202721475.0816813,
				"retransmits":	5156,
				"omitted":	false,
				"sender":	true
			}
		}, {
			"streams":	[{
					"socket":	7,
					"start":	107.00103,
					"end":	108.000166,
					"seconds":	0.999135971069336,
					"bytes":	80216064,
					"bits_per_second":	642283463.494146,
					"retransmits":	4548,
					"snd_cwnd":	17016896,
					"snd_wnd":	129105920,
					"rtt":	129861,
					"rttvar":	354,
					"pmtu":	1500,
					"omitted":	false,
					"sender":	true
				}],
			"sum":	{
				"start":	107.00103,
				"end":	108.000166,
				"seconds":	0.999135971069336,
				"bytes":	80216064,
				"bits_per_second":	642283463.494146,
				"retransmits":	4548,
				"omitted":	false,
				"sender":	true
			}
		}, {
			"streams":	[{
					"socket":	7,
					"start":	108.000166,
					"end":	109.000122,
					"seconds":	0.99995601177215576,
					"bytes":	134610944,
					"bits_per_second":	1076934924.4588306,
					"retransmits":	3844,
					"snd_cwnd":	16802592,
					"snd_wnd":	136658944,
					"rtt":	130572,
					"rttvar":	115,
					"pmtu":	1500,
					"omitted":	false,
					"sender":	true
				}],
			"sum":	{
				"start":	108.000166,
				"end":	109.000122,
				"seconds":	0.99995601177215576,
				"bytes":	134610944,
				"bits_per_second":	1076934924.4588306,
				"retransmits":	3844,
				"omitted":	false,
				"sender":	true
			}
		}, {
			"streams":	[{
					"socket":	7,
					"start":	109.000122,
					"end":	110.00057,
					"seconds":	1.0004479885101318,
					"bytes":	138149888,
					"bits_per_second":	1104704209.207181,
					"retransmits":	5045,
					"snd_cwnd":	16941600,
					"snd_wnd":	132399104,
					"rtt":	129898,
					"rttvar":	397,
					"pmtu":	1500,
					"omitted":	false,
					"sender":	true
				}],
			"sum":	{
				"start":	109.000122,
				"end":	110.00057,
				"seconds":	1.0004479885101318,
				"bytes":	138149888,
				"bits_per_second":	1104704209.207181,
				"retransmits":	5045,
				"omitted":	false,
				"sender":	true
			}
		}, {
			"streams":	[{
					"socket":	7,
					"start":	110.00057,
					"end":	111.000291,
					"seconds":	0.9997209906578064,
					"bytes":	66977792,
					"bits_per_second":	535971877.160881,
					"retransmits":	5424,
					"snd_cwnd":	17393376,
					"snd_wnd":	138330112,
					"rtt":	130249,
					"rttvar":	205,
					"pmtu":	1500,
					"omitted":	false,
					"sender":	true
				}],
			"sum":	{
				"start":	110.00057,
				"end":	111.000291,
				"seconds":	0.9997209906578064,
				"bytes":	66977792,
				"bits_per_second":	535971877.160881,
				"retransmits":	5424,
				"omitted":	false,
				"sender":	true
			}
		}, {
			"streams":	[{
					"socket":	7,
					"start":	111.000291,
					"end":	112.000322,
					"seconds":	1.0000309944152832,
					"bytes":	131858432,
					"bits_per_second":	1054834762.0133311,
					"retransmits":	7362,
					"snd_cwnd":	16347920,
					"snd_wnd":	126038016,
					"rtt":	133938,
					"rttvar":	1611,
					"pmtu":	1500,
					"omitted":	false,
					"sender":	true
				}],
			"sum":	{
				"start":	111.000291,
				"end":	112.000322,
				"seconds":	1.0000309944152832,
				"bytes":	131858432,
				"bits_per_second":	1054834762.0133311,
				"retransmits":	7362,
				"omitted":	false,
				"sender":	true
			}
		}, {
			"streams":	[{
					"socket":	7,
					"start":	112.000322,
					"end":	113.00038,
					"seconds":	1.0000580549240112,
					"bytes":	143523840,
					"bits_per_second":	1148124065.7446077,
					"retransmits":	6482,
					"snd_cwnd":	15568896,
					"snd_wnd":	129417216,
					"rtt":	129631,
					"rttvar":	438,
					"pmtu":	1500,
					"omitted":	false,
					"sender":	true
				}],
			"sum":	{
				"start":	112.000322,
				"end":	113.00038,
				"seconds":	1.0000580549240112,
				"bytes":	143523840,
				"bits_per_second":	1148124065.7446077,
				"retransmits":	6482,
				"omitted":	false,
				"sender":	true
			}
		}, {
			"streams":	[{
					"socket":	7,
					"start":	113.00038,
					"end":	114.001045,
					"seconds":	1.0006649494171143,
					"bytes":	76546048,
					"bits_per_second":	611961460.58348858,
					"retransmits":	5754,
					"snd_cwnd":	15757136,
					"snd_wnd":	141025280,
					"rtt":	130326,
					"rttvar":	185,
					"pmtu":	1500,
					"omitted":	false,
					"sender":	true
				}],
			"sum":	{
				"start":	113.00038,
				"end":	114.001045,
				"seconds":	1.0006649494171143,
				"bytes":	76546048,
				"bits_per_second":	611961460.58348858,
				"retransmits":	5754,
				"omitted":	false,
				"sender":	true
			}
		}, {
			"streams":	[{
					"socket":	7,
					"start":	114.001045,
					"end":	115.000136,
					"seconds":	0.99909102916717529,
					"bytes":	66584576,
					"bits_per_second":	533161236.01272833,
					"retransmits":	265,
					"snd_cwnd":	15461744,
					"snd_wnd":	141410304,
					"rtt":	122051,
					"rttvar":	618,
					"pmtu":	1500,
					"omitted":	false,
					"sender":	true
				}],
			"sum":	{
				"start":	114.001045,
				"end":	115.000136,
				"seconds":	0.99909102916717529,
				"bytes":	66584576,
				"bits_per_second":	533161236.01272833,
				"retransmits":	265,
				"omitted":	false,
				"sender":	true
			}
		}, {
			"streams":	[{
					"socket":	7,
					"start":	115.000136,
					"end":	116.000288,
					"seconds":	1.0001519918441772,
					"bytes":	76021760,
					"bits_per_second":	608081656.547611,
					"retransmits":	4390,
					"snd_cwnd":	12771360,
					"snd_wnd":	141344768,
					"rtt":	130357,
					"rttvar":	130,
					"pmtu":	1500,
					"omitted":	false,
					"sender":	true
				}],
			"sum":	{
				"start":	115.000136,
				"end":	116.000288,
				"seconds":	1.0001519918441772,
				"bytes":	76021760,
				"bits_per_second":	608081656.547611,
				"retransmits":	4390,
				"omitted":	false,
				"sender":	true
			}
		}, {
			"streams":	[{
					"socket":	7,
					"start":	116.000288,
					"end":	117.000482,
					"seconds":	1.0001939535140991,
					"bytes":	138412032,
					"bits_per_second":	1107081533.6461551,
					"retransmits":	5550,
					"snd_cwnd":	14746432,
					"snd_wnd":	124567552,
					"rtt":	130655,
					"rttvar":	277,
					"pmtu":	1500,
					"omitted":	false,
					"sender":	true
				}],
			"sum":	{
				"start":	116.000288,
				"end":	117.000482,
				"seconds":	1.0001939535140991,
				"bytes":	138412032,
				"bits_per_second":	1107081533.6461551,
				"retransmits":	5550,
				"omitted":	false,
				"sender":	true
			}
		}, {
			"streams":	[{
					"socket":	7,
					"start":	117.000482,
					"end":	118.000274,
					"seconds":	0.999791979789734,
					"bytes":	68157440,
					"bits_per_second":	545372968.59960151,
					"retransmits":	5437,
					"snd_cwnd":	15021552,
					"snd_wnd":	126607360,
					"rtt":	126447,
					"rttvar":	1065,
					"pmtu":	1500,
					"omitted":	false,
					"sender":	true
				}],
			"sum":	{
				"start":	117.000482,
				"end":	118.000274,
				"seconds":	0.999791979789734,
				"bytes":	68157440,
				"bits_per_second":	545372968.59960151,
				"retransmits":	5437,
				"omitted":	false,
				"sender":	true
			}
		}, {
			"streams":	[{
					"socket":	7,
					"start":	118.000274,
					"end":	119.000551,
					"seconds":	1.000277042388916,
					"bytes":	72351744,
					"bits_per_second":	578653640.413105,
					"retransmits":	5811,
					"snd_cwnd":	15206896,
					"snd_wnd":	124874752,
					"rtt":	130203,
					"rttvar":	204,
					"pmtu":	1500,
					"omitted":	false,
					"sender":	true
				}],
			"sum":	{
				"start":	118.000274,
				"end":	119.000551,
				"seconds":	1.000277042388916,
				"bytes":	72351744,
				"bits_per_second":	578653640.413105,
				"retransmits":	5811,
				"omitted":	false,
				"sender":	true
			}
		}, {
			"streams":	[{
					"socket":	7,
					"start":	119.000551,
					"end":	120.000643,
					"seconds":	1.0000920295715332,
					"bytes":	135004160,
					"bits_per_second":	1079933894.1464374,
					"retransmits":	5258,
					"snd_cwnd":	14619008,
					"snd_wnd":	123662336,
					"rtt":	130452,
					"rttvar":	161,
					"pmtu":	1500,
					"omitted":	false,
					"sender":	true
				}],
			"sum":	{
				"start":	119.000551,
				"end":	120.000643,
				"seconds":	1.0000920295715332,
				"bytes":	135004160,
				"bits_per_second":	1079933894.1464374,
				"retransmits":	5258,
				"omitted":	false,
				"sender":	true
			}
		}],
	"end":	{
		"streams":	[{
				"sender":	{
					"socket":	7,
					"start":	0,
					"end":	120.000643,
					"seconds":	120.000643,
					"bytes":	13729398784,
					"bits_per_second":	915288347.8466028,
					"retransmits":	600760,
					"max_snd_cwnd":	22539568,
					"max_snd_wnd":	141410304,
					"max_rtt":	140115,
					"min_rtt":	78973,
					"mean_rtt":	127615,
					"sender":	true
				},
				"receiver":	{
					"socket":	7,
					"start":	0,
					"end":	120.122855,
					"seconds":	120.000643,
					"bytes":	13562806272,
					"bits_per_second":	903262332.3513248,
					"sender":	true
				}
			}],
		"sum_sent":	{
			"start":	0,
			"end":	120.000643,
			"seconds":	120.000643,
			"bytes":	13729398784,
			"bits_per_second":	915288347.8466028,
			"retransmits":	600760,
			"sender":	true
		},
		"sum_received":	{
			"start":	0,
			"end":	120.122855,
			"seconds":	120.122855,
			"bytes":	13562806272,
			"bits_per_second":	903262332.3513248,
			"sender":	true
		},
		"cpu_utilization_percent":	{
			"host_total":	2.8350043453834286,
			"host_user":	0.023290646400724382,
			"host_system":	2.8117128673224148,
			"remote_total":	5.9957703472319,
			"remote_user":	0.0719005506886728,
			"remote_system":	5.92387146150521
		},
		"sender_tcp_congestion":	"bbr",
		"receiver_tcp_congestion":	"cubic"
	}
}
