{
	"start":	{
		"connected":	[{
				"socket":	7,
				"local_host":	"172.16.0.3",
				"local_port":	55124,
				"remote_host":	"172.17.0.3",
				"remote_port":	5201
			}],
		"version":	"iperf 3.16",
		"system_info":	"Linux h1 6.8.0-63-generic #66-Ubuntu SMP PREEMPT_DYNAMIC Fri Jun 13 20:25:30 UTC 2025 x86_64",
		"timestamp":	{
			"time":	"Fri, 30 Jan 2026 05:09:52 GMT",
			"timesecs":	1769749792
		},
		"connecting_to":	{
			"host":	"172.17.0.3",
			"port":	5201
		},
		"cookie":	"weyuim2wbn5wqqt2wcjt25zd37mjtk76jlhf",
		"tcp_mss_default":	1448,
		"target_bitrate":	0,
		"fq_rate":	0,
		"sock_bufsize":	0,
		"sndbuf_actual":	1000000,
		"rcvbuf_actual":	1000000,
		"test_start":	{
			"protocol":	"TCP",
			"num_streams":	1,
			"blksize":	131072,
			"omit":	0,
			"duration":	120,
			"bytes":	0,
			"blocks":	0,
			"reverse":	0,
			"tos":	0,
			"target_bitrate":	0,
			"bidir":	0,
			"fqrate":	0
		}
	},
	"intervals":	[{
			"streams":	[{
					"socket":	7,
					"start":	0,
					"end":	1.000159,
					"seconds":	1.0001590251922607,
					"bytes":	29229056,
					"bits_per_second":	233795268.6624513,
					"retransmits":	660,
					"snd_cwnd":	2683144,
					"snd_wnd":	8572928,
					"rtt":	130479,
					"rttvar":	232,
					"pmtu":	1500,
					"omitted":	false,
					"sender":	true
				}],
			"sum":	{
				"start":	0,
				"end":	1.000159,
				"seconds":	1.0001590251922607,
				"bytes":	29229056,
				"bits_per_second":	233795268.6624513,
				"retransmits":	660,
				"omitted":	false,
				"sender":	true
			}
		}, {
			"streams":	[{
					"socket":	7,
					"start":	1.000159,
					"end":	2.000117,
					"seconds":	0.99995797872543335,
					"bytes":	61603840,
					"bits_per_second":	492851430.24527091,
					"retransmits":	6670,
					"snd_cwnd":	10692032,
					"snd_wnd":	47955968,
					"rtt":	129249,
					"rttvar":	71,
					"pmtu":	1500,
					"omitted":	false,
					"sender":	true
				}],
			"sum":	{
				"start":	1.000159,
				"end":	2.000117,
				"seconds":	0.99995797872543335,
				"bytes":	61603840,
				"bits_per_second":	492851430.24527091,
				"retransmits":	6670,
				"omitted":	false,
				"sender":	true
			}
		}, {
			"streams":	[{
					"socket":	7,
					"start":	2.000117,
					"end":	3.000148,
					"seconds":	1.0000309944152832,
					"bytes":	52822016,
					"bits_per_second":	422563030.90593678,
					"retransmits":	4880,
					"snd_cwnd":	6788224,
					"snd_wnd":	75104256,
					"rtt":	130212,
					"rttvar":	155,
					"pmtu":	1500,
					"omitted":	false,
					"sender":	true
				}],
			"sum":	{
				"start":	2.000117,
				"end":	3.000148,
				"seconds":	1.0000309944152832,
				"bytes":	52822016,
				"bits_per_second":	422563030.90593678,
				"retransmits":	4880,
				"omitted":	false,
				"sender":	true
			}
		}, {
			"streams":	[{
					"socket":	7,
					"start":	3.000148,
					"end":	4.000164,
					"seconds":	1.0000159740448,
					"bytes":	51773440,
					"bits_per_second":	414180903.8556866,
					"retransmits":	2317,
					"snd_cwnd":	6802704,
					"snd_wnd":	75935744,
					"rtt":	130088,
					"rttvar":	254,
					"pmtu":	1500,
					"omitted":	false,
					"sender":	true
				}],
			"sum":	{
				"start":	3.000148,
				"end":	4.000164,
				"seconds":	1.0000159740448,
				"bytes":	51773440,
				"bits_per_second":	414180903.8556866,
				"retransmits":	2317,
				"omitted":	false,
				"sender":	true
			}
		}, {
			"streams":	[{
					"socket":	7,
					"start":	4.000164,
					"end":	5.000141,
					"seconds":	0.9999769926071167,
					"bytes":	24379392,
					"bits_per_second":	195039623.35324231,
					"retransmits":	2920,
					"snd_cwnd":	6921440,
					"snd_wnd":	77451264,
					"rtt":	130321,
					"rttvar":	243,
					"pmtu":	1500,
					"omitted":	false,
					"sender":	true
				}],
			"sum":	{
				"start":	4.000164,
				"end":	5.000141,
				"seconds":	0.9999769926071167,
				"bytes":	24379392,
				"bits_per_second":	195039623.35324231,
				"retransmits":	2920,
				"omitted":	false,
				"sender":	true
			}
		}, {
			"streams":	[{
					"socket":	7,
					"start":	5.000141,
					"end":	6.000112,
					"seconds":	0.99997097253799438,
					"bytes":	50987008,
					"bits_per_second":	407907904.53120059,
					"retransmits":	2053,
					"snd_cwnd":	7170496,
					"snd_wnd":	72814592,
					"rtt":	130615,
					"rttvar":	150,
					"pmtu":	1500,
					"omitted":	false,
					"sender":	true
				}],
			"sum":	{
				"start":	5.000141,
				"end":	6.000112,
				"seconds":	0.99997097253799438,
				"bytes":	50987008,
				"bits_per_second":	407907904.53120059,
				"retransmits":	2053,
				"omitted":	false,
				"sender":	true
			}
		}, {
			"streams":	[{
					"socket":	7,
					"start":	6.000112,
					"end":	7.000167,
					"seconds":	1.0000549554824829,
					"bytes":	50593792,
					"bits_per_second":	404728093.97232139,
					"retransmits":	1569,
					"snd_cwnd":	7445616,
					"snd_wnd":	79052800,
					"rtt":	130399,
					"rttvar":	130,
					"pmtu":	1500,
					"omitted":	false,
					"sender":	true
				}],
			"sum":	{
				"start":	6.000112,
				"end":	7.000167,
				"seconds":	1.0000549554824829,
				"bytes":	50593792,
				"bits_per_second":	404728093.97232139,
				"retransmits":	1569,
				"omitted":	false,
				"sender":	true
			}
		}, {
			"streams":	[{
					"socket":	7,
					"start":	7.000167,
					"end":	8.000249,
					"seconds":	1.0000820159912109,
					"bytes":	50200576,
					"bits_per_second":	401571672.70122117,
					"retransmits":	2436,
					"snd_cwnd":	7717840,
					"snd_wnd":	77799424,
					"rtt":	123567,
					"rttvar":	691,
					"pmtu":	1500,
					"omitted":	false,
					"sender":	true
				}],
			"sum":	{
				"start":	7.000167,
				"end":	8.000249,
				"seconds":	1.0000820159912109,
				"bytes":	50200576,
				"bits_per_second":	401571672.70122117,
				"retransmits":	2436,
				"omitted":	false,
				"sender":	true
			}
		}, {
			"streams":	[{
					"socket":	7,
					"start":	8.000249,
					"end":	9.000268,
					"seconds":	1.0000189542770386,
					"bytes":	49807360,
					"bits_per_second":	398451327.64314944,
					"retransmits":	1907,
					"snd_cwnd":	8441840,
					"snd_wnd":	74285056,
					"rtt":	130716,
					"rttvar":	171,
					"pmtu":	1500,
					"omitted":	false,
					"sender":	true
				}],
			"sum":	{
				"start":	8.000249,
				"end":	9.000268,
				"seconds":	1.0000189542770386,
				"bytes":	49807360,
				"bits_per_second":	398451327.64314944,
				"retransmits":	1907,
				"omitted":	false,
				"sender":	true
			}
		}, {
			"streams":	[{
					"socket":	7,
					"start":	9.000268,
					"end":	10.001063,
					"seconds":	1.0007950067520142,
					"bytes":	51118080,
					"bits_per_second":	408619784.51230615,
					"retransmits":	2458,
					"snd_cwnd":	8514240,
					"snd_wnd":	74067968,
					"rtt":	130064,
					"rttvar":	298,
					"pmtu":	1500,
					"omitted":	false,
					"sender":	true
				}],
			"sum":	{
				"start":	9.000268,
				"end":	10.001063,
				"seconds":	1.0007950067520142,
				"bytes":	51118080,
				"bits_per_second":	408619784.51230615,
				"retransmits":	2458,
				"omitted":	false,
				"sender":	true
			}
		}, {
			"streams":	[{
					"socket":	7,
					"start":	10.001063,
					"end":	11.000211,
					"seconds":	0.99914801120758057,
					"bytes":	49676288,
					"bits_per_second":	397749181.845126,
					"retransmits":	166,
					"snd_cwnd":	9756624,
					"snd_wnd":	80277504,
					"rtt":	88968,
					"rttvar":	259,
					"pmtu":	1500,
					"omitted":	false,
					"sender":	true
				}],
			"sum":	{
				"start":	10.001063,
				"end":	11.000211,
				"seconds":	0.99914801120758057,
				"bytes":	49676288,
				"bits_per_second":	397749181.845126,
				"retransmits":	166,
				"omitted":	false,
				"sender":	true
			}
		}, {
			"streams":	[{
					"socket":	7,
					"start":	11.000211,
					"end":	12.000439,
					"seconds":	1.0002280473709106,
					"bytes":	75890688,
					"bits_per_second":	606987082.19172943,
					"retransmits":	2365,
					"snd_cwnd":	10092560,
					"snd_wnd":	76845056,
					"rtt":	128649,
					"rttvar":	544,
					"pmtu":	1500,
					"omitted":	false,
					"sender":	true
				}],
			"sum":	{
				"start":	11.000211,
				"end":	12.000439,
				"seconds":	1.0002280473709106,
				"bytes":	75890688,
				"bits_per_second":	606987082.19172943,
				"retransmits":	2365,
				"omitted":	false,
				"sender":	true
			}
		}, {
			"streams":	[{
					"socket":	7,
					"start":	12.000439,
					"end":	13.000683,
					"seconds":	1.0002440214157104,
					"bytes":	63832064,
					"bits_per_second":	510531931.27536482,
					"retransmits":	3002,
					"snd_cwnd":	9287472,
					"snd_wnd":	93220864,
					"rtt":	130288,
					"rttvar":	229,
					"pmtu":	1500,
					"omitted":	false,
					"sender":	true
				}],
			"sum":	{
				"start":	12.000439,
				"end":	13.000683,
				"seconds":	1.0002440214157104,
				"bytes":	63832064,
				"bits_per_second":	510531931.27536482,
				"retransmits":	3002,
				"omitted":	false,
				"sender":	true
			}
		}, {
			"streams":	[{
					"socket":	7,
					"start":	13.000683,
					"end":	14.000247,
					"seconds":	0.999563992023468,
					"bytes":	51249152,
					"bits_per_second":	410172054.2874198,
					"retransmits":	2393,
					"snd_cwnd":	9620512,
					"snd_wnd":	91000832,
					"rtt":	129892,
					"rttvar":	229,
					"pmtu":	1500,
					"omitted":	false,
					"sender":	true
				}],
			"sum":	{
				"start":	13.000683,
				"end":	14.000247,
				"seconds":	0.999563992023468,
				"bytes":	51249152,
				"bits_per_second":	410172054.2874198,
				"retransmits":	2393,
				"omitted":	false,
				"sender":	true
			}
		}, {
			"streams":	[{
					"socket":	7,
					"start":	14.000247,
					"end":	15.000113,
					"seconds":	0.999866008758545,
					"bytes":	52297728,
					"bits_per_second":	418437891.0124886,
					"retransmits":	2633,
					"snd_cwnd":	9852192,
					"snd_wnd":	89804800,
					"rtt":	129982,
					"rttvar":	90,
					"pmtu":	1500,
					"omitted":	false,
					"sender":	true
				}],
			"sum":	{
				"start":	14.000247,
				"end":	15.000113,
				"seconds":	0.999866008758545,
				"bytes":	52297728,
				"bits_per_second":	418437891.0124886,
				"retransmits":	2633,
				"omitted":	false,
				"sender":	true
			}
		}, {
			"streams":	[{
					"socket":	7,
					"start":	15.000113,
					"end":	16.00007,
					"seconds":	0.999957025051117,
					"bytes":	88342528,
					"bits_per_second":	706770597.43029666,
					"retransmits":	1681,
					"snd_cwnd":	11103264,
					"snd_wnd":	102981632,
					"rtt":	130201,
					"rttvar":	436,
					"pmtu":	1500,
					"omitted":	false,
					"sender":	true
				}],
			"sum":	{
				"start":	15.000113,
				"end":	16.00007,
				"seconds":	0.999957025051117,
				"bytes":	88342528,
				"bits_per_second":	706770597.43029666,
				"retransmits":	1681,
				"omitted":	false,
				"sender":	true
			}
		}, {
			"streams":	[{
					"socket":	7,
					"start":	16.00007,
					"end":	17.000283,
					"seconds":	1.0002130270004272,
					"bytes":	77332480,
					"bits_per_second":	618528076.819115,
					"retransmits":	2558,
					"snd_cwnd":	12250080,
					"snd_wnd":	100823040,
					"rtt":	128486,
					"rttvar":	626,
					"pmtu":	1500,
					"omitted":	false,
					"sender":	true
				}],
			"sum":	{
				"start":	16.00007,
				"end":	17.000283,
				"seconds":	1.0002130270004272,
				"bytes":	77332480,
				"bits_per_second":	618528076.819115,
				"retransmits":	2558,
				"omitted":	false,
				"sender":	true
			}
		}, {
			"streams":	[{
					"socket":	7,
					"start":	17.000283,
					"end":	18.001069,
					"seconds":	1.0007859468460083,
					"bytes":	71041024,
					"bits_per_second":	567881867.03769636,
					"retransmits":	3635,
					"snd_cwnd":	12241392,
					"snd_wnd":	101314560,
					"rtt":	124860,
					"rttvar":	385,
					"pmtu":	1500,
					"omitted":	false,
					"sender":	true
				}],
			"sum":	{
				"start":	17.000283,
				"end":	18.001069,
				"seconds":	1.0007859468460083,
				"bytes":	71041024,
				"bits_per_second":	567881867.03769636,
				"retransmits":	3635,
				"omitted":	false,
				"sender":	true
			}
		}, {
			"streams":	[{
					"socket":	7,
					"start":	18.001069,
					"end":	19.000796,
					"seconds":	0.99972701072692871,
					"bytes":	77594624,
					"bits_per_second":	620926498.27339435,
					"retransmits":	3070,
					"snd_cwnd":	12722128,
					"snd_wnd":	108347392,
					"rtt":	130234,
					"rttvar":	62,
					"pmtu":	1500,
					"omitted":	false,
					"sender":	true
				}],
			"sum":	{
				"start":	18.001069,
				"end":	19.000796,
				"seconds":	0.99972701072692871,
				"bytes":	77594624,
				"bits_per_second":	620926498.27339435,
				"retransmits":	3070,
				"omitted":	false,
				"sender":	true
			}
		}, {
			"streams":	[{
					"socket":	7,
					"start":	19.000796,
					"end":	20.000134,
					"seconds":	0.99933797121047974,
					"bytes":	84934656,
					"bits_per_second":	679927379.500012,
					"retransmits":	4468,
					"snd_cwnd":	13217344,
					"snd_wnd":	109703168,
					"rtt":	130422,
					"rttvar":	243,
					"pmtu":	1500,
					"omitted":	false,
					"sender":	true
				}],
			"sum":	{
				"start":	19.000796,
				"end":	20.000134,
				"seconds":	0.99933797121047974,
				"bytes":	84934656,
				"bits_per_second":	679927379.500012,
				"retransmits":	4468,
				"omitted":	false,
				"sender":	true
			}
		}, {
			"streams":	[{
					"socket":	7,
					"start":	20.000134,
					"end":	21.000531,
					"seconds":	1.0003969669342041,
					"bytes":	81002496,
					"bits_per_second":	647762827.57624567,
					"retransmits":	2741,
					"snd_cwnd":	5792,
					"snd_wnd":	109760512,
					"rtt":	64483,
					"rttvar":	29,
					"pmtu":	1500,
					"omitted":	false,
					"sender":	true
				}],
			"sum":	{
				"start":	20.000134,
				"end":	21.000531,
				"seconds":	1.0003969669342041,
				"bytes":	81002496,
				"bits_per_second":	647762827.57624567,
				"retransmits":	2741,
				"omitted":	false,
				"sender":	true
			}
		}, {
			"streams":	[{
					"socket":	7,
					"start":	21.000531,
					"end":	22.00012,
					"seconds":	0.99958902597427368,
					"bytes":	77463552,
					"bits_per_second":	619963204.77406824,
					"retransmits":	2772,
					"snd_cwnd":	13970304,
					"snd_wnd":	102830080,
					"rtt":	127845,
					"rttvar":	592,
					"pmtu":	1500,
					"omitted":	false,
					"sender":	true
				}],
			"sum":	{
				"start":	21.000531,
				"end":	22.00012,
				"seconds":	0.99958902597427368,
				"bytes":	77463552,
				"bits_per_second":	619963204.77406824,
				"retransmits":	2772,
				"omitted":	false,
				"sender":	true
			}
		}, {
			"streams":	[{
					"socket":	7,
					"start":	22.00012,
					"end":	23.000114,
					"seconds":	0.99999397993087769,
					"bytes":	61079552,
					"bits_per_second":	488639357.6427089,
					"retransmits":	5109,
					"snd_cwnd":	13657536,
					"snd_wnd":	97398784,
					"rtt":	130597,
					"rttvar":	367,
					"pmtu":	1500,
					"omitted":	false,
					"sender":	true
				}],
			"sum":	{
				"start":	22.00012,
				"end":	23.000114,
				"seconds":	0.99999397993087769,
				"bytes":	61079552,
				"bits_per_second":	488639357.6427089,
				"retransmits":	5109,
				"omitted":	false,
				"sender":	true
			}
		}, {
			"streams":	[{
					"socket":	7,
					"start":	23.000114,
					"end":	24.000376,
					"seconds":	1.0002620220184326,
					"bytes":	109838336,
					"bits_per_second":	878476507.81227744,
					"retransmits":	5500,
					"snd_cwnd":	13732832,
					"snd_wnd":	106696704,
					"rtt":	130107,
					"rttvar":	144,
					"pmtu":	1500,
					"omitted":	false,
					"sender":	true
				}],
			"sum":	{
				"start":	23.000114,
				"end":	24.000376,
				"seconds":	1.0002620220184326,
				"bytes":	109838336,
				"bits_per_second":	878476507.81227744,
				"retransmits":	5500,
				"omitted":	false,
				"sender":	true
			}
		}, {
			"streams":	[{
					"socket":	7,
					"start":	24.000376,
					"end":	25.000155,
					"seconds":	0.999778985977173,
					"bytes":	85852160,
					"bits_per_second":	686969109.80651629,
					"retransmits":	5529,
					"snd_cwnd":	13260784,
					"snd_wnd":	90902528,
					"rtt":	130024,
					"rttvar":	179,
					"pmtu":	1500,
					"omitted":	false,
					"sender":	true
				}],
			"sum":	{
				"start":	24.000376,
				"end":	25.000155,
				"seconds":	0.999778985977173,
				"bytes":	85852160,
				"bits_per_second":	686969109.80651629,
				"retransmits":	5529,
				"omitted":	false,
				"sender":	true
			}
		}, {
			"streams":	[{
					"socket":	7,
					"start":	25.000155,
					"end":	26.001053,
					"seconds":	1.000898003578186,
					"bytes":	88735744,
					"bits_per_second":	709249043.820824,
					"retransmits":	4751,
					"snd_cwnd":	12539680,
					"snd_wnd":	102178816,
					"rtt":	130041,
					"rttvar":	125,
					"pmtu":	1500,
					"omitted":	false,
					"sender":	true
				}],
			"sum":	{
				"start":	25.000155,
				"end":	26.001053,
				"seconds":	1.000898003578186,
				"bytes":	88735744,
				"bits_per_second":	709249043.820824,
				"retransmits":	4751,
				"omitted":	false,
				"sender":	true
			}
		}, {
			"streams":	[{
					"socket":	7,
					"start":	26.001053,
					"end":	27.001067,
					"seconds":	1.0000139474868774,
					"bytes":	82837504,
					"bits_per_second":	662690789.128915,
					"retransmits":	3236,
					"snd_cwnd":	12797424,
					"snd_wnd":	100708352,
					"rtt":	130228,
					"rttvar":	107,
					"pmtu":	1500,
					"omitted":	false,
					"sender":	true
				}],
			"sum":	{
				"start":	26.001053,
				"end":	27.001067,
				"seconds":	1.0000139474868774,
				"bytes":	82837504,
				"bits_per_second":	662690789.128915,
				"retransmits":	3236,
				"omitted":	false,
				"sender":	true
			}
		}, {
			"streams":	[{
					"socket":	7,
					"start":	27.001067,
					"end":	28.000142,
					"seconds":	0.99907499551773071,
					"bytes":	89915392,
					"bits_per_second":	719989129.171669,
					"retransmits":	4491,
					"snd_cwnd":	12693168,
					"snd_wnd":	101191680,
					"rtt":	129751,
					"rttvar":	208,
					"pmtu":	1500,
					"omitted":	false,
					"sender":	true
				}],
			"sum":	{
				"start":	27.001067,
				"end":	28.000142,
				"seconds":	0.99907499551773071,
				"bytes":	89915392,
				"bits_per_second":	719989129.171669,
				"retransmits":	4491,
				"omitted":	false,
				"sender":	true
			}
		}, {
			"streams":	[{
					"socket":	7,
					"start":	28.000142,
					"end":	29.000159,
					"seconds":	1.0000170469284058,
					"bytes":	78512128,
					"bits_per_second":	628086317.05752051,
					"retransmits":	3645,
					"snd_cwnd":	12513616,
					"snd_wnd":	101007360,
					"rtt":	129405,
					"rttvar":	396,
					"pmtu":	1500,
					"omitted":	false,
					"sender":	true
				}],
			"sum":	{
				"start":	28.000142,
				"end":	29.000159,
				"seconds":	1.0000170469284058,
				"bytes":	78512128,
				"bits_per_second":	628086317.05752051,
				"retransmits":	3645,
				"omitted":	false,
				"sender":	true
			}
		}, {
			"streams":	[{
					"socket":	7,
					"start":	29.000159,
					"end":	30.000238,
					"seconds":	1.0000790357589722,
					"bytes":	78774272,
					"bits_per_second":	630144372.061292,
					"retransmits":	3428,
					"snd_cwnd":	13254992,
					"snd_wnd":	100515840,
					"rtt":	129984,
					"rttvar":	340,
					"pmtu":	1500,
					"omitted":	false,
					"sender":	true
				}],
			"sum":	{
				"start":	29.000159,
				"end":	30.000238,
				"seconds":	1.0000790357589722,
				"bytes":	78774272,
				"bits_per_second":	630144372.061292,
				"retransmits":	3428,
				"omitted":	false,
				"sender":	true
			}
		}, {
			"streams":	[{
					"socket":	7,
					"start":	30.000238,
					"end":	31.001053,
					"seconds":	1.0008150339126587,
					"bytes":	102760448,
					"bits_per_second":	821414103.64918971,
					"retransmits":	3063,
					"snd_cwnd":	13935552,
					"snd_wnd":	99340288,
					"rtt":	128614,
					"rttvar":	443,
					"pmtu":	1500,
					"omitted":	false,
					"sender":	true
				}],
			"sum":	{
				"start":	30.000238,
				"end":	31.001053,
				"seconds":	1.0008150339126587,
				"bytes":	102760448,
				"bits_per_second":	821414103.64918971,
				"retransmits":	3063,
				"omitted":	false,
				"sender":	true
			}
		}, {
			"streams":	[{
					"socket":	7,
					"start":	31.001053,
					"end":	32.000238,
					"seconds":	0.999185025691986,
					"bytes":	74448896,
					"bits_per_second":	596076955.4042536,
					"retransmits":	180,
					"snd_cwnd":	11272680,
					"snd_wnd":	109703168,
					"rtt":	130430,
					"rttvar":	119,
					"pmtu":	1500,
					"omitted":	false,
					"sender":	true
				}],
			"sum":	{
				"start":	31.001053,
				"end":	32.000238,
				"seconds":	0.999185025691986,
				"bytes":	74448896,
				"bits_per_second":	596076955.4042536,
				"retransmits":	180,
				"omitted":	false,
				"sender":	true
			}
		}, {
			"streams":	[{
					"socket":	7,
					"start":	32.000238,
					"end":	33.000271,
					"seconds":	1.0000330209732056,
					"bytes":	74711040,
					"bits_per_second":	597668584.40168869,
					"retransmits":	3684,
					"snd_cwnd":	13559072,
					"snd_wnd":	101928960,
					"rtt":	128672,
					"rttvar":	214,
					"pmtu":	1500,
					"omitted":	false,
					"sender":	true
				}],
			"sum":	{
				"start":	32.000238,
				"end":	33.000271,
				"seconds":	1.0000330209732056,
				"bytes":	74711040,
				"bits_per_second":	597668584.40168869,
				"retransmits":	3684,
				"omitted":	false,
				"sender":	true
			}
		}, {
			"streams":	[{
					"socket":	7,
					"start":	33.000271,
					"end":	34.000346,
					"seconds":	1.0000749826431274,
					"bytes":	74055680,
					"bits_per_second":	592401020.20571363,
					"retransmits":	3355,
					"snd_cwnd":	13709664,
					"snd_wnd":	102486016,
					"rtt":	129919,
					"rttvar":	153,
					"pmtu":	1500,
					"omitted":	false,
					"sender":	true
				}],
			"sum":	{
				"start":	33.000271,
				"end":	34.000346,
				"seconds":	1.0000749826431274,
				"bytes":	74055680,
				"bits_per_second":	592401020.20571363,
				"retransmits":	3355,
				"omitted":	false,
				"sender":	true
			}
		}, {
			"streams":	[{
					"socket":	7,
					"start":	34.000346,
					"end":	35.000603,
					"seconds":	1.0002570152282715,
					"bytes":	110493696,
					"bits_per_second":	883722437.87590075,
					"retransmits":	3340,
					"snd_cwnd":	14230944,
					"snd_wnd":	105938944,
					"rtt":	130516,
					"rttvar":	122,
					"pmtu":	1500,
					"omitted":	false,
					"sender":	true
				}],
			"sum":	{
				"start":	34.000346,
				"end":	35.000603,
				"seconds":	1.0002570152282715,
				"bytes":	110493696,
				"bits_per_second":	883722437.87590075,
				"retransmits":	3340,
				"omitted":	false,
				"sender":	true
			}
		}, {
			"streams":	[{
					"socket":	7,
					"start":	35.000603,
					"end":	36.000116,
					"seconds":	0.99951297044754028,
					"bytes":	87031808,
					"bits_per_second":	696593725.73048878,
					"retransmits":	2880,
					"snd_cwnd":	14656656,
					"snd_wnd":	100515840,
					"rtt":	130401,
					"rttvar":	136,
					"pmtu":	1500,
					"omitted":	false,
					"sender":	true
				}],
			"sum":	{
				"start":	35.000603,
				"end":	36.000116,
				"seconds":	0.99951297044754028,
				"bytes":	87031808,
				"bits_per_second":	696593725.73048878,
				"retransmits":	2880,
				"omitted":	false,
				"sender":	true
			}
		}, {
			"streams":	[{
					"socket":	7,
					"start":	36.000116,
					"end":	37.000683,
					"seconds":	1.0005669593811035,
					"bytes":	90308608,
					"bits_per_second":	722059485.60092378,
					"retransmits":	5057,
					"snd_cwnd":	14514752,
					"snd_wnd":	99192832,
					"rtt":	130289,
					"rttvar":	213,
					"pmtu":	1500,
					"omitted":	false,
					"sender":	true
				}],
			"sum":	{
				"start":	36.000116,
				"end":	37.000683,
				"seconds":	1.0005669593811035,
				"bytes":	90308608,
				"bits_per_second":	722059485.60092378,
				"retransmits":	5057,
				"omitted":	false,
				"sender":	true
			}
		}, {
			"streams":	[{
					"socket":	7,
					"start":	37.000683,
					"end":	38.000202,
					"seconds":	0.9995189905166626,
					"bytes":	109838336,
					"bits_per_second":	879129557.654314,
					"retransmits":	4202,
					"snd_cwnd":	15088160,
					"snd_wnd":	98443264,
					"rtt":	129416,
					"rttvar":	523,
					"pmtu":	1500,
					"omitted":	false,
					"sender":	true
				}],
			"sum":	{
				"start":	37.000683,
				"end":	38.000202,
				"seconds":	0.9995189905166626,
				"bytes":	109838336,
				"bits_per_second":	879129557.654314,
				"retransmits":	4202,
				"omitted":	false,
				"sender":	true
			}
		}, {
			"streams":	[{
					"socket":	7,
					"start":	38.000202,
					"end":	39.000072,
					"seconds":	0.999870002269745,
					"bytes":	75890688,
					"bits_per_second":	607204439.19889665,
					"retransmits":	4398,
					"snd_cwnd":	15948272,
					"snd_wnd":	100204544,
					"rtt":	130494,
					"rttvar":	155,
					"pmtu":	1500,
					"omitted":	false,
					"sender":	true
				}],
			"sum":	{
				"start":	38.000202,
				"end":	39.000072,
				"seconds":	0.999870002269745,
				"bytes":	75890688,
				"bits_per_second":	607204439.19889665,
				"retransmits":	4398,
				"omitted":	false,
				"sender":	true
			}
		}, {
			"streams":	[{
					"socket":	7,
					"start":	39.000072,
					"end":	40.000336,
					"seconds":	1.000264048576355,
					"bytes":	126877696,
					"bits_per_second":	1014753623.7502977,
					"retransmits":	4074,
					"snd_cwnd":	16608560,
					"snd_wnd":	97517568,
					"rtt":	129410,
					"rttvar":	427,
					"pmtu":	1500,
					"omitted":	false,
					"sender":	true
				}],
			"sum":	{
				"start":	39.000072,
				"end":	40.000336,
				"seconds":	1.000264048576355,
				"bytes":	126877696,
				"bits_per_second":	1014753623.7502977,
				"retransmits":	4074,
				"omitted":	false,
				"sender":	true
			}
		}, {
			"streams":	[{
					"socket":	7,
					"start":	40.000336,
					"end":	41.000113,
					"seconds":	0.99977701902389526,
					"bytes":	75890688,
					"bits_per_second":	607260911.63082564,
					"retransmits":	5162,
					"snd_cwnd":	16785216,
					"snd_wnd":	94961664,
					"rtt":	130441,
					"rttvar":	102,
					"pmtu":	1500,
					"omitted":	false,
					"sender":	true
				}],
			"sum":	{
				"start":	40.000336,
				"end":	41.000113,
				"seconds":	0.99977701902389526,
				"bytes":	75890688,
				"bits_per_second":	607260911.63082564,
				"retransmits":	5162,
				"omitted":	false,
				"sender":	true
			}
		}, {
			"streams":	[{
					"socket":	7,
					"start":	41.000113,
					"end":	42.000745,
					"seconds":	1.0006320476531982,
					"bytes":	127270912,
					"bits_per_second":	1017524172.2348665,
					"retransmits":	1874,
					"snd_cwnd":	16405840,
					"snd_wnd":	109703168,
					"rtt":	85109,
					"rttvar":	425,
					"pmtu":	1500,
					"omitted":	false,
					"sender":	true
				}],
			"sum":	{
				"start":	41.000113,
				"end":	42.000745,
				"seconds":	1.0006320476531982,
				"bytes":	127270912,
				"bits_per_second":	1017524172.2348665,
				"retransmits":	1874,
				"omitted":	false,
				"sender":	true
			}
		}, {
			"streams":	[{
					"socket":	7,
					"start":	42.000745,
					"end":	43.000114,
					"seconds":	0.99936902523040771,
					"bytes":	90177536,
					"bits_per_second":	721875773.399795,
					"retransmits":	2830,
					"snd_cwnd":	17144320,
					"snd_wnd":	97390592,
					"rtt":	134490,
					"rttvar":	7378,
					"pmtu":	1500,
					"omitted":	false,
					"sender":	true
				}],
			"sum":	{
				"start":	42.000745,
				"end":	43.000114,
				"seconds":	0.99936902523040771,
				"bytes":	90177536,
				"bits_per_second":	721875773.399795,
				"retransmits":	2830,
				"omitted":	false,
				"sender":	true
			}
		}, {
			"streams":	[{
					"socket":	7,
					"start":	43.000114,
					"end":	44.000192,
					"seconds":	1.0000779628753662,
					"bytes":	106692608,
					"bits_per_second":	853474324.687596,
					"retransmits":	8192,
					"snd_cwnd":	16437696,
					"snd_wnd":	98603008,
					"rtt":	130082,
					"rttvar":	237,
					"pmtu":	1500,
					"omitted":	false,
					"sender":	true
				}],
			"sum":	{
				"start":	43.000114,
				"end":	44.000192,
				"seconds":	1.0000779628753662,
				"bytes":	106692608,
				"bits_per_second":	853474324.687596,
				"retransmits":	8192,
				"omitted":	false,
				"sender":	true
			}
		}, {
			"streams":	[{
					"socket":	7,
					"start":	44.000192,
					"end":	45.00052,
					"seconds":	1.0003279447555542,
					"bytes":	99483648,
					"bits_per_second":	795608268.44088924,
					"retransmits":	6172,
					"snd_cwnd":	16339232,
					"snd_wnd":	98402304,
					"rtt":	130142,
					"rttvar":	512,
					"pmtu":	1500,
					"omitted":	false,
					"sender":	true
				}],
			"sum":	{
				"start":	44.000192,
				"end":	45.00052,
				"seconds":	1.0003279447555542,
				"bytes":	99483648,
				"bits_per_second":	795608268.44088924,
				"retransmits":	6172,
				"omitted":	false,
				"sender":	true
			}
		}, {
			"streams":	[{
					"socket":	7,
					"start":	45.00052,
					"end":	46.00016,
					"seconds":	0.99963998794555664,
					"bytes":	125566976,
					"bits_per_second":	1004897583.2434486,
					"retransmits":	5823,
					"snd_cwnd":	16336336,
					"snd_wnd":	105754624,
					"rtt":	130357,
					"rttvar":	298,
					"pmtu":	1500,
					"omitted":	false,
					"sender":	true
				}],
			"sum":	{
				"start":	45.00052,
				"end":	46.00016,
				"seconds":	0.99963998794555664,
				"bytes":	125566976,
				"bits_per_second":	1004897583.2434486,
				"retransmits":	5823,
				"omitted":	false,
				"sender":	true
			}
		}, {
			"streams":	[{
					"socket":	7,
					"start":	46.00016,
					"end":	47.000384,
					"seconds":	1.0002239942550659,
					"bytes":	80740352,
					"bits_per_second":	645778165.40090322,
					"retransmits":	4588,
					"snd_cwnd":	16371088,
					"snd_wnd":	98013184,
					"rtt":	144242,
					"rttvar":	333,
					"pmtu":	1500,
					"omitted":	false,
					"sender":	true
				}],
			"sum":	{
				"start":	46.00016,
				"end":	47.000384,
				"seconds":	1.0002239942550659,
				"bytes":	80740352,
				"bits_per_second":	645778165.40090322,
				"retransmits":	4588,
				"omitted":	false,
				"sender":	true
			}
		}, {
			"streams":	[{
					"socket":	7,
					"start":	47.000384,
					"end":	48.000186,
					"seconds":	0.999801993370056,
					"bytes":	111673344,
					"bits_per_second":	893563683.53361666,
					"retransmits":	7569,
					"snd_cwnd":	15899040,
					"snd_wnd":	91295744,
					"rtt":	130504,
					"rttvar":	222,
					"pmtu":	1500,
					"omitted":	false,
					"sender":	true
				}],
			"sum":	{
				"start":	47.000384,
				"end":	48.000186,
				"seconds":	0.999801993370056,
				"bytes":	111673344,
				"bits_per_second":	893563683.53361666,
				"retransmits":	7569,
				"omitted":	false,
				"sender":	true
			}
		}, {
			"streams":	[{
					"socket":	7,
					"start":	48.000186,
					"end":	49.000325,
					"seconds":	1.0001389980316162,
					"bytes":	88211456,
					"bits_per_second":	705593571.88238728,
					"retransmits":	6272,
					"snd_cwnd":	16011984,
					"snd_wnd":	99143680,
					"rtt":	130255,
					"rttvar":	65,
					"pmtu":	1500,
					"omitted":	false,
					"sender":	true
				}],
			"sum":	{
				"start":	48.000186,
				"end":	49.000325,
				"seconds":	1.0001389980316162,
				"bytes":	88211456,
				"bits_per_second":	705593571.88238728,
				"retransmits":	6272,
				"omitted":	false,
				"sender":	true
			}
		}, {
			"streams":	[{
					"socket":	7,
					"start":	49.000325,
					"end":	50.00032,
					"seconds":	0.999994993209839,
					"bytes":	102498304,
					"bits_per_second":	819990537.5205555,
					"retransmits":	5525,
					"snd_cwnd":	15079472,
					"snd_wnd":	91041792,
					"rtt":	129730,
					"rttvar":	231,
					"pmtu":	1500,
					"omitted":	false,
					"sender":	true
				}],
			"sum":	{
				"start":	49.000325,
				"end":	50.00032,
				"seconds":	0.999994993209839,
				"bytes":	102498304,
				"bits_per_second":	819990537.5205555,
				"retransmits":	5525,
				"omitted":	false,
				"sender":	true
			}
		}, {
			"streams":	[{
					"socket":	7,
					"start":	50.00032,
					"end":	51.000867,
					"seconds":	1.0005470514297485,
					"bytes":	104464384,
					"bits_per_second":	835258142.838751,
					"retransmits":	3576,
					"snd_cwnd":	14529232,
					"snd_wnd":	99565568,
					"rtt":	129998,
					"rttvar":	346,
					"pmtu":	1500,
					"omitted":	false,
					"sender":	true
				}],
			"sum":	{
				"start":	50.00032,
				"end":	51.000867,
				"seconds":	1.0005470514297485,
				"bytes":	104464384,
				"bits_per_second":	835258142.838751,
				"retransmits":	3576,
				"omitted":	false,
				"sender":	true
			}
		}, {
			"streams":	[{
					"socket":	7,
					"start":	51.000867,
					"end":	52.00116,
					"seconds":	1.0002930164337158,
					"bytes":	108789760,
					"bits_per_second":	870063137.20242929,
					"retransmits":	2345,
					"snd_cwnd":	5792,
					"snd_wnd":	109764608,
					"rtt":	100450,
					"rttvar":	3473,
					"pmtu":	1500,
					"omitted":	false,
					"sender":	true
				}],
			"sum":	{
				"start":	51.000867,
				"end":	52.00116,
				"seconds":	1.0002930164337158,
				"bytes":	108789760,
				"bits_per_second":	870063137.20242929,
				"retransmits":	2345,
				"omitted":	false,
				"sender":	true
			}
		}, {
			"streams":	[{
					"socket":	7,
					"start":	52.00116,
					"end":	53.001058,
					"seconds":	0.99989801645278931,
					"bytes":	74842112,
					"bits_per_second":	598797963.54038441,
					"retransmits":	1196,
					"snd_cwnd":	16472448,
					"snd_wnd":	99094528,
					"rtt":	127445,
					"rttvar":	309,
					"pmtu":	1500,
					"omitted":	false,
					"sender":	true
				}],
			"sum":	{
				"start":	52.00116,
				"end":	53.001058,
				"seconds":	0.99989801645278931,
				"bytes":	74842112,
				"bits_per_second":	598797963.54038441,
				"retransmits":	1196,
				"omitted":	false,
				"sender":	true
			}
		}, {
			"streams":	[{
					"socket":	7,
					"start":	53.001058,
					"end":	54.000294,
					"seconds":	0.999235987663269,
					"bytes":	88997888,
					"bits_per_second":	712527483.78787374,
					"retransmits":	6932,
					"snd_cwnd":	15166352,
					"snd_wnd":	98611200,
					"rtt":	130202,
					"rttvar":	133,
					"pmtu":	1500,
					"omitted":	false,
					"sender":	true
				}],
			"sum":	{
				"start":	53.001058,
				"end":	54.000294,
				"seconds":	0.999235987663269,
				"bytes":	88997888,
				"bits_per_second":	712527483.78787374,
				"retransmits":	6932,
				"omitted":	false,
				"sender":	true
			}
		}, {
			"streams":	[{
					"socket":	7,
					"start":	54.000294,
					"end":	55.000158,
					"seconds":	0.99986398220062256,
					"bytes":	77725696,
					"bits_per_second":	621890156.13049138,
					"retransmits":	5131,
					"snd_cwnd":	14891232,
					"snd_wnd":	97935360,
					"rtt":	130370,
					"rttvar":	207,
					"pmtu":	1500,
					"omitted":	false,
					"sender":	true
				}],
			"sum":	{
				"start":	54.000294,
				"end":	55.000158,
				"seconds":	0.99986398220062256,
				"bytes":	77725696,
				"bits_per_second":	621890156.13049138,
				"retransmits":	5131,
				"omitted":	false,
				"sender":	true
			}
		}, {
			"streams":	[{
					"socket":	7,
					"start":	55.000158,
					"end":	56.000324,
					"seconds":	1.0001660585403442,
					"bytes":	134348800,
					"bits_per_second":	1074611951.5078962,
					"retransmits":	3760,
					"snd_cwnd":	15064992,
					"snd_wnd":	100397056,
					"rtt":	130322,
					"rttvar":	211,
					"pmtu":	1500,
					"omitted":	false,
					"sender":	true
				}],
			"sum":	{
				"start":	55.000158,
				"end":	56.000324,
				"seconds":	1.0001660585403442,
				"bytes":	134348800,
				"bits_per_second":	1074611951.5078962,
				"retransmits":	3760,
				"omitted":	false,
				"sender":	true
			}
		}, {
			"streams":	[{
					"socket":	7,
					"start":	56.000324,
					"end":	57.00014,
					"seconds":	0.99981600046157837,
					"bytes":	80478208,
					"bits_per_second":	643944149.42626369,
					"retransmits":	4102,
					"snd_cwnd":	15218480,
					"snd_wnd":	90644480,
					"rtt":	130159,
					"rttvar":	96,
					"pmtu":	1500,
					"omitted":	false,
					"sender":	true
				}],
			"sum":	{
				"start":	56.000324,
				"end":	57.00014,
				"seconds":	0.99981600046157837,
				"bytes":	80478208,
				"bits_per_second":	643944149.42626369,
				"retransmits":	4102,
				"omitted":	false,
				"sender":	true
			}
		}, {
			"streams":	[{
					"socket":	7,
					"start":	57.00014,
					"end":	58.000136,
					"seconds":	0.9999960064888,
					"bytes":	108265472,
					"bits_per_second":	866127234.888813,
					"retransmits":	2936,
					"snd_cwnd":	15788992,
					"snd_wnd":	102981632,
					"rtt":	130246,
					"rttvar":	213,
					"pmtu":	1500,
					"omitted":	false,
					"sender":	true
				}],
			"sum":	{
				"start":	57.00014,
				"end":	58.000136,
				"seconds":	0.9999960064888,
				"bytes":	108265472,
				"bits_per_second":	866127234.888813,
				"retransmits":	2936,
				"omitted":	false,
				"sender":	true
			}
		}, {
			"streams":	[{
					"socket":	7,
					"start":	58.000136,
					"end":	59.000108,
					"seconds":	0.99997198581695557,
					"bytes":	103022592,
					"bits_per_second":	824203825.39683056,
					"retransmits":	3365,
					"snd_cwnd":	16081488,
					"snd_wnd":	102080512,
					"rtt":	130328,
					"rttvar":	98,
					"pmtu":	1500,
					"omitted":	false,
					"sender":	true
				}],
			"sum":	{
				"start":	58.000136,
				"end":	59.000108,
				"seconds":	0.99997198581695557,
				"bytes":	103022592,
				"bits_per_second":	824203825.39683056,
				"retransmits":	3365,
				"omitted":	false,
				"sender":	true
			}
		}, {
			"streams":	[{
					"socket":	7,
					"start":	59.000108,
					"end":	60.000138,
					"seconds":	1.0000300407409668,
					"bytes":	119275520,
					"bits_per_second":	954175495.861092,
					"retransmits":	4151,
					"snd_cwnd":	16568016,
					"snd_wnd":	101343232,
					"rtt":	129426,
					"rttvar":	456,
					"pmtu":	1500,
					"omitted":	false,
					"sender":	true
				}],
			"sum":	{
				"start":	59.000108,
				"end":	60.000138,
				"seconds":	1.0000300407409668,
				"bytes":	119275520,
				"bits_per_second":	954175495.861092,
				"retransmits":	4151,
				"omitted":	false,
				"sender":	true
			}
		}, {
			"streams":	[{
					"socket":	7,
					"start":	60.000138,
					"end":	61.000214,
					"seconds":	1.0000760555267334,
					"bytes":	118226944,
					"bits_per_second":	945743622.97060025,
					"retransmits":	3885,
					"snd_cwnd":	16733088,
					"snd_wnd":	104177664,
					"rtt":	130175,
					"rttvar":	204,
					"pmtu":	1500,
					"omitted":	false,
					"sender":	true
				}],
			"sum":	{
				"start":	60.000138,
				"end":	61.000214,
				"seconds":	1.0000760555267334,
				"bytes":	118226944,
				"bits_per_second":	945743622.97060025,
				"retransmits":	3885,
				"omitted":	false,
				"sender":	true
			}
		}, {
			"streams":	[{
					"socket":	7,
					"start":	61.000214,
					"end":	62.000418,
					"seconds":	1.0002039670944214,
					"bytes":	91095040,
					"bits_per_second":	728611707.18712366,
					"retransmits":	4881,
					"snd_cwnd":	17138528,
					"snd_wnd":	97021952,
					"rtt":	130470,
					"rttvar":	58,
					"pmtu":	1500,
					"omitted":	false,
					"sender":	true
				}],
			"sum":	{
				"start":	61.000214,
				"end":	62.000418,
				"seconds":	1.0002039670944214,
				"bytes":	91095040,
				"bits_per_second":	728611707.18712366,
				"retransmits":	4881,
				"omitted":	false,
				"sender":	true
			}
		}, {
			"streams":	[{
					"socket":	7,
					"start":	62.000418,
					"end":	63.000117,
					"seconds":	0.99969899654388428,
					"bytes":	111411200,
					"bits_per_second":	891557962.027898,
					"retransmits":	450,
					"snd_cwnd":	17292016,
					"snd_wnd":	113983488,
					"rtt":	110197,
					"rttvar":	283,
					"pmtu":	1500,
					"omitted":	false,
					"sender":	true
				}],
			"sum":	{
				"start":	62.000418,
				"end":	63.000117,
				"seconds":	0.99969899654388428,
				"bytes":	111411200,
				"bits_per_second":	891557962.027898,
				"retransmits":	450,
				"omitted":	false,
				"sender":	true
			}
		}, {
			"streams":	[{
					"socket":	7,
					"start":	63.000117,
					"end":	64.000228,
					"seconds":	1.0001109838485718,
					"bytes":	93061120,
					"bits_per_second":	744406342.91916156,
					"retransmits":	4771,
					"snd_cwnd":	16437696,
					"snd_wnd":	102481920,
					"rtt":	130113,
					"rttvar":	449,
					"pmtu":	1500,
					"omitted":	false,
					"sender":	true
				}],
			"sum":	{
				"start":	63.000117,
				"end":	64.000228,
				"seconds":	1.0001109838485718,
				"bytes":	93061120,
				"bits_per_second":	744406342.91916156,
				"retransmits":	4771,
				"omitted":	false,
				"sender":	true
			}
		}, {
			"streams":	[{
					"socket":	7,
					"start":	64.000228,
					"end":	65.000296,
					"seconds":	1.0000679492950439,
					"bytes":	96206848,
					"bits_per_second":	769602490.053337,
					"retransmits":	6197,
					"snd_cwnd":	15791888,
					"snd_wnd":	95232000,
					"rtt":	130119,
					"rttvar":	104,
					"pmtu":	1500,
					"omitted":	false,
					"sender":	true
				}],
			"sum":	{
				"start":	64.000228,
				"end":	65.000296,
				"seconds":	1.0000679492950439,
				"bytes":	96206848,
				"bits_per_second":	769602490.053337,
				"retransmits":	6197,
				"omitted":	false,
				"sender":	true
			}
		}, {
			"streams":	[{
					"socket":	7,
					"start":	65.000296,
					"end":	66.000431,
					"seconds":	1.0001349449157715,
					"bytes":	185860096,
					"bits_per_second":	1486680148.0726392,
					"retransmits":	2949,
					"snd_cwnd":	16489824,
					"snd_wnd":	108371968,
					"rtt":	130519,
					"rttvar":	107,
					"pmtu":	1500,
					"omitted":	false,
					"sender":	true
				}],
			"sum":	{
				"start":	65.000296,
				"end":	66.000431,
				"seconds":	1.0001349449157715,
				"bytes":	185860096,
				"bits_per_second":	1486680148.0726392,
				"retransmits":	2949,
				"omitted":	false,
				"sender":	true
			}
		}, {
			"streams":	[{
					"socket":	7,
					"start":	66.000431,
					"end":	67.000205,
					"seconds":	0.99977397918701172,
					"bytes":	103153664,
					"bits_per_second":	825415873.16670656,
					"retransmits":	2468,
					"snd_cwnd":	16547744,
					"snd_wnd":	102449152,
					"rtt":	130272,
					"rttvar":	147,
					"pmtu":	1500,
					"omitted":	false,
					"sender":	true
				}],
			"sum":	{
				"start":	66.000431,
				"end":	67.000205,
				"seconds":	0.99977397918701172,
				"bytes":	103153664,
				"bits_per_second":	825415873.16670656,
				"retransmits":	2468,
				"omitted":	false,
				"sender":	true
			}
		}, {
			"streams":	[{
					"socket":	7,
					"start":	67.000205,
					"end":	68.000189,
					"seconds":	0.9999840259552002,
					"bytes":	102498304,
					"bits_per_second":	819999530.70923936,
					"retransmits":	3029,
					"snd_cwnd":	16585392,
					"snd_wnd":	110841856,
					"rtt":	130344,
					"rttvar":	84,
					"pmtu":	1500,
					"omitted":	false,
					"sender":	true
				}],
			"sum":	{
				"start":	67.000205,
				"end":	68.000189,
				"seconds":	0.9999840259552002,
				"bytes":	102498304,
				"bits_per_second":	819999530.70923936,
				"retransmits":	3029,
				"omitted":	false,
				"sender":	true
			}
		}, {
			"streams":	[{
					"socket":	7,
					"start":	68.000189,
					"end":	69.000368,
					"seconds":	1.0001790523529053,
					"bytes":	150994944,
					"bits_per_second":	1207743302.7199423,
					"retransmits":	3333,
					"snd_cwnd":	16715712,
					"snd_wnd":	105095168,
					"rtt":	130375,
					"rttvar":	286,
					"pmtu":	1500,
					"omitted":	false,
					"sender":	true
				}],
			"sum":	{
				"start":	68.000189,
				"end":	69.000368,
				"seconds":	1.0001790523529053,
				"bytes":	150994944,
				"bits_per_second":	1207743302.7199423,
				"retransmits":	3333,
				"omitted":	false,
				"sender":	true
			}
		}, {
			"streams":	[{
					"socket":	7,
					"start":	69.000368,
					"end":	70.000306,
					"seconds":	0.99993801116943359,
					"bytes":	117964800,
					"bits_per_second":	943776903.62657142,
					"retransmits":	2953,
					"snd_cwnd":	17150112,
					"snd_wnd":	102326272,
					"rtt":	129647,
					"rttvar":	438,
					"pmtu":	1500,
					"omitted":	false,
					"sender":	true
				}],
			"sum":	{
				"start":	69.000368,
				"end":	70.000306,
				"seconds":	0.99993801116943359,
				"bytes":	117964800,
				"bits_per_second":	943776903.62657142,
				"retransmits":	2953,
				"omitted":	false,
				"sender":	true
			}
		}, {
			"streams":	[{
					"socket":	7,
					"start":	70.000306,
					"end":	71.000353,
					"seconds":	1.000046968460083,
					"bytes":	112590848,
					"bits_per_second":	900684480.23694265,
					"retransmits":	3657,
					"snd_cwnd":	17126944,
					"snd_wnd":	101715968,
					"rtt":	129899,
					"rttvar":	389,
					"pmtu":	1500,
					"omitted":	false,
					"sender":	true
				}],
			"sum":	{
				"start":	70.000306,
				"end":	71.000353,
				"seconds":	1.000046968460083,
				"bytes":	112590848,
				"bits_per_second":	900684480.23694265,
				"retransmits":	3657,
				"omitted":	false,
				"sender":	true
			}
		}, {
			"streams":	[{
					"socket":	7,
					"start":	71.000353,
					"end":	72.000437,
					"seconds":	1.0000840425491333,
					"bytes":	104333312,
					"bits_per_second":	834596354.39487934,
					"retransmits":	3308,
					"snd_cwnd":	16683856,
					"snd_wnd":	102449152,
					"rtt":	130487,
					"rttvar":	158,
					"pmtu":	1500,
					"omitted":	false,
					"sender":	true
				}],
			"sum":	{
				"start":	71.000353,
				"end":	72.000437,
				"seconds":	1.0000840425491333,
				"bytes":	104333312,
				"bits_per_second":	834596354.39487934,
				"retransmits":	3308,
				"omitted":	false,
				"sender":	true
			}
		}, {
			"streams":	[{
					"socket":	7,
					"start":	72.000437,
					"end":	73.000117,
					"seconds":	0.999679982662201,
					"bytes":	100401152,
					"bits_per_second":	803466339.15886879,
					"retransmits":	1572,
					"snd_cwnd":	16324752,
					"snd_wnd":	113922048,
					"rtt":	70273,
					"rttvar":	283,
					"pmtu":	1500,
					"omitted":	false,
					"sender":	true
				}],
			"sum":	{
				"start":	72.000437,
				"end":	73.000117,
				"seconds":	0.999679982662201,
				"bytes":	100401152,
				"bits_per_second":	803466339.15886879,
				"retransmits":	1572,
				"omitted":	false,
				"sender":	true
			}
		}, {
			"streams":	[{
					"socket":	7,
					"start":	73.000117,
					"end":	74.000067,
					"seconds":	0.99994999170303345,
					"bytes":	99352576,
					"bits_per_second":	794860357.61281049,
					"retransmits":	2933,
					"snd_cwnd":	17387584,
					"snd_wnd":	106917888,
					"rtt":	129279,
					"rttvar":	551,
					"pmtu":	1500,
					"omitted":	false,
					"sender":	true
				}],
			"sum":	{
				"start":	73.000117,
				"end":	74.000067,
				"seconds":	0.99994999170303345,
				"bytes":	99352576,
				"bits_per_second":	794860357.61281049,
				"retransmits":	2933,
				"omitted":	false,
				"sender":	true
			}
		}, {
			"streams":	[{
					"socket":	7,
					"start":	74.000067,
					"end":	75.000195,
					"seconds":	1.0001280307769775,
					"bytes":	108265472,
					"bits_per_second":	866012899.69557941,
					"retransmits":	7420,
					"snd_cwnd":	17274640,
					"snd_wnd":	103895040,
					"rtt":	130135,
					"rttvar":	502,
					"pmtu":	1500,
					"omitted":	false,
					"sender":	true
				}],
			"sum":	{
				"start":	74.000067,
				"end":	75.000195,
				"seconds":	1.0001280307769775,
				"bytes":	108265472,
				"bits_per_second":	866012899.69557941,
				"retransmits":	7420,
				"omitted":	false,
				"sender":	true
			}
		}, {
			"streams":	[{
					"socket":	7,
					"start":	75.000195,
					"end":	76.000461,
					"seconds":	1.0002659559249878,
					"bytes":	114819072,
					"bits_per_second":	918308346.45429468,
					"retransmits":	3771,
					"snd_cwnd":	17326768,
					"snd_wnd":	101756928,
					"rtt":	129312,
					"rttvar":	354,
					"pmtu":	1500,
					"omitted":	false,
					"sender":	true
				}],
			"sum":	{
				"start":	75.000195,
				"end":	76.000461,
				"seconds":	1.0002659559249878,
				"bytes":	114819072,
				"bits_per_second":	918308346.45429468,
				"retransmits":	3771,
				"omitted":	false,
				"sender":	true
			}
		}, {
			"streams":	[{
					"socket":	7,
					"start":	76.000461,
					"end":	77.000258,
					"seconds":	0.999796986579895,
					"bytes":	103677952,
					"bits_per_second":	829592034.31617832,
					"retransmits":	3722,
					"snd_cwnd":	17373104,
					"snd_wnd":	103436288,
					"rtt":	129503,
					"rttvar":	448,
					"pmtu":	1500,
					"omitted":	false,
					"sender":	true
				}],
			"sum":	{
				"start":	76.000461,
				"end":	77.000258,
				"seconds":	0.999796986579895,
				"bytes":	103677952,
				"bits_per_second":	829592034.31617832,
				"retransmits":	3722,
				"omitted":	false,
				"sender":	true
			}
		}, {
			"streams":	[{
					"socket":	7,
					"start":	77.000258,
					"end":	78.000244,
					"seconds":	0.99998599290847778,
					"bytes":	105906176,
					"bits_per_second":	847261275.66623151,
					"retransmits":	3157,
					"snd_cwnd":	17543968,
					"snd_wnd":	101126144,
					"rtt":	130235,
					"rttvar":	116,
					"pmtu":	1500,
					"omitted":	false,
					"sender":	true
				}],
			"sum":	{
				"start":	77.000258,
				"end":	78.000244,
				"seconds":	0.99998599290847778,
				"bytes":	105906176,
				"bits_per_second":	847261275.66623151,
				"retransmits":	3157,
				"omitted":	false,
				"sender":	true
			}
		}, {
			"streams":	[{
					"socket":	7,
					"start":	78.000244,
					"end":	79.000239,
					"seconds":	0.999994993209839,
					"bytes":	122552320,
					"bits_per_second":	980423468.77457726,
					"retransmits":	4082,
					"snd_cwnd":	17294912,
					"snd_wnd":	99704832,
					"rtt":	130166,
					"rttvar":	200,
					"pmtu":	1500,
					"omitted":	false,
					"sender":	true
				}],
			"sum":	{
				"start":	78.000244,
				"end":	79.000239,
				"seconds":	0.999994993209839,
				"bytes":	122552320,
				"bits_per_second":	980423468.77457726,
				"retransmits":	4082,
				"omitted":	false,
				"sender":	true
			}
		}, {
			"streams":	[{
					"socket":	7,
					"start":	79.000239,
					"end":	80.000108,
					"seconds":	0.99986898899078369,
					"bytes":	120193024,
					"bits_per_second":	961670181.380996,
					"retransmits":	4388,
					"snd_cwnd":	17008208,
					"snd_wnd":	100323328,
					"rtt":	130177,
					"rttvar":	338,
					"pmtu":	1500,
					"omitted":	false,
					"sender":	true
				}],
			"sum":	{
				"start":	79.000239,
				"end":	80.000108,
				"seconds":	0.99986898899078369,
				"bytes":	120193024,
				"bits_per_second":	961670181.380996,
				"retransmits":	4388,
				"omitted":	false,
				"sender":	true
			}
		}, {
			"streams":	[{
					"socket":	7,
					"start":	80.000108,
					"end":	81.000118,
					"seconds":	1.0000100135803223,
					"bytes":	100663296,
					"bits_per_second":	805298304.08074868,
					"retransmits":	3187,
					"snd_cwnd":	17008208,
					"snd_wnd":	100286464,
					"rtt":	129970,
					"rttvar":	299,
					"pmtu":	1500,
					"omitted":	false,
					"sender":	true
				}],
			"sum":	{
				"start":	80.000108,
				"end":	81.000118,
				"seconds":	1.0000100135803223,
				"bytes":	100663296,
				"bits_per_second":	805298304.08074868,
				"retransmits":	3187,
				"omitted":	false,
				"sender":	true
			}
		}, {
			"streams":	[{
					"socket":	7,
					"start":	81.000118,
					"end":	82.000328,
					"seconds":	1.0002100467681885,
					"bytes":	117571584,
					"bits_per_second":	940375149.23901761,
					"retransmits":	3464,
					"snd_cwnd":	17103776,
					"snd_wnd":	100458496,
					"rtt":	130004,
					"rttvar":	207,
					"pmtu":	1500,
					"omitted":	false,
					"sender":	true
				}],
			"sum":	{
				"start":	81.000118,
				"end":	82.000328,
				"seconds":	1.0002100467681885,
				"bytes":	117571584,
				"bits_per_second":	940375149.23901761,
				"retransmits":	3464,
				"omitted":	false,
				"sender":	true
			}
		}, {
			"streams":	[{
					"socket":	7,
					"start":	82.000328,
					"end":	83.001048,
					"seconds":	1.0007200241088867,
					"bytes":	166199296,
					"bits_per_second":	1328637716.8119192,
					"retransmits":	2991,
					"snd_cwnd":	5792,
					"snd_wnd":	113930240,
					"rtt":	120669,
					"rttvar":	468,
					"pmtu":	1500,
					"omitted":	false,
					"sender":	true
				}],
			"sum":	{
				"start":	82.000328,
				"end":	83.001048,
				"seconds":	1.0007200241088867,
				"bytes":	166199296,
				"bits_per_second":	1328637716.8119192,
				"retransmits":	2991,
				"omitted":	false,
				"sender":	true
			}
		}, {
			"streams":	[{
					"socket":	7,
					"start":	83.001048,
					"end":	84.000298,
					"seconds":	0.99924999475479126,
					"bytes":	50069504,
					"bits_per_second":	400856676.61003447,
					"retransmits":	1170,
					"snd_cwnd":	15442920,
					"snd_wnd":	113922048,
					"rtt":	129867,
					"rttvar":	203,
					"pmtu":	1500,
					"omitted":	false,
					"sender":	true
				}],
			"sum":	{
				"start":	83.001048,
				"end":	84.000298,
				"seconds":	0.99924999475479126,
				"bytes":	50069504,
				"bits_per_second":	400856676.61003447,
				"retransmits":	1170,
				"omitted":	false,
				"sender":	true
			}
		}, {
			"streams":	[{
					"socket":	7,
					"start":	84.000298,
					"end":	85.000108,
					"seconds":	0.999809980392456,
					"bytes":	99221504,
					"bits_per_second":	793922892.916532,
					"retransmits":	5543,
					"snd_cwnd":	16649104,
					"snd_wnd":	97914880,
					"rtt":	130096,
					"rttvar":	98,
					"pmtu":	1500,
					"omitted":	false,
					"sender":	true
				}],
			"sum":	{
				"start":	84.000298,
				"end":	85.000108,
				"seconds":	0.999809980392456,
				"bytes":	99221504,
				"bits_per_second":	793922892.916532,
				"retransmits":	5543,
				"omitted":	false,
				"sender":	true
			}
		}, {
			"streams":	[{
					"socket":	7,
					"start":	85.000108,
					"end":	86.000198,
					"seconds":	1.0000900030136108,
					"bytes":	100794368,
					"bits_per_second":	806282376.15632463,
					"retransmits":	6236,
					"snd_cwnd":	16324752,
					"snd_wnd":	103280640,
					"rtt":	130357,
					"rttvar":	86,
					"pmtu":	1500,
					"omitted":	false,
					"sender":	true
				}],
			"sum":	{
				"start":	85.000108,
				"end":	86.000198,
				"seconds":	1.0000900030136108,
				"bytes":	100794368,
				"bits_per_second":	806282376.15632463,
				"retransmits":	6236,
				"omitted":	false,
				"sender":	true
			}
		}, {
			"streams":	[{
					"socket":	7,
					"start":	86.000198,
					"end":	87.000339,
					"seconds":	1.0001410245895386,
					"bytes":	112066560,
					"bits_per_second":	896406064.70266545,
					"retransmits":	4760,
					"snd_cwnd":	16223392,
					"snd_wnd":	129773568,
					"rtt":	130337,
					"rttvar":	381,
					"pmtu":	1500,
					"omitted":	false,
					"sender":	true
				}],
			"sum":	{
				"start":	86.000198,
				"end":	87.000339,
				"seconds":	1.0001410245895386,
				"bytes":	112066560,
				"bits_per_second":	896406064.70266545,
				"retransmits":	4760,
				"omitted":	false,
				"sender":	true
			}
		}, {
			"streams":	[{
					"socket":	7,
					"start":	87.000339,
					"end":	88.000839,
					"seconds":	1.000499963760376,
					"bytes":	102105088,
					"bits_per_second":	816432517.32854319,
					"retransmits":	3937,
					"snd_cwnd":	16510096,
					"snd_wnd":	132280320,
					"rtt":	130401,
					"rttvar":	105,
					"pmtu":	1500,
					"omitted":	false,
					"sender":	true
				}],
			"sum":	{
				"start":	87.000339,
				"end":	88.000839,
				"seconds":	1.000499963760376,
				"bytes":	102105088,
				"bits_per_second":	816432517.32854319,
				"retransmits":	3937,
				"omitted":	false,
				"sender":	true
			}
		}, {
			"streams":	[{
					"socket":	7,
					"start":	88.000839,
					"end":	89.000624,
					"seconds":	0.999785006046295,
					"bytes":	152305664,
					"bits_per_second":	1218707326.7065778,
					"retransmits":	2925,
					"snd_cwnd":	17445504,
					"snd_wnd":	126976000,
					"rtt":	130232,
					"rttvar":	292,
					"pmtu":	1500,
					"omitted":	false,
					"sender":	true
				}],
			"sum":	{
				"start":	88.000839,
				"end":	89.000624,
				"seconds":	0.999785006046295,
				"bytes":	152305664,
				"bits_per_second":	1218707326.7065778,
				"retransmits":	2925,
				"omitted":	false,
				"sender":	true
			}
		}, {
			"streams":	[{
					"socket":	7,
					"start":	89.000624,
					"end":	90.000348,
					"seconds":	0.999723970890045,
					"bytes":	116916224,
					"bits_per_second":	935588041.534389,
					"retransmits":	3753,
					"snd_cwnd":	18146336,
					"snd_wnd":	132341760,
					"rtt":	130134,
					"rttvar":	88,
					"pmtu":	1500,
					"omitted":	false,
					"sender":	true
				}],
			"sum":	{
				"start":	89.000624,
				"end":	90.000348,
				"seconds":	0.999723970890045,
				"bytes":	116916224,
				"bits_per_second":	935588041.534389,
				"retransmits":	3753,
				"omitted":	false,
				"sender":	true
			}
		}, {
			"streams":	[{
					"socket":	7,
					"start":	90.000348,
					"end":	91.000239,
					"seconds":	0.99989098310470581,
					"bytes":	108265472,
					"bits_per_second":	866218208.41972923,
					"retransmits":	3655,
					"snd_cwnd":	19023824,
					"snd_wnd":	127279104,
					"rtt":	130180,
					"rttvar":	124,
					"pmtu":	1500,
					"omitted":	false,
					"sender":	true
				}],
			"sum":	{
				"start":	90.000348,
				"end":	91.000239,
				"seconds":	0.99989098310470581,
				"bytes":	108265472,
				"bits_per_second":	866218208.41972923,
				"retransmits":	3655,
				"omitted":	false,
				"sender":	true
			}
		}, {
			"streams":	[{
					"socket":	7,
					"start":	91.000239,
					"end":	92.000169,
					"seconds":	0.99993002414703369,
					"bytes":	108789760,
					"bits_per_second":	870378985.511915,
					"retransmits":	3684,
					"snd_cwnd":	20732464,
					"snd_wnd":	128086016,
					"rtt":	130135,
					"rttvar":	273,
					"pmtu":	1500,
					"omitted":	false,
					"sender":	true
				}],
			"sum":	{
				"start":	91.000239,
				"end":	92.000169,
				"seconds":	0.99993002414703369,
				"bytes":	108789760,
				"bits_per_second":	870378985.511915,
				"retransmits":	3684,
				"omitted":	false,
				"sender":	true
			}
		}, {
			"streams":	[{
					"socket":	7,
					"start":	92.000169,
					"end":	93.000124,
					"seconds":	0.99995499849319458,
					"bytes":	171835392,
					"bits_per_second":	1374745001.596545,
					"retransmits":	6046,
					"snd_cwnd":	21276912,
					"snd_wnd":	131493888,
					"rtt":	131365,
					"rttvar":	1514,
					"pmtu":	1500,
					"omitted":	false,
					"sender":	true
				}],
			"sum":	{
				"start":	92.000169,
				"end":	93.000124,
				"seconds":	0.99995499849319458,
				"bytes":	171835392,
				"bits_per_second":	1374745001.596545,
				"retransmits":	6046,
				"omitted":	false,
				"sender":	true
			}
		}, {
			"streams":	[{
					"socket":	7,
					"start":	93.000124,
					"end":	94.000078,
					"seconds":	0.9999539852142334,
					"bytes":	102236160,
					"bits_per_second":	817926916.731846,
					"retransmits":	2016,
					"snd_cwnd":	22559840,
					"snd_wnd":	141344768,
					"rtt":	93219,
					"rttvar":	268,
					"pmtu":	1500,
					"omitted":	false,
					"sender":	true
				}],
			"sum":	{
				"start":	93.000124,
				"end":	94.000078,
				"seconds":	0.9999539852142334,
				"bytes":	102236160,
				"bits_per_second":	817926916.731846,
				"retransmits":	2016,
				"omitted":	false,
				"sender":	true
			}
		}, {
			"streams":	[{
					"socket":	7,
					"start":	94.000078,
					"end":	95.000123,
					"seconds":	1.0000449419021606,
					"bytes":	101187584,
					"bits_per_second":	809464293.13493538,
					"retransmits":	6548,
					"snd_cwnd":	22635136,
					"snd_wnd":	133275648,
					"rtt":	129970,
					"rttvar":	236,
					"pmtu":	1500,
					"omitted":	false,
					"sender":	true
				}],
			"sum":	{
				"start":	94.000078,
				"end":	95.000123,
				"seconds":	1.0000449419021606,
				"bytes":	101187584,
				"bits_per_second":	809464293.13493538,
				"retransmits":	6548,
				"omitted":	false,
				"sender":	true
			}
		}, {
			"streams":	[{
					"socket":	7,
					"start":	95.000123,
					"end":	96.000314,
					"seconds":	1.0001909732818604,
					"bytes":	158728192,
					"bits_per_second":	1269583079.5527034,
					"retransmits":	6911,
					"snd_cwnd":	21366688,
					"snd_wnd":	126939136,
					"rtt":	130215,
					"rttvar":	121,
					"pmtu":	1500,
					"omitted":	false,
					"sender":	true
				}],
			"sum":	{
				"start":	95.000123,
				"end":	96.000314,
				"seconds":	1.0001909732818604,
				"bytes":	158728192,
				"bits_per_second":	1269583079.5527034,
				"retransmits":	6911,
				"omitted":	false,
				"sender":	true
			}
		}, {
			"streams":	[{
					"socket":	7,
					"start":	96.000314,
					"end":	97.000213,
					"seconds":	0.99989902973175049,
					"bytes":	166592512,
					"bits_per_second":	1332874676.7136507,
					"retransmits":	5816,
					"snd_cwnd":	20532640,
					"snd_wnd":	125104128,
					"rtt":	130127,
					"rttvar":	173,
					"pmtu":	1500,
					"omitted":	false,
					"sender":	true
				}],
			"sum":	{
				"start":	96.000314,
				"end":	97.000213,
				"seconds":	0.99989902973175049,
				"bytes":	166592512,
				"bits_per_second":	1332874676.7136507,
				"retransmits":	5816,
				"omitted":	false,
				"sender":	true
			}
		}, {
			"streams":	[{
					"socket":	7,
					"start":	97.000213,
					"end":	98.000071,
					"seconds":	0.999858021736145,
					"bytes":	116916224,
					"bits_per_second":	935462607.35689378,
					"retransmits":	3824,
					"snd_cwnd":	20741152,
					"snd_wnd":	127393792,
					"rtt":	130386,
					"rttvar":	143,
					"pmtu":	1500,
					"omitted":	false,
					"sender":	true
				}],
			"sum":	{
				"start":	97.000213,
				"end":	98.000071,
				"seconds":	0.999858021736145,
				"bytes":	116916224,
				"bits_per_second":	935462607.35689378,
				"retransmits":	3824,
				"omitted":	false,
				"sender":	true
			}
		}, {
			"streams":	[{
					"socket":	7,
					"start":	98.000071,
					"end":	99.000116,
					"seconds":	1.0000449419021606,
					"bytes":	170524672,
					"bits_per_second":	1364136069.1302474,
					"retransmits":	5528,
					"snd_cwnd":	21534656,
					"snd_wnd":	126164992,
					"rtt":	130061,
					"rttvar":	174,
					"pmtu":	1500,
					"omitted":	false,
					"sender":	true
				}],
			"sum":	{
				"start":	98.000071,
				"end":	99.000116,
				"seconds":	1.0000449419021606,
				"bytes":	170524672,
				"bits_per_second":	1364136069.1302474,
				"retransmits":	5528,
				"omitted":	false,
				"sender":	true
			}
		}, {
			"streams":	[{
					"socket":	7,
					"start":	99.000116,
					"end":	100.000063,
					"seconds":	0.99994701147079468,
					"bytes":	123600896,
					"bits_per_second":	988859566.21400428,
					"retransmits":	5428,
					"snd_cwnd":	21082880,
					"snd_wnd":	126169088,
					"rtt":	130064,
					"rttvar":	447,
					"pmtu":	1500,
					"omitted":	false,
					"sender":	true
				}],
			"sum":	{
				"start":	99.000116,
				"end":	100.000063,
				"seconds":	0.99994701147079468,
				"bytes":	123600896,
				"bits_per_second":	988859566.21400428,
				"retransmits":	5428,
				"omitted":	false,
				"sender":	true
			}
		}, {
			"streams":	[{
					"socket":	7,
					"start":	100.000063,
					"end":	101.000173,
					"seconds":	1.0001100301742554,
					"bytes":	153354240,
					"bits_per_second":	1226698946.1012015,
					"retransmits":	5076,
					"snd_cwnd":	20057696,
					"snd_wnd":	125702144,
					"rtt":	130524,
					"rttvar":	266,
					"pmtu":	1500,
					"omitted":	false,
					"sender":	true
				}],
			"sum":	{
				"start":	100.000063,
				"end":	101.000173,
				"seconds":	1.0001100301742554,
				"bytes":	153354240,
				"bits_per_second":	1226698946.1012015,
				"retransmits":	5076,
				"omitted":	false,
				"sender":	true
			}
		}, {
			"streams":	[{
					"socket":	7,
					"start":	101.000173,
					"end":	102.000288,
					"seconds":	1.0001150369644165,
					"bytes":	164233216,
					"bits_per_second":	1313714602.2600465,
					"retransmits":	2991,
					"snd_cwnd":	20726672,
					"snd_wnd":	138661888,
					"rtt":	130061,
					"rttvar":	239,
					"pmtu":	1500,
					"omitted":	false,
					"sender":	true
				}],
			"sum":	{
				"start":	101.000173,
				"end":	102.000288,
				"seconds":	1.0001150369644165,
				"bytes":	164233216,
				"bits_per_second":	1313714602.2600465,
				"retransmits":	2991,
				"omitted":	false,
				"sender":	true
			}
		}, {
			"streams":	[{
					"socket":	7,
					"start":	102.000288,
					"end":	103.000187,
					"seconds":	0.99989902973175049,
					"bytes":	114294784,
					"bits_per_second":	914450604.32281935,
					"retransmits":	4115,
					"snd_cwnd":	20767216,
					"snd_wnd":	132034560,
					"rtt":	130215,
					"rttvar":	105,
					"pmtu":	1500,
					"omitted":	false,
					"sender":	true
				}],
			"sum":	{
				"start":	102.000288,
				"end":	103.000187,
				"seconds":	0.99989902973175049,
				"bytes":	114294784,
				"bits_per_second":	914450604.32281935,
				"retransmits":	4115,
				"omitted":	false,
				"sender":	true
			}
		}, {
			"streams":	[{
					"socket":	7,
					"start":	103.000187,
					"end":	104.000141,
					"seconds":	0.9999539852142334,
					"bytes":	122028032,
					"bits_per_second":	976269178.81711376,
					"retransmits":	2153,
					"snd_cwnd":	20706400,
					"snd_wnd":	141406208,
					"rtt":	80597,
					"rttvar":	7082,
					"pmtu":	1500,
					"omitted":	false,
					"sender":	true
				}],
			"sum":	{
				"start":	103.000187,
				"end":	104.000141,
				"seconds":	0.9999539852142334,
				"bytes":	122028032,
				"bits_per_second":	976269178.81711376,
				"retransmits":	2153,
				"omitted":	false,
				"sender":	true
			}
		}, {
			"streams":	[{
					"socket":	7,
					"start":	104.000141,
					"end":	105.000124,
					"seconds":	0.999983012676239,
					"bytes":	119406592,
					"bits_per_second":	955268963.46316123,
					"retransmits":	1759,
					"snd_cwnd":	20851200,
					"snd_wnd":	141344768,
					"rtt":	130529,
					"rttvar":	196,
					"pmtu":	1500,
					"omitted":	false,
					"sender":	true
				}],
			"sum":	{
				"start":	104.000141,
				"end":	105.000124,
				"seconds":	0.999983012676239,
				"bytes":	119406592,
				"bits_per_second":	955268963.46316123,
				"retransmits":	1759,
				"omitted":	false,
				"sender":	true
			}
		}, {
			"streams":	[{
					"socket":	7,
					"start":	105.000124,
					"end":	106.000248,
					"seconds":	1.0001239776611328,
					"bytes":	174587904,
					"bits_per_second":	1396530093.4653106,
					"retransmits":	6948,
					"snd_cwnd":	22032768,
					"snd_wnd":	125329408,
					"rtt":	130260,
					"rttvar":	481,
					"pmtu":	1500,
					"omitted":	false,
					"sender":	true
				}],
			"sum":	{
				"start":	105.000124,
				"end":	106.000248,
				"seconds":	1.0001239776611328,
				"bytes":	174587904,
				"bits_per_second":	1396530093.4653106,
				"retransmits":	6948,
				"omitted":	false,
				"sender":	true
			}
		}, {
			"streams":	[{
					"socket":	7,
					"start":	106.000248,
					"end":	107.000459,
					"seconds":	1.0002110004425049,
					"bytes":	112197632,
					"bits_per_second":	897391705.95294368,
					"retransmits":	5992,
					"snd_cwnd":	22669888,
					"snd_wnd":	124051456,
					"rtt":	130183,
					"rttvar":	272,
					"pmtu":	1500,
					"omitted":	false,
					"sender":	true
				}],
			"sum":	{
				"start":	106.000248,
				"end":	107.000459,
				"seconds":	1.0002110004425049,
				"bytes":	112197632,
				"bits_per_second":	897391705.95294368,
				"retransmits":	5992,
				"omitted":	false,
				"sender":	true
			}
		}, {
			"streams":	[{
					"socket":	7,
					"start":	107.000459,
					"end":	108.000164,
					"seconds":	0.99970501661300659,
					"bytes":	173670400,
					"bits_per_second":	1389773159.9938874,
					"retransmits":	4893,
					"snd_cwnd":	23344656,
					"snd_wnd":	126914560,
					"rtt":	130233,
					"rttvar":	139,
					"pmtu":	1500,
					"omitted":	false,
					"sender":	true
				}],
			"sum":	{
				"start":	107.000459,
				"end":	108.000164,
				"seconds":	0.99970501661300659,
				"bytes":	173670400,
				"bits_per_second":	1389773159.9938874,
				"retransmits":	4893,
				"omitted":	false,
				"sender":	true
			}
		}, {
			"streams":	[{
					"socket":	7,
					"start":	108.000164,
					"end":	109.00084,
					"seconds":	1.0006760358810425,
					"bytes":	153616384,
					"bits_per_second":	1228100831.7721839,
					"retransmits":	5612,
					"snd_cwnd":	24366944,
					"snd_wnd":	124776448,
					"rtt":	130001,
					"rttvar":	568,
					"pmtu":	1500,
					"omitted":	false,
					"sender":	true
				}],
			"sum":	{
				"start":	108.000164,
				"end":	109.00084,
				"seconds":	1.0006760358810425,
				"bytes":	153616384,
				"bits_per_second":	1228100831.7721839,
				"retransmits":	5612,
				"omitted":	false,
				"sender":	true
			}
		}, {
			"streams":	[{
					"socket":	7,
					"start":	109.00084,
					"end":	110.000184,
					"seconds":	0.999343991279602,
					"bytes":	164757504,
					"bits_per_second":	1318925258.47111,
					"retransmits":	7329,
					"snd_cwnd":	24465408,
					"snd_wnd":	112320512,
					"rtt":	130291,
					"rttvar":	342,
					"pmtu":	1500,
					"omitted":	false,
					"sender":	true
				}],
			"sum":	{
				"start":	109.00084,
				"end":	110.000184,
				"seconds":	0.999343991279602,
				"bytes":	164757504,
				"bits_per_second":	1318925258.47111,
				"retransmits":	7329,
				"omitted":	false,
				"sender":	true
			}
		}, {
			"streams":	[{
					"socket":	7,
					"start":	110.000184,
					"end":	111.000289,
					"seconds":	1.0001050233840942,
					"bytes":	157417472,
					"bits_per_second":	1259207529.7639472,
					"retransmits":	7045,
					"snd_cwnd":	27706032,
					"snd_wnd":	122322944,
					"rtt":	130337,
					"rttvar":	184,
					"pmtu":	1500,
					"omitted":	false,
					"sender":	true
				}],
			"sum":	{
				"start":	110.000184,
				"end":	111.000289,
				"seconds":	1.0001050233840942,
				"bytes":	157417472,
				"bits_per_second":	1259207529.7639472,
				"retransmits":	7045,
				"omitted":	false,
				"sender":	true
			}
		}, {
			"streams":	[{
					"socket":	7,
					"start":	111.000289,
					"end":	112.000107,
					"seconds":	0.99981802701950073,
					"bytes":	176160768,
					"bits_per_second":	1409542642.6758285,
					"retransmits":	10658,
					"snd_cwnd":	26252240,
					"snd_wnd":	108072960,
					"rtt":	130048,
					"rttvar":	663,
					"pmtu":	1500,
					"omitted":	false,
					"sender":	true
				}],
			"sum":	{
				"start":	111.000289,
				"end":	112.000107,
				"seconds":	0.99981802701950073,
				"bytes":	176160768,
				"bits_per_second":	1409542642.6758285,
				"retransmits":	10658,
				"omitted":	false,
				"sender":	true
			}
		}, {
			"streams":	[{
					"socket":	7,
					"start":	112.000107,
					"end":	113.000207,
					"seconds":	1.0001000165939331,
					"bytes":	157286400,
					"bits_per_second":	1258165362.5858295,
					"retransmits":	7873,
					"snd_cwnd":	26150880,
					"snd_wnd":	81788928,
					"rtt":	130306,
					"rttvar":	185,
					"pmtu":	1500,
					"omitted":	false,
					"sender":	true
				}],
			"sum":	{
				"start":	112.000107,
				"end":	113.000207,
				"seconds":	1.0001000165939331,
				"bytes":	157286400,
				"bits_per_second":	1258165362.5858295,
				"retransmits":	7873,
				"omitted":	false,
				"sender":	true
			}
		}, {
			"streams":	[{
					"socket":	7,
					"start":	113.000207,
					"end":	114.00039,
					"seconds":	1.0001829862594604,
					"bytes":	117964800,
					"bits_per_second":	943545744.09365845,
					"retransmits":	9007,
					"snd_cwnd":	5792,
					"snd_wnd":	120807424,
					"rtt":	129542,
					"rttvar":	134,
					"pmtu":	1500,
					"omitted":	false,
					"sender":	true
				}],
			"sum":	{
				"start":	113.000207,
				"end":	114.00039,
				"seconds":	1.0001829862594604,
				"bytes":	117964800,
				"bits_per_second":	943545744.09365845,
				"retransmits":	9007,
				"omitted":	false,
				"sender":	true
			}
		}, {
			"streams":	[{
					"socket":	7,
					"start":	114.00039,
					"end":	115.000537,
					"seconds":	1.0001469850540161,
					"bytes":	184549376,
					"bits_per_second":	1476178031.8922448,
					"retransmits":	585,
					"snd_cwnd":	26259480,
					"snd_wnd":	141348864,
					"rtt":	140971,
					"rttvar":	361,
					"pmtu":	1500,
					"omitted":	false,
					"sender":	true
				}],
			"sum":	{
				"start":	114.00039,
				"end":	115.000537,
				"seconds":	1.0001469850540161,
				"bytes":	184549376,
				"bits_per_second":	1476178031.8922448,
				"retransmits":	585,
				"omitted":	false,
				"sender":	true
			}
		}, {
			"streams":	[{
					"socket":	7,
					"start":	115.000537,
					"end":	116.000109,
					"seconds":	0.999571979045868,
					"bytes":	141688832,
					"bits_per_second":	1133996030.0627694,
					"retransmits":	9389,
					"snd_cwnd":	20851200,
					"snd_wnd":	139620352,
					"rtt":	130528,
					"rttvar":	148,
					"pmtu":	1500,
					"omitted":	false,
					"sender":	true
				}],
			"sum":	{
				"start":	115.000537,
				"end":	116.000109,
				"seconds":	0.999571979045868,
				"bytes":	141688832,
				"bits_per_second":	1133996030.0627694,
				"retransmits":	9389,
				"omitted":	false,
				"sender":	true
			}
		}, {
			"streams":	[{
					"socket":	7,
					"start":	116.000109,
					"end":	117.000134,
					"seconds":	1.0000250339508057,
					"bytes":	101974016,
					"bits_per_second":	815771706.011243,
					"retransmits":	7254,
					"snd_cwnd":	22947904,
					"snd_wnd":	123580416,
					"rtt":	130176,
					"rttvar":	211,
					"pmtu":	1500,
					"omitted":	false,
					"sender":	true
				}],
			"sum":	{
				"start":	116.000109,
				"end":	117.000134,
				"seconds":	1.0000250339508057,
				"bytes":	101974016,
				"bits_per_second":	815771706.011243,
				"retransmits":	7254,
				"omitted":	false,
				"sender":	true
			}
		}, {
			"streams":	[{
					"socket":	7,
					"start":	117.000134,
					"end":	118.000301,
					"seconds":	1.0001670122146606,
					"bytes":	167641088,
					"bits_per_second":	1340904756.5269635,
					"retransmits":	7671,
					"snd_cwnd":	24387216,
					"snd_wnd":	139571200,
					"rtt":	130675,
					"rttvar":	214,
					"pmtu":	1500,
					"omitted":	false,
					"sender":	true
				}],
			"sum":	{
				"start":	117.000134,
				"end":	118.000301,
				"seconds":	1.0001670122146606,
				"bytes":	167641088,
				"bits_per_second":	1340904756.5269635,
				"retransmits":	7671,
				"omitted":	false,
				"sender":	true
			}
		}, {
			"streams":	[{
					"socket":	7,
					"start":	118.000301,
					"end":	119.000142,
					"seconds":	0.99984097480773926,
					"bytes":	153485312,
					"bits_per_second":	1228077791.3068738,
					"retransmits":	7931,
					"snd_cwnd":	23602400,
					"snd_wnd":	112291840,
					"rtt":	130122,
					"rttvar":	213,
					"pmtu":	1500,
					"omitted":	false,
					"sender":	true
				}],
			"sum":	{
				"start":	118.000301,
				"end":	119.000142,
				"seconds":	0.99984097480773926,
				"bytes":	153485312,
				"bits_per_second":	1228077791.3068738,
				"retransmits":	7931,
				"omitted":	false,
				"sender":	true
			}
		}, {
			"streams":	[{
					"socket":	7,
					"start":	119.000142,
					"end":	120.000455,
					"seconds":	1.0003130435943604,
					"bytes":	228458496,
					"bits_per_second":	1827096007.2986338,
					"retransmits":	8541,
					"snd_cwnd":	23220128,
					"snd_wnd":	122843136,
					"rtt":	130301,
					"rttvar":	282,
					"pmtu":	1500,
					"omitted":	false,
					"sender":	true
				}],
			"sum":	{
				"start":	119.000142,
				"end":	120.000455,
				"seconds":	1.0003130435943604,
				"bytes":	228458496,
				"bits_per_second":	1827096007.2986338,
				"retransmits":	8541,
				"omitted":	false,
				"sender":	true
			}
		}],
	"end":	{
		"streams":	[{
				"sender":	{
					"socket":	7,
					"start":	0,
					"end":	120.000455,
					"seconds":	120.000455,
					"bytes":	12729450496,
					"bits_per_second":	848626815.35665846,
					"retransmits":	503947,
					"max_snd_cwnd":	27706032,
					"max_snd_wnd":	141406208,
					"max_rtt":	144242,
					"min_rtt":	64483,
					"mean_rtt":	127233,
					"sender":	true
				},
				"receiver":	{
					"socket":	7,
					"start":	0,
					"end":	120.115808,
					"seconds":	120.000455,
					"bytes":	12549619712,
					"bits_per_second":	835834677.946803,
					"sender":	true
				}
			}],
		"sum_sent":	{
			"start":	0,
			"end":	120.000455,
			"seconds":	120.000455,
			"bytes":	12729450496,
			"bits_per_second":	848626815.35665846,
			"retransmits":	503947,
			"sender":	true
		},
		"sum_received":	{
			"start":	0,
			"end":	120.115808,
			"seconds":	120.115808,
			"bytes":	12549619712,
			"bits_per_second":	835834677.946803,
			"sender":	true
		},
		"cpu_utilization_percent":	{
			"host_total":	2.53602428847625,
			"host_user":	0.02664073798935641,
			"host_system":	2.5093843820744191,
			"remote_total":	5.8832457559171516,
			"remote_user":	0.017199232920372471,
			"remote_system":	5.86604652299678
		},
		"sender_tcp_congestion":	"bbr",
		"receiver_tcp_congestion":	"cubic"
	}
}
