{
	"start":	{
		"connected":	[{
				"socket":	7,
				"local_host":	"172.16.0.4",
				"local_port":	43414,
				"remote_host":	"172.17.0.4",
				"remote_port":	5201
			}],
		"version":	"iperf 3.16",
		"system_info":	"Linux h1 6.8.0-63-generic #66-Ubuntu SMP PREEMPT_DYNAMIC Fri Jun 13 20:25:30 UTC 2025 x86_64",
		"timestamp":	{
			"time":	"Fri, 30 Jan 2026 05:09:52 GMT",
			"timesecs":	1769749792
		},
		"connecting_to":	{
			"host":	"172.17.0.4",
			"port":	5201
		},
		"cookie":	"t7fjn72sg3wujb23jnlrcbb7x3rmmlq2cixf",
		"tcp_mss_default":	1448,
		"target_bitrate":	0,
		"fq_rate":	0,
		"sock_bufsize":	0,
		"sndbuf_actual":	1000000,
		"rcvbuf_actual":	1000000,
		"test_start":	{
			"protocol":	"TCP",
			"num_streams":	1,
			"blksize":	131072,
			"omit":	0,
			"duration":	120,
			"bytes":	0,
			"blocks":	0,
			"reverse":	0,
			"tos":	0,
			"target_bitrate":	0,
			"bidir":	0,
			"fqrate":	0
		}
	},
	"intervals":	[{
			"streams":	[{
					"socket":	7,
					"start":	0,
					"end":	1.001085,
					"seconds":	1.0010850429534912,
					"bytes":	185729024,
					"bits_per_second":	1484221747.6512926,
					"retransmits":	4093,
					"snd_cwnd":	15324184,
					"snd_wnd":	37957632,
					"rtt":	127656,
					"rttvar":	263,
					"pmtu":	1500,
					"omitted":	false,
					"sender":	true
				}],
			"sum":	{
				"start":	0,
				"end":	1.001085,
				"seconds":	1.0010850429534912,
				"bytes":	185729024,
				"bits_per_second":	1484221747.6512926,
				"retransmits":	4093,
				"omitted":	false,
				"sender":	true
			}
		}, {
			"streams":	[{
					"socket":	7,
					"start":	1.001085,
					"end":	2.001109,
					"seconds":	1.0000239610672,
					"bytes":	127795200,
					"bits_per_second":	1022337103.7119572,
					"retransmits":	11801,
					"snd_cwnd":	23900688,
					"snd_wnd":	134529024,
					"rtt":	130301,
					"rttvar":	267,
					"pmtu":	1500,
					"omitted":	false,
					"sender":	true
				}],
			"sum":	{
				"start":	1.001085,
				"end":	2.001109,
				"seconds":	1.0000239610672,
				"bytes":	127795200,
				"bits_per_second":	1022337103.7119572,
				"retransmits":	11801,
				"omitted":	false,
				"sender":	true
			}
		}, {
			"streams":	[{
					"socket":	7,
					"start":	2.001109,
					"end":	3.000955,
					"seconds":	0.99984598159790039,
					"bytes":	80216064,
					"bits_per_second":	641827365.22521579,
					"retransmits":	17727,
					"snd_cwnd":	23182480,
					"snd_wnd":	112906240,
					"rtt":	130161,
					"rttvar":	293,
					"pmtu":	1500,
					"omitted":	false,
					"sender":	true
				}],
			"sum":	{
				"start":	2.001109,
				"end":	3.000955,
				"seconds":	0.99984598159790039,
				"bytes":	80216064,
				"bits_per_second":	641827365.22521579,
				"retransmits":	17727,
				"omitted":	false,
				"sender":	true
			}
		}, {
			"streams":	[{
					"socket":	7,
					"start":	3.000955,
					"end":	4.001053,
					"seconds":	1.0000979900360107,
					"bytes":	153485312,
					"bits_per_second":	1227762187.53903,
					"retransmits":	11802,
					"snd_cwnd":	23182480,
					"snd_wnd":	128741376,
					"rtt":	130361,
					"rttvar":	88,
					"pmtu":	1500,
					"omitted":	false,
					"sender":	true
				}],
			"sum":	{
				"start":	3.000955,
				"end":	4.001053,
				"seconds":	1.0000979900360107,
				"bytes":	153485312,
				"bits_per_second":	1227762187.53903,
				"retransmits":	11802,
				"omitted":	false,
				"sender":	true
			}
		}, {
			"streams":	[{
					"socket":	7,
					"start":	4.001053,
					"end":	5.000978,
					"seconds":	0.99992501735687256,
					"bytes":	157941760,
					"bits_per_second":	1263628830.2296226,
					"retransmits":	14114,
					"snd_cwnd":	22079104,
					"snd_wnd":	113070080,
					"rtt":	130428,
					"rttvar":	291,
					"pmtu":	1500,
					"omitted":	false,
					"sender":	true
				}],
			"sum":	{
				"start":	4.001053,
				"end":	5.000978,
				"seconds":	0.99992501735687256,
				"bytes":	157941760,
				"bits_per_second":	1263628830.2296226,
				"retransmits":	14114,
				"omitted":	false,
				"sender":	true
			}
		}, {
			"streams":	[{
					"socket":	7,
					"start":	5.000978,
					"end":	6.001076,
					"seconds":	1.0000979900360107,
					"bytes":	166985728,
					"bits_per_second":	1335754933.3259819,
					"retransmits":	10017,
					"snd_cwnd":	21126320,
					"snd_wnd":	127725568,
					"rtt":	130323,
					"rttvar":	226,
					"pmtu":	1500,
					"omitted":	false,
					"sender":	true
				}],
			"sum":	{
				"start":	5.000978,
				"end":	6.001076,
				"seconds":	1.0000979900360107,
				"bytes":	166985728,
				"bits_per_second":	1335754933.3259819,
				"retransmits":	10017,
				"omitted":	false,
				"sender":	true
			}
		}, {
			"streams":	[{
					"socket":	7,
					"start":	6.001076,
					"end":	7.000212,
					"seconds":	0.999135971069336,
					"bytes":	156499968,
					"bits_per_second":	1253082443.4836771,
					"retransmits":	7230,
					"snd_cwnd":	20573184,
					"snd_wnd":	126652416,
					"rtt":	126757,
					"rttvar":	405,
					"pmtu":	1500,
					"omitted":	false,
					"sender":	true
				}],
			"sum":	{
				"start":	6.001076,
				"end":	7.000212,
				"seconds":	0.999135971069336,
				"bytes":	156499968,
				"bits_per_second":	1253082443.4836771,
				"retransmits":	7230,
				"omitted":	false,
				"sender":	true
			}
		}, {
			"streams":	[{
					"socket":	7,
					"start":	7.000212,
					"end":	8.001057,
					"seconds":	1.0008449554443359,
					"bytes":	68157440,
					"bits_per_second":	544799188.959219,
					"retransmits":	6916,
					"snd_cwnd":	20173536,
					"snd_wnd":	115146752,
					"rtt":	130331,
					"rttvar":	262,
					"pmtu":	1500,
					"omitted":	false,
					"sender":	true
				}],
			"sum":	{
				"start":	7.000212,
				"end":	8.001057,
				"seconds":	1.0008449554443359,
				"bytes":	68157440,
				"bits_per_second":	544799188.959219,
				"retransmits":	6916,
				"omitted":	false,
				"sender":	true
			}
		}, {
			"streams":	[{
					"socket":	7,
					"start":	8.001057,
					"end":	9.001057,
					"seconds":	1,
					"bytes":	141295616,
					"bits_per_second":	1130364928,
					"retransmits":	7574,
					"snd_cwnd":	20222768,
					"snd_wnd":	126418944,
					"rtt":	130150,
					"rttvar":	390,
					"pmtu":	1500,
					"omitted":	false,
					"sender":	true
				}],
			"sum":	{
				"start":	8.001057,
				"end":	9.001057,
				"seconds":	1,
				"bytes":	141295616,
				"bits_per_second":	1130364928,
				"retransmits":	7574,
				"omitted":	false,
				"sender":	true
			}
		}, {
			"streams":	[{
					"socket":	7,
					"start":	9.001057,
					"end":	10.000425,
					"seconds":	0.99936801195144653,
					"bytes":	143261696,
					"bits_per_second":	1146818343.4869456,
					"retransmits":	5615,
					"snd_cwnd":	19446640,
					"snd_wnd":	125677568,
					"rtt":	130027,
					"rttvar":	86,
					"pmtu":	1500,
					"omitted":	false,
					"sender":	true
				}],
			"sum":	{
				"start":	9.001057,
				"end":	10.000425,
				"seconds":	0.99936801195144653,
				"bytes":	143261696,
				"bits_per_second":	1146818343.4869456,
				"retransmits":	5615,
				"omitted":	false,
				"sender":	true
			}
		}, {
			"streams":	[{
					"socket":	7,
					"start":	10.000425,
					"end":	11.001056,
					"seconds":	1.0006309747695923,
					"bytes":	155844608,
					"bits_per_second":	1245970687.9322631,
					"retransmits":	2254,
					"snd_cwnd":	25907616,
					"snd_wnd":	141406208,
					"rtt":	64454,
					"rttvar":	40,
					"pmtu":	1500,
					"omitted":	false,
					"sender":	true
				}],
			"sum":	{
				"start":	10.000425,
				"end":	11.001056,
				"seconds":	1.0006309747695923,
				"bytes":	155844608,
				"bits_per_second":	1245970687.9322631,
				"retransmits":	2254,
				"omitted":	false,
				"sender":	true
			}
		}, {
			"streams":	[{
					"socket":	7,
					"start":	11.001056,
					"end":	12.00074,
					"seconds":	0.999683976173401,
					"bytes":	67764224,
					"bits_per_second":	542285167.033594,
					"retransmits":	3350,
					"snd_cwnd":	20144576,
					"snd_wnd":	128942080,
					"rtt":	126510,
					"rttvar":	407,
					"pmtu":	1500,
					"omitted":	false,
					"sender":	true
				}],
			"sum":	{
				"start":	11.001056,
				"end":	12.00074,
				"seconds":	0.999683976173401,
				"bytes":	67764224,
				"bits_per_second":	542285167.033594,
				"retransmits":	3350,
				"omitted":	false,
				"sender":	true
			}
		}, {
			"streams":	[{
					"socket":	7,
					"start":	12.00074,
					"end":	13.000358,
					"seconds":	0.99961799383163452,
					"bytes":	166985728,
					"bits_per_second":	1336396335.6435969,
					"retransmits":	8223,
					"snd_cwnd":	18745808,
					"snd_wnd":	129191936,
					"rtt":	130110,
					"rttvar":	223,
					"pmtu":	1500,
					"omitted":	false,
					"sender":	true
				}],
			"sum":	{
				"start":	12.00074,
				"end":	13.000358,
				"seconds":	0.99961799383163452,
				"bytes":	166985728,
				"bits_per_second":	1336396335.6435969,
				"retransmits":	8223,
				"omitted":	false,
				"sender":	true
			}
		}, {
			"streams":	[{
					"socket":	7,
					"start":	13.000358,
					"end":	14.000367,
					"seconds":	1.0000089406967163,
					"bytes":	151912448,
					"bits_per_second":	1215288718.4721453,
					"retransmits":	4596,
					"snd_cwnd":	18618384,
					"snd_wnd":	130093056,
					"rtt":	129766,
					"rttvar":	280,
					"pmtu":	1500,
					"omitted":	false,
					"sender":	true
				}],
			"sum":	{
				"start":	13.000358,
				"end":	14.000367,
				"seconds":	1.0000089406967163,
				"bytes":	151912448,
				"bits_per_second":	1215288718.4721453,
				"retransmits":	4596,
				"omitted":	false,
				"sender":	true
			}
		}, {
			"streams":	[{
					"socket":	7,
					"start":	14.000367,
					"end":	15.00105,
					"seconds":	1.0006829500198364,
					"bytes":	135135232,
					"bits_per_second":	1080344035.0198531,
					"retransmits":	5403,
					"snd_cwnd":	18835584,
					"snd_wnd":	137146368,
					"rtt":	130102,
					"rttvar":	100,
					"pmtu":	1500,
					"omitted":	false,
					"sender":	true
				}],
			"sum":	{
				"start":	14.000367,
				"end":	15.00105,
				"seconds":	1.0006829500198364,
				"bytes":	135135232,
				"bits_per_second":	1080344035.0198531,
				"retransmits":	5403,
				"omitted":	false,
				"sender":	true
			}
		}, {
			"streams":	[{
					"socket":	7,
					"start":	15.00105,
					"end":	16.000145,
					"seconds":	0.99909502267837524,
					"bytes":	82706432,
					"bits_per_second":	662250777.93525982,
					"retransmits":	4937,
					"snd_cwnd":	18212944,
					"snd_wnd":	115650560,
					"rtt":	129921,
					"rttvar":	136,
					"pmtu":	1500,
					"omitted":	false,
					"sender":	true
				}],
			"sum":	{
				"start":	15.00105,
				"end":	16.000145,
				"seconds":	0.99909502267837524,
				"bytes":	82706432,
				"bits_per_second":	662250777.93525982,
				"retransmits":	4937,
				"omitted":	false,
				"sender":	true
			}
		}, {
			"streams":	[{
					"socket":	7,
					"start":	16.000145,
					"end":	17.001879,
					"seconds":	1.0017340183258057,
					"bytes":	146538496,
					"bits_per_second":	1170278683.316829,
					"retransmits":	5137,
					"snd_cwnd":	18181088,
					"snd_wnd":	128344064,
					"rtt":	129758,
					"rttvar":	311,
					"pmtu":	1500,
					"omitted":	false,
					"sender":	true
				}],
			"sum":	{
				"start":	16.000145,
				"end":	17.001879,
				"seconds":	1.0017340183258057,
				"bytes":	146538496,
				"bits_per_second":	1170278683.316829,
				"retransmits":	5137,
				"omitted":	false,
				"sender":	true
			}
		}, {
			"streams":	[{
					"socket":	7,
					"start":	17.001879,
					"end":	18.001071,
					"seconds":	0.9991919994354248,
					"bytes":	92143616,
					"bits_per_second":	737745026.397842,
					"retransmits":	4084,
					"snd_cwnd":	18351952,
					"snd_wnd":	127221760,
					"rtt":	130434,
					"rttvar":	97,
					"pmtu":	1500,
					"omitted":	false,
					"sender":	true
				}],
			"sum":	{
				"start":	17.001879,
				"end":	18.001071,
				"seconds":	0.9991919994354248,
				"bytes":	92143616,
				"bits_per_second":	737745026.397842,
				"retransmits":	4084,
				"omitted":	false,
				"sender":	true
			}
		}, {
			"streams":	[{
					"socket":	7,
					"start":	18.001071,
					"end":	19.001073,
					"seconds":	1.0000020265579224,
					"bytes":	148897792,
					"bits_per_second":	1191179922.0048921,
					"retransmits":	6397,
					"snd_cwnd":	18586528,
					"snd_wnd":	120291328,
					"rtt":	129710,
					"rttvar":	377,
					"pmtu":	1500,
					"omitted":	false,
					"sender":	true
				}],
			"sum":	{
				"start":	18.001071,
				"end":	19.001073,
				"seconds":	1.0000020265579224,
				"bytes":	148897792,
				"bits_per_second":	1191179922.0048921,
				"retransmits":	6397,
				"omitted":	false,
				"sender":	true
			}
		}, {
			"streams":	[{
					"socket":	7,
					"start":	19.001073,
					"end":	20.000427,
					"seconds":	0.99935400485992432,
					"bytes":	141164544,
					"bits_per_second":	1130046356.45433,
					"retransmits":	5530,
					"snd_cwnd":	18658928,
					"snd_wnd":	141099008,
					"rtt":	130418,
					"rttvar":	135,
					"pmtu":	1500,
					"omitted":	false,
					"sender":	true
				}],
			"sum":	{
				"start":	19.001073,
				"end":	20.000427,
				"seconds":	0.99935400485992432,
				"bytes":	141164544,
				"bits_per_second":	1130046356.45433,
				"retransmits":	5530,
				"omitted":	false,
				"sender":	true
			}
		}, {
			"streams":	[{
					"socket":	7,
					"start":	20.000427,
					"end":	21.000992,
					"seconds":	1.0005650520324707,
					"bytes":	139198464,
					"bits_per_second":	1112958832.3497245,
					"retransmits":	3940,
					"snd_cwnd":	5792,
					"snd_wnd":	141410304,
					"rtt":	64437,
					"rttvar":	25,
					"pmtu":	1500,
					"omitted":	false,
					"sender":	true
				}],
			"sum":	{
				"start":	20.000427,
				"end":	21.000992,
				"seconds":	1.0005650520324707,
				"bytes":	139198464,
				"bits_per_second":	1112958832.3497245,
				"retransmits":	3940,
				"omitted":	false,
				"sender":	true
			}
		}, {
			"streams":	[{
					"socket":	7,
					"start":	21.000992,
					"end":	22.001055,
					"seconds":	1.0000629425048828,
					"bytes":	78774272,
					"bits_per_second":	630154512.49652028,
					"retransmits":	2250,
					"snd_cwnd":	16880784,
					"snd_wnd":	141348864,
					"rtt":	128747,
					"rttvar":	340,
					"pmtu":	1500,
					"omitted":	false,
					"sender":	true
				}],
			"sum":	{
				"start":	21.000992,
				"end":	22.001055,
				"seconds":	1.0000629425048828,
				"bytes":	78774272,
				"bits_per_second":	630154512.49652028,
				"retransmits":	2250,
				"omitted":	false,
				"sender":	true
			}
		}, {
			"streams":	[{
					"socket":	7,
					"start":	22.001055,
					"end":	23.001074,
					"seconds":	1.0000189542770386,
					"bytes":	76152832,
					"bits_per_second":	609211108.843868,
					"retransmits":	6235,
					"snd_cwnd":	16365296,
					"snd_wnd":	141406208,
					"rtt":	130627,
					"rttvar":	127,
					"pmtu":	1500,
					"omitted":	false,
					"sender":	true
				}],
			"sum":	{
				"start":	22.001055,
				"end":	23.001074,
				"seconds":	1.0000189542770386,
				"bytes":	76152832,
				"bits_per_second":	609211108.843868,
				"retransmits":	6235,
				"omitted":	false,
				"sender":	true
			}
		}, {
			"streams":	[{
					"socket":	7,
					"start":	23.001074,
					"end":	24.001063,
					"seconds":	0.99998897314071655,
					"bytes":	81002496,
					"bits_per_second":	648027113.70379472,
					"retransmits":	7125,
					"snd_cwnd":	17506320,
					"snd_wnd":	129753088,
					"rtt":	128793,
					"rttvar":	155,
					"pmtu":	1500,
					"omitted":	false,
					"sender":	true
				}],
			"sum":	{
				"start":	23.001074,
				"end":	24.001063,
				"seconds":	0.99998897314071655,
				"bytes":	81002496,
				"bits_per_second":	648027113.70379472,
				"retransmits":	7125,
				"omitted":	false,
				"sender":	true
			}
		}, {
			"streams":	[{
					"socket":	7,
					"start":	24.001063,
					"end":	25.000837,
					"seconds":	0.99977397918701172,
					"bytes":	141426688,
					"bits_per_second":	1131669284.8117871,
					"retransmits":	7115,
					"snd_cwnd":	16553536,
					"snd_wnd":	125063168,
					"rtt":	130002,
					"rttvar":	330,
					"pmtu":	1500,
					"omitted":	false,
					"sender":	true
				}],
			"sum":	{
				"start":	24.001063,
				"end":	25.000837,
				"seconds":	0.99977397918701172,
				"bytes":	141426688,
				"bits_per_second":	1131669284.8117871,
				"retransmits":	7115,
				"omitted":	false,
				"sender":	true
			}
		}, {
			"streams":	[{
					"socket":	7,
					"start":	25.000837,
					"end":	26.001058,
					"seconds":	1.0002210140228271,
					"bytes":	68943872,
					"bits_per_second":	551429102.4357667,
					"retransmits":	5040,
					"snd_cwnd":	15884560,
					"snd_wnd":	134766592,
					"rtt":	130263,
					"rttvar":	169,
					"pmtu":	1500,
					"omitted":	false,
					"sender":	true
				}],
			"sum":	{
				"start":	25.000837,
				"end":	26.001058,
				"seconds":	1.0002210140228271,
				"bytes":	68943872,
				"bits_per_second":	551429102.4357667,
				"retransmits":	5040,
				"omitted":	false,
				"sender":	true
			}
		}, {
			"streams":	[{
					"socket":	7,
					"start":	26.001058,
					"end":	27.000742,
					"seconds":	0.999683976173401,
					"bytes":	147587072,
					"bits_per_second":	1181069822.2046938,
					"retransmits":	3768,
					"snd_cwnd":	15965648,
					"snd_wnd":	129130496,
					"rtt":	130119,
					"rttvar":	114,
					"pmtu":	1500,
					"omitted":	false,
					"sender":	true
				}],
			"sum":	{
				"start":	26.001058,
				"end":	27.000742,
				"seconds":	0.999683976173401,
				"bytes":	147587072,
				"bits_per_second":	1181069822.2046938,
				"retransmits":	3768,
				"omitted":	false,
				"sender":	true
			}
		}, {
			"streams":	[{
					"socket":	7,
					"start":	27.000742,
					"end":	28.001049,
					"seconds":	1.0003069639205933,
					"bytes":	78118912,
					"bits_per_second":	624759517.36912048,
					"retransmits":	5554,
					"snd_cwnd":	15841120,
					"snd_wnd":	117469184,
					"rtt":	129934,
					"rttvar":	182,
					"pmtu":	1500,
					"omitted":	false,
					"sender":	true
				}],
			"sum":	{
				"start":	27.000742,
				"end":	28.001049,
				"seconds":	1.0003069639205933,
				"bytes":	78118912,
				"bits_per_second":	624759517.36912048,
				"retransmits":	5554,
				"omitted":	false,
				"sender":	true
			}
		}, {
			"streams":	[{
					"socket":	7,
					"start":	28.001049,
					"end":	29.001068,
					"seconds":	1.0000189542770386,
					"bytes":	67371008,
					"bits_per_second":	538957848.44362843,
					"retransmits":	4915,
					"snd_cwnd":	16556432,
					"snd_wnd":	125050880,
					"rtt":	129989,
					"rttvar":	176,
					"pmtu":	1500,
					"omitted":	false,
					"sender":	true
				}],
			"sum":	{
				"start":	28.001049,
				"end":	29.001068,
				"seconds":	1.0000189542770386,
				"bytes":	67371008,
				"bits_per_second":	538957848.44362843,
				"retransmits":	4915,
				"omitted":	false,
				"sender":	true
			}
		}, {
			"streams":	[{
					"socket":	7,
					"start":	29.001068,
					"end":	30.001066,
					"seconds":	0.99999797344207764,
					"bytes":	136970240,
					"bits_per_second":	1095764140.6295,
					"retransmits":	3502,
					"snd_cwnd":	17031376,
					"snd_wnd":	129564672,
					"rtt":	130201,
					"rttvar":	192,
					"pmtu":	1500,
					"omitted":	false,
					"sender":	true
				}],
			"sum":	{
				"start":	29.001068,
				"end":	30.001066,
				"seconds":	0.99999797344207764,
				"bytes":	136970240,
				"bits_per_second":	1095764140.6295,
				"retransmits":	3502,
				"omitted":	false,
				"sender":	true
			}
		}, {
			"streams":	[{
					"socket":	7,
					"start":	30.001066,
					"end":	31.001064,
					"seconds":	0.99999797344207764,
					"bytes":	157155328,
					"bits_per_second":	1257245171.8801634,
					"retransmits":	3987,
					"snd_cwnd":	17963888,
					"snd_wnd":	127873024,
					"rtt":	129545,
					"rttvar":	419,
					"pmtu":	1500,
					"omitted":	false,
					"sender":	true
				}],
			"sum":	{
				"start":	30.001066,
				"end":	31.001064,
				"seconds":	0.99999797344207764,
				"bytes":	157155328,
				"bits_per_second":	1257245171.8801634,
				"retransmits":	3987,
				"omitted":	false,
				"sender":	true
			}
		}, {
			"streams":	[{
					"socket":	7,
					"start":	31.001064,
					"end":	32.000757,
					"seconds":	0.999692976474762,
					"bytes":	68419584,
					"bits_per_second":	547524774.98657155,
					"retransmits":	450,
					"snd_cwnd":	18971696,
					"snd_wnd":	141381632,
					"rtt":	110790,
					"rttvar":	579,
					"pmtu":	1500,
					"omitted":	false,
					"sender":	true
				}],
			"sum":	{
				"start":	31.001064,
				"end":	32.000757,
				"seconds":	0.999692976474762,
				"bytes":	68419584,
				"bits_per_second":	547524774.98657155,
				"retransmits":	450,
				"omitted":	false,
				"sender":	true
			}
		}, {
			"streams":	[{
					"socket":	7,
					"start":	32.000757,
					"end":	33.001062,
					"seconds":	1.0003050565719604,
					"bytes":	134873088,
					"bits_per_second":	1078655653.0041687,
					"retransmits":	4303,
					"snd_cwnd":	16094520,
					"snd_wnd":	141344768,
					"rtt":	130384,
					"rttvar":	128,
					"pmtu":	1500,
					"omitted":	false,
					"sender":	true
				}],
			"sum":	{
				"start":	32.000757,
				"end":	33.001062,
				"seconds":	1.0003050565719604,
				"bytes":	134873088,
				"bits_per_second":	1078655653.0041687,
				"retransmits":	4303,
				"omitted":	false,
				"sender":	true
			}
		}, {
			"streams":	[{
					"socket":	7,
					"start":	33.001062,
					"end":	34.001066,
					"seconds":	1.0000040531158447,
					"bytes":	76283904,
					"bits_per_second":	610268758.51002538,
					"retransmits":	5612,
					"snd_cwnd":	18404080,
					"snd_wnd":	127340544,
					"rtt":	129473,
					"rttvar":	386,
					"pmtu":	1500,
					"omitted":	false,
					"sender":	true
				}],
			"sum":	{
				"start":	33.001062,
				"end":	34.001066,
				"seconds":	1.0000040531158447,
				"bytes":	76283904,
				"bits_per_second":	610268758.51002538,
				"retransmits":	5612,
				"omitted":	false,
				"sender":	true
			}
		}, {
			"streams":	[{
					"socket":	7,
					"start":	34.001066,
					"end":	35.001075,
					"seconds":	1.0000089406967163,
					"bytes":	136052736,
					"bits_per_second":	1088412156.8370035,
					"retransmits":	4239,
					"snd_cwnd":	18262176,
					"snd_wnd":	129748992,
					"rtt":	130216,
					"rttvar":	76,
					"pmtu":	1500,
					"omitted":	false,
					"sender":	true
				}],
			"sum":	{
				"start":	34.001066,
				"end":	35.001075,
				"seconds":	1.0000089406967163,
				"bytes":	136052736,
				"bits_per_second":	1088412156.8370035,
				"retransmits":	4239,
				"omitted":	false,
				"sender":	true
			}
		}, {
			"streams":	[{
					"socket":	7,
					"start":	35.001075,
					"end":	36.001067,
					"seconds":	0.9999920129776,
					"bytes":	144834560,
					"bits_per_second":	1158685734.4489155,
					"retransmits":	4073,
					"snd_cwnd":	19220752,
					"snd_wnd":	135102464,
					"rtt":	131316,
					"rttvar":	1919,
					"pmtu":	1500,
					"omitted":	false,
					"sender":	true
				}],
			"sum":	{
				"start":	35.001075,
				"end":	36.001067,
				"seconds":	0.9999920129776,
				"bytes":	144834560,
				"bits_per_second":	1158685734.4489155,
				"retransmits":	4073,
				"omitted":	false,
				"sender":	true
			}
		}, {
			"streams":	[{
					"socket":	7,
					"start":	36.001067,
					"end":	37.001104,
					"seconds":	1.0000369548797607,
					"bytes":	142868480,
					"bits_per_second":	1142905604.0608242,
					"retransmits":	5542,
					"snd_cwnd":	19217856,
					"snd_wnd":	128086016,
					"rtt":	130348,
					"rttvar":	195,
					"pmtu":	1500,
					"omitted":	false,
					"sender":	true
				}],
			"sum":	{
				"start":	36.001067,
				"end":	37.001104,
				"seconds":	1.0000369548797607,
				"bytes":	142868480,
				"bits_per_second":	1142905604.0608242,
				"retransmits":	5542,
				"omitted":	false,
				"sender":	true
			}
		}, {
			"streams":	[{
					"socket":	7,
					"start":	37.001104,
					"end":	38.000933,
					"seconds":	0.9998289942741394,
					"bytes":	150732800,
					"bits_per_second":	1206068644.6440151,
					"retransmits":	4765,
					"snd_cwnd":	18470688,
					"snd_wnd":	140546048,
					"rtt":	130110,
					"rttvar":	127,
					"pmtu":	1500,
					"omitted":	false,
					"sender":	true
				}],
			"sum":	{
				"start":	37.001104,
				"end":	38.000933,
				"seconds":	0.9998289942741394,
				"bytes":	150732800,
				"bits_per_second":	1206068644.6440151,
				"retransmits":	4765,
				"omitted":	false,
				"sender":	true
			}
		}, {
			"streams":	[{
					"socket":	7,
					"start":	38.000933,
					"end":	39.000129,
					"seconds":	0.99919599294662476,
					"bytes":	68419584,
					"bits_per_second":	547797104.73602629,
					"retransmits":	5336,
					"snd_cwnd":	18178192,
					"snd_wnd":	139083776,
					"rtt":	129839,
					"rttvar":	387,
					"pmtu":	1500,
					"omitted":	false,
					"sender":	true
				}],
			"sum":	{
				"start":	38.000933,
				"end":	39.000129,
				"seconds":	0.99919599294662476,
				"bytes":	68419584,
				"bits_per_second":	547797104.73602629,
				"retransmits":	5336,
				"omitted":	false,
				"sender":	true
			}
		}, {
			"streams":	[{
					"socket":	7,
					"start":	39.000129,
					"end":	40.001069,
					"seconds":	1.0009399652481079,
					"bytes":	140902400,
					"bits_per_second":	1126160648.1269739,
					"retransmits":	5284,
					"snd_cwnd":	18369328,
					"snd_wnd":	127528960,
					"rtt":	130455,
					"rttvar":	148,
					"pmtu":	1500,
					"omitted":	false,
					"sender":	true
				}],
			"sum":	{
				"start":	39.000129,
				"end":	40.001069,
				"seconds":	1.0009399652481079,
				"bytes":	140902400,
				"bits_per_second":	1126160648.1269739,
				"retransmits":	5284,
				"omitted":	false,
				"sender":	true
			}
		}, {
			"streams":	[{
					"socket":	7,
					"start":	40.001069,
					"end":	41.00088,
					"seconds":	0.99981099367141724,
					"bytes":	135921664,
					"bits_per_second":	1087578871.2895067,
					"retransmits":	5246,
					"snd_cwnd":	18285344,
					"snd_wnd":	130981888,
					"rtt":	129765,
					"rttvar":	196,
					"pmtu":	1500,
					"omitted":	false,
					"sender":	true
				}],
			"sum":	{
				"start":	40.001069,
				"end":	41.00088,
				"seconds":	0.99981099367141724,
				"bytes":	135921664,
				"bits_per_second":	1087578871.2895067,
				"retransmits":	5246,
				"omitted":	false,
				"sender":	true
			}
		}, {
			"streams":	[{
					"socket":	7,
					"start":	41.00088,
					"end":	42.00106,
					"seconds":	1.0001800060272217,
					"bytes":	72613888,
					"bits_per_second":	580806555.31939268,
					"retransmits":	2143,
					"snd_cwnd":	18186880,
					"snd_wnd":	141410304,
					"rtt":	74444,
					"rttvar":	4181,
					"pmtu":	1500,
					"omitted":	false,
					"sender":	true
				}],
			"sum":	{
				"start":	41.00088,
				"end":	42.00106,
				"seconds":	1.0001800060272217,
				"bytes":	72613888,
				"bits_per_second":	580806555.31939268,
				"retransmits":	2143,
				"omitted":	false,
				"sender":	true
			}
		}, {
			"streams":	[{
					"socket":	7,
					"start":	42.00106,
					"end":	43.00108,
					"seconds":	1.0000200271606445,
					"bytes":	135659520,
					"bits_per_second":	1085254425.4352815,
					"retransmits":	2340,
					"snd_cwnd":	18438832,
					"snd_wnd":	137146368,
					"rtt":	129868,
					"rttvar":	366,
					"pmtu":	1500,
					"omitted":	false,
					"sender":	true
				}],
			"sum":	{
				"start":	42.00106,
				"end":	43.00108,
				"seconds":	1.0000200271606445,
				"bytes":	135659520,
				"bits_per_second":	1085254425.4352815,
				"retransmits":	2340,
				"omitted":	false,
				"sender":	true
			}
		}, {
			"streams":	[{
					"socket":	7,
					"start":	43.00108,
					"end":	44.000472,
					"seconds":	0.99939197301864624,
					"bytes":	67633152,
					"bits_per_second":	541394398.401782,
					"retransmits":	8686,
					"snd_cwnd":	18270864,
					"snd_wnd":	118710272,
					"rtt":	130706,
					"rttvar":	598,
					"pmtu":	1500,
					"omitted":	false,
					"sender":	true
				}],
			"sum":	{
				"start":	43.00108,
				"end":	44.000472,
				"seconds":	0.99939197301864624,
				"bytes":	67633152,
				"bits_per_second":	541394398.401782,
				"retransmits":	8686,
				"omitted":	false,
				"sender":	true
			}
		}, {
			"streams":	[{
					"socket":	7,
					"start":	44.000472,
					"end":	45.000115,
					"seconds":	0.99964302778244019,
					"bytes":	157548544,
					"bits_per_second":	1260838436.292588,
					"retransmits":	6735,
					"snd_cwnd":	17900176,
					"snd_wnd":	127721472,
					"rtt":	129162,
					"rttvar":	149,
					"pmtu":	1500,
					"omitted":	false,
					"sender":	true
				}],
			"sum":	{
				"start":	44.000472,
				"end":	45.000115,
				"seconds":	0.99964302778244019,
				"bytes":	157548544,
				"bits_per_second":	1260838436.292588,
				"retransmits":	6735,
				"omitted":	false,
				"sender":	true
			}
		}, {
			"streams":	[{
					"socket":	7,
					"start":	45.000115,
					"end":	46.000916,
					"seconds":	1.0008009672164917,
					"bytes":	135790592,
					"bits_per_second":	1085455321.8722138,
					"retransmits":	6713,
					"snd_cwnd":	17425232,
					"snd_wnd":	127586304,
					"rtt":	130992,
					"rttvar":	853,
					"pmtu":	1500,
					"omitted":	false,
					"sender":	true
				}],
			"sum":	{
				"start":	45.000115,
				"end":	46.000916,
				"seconds":	1.0008009672164917,
				"bytes":	135790592,
				"bits_per_second":	1085455321.8722138,
				"retransmits":	6713,
				"omitted":	false,
				"sender":	true
			}
		}, {
			"streams":	[{
					"socket":	7,
					"start":	46.000916,
					"end":	47.000349,
					"seconds":	0.99943298101425171,
					"bytes":	79822848,
					"bits_per_second":	638945077.99007082,
					"retransmits":	6463,
					"snd_cwnd":	16985040,
					"snd_wnd":	134131712,
					"rtt":	130595,
					"rttvar":	134,
					"pmtu":	1500,
					"omitted":	false,
					"sender":	true
				}],
			"sum":	{
				"start":	46.000916,
				"end":	47.000349,
				"seconds":	0.99943298101425171,
				"bytes":	79822848,
				"bits_per_second":	638945077.99007082,
				"retransmits":	6463,
				"omitted":	false,
				"sender":	true
			}
		}, {
			"streams":	[{
					"socket":	7,
					"start":	47.000349,
					"end":	48.000102,
					"seconds":	0.99975299835205078,
					"bytes":	135004160,
					"bits_per_second":	1080300115.9089093,
					"retransmits":	6968,
					"snd_cwnd":	16935808,
					"snd_wnd":	129683456,
					"rtt":	130363,
					"rttvar":	417,
					"pmtu":	1500,
					"omitted":	false,
					"sender":	true
				}],
			"sum":	{
				"start":	47.000349,
				"end":	48.000102,
				"seconds":	0.99975299835205078,
				"bytes":	135004160,
				"bits_per_second":	1080300115.9089093,
				"retransmits":	6968,
				"omitted":	false,
				"sender":	true
			}
		}, {
			"streams":	[{
					"socket":	7,
					"start":	48.000102,
					"end":	49.000428,
					"seconds":	1.0003260374069214,
					"bytes":	86769664,
					"bits_per_second":	693931064.51514328,
					"retransmits":	6764,
					"snd_cwnd":	17468672,
					"snd_wnd":	114864128,
					"rtt":	130725,
					"rttvar":	292,
					"pmtu":	1500,
					"omitted":	false,
					"sender":	true
				}],
			"sum":	{
				"start":	48.000102,
				"end":	49.000428,
				"seconds":	1.0003260374069214,
				"bytes":	86769664,
				"bits_per_second":	693931064.51514328,
				"retransmits":	6764,
				"omitted":	false,
				"sender":	true
			}
		}, {
			"streams":	[{
					"socket":	7,
					"start":	49.000428,
					"end":	50.001063,
					"seconds":	1.000635027885437,
					"bytes":	154271744,
					"bits_per_second":	1233390714.5026517,
					"retransmits":	6670,
					"snd_cwnd":	16373984,
					"snd_wnd":	131817472,
					"rtt":	130333,
					"rttvar":	134,
					"pmtu":	1500,
					"omitted":	false,
					"sender":	true
				}],
			"sum":	{
				"start":	49.000428,
				"end":	50.001063,
				"seconds":	1.000635027885437,
				"bytes":	154271744,
				"bits_per_second":	1233390714.5026517,
				"retransmits":	6670,
				"omitted":	false,
				"sender":	true
			}
		}, {
			"streams":	[{
					"socket":	7,
					"start":	50.001063,
					"end":	51.00106,
					"seconds":	0.99999701976776123,
					"bytes":	68550656,
					"bits_per_second":	548406882.37987077,
					"retransmits":	4001,
					"snd_cwnd":	16927120,
					"snd_wnd":	139063296,
					"rtt":	129937,
					"rttvar":	136,
					"pmtu":	1500,
					"omitted":	false,
					"sender":	true
				}],
			"sum":	{
				"start":	50.001063,
				"end":	51.00106,
				"seconds":	0.99999701976776123,
				"bytes":	68550656,
				"bits_per_second":	548406882.37987077,
				"retransmits":	4001,
				"omitted":	false,
				"sender":	true
			}
		}, {
			"streams":	[{
					"socket":	7,
					"start":	51.00106,
					"end":	52.001062,
					"seconds":	1.0000020265579224,
					"bytes":	132907008,
					"bits_per_second":	1063253909.2543668,
					"retransmits":	3632,
					"snd_cwnd":	5792,
					"snd_wnd":	130678784,
					"rtt":	124408,
					"rttvar":	287,
					"pmtu":	1500,
					"omitted":	false,
					"sender":	true
				}],
			"sum":	{
				"start":	51.00106,
				"end":	52.001062,
				"seconds":	1.0000020265579224,
				"bytes":	132907008,
				"bits_per_second":	1063253909.2543668,
				"retransmits":	3632,
				"omitted":	false,
				"sender":	true
			}
		}, {
			"streams":	[{
					"socket":	7,
					"start":	52.001062,
					"end":	53.001065,
					"seconds":	1.0000029802322388,
					"bytes":	68026368,
					"bits_per_second":	544209322.12983358,
					"retransmits":	491,
					"snd_cwnd":	16360952,
					"snd_wnd":	141381632,
					"rtt":	130322,
					"rttvar":	391,
					"pmtu":	1500,
					"omitted":	false,
					"sender":	true
				}],
			"sum":	{
				"start":	52.001062,
				"end":	53.001065,
				"seconds":	1.0000029802322388,
				"bytes":	68026368,
				"bits_per_second":	544209322.12983358,
				"retransmits":	491,
				"omitted":	false,
				"sender":	true
			}
		}, {
			"streams":	[{
					"socket":	7,
					"start":	53.001065,
					"end":	54.001068,
					"seconds":	1.0000029802322388,
					"bytes":	137101312,
					"bits_per_second":	1096807227.2597415,
					"retransmits":	6401,
					"snd_cwnd":	17960992,
					"snd_wnd":	132440064,
					"rtt":	130105,
					"rttvar":	155,
					"pmtu":	1500,
					"omitted":	false,
					"sender":	true
				}],
			"sum":	{
				"start":	53.001065,
				"end":	54.001068,
				"seconds":	1.0000029802322388,
				"bytes":	137101312,
				"bits_per_second":	1096807227.2597415,
				"retransmits":	6401,
				"omitted":	false,
				"sender":	true
			}
		}, {
			"streams":	[{
					"socket":	7,
					"start":	54.001068,
					"end":	55.001073,
					"seconds":	1.0000050067901611,
					"bytes":	134742016,
					"bits_per_second":	1077930731.0270214,
					"retransmits":	6344,
					"snd_cwnd":	16883680,
					"snd_wnd":	131825664,
					"rtt":	130138,
					"rttvar":	280,
					"pmtu":	1500,
					"omitted":	false,
					"sender":	true
				}],
			"sum":	{
				"start":	54.001068,
				"end":	55.001073,
				"seconds":	1.0000050067901611,
				"bytes":	134742016,
				"bits_per_second":	1077930731.0270214,
				"retransmits":	6344,
				"omitted":	false,
				"sender":	true
			}
		}, {
			"streams":	[{
					"socket":	7,
					"start":	55.001073,
					"end":	56.00047,
					"seconds":	0.99939697980880737,
					"bytes":	82313216,
					"bits_per_second":	658903059.84912765,
					"retransmits":	4790,
					"snd_cwnd":	17303600,
					"snd_wnd":	131235840,
					"rtt":	129522,
					"rttvar":	471,
					"pmtu":	1500,
					"omitted":	false,
					"sender":	true
				}],
			"sum":	{
				"start":	55.001073,
				"end":	56.00047,
				"seconds":	0.99939697980880737,
				"bytes":	82313216,
				"bits_per_second":	658903059.84912765,
				"retransmits":	4790,
				"omitted":	false,
				"sender":	true
			}
		}, {
			"streams":	[{
					"socket":	7,
					"start":	56.00047,
					"end":	57.000076,
					"seconds":	0.99960601329803467,
					"bytes":	66584576,
					"bits_per_second":	532886558.21759379,
					"retransmits":	4357,
					"snd_cwnd":	17231200,
					"snd_wnd":	128884736,
					"rtt":	130100,
					"rttvar":	131,
					"pmtu":	1500,
					"omitted":	false,
					"sender":	true
				}],
			"sum":	{
				"start":	56.00047,
				"end":	57.000076,
				"seconds":	0.99960601329803467,
				"bytes":	66584576,
				"bits_per_second":	532886558.21759379,
				"retransmits":	4357,
				"omitted":	false,
				"sender":	true
			}
		}, {
			"streams":	[{
					"socket":	7,
					"start":	57.000076,
					"end":	58.00106,
					"seconds":	1.0009839534759521,
					"bytes":	155582464,
					"bits_per_second":	1243436228.6007435,
					"retransmits":	4309,
					"snd_cwnd":	17199344,
					"snd_wnd":	132833280,
					"rtt":	130360,
					"rttvar":	144,
					"pmtu":	1500,
					"omitted":	false,
					"sender":	true
				}],
			"sum":	{
				"start":	57.000076,
				"end":	58.00106,
				"seconds":	1.0009839534759521,
				"bytes":	155582464,
				"bits_per_second":	1243436228.6007435,
				"retransmits":	4309,
				"omitted":	false,
				"sender":	true
			}
		}, {
			"streams":	[{
					"socket":	7,
					"start":	58.00106,
					"end":	59.001058,
					"seconds":	0.99999797344207764,
					"bytes":	142737408,
					"bits_per_second":	1141901578.12969,
					"retransmits":	4446,
					"snd_cwnd":	16941600,
					"snd_wnd":	128094208,
					"rtt":	130058,
					"rttvar":	139,
					"pmtu":	1500,
					"omitted":	false,
					"sender":	true
				}],
			"sum":	{
				"start":	58.00106,
				"end":	59.001058,
				"seconds":	0.99999797344207764,
				"bytes":	142737408,
				"bits_per_second":	1141901578.12969,
				"retransmits":	4446,
				"omitted":	false,
				"sender":	true
			}
		}, {
			"streams":	[{
					"socket":	7,
					"start":	59.001058,
					"end":	60.001057,
					"seconds":	0.99999898672103882,
					"bytes":	68943872,
					"bits_per_second":	551551534.87556624,
					"retransmits":	3941,
					"snd_cwnd":	16889472,
					"snd_wnd":	129257472,
					"rtt":	130029,
					"rttvar":	275,
					"pmtu":	1500,
					"omitted":	false,
					"sender":	true
				}],
			"sum":	{
				"start":	59.001058,
				"end":	60.001057,
				"seconds":	0.99999898672103882,
				"bytes":	68943872,
				"bits_per_second":	551551534.87556624,
				"retransmits":	3941,
				"omitted":	false,
				"sender":	true
			}
		}, {
			"streams":	[{
					"socket":	7,
					"start":	60.001057,
					"end":	61.000552,
					"seconds":	0.999495029449463,
					"bytes":	154271744,
					"bits_per_second":	1234797488.3675027,
					"retransmits":	4067,
					"snd_cwnd":	17054544,
					"snd_wnd":	130224128,
					"rtt":	130408,
					"rttvar":	88,
					"pmtu":	1500,
					"omitted":	false,
					"sender":	true
				}],
			"sum":	{
				"start":	60.001057,
				"end":	61.000552,
				"seconds":	0.999495029449463,
				"bytes":	154271744,
				"bits_per_second":	1234797488.3675027,
				"retransmits":	4067,
				"omitted":	false,
				"sender":	true
			}
		}, {
			"streams":	[{
					"socket":	7,
					"start":	61.000552,
					"end":	62.000423,
					"seconds":	0.999871015548706,
					"bytes":	139067392,
					"bits_per_second":	1112682654.7616887,
					"retransmits":	4531,
					"snd_cwnd":	16970560,
					"snd_wnd":	129187840,
					"rtt":	130346,
					"rttvar":	241,
					"pmtu":	1500,
					"omitted":	false,
					"sender":	true
				}],
			"sum":	{
				"start":	61.000552,
				"end":	62.000423,
				"seconds":	0.999871015548706,
				"bytes":	139067392,
				"bits_per_second":	1112682654.7616887,
				"retransmits":	4531,
				"omitted":	false,
				"sender":	true
			}
		}, {
			"streams":	[{
					"socket":	7,
					"start":	62.000423,
					"end":	63.00035,
					"seconds":	0.99992698431015,
					"bytes":	68943872,
					"bits_per_second":	551591250.8156935,
					"retransmits":	743,
					"snd_cwnd":	17520800,
					"snd_wnd":	141348864,
					"rtt":	89476,
					"rttvar":	337,
					"pmtu":	1500,
					"omitted":	false,
					"sender":	true
				}],
			"sum":	{
				"start":	62.000423,
				"end":	63.00035,
				"seconds":	0.99992698431015,
				"bytes":	68943872,
				"bits_per_second":	551591250.8156935,
				"retransmits":	743,
				"omitted":	false,
				"sender":	true
			}
		}, {
			"streams":	[{
					"socket":	7,
					"start":	63.00035,
					"end":	64.000143,
					"seconds":	0.999792993068695,
					"bytes":	68550656,
					"bits_per_second":	548518795.192556,
					"retransmits":	3906,
					"snd_cwnd":	17520800,
					"snd_wnd":	140705792,
					"rtt":	130344,
					"rttvar":	146,
					"pmtu":	1500,
					"omitted":	false,
					"sender":	true
				}],
			"sum":	{
				"start":	63.00035,
				"end":	64.000143,
				"seconds":	0.999792993068695,
				"bytes":	68550656,
				"bits_per_second":	548518795.192556,
				"retransmits":	3906,
				"omitted":	false,
				"sender":	true
			}
		}, {
			"streams":	[{
					"socket":	7,
					"start":	64.000143,
					"end":	65.001075,
					"seconds":	1.000931978225708,
					"bytes":	135659520,
					"bits_per_second":	1084265648.0251575,
					"retransmits":	6206,
					"snd_cwnd":	16996624,
					"snd_wnd":	130203648,
					"rtt":	129819,
					"rttvar":	339,
					"pmtu":	1500,
					"omitted":	false,
					"sender":	true
				}],
			"sum":	{
				"start":	64.000143,
				"end":	65.001075,
				"seconds":	1.000931978225708,
				"bytes":	135659520,
				"bits_per_second":	1084265648.0251575,
				"retransmits":	6206,
				"omitted":	false,
				"sender":	true
			}
		}, {
			"streams":	[{
					"socket":	7,
					"start":	65.001075,
					"end":	66.001071,
					"seconds":	0.9999960064888,
					"bytes":	150601728,
					"bits_per_second":	1204818635.4567146,
					"retransmits":	4579,
					"snd_cwnd":	16599872,
					"snd_wnd":	129380352,
					"rtt":	129834,
					"rttvar":	512,
					"pmtu":	1500,
					"omitted":	false,
					"sender":	true
				}],
			"sum":	{
				"start":	65.001075,
				"end":	66.001071,
				"seconds":	0.9999960064888,
				"bytes":	150601728,
				"bits_per_second":	1204818635.4567146,
				"retransmits":	4579,
				"omitted":	false,
				"sender":	true
			}
		}, {
			"streams":	[{
					"socket":	7,
					"start":	66.001071,
					"end":	67.001072,
					"seconds":	1.0000009536743164,
					"bytes":	79822848,
					"bits_per_second":	638582175.00058079,
					"retransmits":	3836,
					"snd_cwnd":	16999520,
					"snd_wnd":	127930368,
					"rtt":	129973,
					"rttvar":	495,
					"pmtu":	1500,
					"omitted":	false,
					"sender":	true
				}],
			"sum":	{
				"start":	66.001071,
				"end":	67.001072,
				"seconds":	1.0000009536743164,
				"bytes":	79822848,
				"bits_per_second":	638582175.00058079,
				"retransmits":	3836,
				"omitted":	false,
				"sender":	true
			}
		}, {
			"streams":	[{
					"socket":	7,
					"start":	67.001072,
					"end":	68.001073,
					"seconds":	1.0000009536743164,
					"bytes":	136052736,
					"bits_per_second":	1088420850.00099,
					"retransmits":	3639,
					"snd_cwnd":	17471568,
					"snd_wnd":	124346368,
					"rtt":	130297,
					"rttvar":	244,
					"pmtu":	1500,
					"omitted":	false,
					"sender":	true
				}],
			"sum":	{
				"start":	67.001072,
				"end":	68.001073,
				"seconds":	1.0000009536743164,
				"bytes":	136052736,
				"bits_per_second":	1088420850.00099,
				"retransmits":	3639,
				"omitted":	false,
				"sender":	true
			}
		}, {
			"streams":	[{
					"socket":	7,
					"start":	68.001073,
					"end":	69.00109,
					"seconds":	1.0000170469284058,
					"bytes":	83623936,
					"bits_per_second":	668980083.944404,
					"retransmits":	3077,
					"snd_cwnd":	17613472,
					"snd_wnd":	128569344,
					"rtt":	130353,
					"rttvar":	177,
					"pmtu":	1500,
					"omitted":	false,
					"sender":	true
				}],
			"sum":	{
				"start":	68.001073,
				"end":	69.00109,
				"seconds":	1.0000170469284058,
				"bytes":	83623936,
				"bits_per_second":	668980083.944404,
				"retransmits":	3077,
				"omitted":	false,
				"sender":	true
			}
		}, {
			"streams":	[{
					"socket":	7,
					"start":	69.00109,
					"end":	70.001083,
					"seconds":	0.99999302625656128,
					"bytes":	134086656,
					"bits_per_second":	1072700728.7396687,
					"retransmits":	3033,
					"snd_cwnd":	17738000,
					"snd_wnd":	129314816,
					"rtt":	130379,
					"rttvar":	380,
					"pmtu":	1500,
					"omitted":	false,
					"sender":	true
				}],
			"sum":	{
				"start":	69.00109,
				"end":	70.001083,
				"seconds":	0.99999302625656128,
				"bytes":	134086656,
				"bits_per_second":	1072700728.7396687,
				"retransmits":	3033,
				"omitted":	false,
				"sender":	true
			}
		}, {
			"streams":	[{
					"socket":	7,
					"start":	70.001083,
					"end":	71.001085,
					"seconds":	1.0000020265579224,
					"bytes":	136708096,
					"bits_per_second":	1093662551.6294916,
					"retransmits":	3785,
					"snd_cwnd":	17743792,
					"snd_wnd":	127778816,
					"rtt":	129955,
					"rttvar":	449,
					"pmtu":	1500,
					"omitted":	false,
					"sender":	true
				}],
			"sum":	{
				"start":	70.001083,
				"end":	71.001085,
				"seconds":	1.0000020265579224,
				"bytes":	136708096,
				"bits_per_second":	1093662551.6294916,
				"retransmits":	3785,
				"omitted":	false,
				"sender":	true
			}
		}, {
			"streams":	[{
					"socket":	7,
					"start":	71.001085,
					"end":	72.001077,
					"seconds":	0.9999920129776,
					"bytes":	143130624,
					"bits_per_second":	1145054137.573046,
					"retransmits":	4138,
					"snd_cwnd":	17842256,
					"snd_wnd":	129073152,
					"rtt":	130247,
					"rttvar":	199,
					"pmtu":	1500,
					"omitted":	false,
					"sender":	true
				}],
			"sum":	{
				"start":	71.001085,
				"end":	72.001077,
				"seconds":	0.9999920129776,
				"bytes":	143130624,
				"bits_per_second":	1145054137.573046,
				"retransmits":	4138,
				"omitted":	false,
				"sender":	true
			}
		}, {
			"streams":	[{
					"socket":	7,
					"start":	72.001077,
					"end":	73.001044,
					"seconds":	0.99996697902679443,
					"bytes":	80216064,
					"bits_per_second":	641749703.199754,
					"retransmits":	3135,
					"snd_cwnd":	5792,
					"snd_wnd":	141410304,
					"rtt":	90717,
					"rttvar":	6077,
					"pmtu":	1500,
					"omitted":	false,
					"sender":	true
				}],
			"sum":	{
				"start":	72.001077,
				"end":	73.001044,
				"seconds":	0.99996697902679443,
				"bytes":	80216064,
				"bits_per_second":	641749703.199754,
				"retransmits":	3135,
				"omitted":	false,
				"sender":	true
			}
		}, {
			"streams":	[{
					"socket":	7,
					"start":	73.001044,
					"end":	74.001046,
					"seconds":	1.0000020265579224,
					"bytes":	136052736,
					"bits_per_second":	1088419682.25447,
					"retransmits":	1473,
					"snd_cwnd":	19119392,
					"snd_wnd":	137588736,
					"rtt":	127161,
					"rttvar":	92,
					"pmtu":	1500,
					"omitted":	false,
					"sender":	true
				}],
			"sum":	{
				"start":	73.001044,
				"end":	74.001046,
				"seconds":	1.0000020265579224,
				"bytes":	136052736,
				"bits_per_second":	1088419682.25447,
				"retransmits":	1473,
				"omitted":	false,
				"sender":	true
			}
		}, {
			"streams":	[{
					"socket":	7,
					"start":	74.001046,
					"end":	75.00104,
					"seconds":	0.99999397993087769,
					"bytes":	69074944,
					"bits_per_second":	552602878.707527,
					"retransmits":	6596,
					"snd_cwnd":	17546864,
					"snd_wnd":	130297856,
					"rtt":	130391,
					"rttvar":	284,
					"pmtu":	1500,
					"omitted":	false,
					"sender":	true
				}],
			"sum":	{
				"start":	74.001046,
				"end":	75.00104,
				"seconds":	0.99999397993087769,
				"bytes":	69074944,
				"bits_per_second":	552602878.707527,
				"retransmits":	6596,
				"omitted":	false,
				"sender":	true
			}
		}, {
			"streams":	[{
					"socket":	7,
					"start":	75.00104,
					"end":	76.00105,
					"seconds":	1.0000100135803223,
					"bytes":	145752064,
					"bits_per_second":	1166004836.1169174,
					"retransmits":	5910,
					"snd_cwnd":	17775648,
					"snd_wnd":	129069056,
					"rtt":	129975,
					"rttvar":	370,
					"pmtu":	1500,
					"omitted":	false,
					"sender":	true
				}],
			"sum":	{
				"start":	75.00104,
				"end":	76.00105,
				"seconds":	1.0000100135803223,
				"bytes":	145752064,
				"bits_per_second":	1166004836.1169174,
				"retransmits":	5910,
				"omitted":	false,
				"sender":	true
			}
		}, {
			"streams":	[{
					"socket":	7,
					"start":	76.00105,
					"end":	77.001043,
					"seconds":	0.99999302625656128,
					"bytes":	91488256,
					"bits_per_second":	731911152.160595,
					"retransmits":	3897,
					"snd_cwnd":	17567136,
					"snd_wnd":	128765952,
					"rtt":	130193,
					"rttvar":	297,
					"pmtu":	1500,
					"omitted":	false,
					"sender":	true
				}],
			"sum":	{
				"start":	76.00105,
				"end":	77.001043,
				"seconds":	0.99999302625656128,
				"bytes":	91488256,
				"bits_per_second":	731911152.160595,
				"retransmits":	3897,
				"omitted":	false,
				"sender":	true
			}
		}, {
			"streams":	[{
					"socket":	7,
					"start":	77.001043,
					"end":	78.001033,
					"seconds":	0.99998998641967773,
					"bytes":	121241600,
					"bits_per_second":	969942512.597258,
					"retransmits":	3906,
					"snd_cwnd":	17575824,
					"snd_wnd":	128647168,
					"rtt":	130151,
					"rttvar":	149,
					"pmtu":	1500,
					"omitted":	false,
					"sender":	true
				}],
			"sum":	{
				"start":	77.001043,
				"end":	78.001033,
				"seconds":	0.99998998641967773,
				"bytes":	121241600,
				"bits_per_second":	969942512.597258,
				"retransmits":	3906,
				"omitted":	false,
				"sender":	true
			}
		}, {
			"streams":	[{
					"socket":	7,
					"start":	78.001033,
					"end":	79.001045,
					"seconds":	1.0000120401382446,
					"bytes":	137232384,
					"bits_per_second":	1097845853.7841492,
					"retransmits":	4185,
					"snd_cwnd":	18030496,
					"snd_wnd":	127094784,
					"rtt":	130361,
					"rttvar":	236,
					"pmtu":	1500,
					"omitted":	false,
					"sender":	true
				}],
			"sum":	{
				"start":	78.001033,
				"end":	79.001045,
				"seconds":	1.0000120401382446,
				"bytes":	137232384,
				"bits_per_second":	1097845853.7841492,
				"retransmits":	4185,
				"omitted":	false,
				"sender":	true
			}
		}, {
			"streams":	[{
					"socket":	7,
					"start":	79.001045,
					"end":	80.001069,
					"seconds":	1.0000239610672,
					"bytes":	142737408,
					"bits_per_second":	1141871903.530586,
					"retransmits":	4444,
					"snd_cwnd":	17784336,
					"snd_wnd":	133386240,
					"rtt":	130162,
					"rttvar":	310,
					"pmtu":	1500,
					"omitted":	false,
					"sender":	true
				}],
			"sum":	{
				"start":	79.001045,
				"end":	80.001069,
				"seconds":	1.0000239610672,
				"bytes":	142737408,
				"bits_per_second":	1141871903.530586,
				"retransmits":	4444,
				"omitted":	false,
				"sender":	true
			}
		}, {
			"streams":	[{
					"socket":	7,
					"start":	80.001069,
					"end":	81.001075,
					"seconds":	1.0000059604644775,
					"bytes":	67764224,
					"bits_per_second":	542110560.76925969,
					"retransmits":	3556,
					"snd_cwnd":	18192672,
					"snd_wnd":	140668928,
					"rtt":	130373,
					"rttvar":	63,
					"pmtu":	1500,
					"omitted":	false,
					"sender":	true
				}],
			"sum":	{
				"start":	80.001069,
				"end":	81.001075,
				"seconds":	1.0000059604644775,
				"bytes":	67764224,
				"bits_per_second":	542110560.76925969,
				"retransmits":	3556,
				"omitted":	false,
				"sender":	true
			}
		}, {
			"streams":	[{
					"socket":	7,
					"start":	81.001075,
					"end":	82.001057,
					"seconds":	0.99998199939727783,
					"bytes":	143917056,
					"bits_per_second":	1151357173.1230648,
					"retransmits":	4815,
					"snd_cwnd":	18105792,
					"snd_wnd":	130056192,
					"rtt":	130409,
					"rttvar":	199,
					"pmtu":	1500,
					"omitted":	false,
					"sender":	true
				}],
			"sum":	{
				"start":	81.001075,
				"end":	82.001057,
				"seconds":	0.99998199939727783,
				"bytes":	143917056,
				"bits_per_second":	1151357173.1230648,
				"retransmits":	4815,
				"omitted":	false,
				"sender":	true
			}
		}, {
			"streams":	[{
					"socket":	7,
					"start":	82.001057,
					"end":	83.00109,
					"seconds":	1.0000330209732056,
					"bytes":	65798144,
					"bits_per_second":	526367770.82394338,
					"retransmits":	4693,
					"snd_cwnd":	17879904,
					"snd_wnd":	123314176,
					"rtt":	130299,
					"rttvar":	255,
					"pmtu":	1500,
					"omitted":	false,
					"sender":	true
				}],
			"sum":	{
				"start":	82.001057,
				"end":	83.00109,
				"seconds":	1.0000330209732056,
				"bytes":	65798144,
				"bits_per_second":	526367770.82394338,
				"retransmits":	4693,
				"omitted":	false,
				"sender":	true
			}
		}, {
			"streams":	[{
					"socket":	7,
					"start":	83.00109,
					"end":	84.001074,
					"seconds":	0.9999840259552002,
					"bytes":	164888576,
					"bits_per_second":	1319129679.8366024,
					"retransmits":	45,
					"snd_cwnd":	19041200,
					"snd_wnd":	141410304,
					"rtt":	123928,
					"rttvar":	337,
					"pmtu":	1500,
					"omitted":	false,
					"sender":	true
				}],
			"sum":	{
				"start":	83.00109,
				"end":	84.001074,
				"seconds":	0.9999840259552002,
				"bytes":	164888576,
				"bits_per_second":	1319129679.8366024,
				"retransmits":	45,
				"omitted":	false,
				"sender":	true
			}
		}, {
			"streams":	[{
					"socket":	7,
					"start":	84.001074,
					"end":	85.001088,
					"seconds":	1.0000139474868774,
					"bytes":	69074944,
					"bits_per_second":	552591844.732497,
					"retransmits":	7100,
					"snd_cwnd":	19186000,
					"snd_wnd":	134819840,
					"rtt":	130295,
					"rttvar":	190,
					"pmtu":	1500,
					"omitted":	false,
					"sender":	true
				}],
			"sum":	{
				"start":	84.001074,
				"end":	85.001088,
				"seconds":	1.0000139474868774,
				"bytes":	69074944,
				"bits_per_second":	552591844.732497,
				"retransmits":	7100,
				"omitted":	false,
				"sender":	true
			}
		}, {
			"streams":	[{
					"socket":	7,
					"start":	85.001088,
					"end":	86.001067,
					"seconds":	0.999979019165039,
					"bytes":	155189248,
					"bits_per_second":	1241540032.54652,
					"retransmits":	7237,
					"snd_cwnd":	18954320,
					"snd_wnd":	131219456,
					"rtt":	130100,
					"rttvar":	283,
					"pmtu":	1500,
					"omitted":	false,
					"sender":	true
				}],
			"sum":	{
				"start":	85.001088,
				"end":	86.001067,
				"seconds":	0.999979019165039,
				"bytes":	155189248,
				"bits_per_second":	1241540032.54652,
				"retransmits":	7237,
				"omitted":	false,
				"sender":	true
			}
		}, {
			"streams":	[{
					"socket":	7,
					"start":	86.001067,
					"end":	87.001085,
					"seconds":	1.0000180006027222,
					"bytes":	142082048,
					"bits_per_second":	1136635923.8682947,
					"retransmits":	4714,
					"snd_cwnd":	20402320,
					"snd_wnd":	137277440,
					"rtt":	130407,
					"rttvar":	109,
					"pmtu":	1500,
					"omitted":	false,
					"sender":	true
				}],
			"sum":	{
				"start":	86.001067,
				"end":	87.001085,
				"seconds":	1.0000180006027222,
				"bytes":	142082048,
				"bits_per_second":	1136635923.8682947,
				"retransmits":	4714,
				"omitted":	false,
				"sender":	true
			}
		}, {
			"streams":	[{
					"socket":	7,
					"start":	87.001085,
					"end":	88.001087,
					"seconds":	1.0000020265579224,
					"bytes":	68550656,
					"bits_per_second":	548404136.62725222,
					"retransmits":	5545,
					"snd_cwnd":	21549136,
					"snd_wnd":	123334656,
					"rtt":	130382,
					"rttvar":	84,
					"pmtu":	1500,
					"omitted":	false,
					"sender":	true
				}],
			"sum":	{
				"start":	87.001085,
				"end":	88.001087,
				"seconds":	1.0000020265579224,
				"bytes":	68550656,
				"bits_per_second":	548404136.62725222,
				"retransmits":	5545,
				"omitted":	false,
				"sender":	true
			}
		}, {
			"streams":	[{
					"socket":	7,
					"start":	88.001087,
					"end":	89.001085,
					"seconds":	0.99999797344207764,
					"bytes":	160563200,
					"bits_per_second":	1284508203.1302755,
					"retransmits":	4652,
					"snd_cwnd":	22672784,
					"snd_wnd":	123641856,
					"rtt":	130268,
					"rttvar":	147,
					"pmtu":	1500,
					"omitted":	false,
					"sender":	true
				}],
			"sum":	{
				"start":	88.001087,
				"end":	89.001085,
				"seconds":	0.99999797344207764,
				"bytes":	160563200,
				"bits_per_second":	1284508203.1302755,
				"retransmits":	4652,
				"omitted":	false,
				"sender":	true
			}
		}, {
			"streams":	[{
					"socket":	7,
					"start":	89.001085,
					"end":	90.001078,
					"seconds":	0.99999302625656128,
					"bytes":	209846272,
					"bits_per_second":	1678781883.3941443,
					"retransmits":	5250,
					"snd_cwnd":	24239520,
					"snd_wnd":	122089472,
					"rtt":	129844,
					"rttvar":	527,
					"pmtu":	1500,
					"omitted":	false,
					"sender":	true
				}],
			"sum":	{
				"start":	89.001085,
				"end":	90.001078,
				"seconds":	0.99999302625656128,
				"bytes":	209846272,
				"bits_per_second":	1678781883.3941443,
				"retransmits":	5250,
				"omitted":	false,
				"sender":	true
			}
		}, {
			"streams":	[{
					"socket":	7,
					"start":	90.001078,
					"end":	91.001091,
					"seconds":	1.000012993812561,
					"bytes":	149159936,
					"bits_per_second":	1193263982.95147,
					"retransmits":	5831,
					"snd_cwnd":	24508848,
					"snd_wnd":	124809216,
					"rtt":	130041,
					"rttvar":	216,
					"pmtu":	1500,
					"omitted":	false,
					"sender":	true
				}],
			"sum":	{
				"start":	90.001078,
				"end":	91.001091,
				"seconds":	1.000012993812561,
				"bytes":	149159936,
				"bits_per_second":	1193263982.95147,
				"retransmits":	5831,
				"omitted":	false,
				"sender":	true
			}
		}, {
			"streams":	[{
					"socket":	7,
					"start":	91.001091,
					"end":	92.001079,
					"seconds":	0.9999880194664,
					"bytes":	160301056,
					"bits_per_second":	1282423812.12157,
					"retransmits":	6247,
					"snd_cwnd":	25001168,
					"snd_wnd":	121749504,
					"rtt":	130206,
					"rttvar":	166,
					"pmtu":	1500,
					"omitted":	false,
					"sender":	true
				}],
			"sum":	{
				"start":	91.001091,
				"end":	92.001079,
				"seconds":	0.9999880194664,
				"bytes":	160301056,
				"bits_per_second":	1282423812.12157,
				"retransmits":	6247,
				"omitted":	false,
				"sender":	true
			}
		}, {
			"streams":	[{
					"socket":	7,
					"start":	92.001079,
					"end":	93.001073,
					"seconds":	0.99999397993087769,
					"bytes":	165806080,
					"bits_per_second":	1326456625.3605723,
					"retransmits":	7651,
					"snd_cwnd":	25699104,
					"snd_wnd":	110510080,
					"rtt":	129615,
					"rttvar":	438,
					"pmtu":	1500,
					"omitted":	false,
					"sender":	true
				}],
			"sum":	{
				"start":	92.001079,
				"end":	93.001073,
				"seconds":	0.99999397993087769,
				"bytes":	165806080,
				"bits_per_second":	1326456625.3605723,
				"retransmits":	7651,
				"omitted":	false,
				"sender":	true
			}
		}, {
			"streams":	[{
					"socket":	7,
					"start":	93.001073,
					"end":	94.001057,
					"seconds":	0.9999840259552002,
					"bytes":	150339584,
					"bits_per_second":	1202735884.5569022,
					"retransmits":	4311,
					"snd_cwnd":	24766592,
					"snd_wnd":	141410304,
					"rtt":	79467,
					"rttvar":	157,
					"pmtu":	1500,
					"omitted":	false,
					"sender":	true
				}],
			"sum":	{
				"start":	93.001073,
				"end":	94.001057,
				"seconds":	0.9999840259552002,
				"bytes":	150339584,
				"bits_per_second":	1202735884.5569022,
				"retransmits":	4311,
				"omitted":	false,
				"sender":	true
			}
		}, {
			"streams":	[{
					"socket":	7,
					"start":	94.001057,
					"end":	95.001077,
					"seconds":	1.0000200271606445,
					"bytes":	141819904,
					"bits_per_second":	1134536510.4550481,
					"retransmits":	4076,
					"snd_cwnd":	25363168,
					"snd_wnd":	130244608,
					"rtt":	129612,
					"rttvar":	463,
					"pmtu":	1500,
					"omitted":	false,
					"sender":	true
				}],
			"sum":	{
				"start":	94.001057,
				"end":	95.001077,
				"seconds":	1.0000200271606445,
				"bytes":	141819904,
				"bits_per_second":	1134536510.4550481,
				"retransmits":	4076,
				"omitted":	false,
				"sender":	true
			}
		}, {
			"streams":	[{
					"socket":	7,
					"start":	95.001077,
					"end":	96.001077,
					"seconds":	1,
					"bytes":	83623936,
					"bits_per_second":	668991488,
					"retransmits":	8550,
					"snd_cwnd":	23802224,
					"snd_wnd":	117645312,
					"rtt":	129959,
					"rttvar":	332,
					"pmtu":	1500,
					"omitted":	false,
					"sender":	true
				}],
			"sum":	{
				"start":	95.001077,
				"end":	96.001077,
				"seconds":	1,
				"bytes":	83623936,
				"bits_per_second":	668991488,
				"retransmits":	8550,
				"omitted":	false,
				"sender":	true
			}
		}, {
			"streams":	[{
					"socket":	7,
					"start":	96.001077,
					"end":	97.001071,
					"seconds":	0.99999397993087769,
					"bytes":	250871808,
					"bits_per_second":	2006986546.1977355,
					"retransmits":	6090,
					"snd_cwnd":	23330176,
					"snd_wnd":	131178496,
					"rtt":	129825,
					"rttvar":	456,
					"pmtu":	1500,
					"omitted":	false,
					"sender":	true
				}],
			"sum":	{
				"start":	96.001077,
				"end":	97.001071,
				"seconds":	0.99999397993087769,
				"bytes":	250871808,
				"bits_per_second":	2006986546.1977355,
				"retransmits":	6090,
				"omitted":	false,
				"sender":	true
			}
		}, {
			"streams":	[{
					"socket":	7,
					"start":	97.001071,
					"end":	98.001056,
					"seconds":	0.9999849796295166,
					"bytes":	172097536,
					"bits_per_second":	1376800968.0606222,
					"retransmits":	5584,
					"snd_cwnd":	22939216,
					"snd_wnd":	134316032,
					"rtt":	130306,
					"rttvar":	168,
					"pmtu":	1500,
					"omitted":	false,
					"sender":	true
				}],
			"sum":	{
				"start":	97.001071,
				"end":	98.001056,
				"seconds":	0.9999849796295166,
				"bytes":	172097536,
				"bits_per_second":	1376800968.0606222,
				"retransmits":	5584,
				"omitted":	false,
				"sender":	true
			}
		}, {
			"streams":	[{
					"socket":	7,
					"start":	98.001056,
					"end":	99.00107,
					"seconds":	1.0000139474868774,
					"bytes":	74448896,
					"bits_per_second":	595582861.11586,
					"retransmits":	5272,
					"snd_cwnd":	23353344,
					"snd_wnd":	116105216,
					"rtt":	130591,
					"rttvar":	113,
					"pmtu":	1500,
					"omitted":	false,
					"sender":	true
				}],
			"sum":	{
				"start":	98.001056,
				"end":	99.00107,
				"seconds":	1.0000139474868774,
				"bytes":	74448896,
				"bits_per_second":	595582861.11586,
				"retransmits":	5272,
				"omitted":	false,
				"sender":	true
			}
		}, {
			"streams":	[{
					"socket":	7,
					"start":	99.00107,
					"end":	100.001086,
					"seconds":	1.0000159740448,
					"bytes":	199229440,
					"bits_per_second":	1593810060.4066927,
					"retransmits":	6662,
					"snd_cwnd":	22449792,
					"snd_wnd":	105754624,
					"rtt":	130020,
					"rttvar":	202,
					"pmtu":	1500,
					"omitted":	false,
					"sender":	true
				}],
			"sum":	{
				"start":	99.00107,
				"end":	100.001086,
				"seconds":	1.0000159740448,
				"bytes":	199229440,
				"bits_per_second":	1593810060.4066927,
				"retransmits":	6662,
				"omitted":	false,
				"sender":	true
			}
		}, {
			"streams":	[{
					"socket":	7,
					"start":	100.001086,
					"end":	101.001095,
					"seconds":	1.0000089406967163,
					"bytes":	171180032,
					"bits_per_second":	1369428012.3594668,
					"retransmits":	6525,
					"snd_cwnd":	21766336,
					"snd_wnd":	122949632,
					"rtt":	130439,
					"rttvar":	255,
					"pmtu":	1500,
					"omitted":	false,
					"sender":	true
				}],
			"sum":	{
				"start":	100.001086,
				"end":	101.001095,
				"seconds":	1.0000089406967163,
				"bytes":	171180032,
				"bits_per_second":	1369428012.3594668,
				"retransmits":	6525,
				"omitted":	false,
				"sender":	true
			}
		}, {
			"streams":	[{
					"socket":	7,
					"start":	101.001095,
					"end":	102.001068,
					"seconds":	0.99997299909591675,
					"bytes":	107347968,
					"bits_per_second":	858806932.56361222,
					"retransmits":	5345,
					"snd_cwnd":	21158176,
					"snd_wnd":	124313600,
					"rtt":	129247,
					"rttvar":	241,
					"pmtu":	1500,
					"omitted":	false,
					"sender":	true
				}],
			"sum":	{
				"start":	101.001095,
				"end":	102.001068,
				"seconds":	0.99997299909591675,
				"bytes":	107347968,
				"bits_per_second":	858806932.56361222,
				"retransmits":	5345,
				"omitted":	false,
				"sender":	true
			}
		}, {
			"streams":	[{
					"socket":	7,
					"start":	102.001068,
					"end":	103.001093,
					"seconds":	1.0000250339508057,
					"bytes":	160169984,
					"bits_per_second":	1281327795.3030064,
					"retransmits":	4127,
					"snd_cwnd":	21320352,
					"snd_wnd":	136970240,
					"rtt":	130194,
					"rttvar":	159,
					"pmtu":	1500,
					"omitted":	false,
					"sender":	true
				}],
			"sum":	{
				"start":	102.001068,
				"end":	103.001093,
				"seconds":	1.0000250339508057,
				"bytes":	160169984,
				"bits_per_second":	1281327795.3030064,
				"retransmits":	4127,
				"omitted":	false,
				"sender":	true
			}
		}, {
			"streams":	[{
					"socket":	7,
					"start":	103.001093,
					"end":	104.00113,
					"seconds":	1.0000369548797607,
					"bytes":	150863872,
					"bits_per_second":	1206866376.3981729,
					"retransmits":	3139,
					"snd_cwnd":	5792,
					"snd_wnd":	141406208,
					"rtt":	100386,
					"rttvar":	3288,
					"pmtu":	1500,
					"omitted":	false,
					"sender":	true
				}],
			"sum":	{
				"start":	103.001093,
				"end":	104.00113,
				"seconds":	1.0000369548797607,
				"bytes":	150863872,
				"bits_per_second":	1206866376.3981729,
				"retransmits":	3139,
				"omitted":	false,
				"sender":	true
			}
		}, {
			"streams":	[{
					"socket":	7,
					"start":	104.00113,
					"end":	105.001065,
					"seconds":	0.99993497133255,
					"bytes":	69206016,
					"bits_per_second":	553684133.3413794,
					"retransmits":	1125,
					"snd_cwnd":	20004120,
					"snd_wnd":	141410304,
					"rtt":	130608,
					"rttvar":	154,
					"pmtu":	1500,
					"omitted":	false,
					"sender":	true
				}],
			"sum":	{
				"start":	104.00113,
				"end":	105.001065,
				"seconds":	0.99993497133255,
				"bytes":	69206016,
				"bits_per_second":	553684133.3413794,
				"retransmits":	1125,
				"omitted":	false,
				"sender":	true
			}
		}, {
			"streams":	[{
					"socket":	7,
					"start":	105.001065,
					"end":	106.001083,
					"seconds":	1.0000180006027222,
					"bytes":	147980288,
					"bits_per_second":	1183820994.5085838,
					"retransmits":	6244,
					"snd_cwnd":	20474720,
					"snd_wnd":	122277888,
					"rtt":	130499,
					"rttvar":	146,
					"pmtu":	1500,
					"omitted":	false,
					"sender":	true
				}],
			"sum":	{
				"start":	105.001065,
				"end":	106.001083,
				"seconds":	1.0000180006027222,
				"bytes":	147980288,
				"bits_per_second":	1183820994.5085838,
				"retransmits":	6244,
				"omitted":	false,
				"sender":	true
			}
		}, {
			"streams":	[{
					"socket":	7,
					"start":	106.001083,
					"end":	107.000449,
					"seconds":	0.99936598539352417,
					"bytes":	136839168,
					"bits_per_second":	1095407848.5760455,
					"retransmits":	5501,
					"snd_cwnd":	20274896,
					"snd_wnd":	122781696,
					"rtt":	129760,
					"rttvar":	273,
					"pmtu":	1500,
					"omitted":	false,
					"sender":	true
				}],
			"sum":	{
				"start":	106.001083,
				"end":	107.000449,
				"seconds":	0.99936598539352417,
				"bytes":	136839168,
				"bits_per_second":	1095407848.5760455,
				"retransmits":	5501,
				"omitted":	false,
				"sender":	true
			}
		}, {
			"streams":	[{
					"socket":	7,
					"start":	107.000449,
					"end":	108.000098,
					"seconds":	0.99964898824691772,
					"bytes":	140247040,
					"bits_per_second":	1122370285.161402,
					"retransmits":	5716,
					"snd_cwnd":	20132992,
					"snd_wnd":	126689280,
					"rtt":	130194,
					"rttvar":	357,
					"pmtu":	1500,
					"omitted":	false,
					"sender":	true
				}],
			"sum":	{
				"start":	107.000449,
				"end":	108.000098,
				"seconds":	0.99964898824691772,
				"bytes":	140247040,
				"bits_per_second":	1122370285.161402,
				"retransmits":	5716,
				"omitted":	false,
				"sender":	true
			}
		}, {
			"streams":	[{
					"socket":	7,
					"start":	108.000098,
					"end":	109.000105,
					"seconds":	1.0000070333480835,
					"bytes":	148373504,
					"bits_per_second":	1186979683.5587175,
					"retransmits":	4888,
					"snd_cwnd":	20454448,
					"snd_wnd":	124723200,
					"rtt":	129907,
					"rttvar":	232,
					"pmtu":	1500,
					"omitted":	false,
					"sender":	true
				}],
			"sum":	{
				"start":	108.000098,
				"end":	109.000105,
				"seconds":	1.0000070333480835,
				"bytes":	148373504,
				"bits_per_second":	1186979683.5587175,
				"retransmits":	4888,
				"omitted":	false,
				"sender":	true
			}
		}, {
			"streams":	[{
					"socket":	7,
					"start":	109.000105,
					"end":	110.000261,
					"seconds":	1.000156044960022,
					"bytes":	144441344,
					"bits_per_second":	1155350465.382818,
					"retransmits":	5565,
					"snd_cwnd":	21158176,
					"snd_wnd":	121667584,
					"rtt":	130089,
					"rttvar":	170,
					"pmtu":	1500,
					"omitted":	false,
					"sender":	true
				}],
			"sum":	{
				"start":	109.000105,
				"end":	110.000261,
				"seconds":	1.000156044960022,
				"bytes":	144441344,
				"bits_per_second":	1155350465.382818,
				"retransmits":	5565,
				"omitted":	false,
				"sender":	true
			}
		}, {
			"streams":	[{
					"socket":	7,
					"start":	110.000261,
					"end":	111.000741,
					"seconds":	1.000480055809021,
					"bytes":	158334976,
					"bits_per_second":	1266072022.77083,
					"retransmits":	7322,
					"snd_cwnd":	23625568,
					"snd_wnd":	127950848,
					"rtt":	130360,
					"rttvar":	71,
					"pmtu":	1500,
					"omitted":	false,
					"sender":	true
				}],
			"sum":	{
				"start":	110.000261,
				"end":	111.000741,
				"seconds":	1.000480055809021,
				"bytes":	158334976,
				"bits_per_second":	1266072022.77083,
				"retransmits":	7322,
				"omitted":	false,
				"sender":	true
			}
		}, {
			"streams":	[{
					"socket":	7,
					"start":	111.000741,
					"end":	112.001062,
					"seconds":	1.00032103061676,
					"bytes":	82706432,
					"bits_per_second":	661439113.79334962,
					"retransmits":	8353,
					"snd_cwnd":	21650496,
					"snd_wnd":	113221632,
					"rtt":	130465,
					"rttvar":	338,
					"pmtu":	1500,
					"omitted":	false,
					"sender":	true
				}],
			"sum":	{
				"start":	111.000741,
				"end":	112.001062,
				"seconds":	1.00032103061676,
				"bytes":	82706432,
				"bits_per_second":	661439113.79334962,
				"retransmits":	8353,
				"omitted":	false,
				"sender":	true
			}
		}, {
			"streams":	[{
					"socket":	7,
					"start":	112.001062,
					"end":	113.000253,
					"seconds":	0.99919098615646362,
					"bytes":	161480704,
					"bits_per_second":	1292891599.2019463,
					"retransmits":	8257,
					"snd_cwnd":	21456464,
					"snd_wnd":	125739008,
					"rtt":	130203,
					"rttvar":	210,
					"pmtu":	1500,
					"omitted":	false,
					"sender":	true
				}],
			"sum":	{
				"start":	112.001062,
				"end":	113.000253,
				"seconds":	0.99919098615646362,
				"bytes":	161480704,
				"bits_per_second":	1292891599.2019463,
				"retransmits":	8257,
				"omitted":	false,
				"sender":	true
			}
		}, {
			"streams":	[{
					"socket":	7,
					"start":	113.000253,
					"end":	114.000087,
					"seconds":	0.99983400106430054,
					"bytes":	139067392,
					"bits_per_second":	1112723846.9743252,
					"retransmits":	6560,
					"snd_cwnd":	21882176,
					"snd_wnd":	139034624,
					"rtt":	129981,
					"rttvar":	335,
					"pmtu":	1500,
					"omitted":	false,
					"sender":	true
				}],
			"sum":	{
				"start":	113.000253,
				"end":	114.000087,
				"seconds":	0.99983400106430054,
				"bytes":	139067392,
				"bits_per_second":	1112723846.9743252,
				"retransmits":	6560,
				"omitted":	false,
				"sender":	true
			}
		}, {
			"streams":	[{
					"socket":	7,
					"start":	114.000087,
					"end":	115.000089,
					"seconds":	1.0000020265579224,
					"bytes":	152567808,
					"bits_per_second":	1220539990.5050128,
					"retransmits":	1567,
					"snd_cwnd":	23173792,
					"snd_wnd":	141398016,
					"rtt":	105611,
					"rttvar":	449,
					"pmtu":	1500,
					"omitted":	false,
					"sender":	true
				}],
			"sum":	{
				"start":	114.000087,
				"end":	115.000089,
				"seconds":	1.0000020265579224,
				"bytes":	152567808,
				"bits_per_second":	1220539990.5050128,
				"retransmits":	1567,
				"omitted":	false,
				"sender":	true
			}
		}, {
			"streams":	[{
					"socket":	7,
					"start":	115.000089,
					"end":	116.001085,
					"seconds":	1.0009959936141968,
					"bytes":	83623936,
					"bits_per_second":	668325839.73142481,
					"retransmits":	5841,
					"snd_cwnd":	22530880,
					"snd_wnd":	133177344,
					"rtt":	128192,
					"rttvar":	497,
					"pmtu":	1500,
					"omitted":	false,
					"sender":	true
				}],
			"sum":	{
				"start":	115.000089,
				"end":	116.001085,
				"seconds":	1.0009959936141968,
				"bytes":	83623936,
				"bits_per_second":	668325839.73142481,
				"retransmits":	5841,
				"omitted":	false,
				"sender":	true
			}
		}, {
			"streams":	[{
					"socket":	7,
					"start":	116.001085,
					"end":	117.000245,
					"seconds":	0.99915999174118042,
					"bytes":	146276352,
					"bits_per_second":	1171194629.1611805,
					"retransmits":	7985,
					"snd_cwnd":	20437072,
					"snd_wnd":	126832640,
					"rtt":	130076,
					"rttvar":	235,
					"pmtu":	1500,
					"omitted":	false,
					"sender":	true
				}],
			"sum":	{
				"start":	116.001085,
				"end":	117.000245,
				"seconds":	0.99915999174118042,
				"bytes":	146276352,
				"bits_per_second":	1171194629.1611805,
				"retransmits":	7985,
				"omitted":	false,
				"sender":	true
			}
		}, {
			"streams":	[{
					"socket":	7,
					"start":	117.000245,
					"end":	118.00034,
					"seconds":	1.000095009803772,
					"bytes":	152567808,
					"bits_per_second":	1220426511.5166228,
					"retransmits":	7524,
					"snd_cwnd":	22290512,
					"snd_wnd":	124493824,
					"rtt":	130593,
					"rttvar":	152,
					"pmtu":	1500,
					"omitted":	false,
					"sender":	true
				}],
			"sum":	{
				"start":	117.000245,
				"end":	118.00034,
				"seconds":	1.000095009803772,
				"bytes":	152567808,
				"bits_per_second":	1220426511.5166228,
				"retransmits":	7524,
				"omitted":	false,
				"sender":	true
			}
		}, {
			"streams":	[{
					"socket":	7,
					"start":	118.00034,
					"end":	119.001089,
					"seconds":	1.0007489919662476,
					"bytes":	136052736,
					"bits_per_second":	1087607278.8856823,
					"retransmits":	7141,
					"snd_cwnd":	20752736,
					"snd_wnd":	115277824,
					"rtt":	130177,
					"rttvar":	154,
					"pmtu":	1500,
					"omitted":	false,
					"sender":	true
				}],
			"sum":	{
				"start":	118.00034,
				"end":	119.001089,
				"seconds":	1.0007489919662476,
				"bytes":	136052736,
				"bits_per_second":	1087607278.8856823,
				"retransmits":	7141,
				"omitted":	false,
				"sender":	true
			}
		}, {
			"streams":	[{
					"socket":	7,
					"start":	119.001089,
					"end":	120.001397,
					"seconds":	1.0003080368041992,
					"bytes":	134217728,
					"bits_per_second":	1073411173.8524147,
					"retransmits":	8396,
					"snd_cwnd":	19672528,
					"snd_wnd":	126504960,
					"rtt":	130293,
					"rttvar":	211,
					"pmtu":	1500,
					"omitted":	false,
					"sender":	true
				}],
			"sum":	{
				"start":	119.001089,
				"end":	120.001397,
				"seconds":	1.0003080368041992,
				"bytes":	134217728,
				"bits_per_second":	1073411173.8524147,
				"retransmits":	8396,
				"omitted":	false,
				"sender":	true
			}
		}],
	"end":	{
		"streams":	[{
				"sender":	{
					"socket":	7,
					"start":	0,
					"end":	120.001397,
					"seconds":	120.001397,
					"bytes":	15011676160,
					"bits_per_second":	1000766760.0736349,
					"retransmits":	645363,
					"max_snd_cwnd":	25907616,
					"max_snd_wnd":	141410304,
					"max_rtt":	131316,
					"min_rtt":	64437,
					"mean_rtt":	126658,
					"sender":	true
				},
				"receiver":	{
					"socket":	7,
					"start":	0,
					"end":	120.127174,
					"seconds":	120.001397,
					"bytes":	14840102912,
					"bits_per_second":	988292817.87649477,
					"sender":	true
				}
			}],
		"sum_sent":	{
			"start":	0,
			"end":	120.001397,
			"seconds":	120.001397,
			"bytes":	15011676160,
			"bits_per_second":	1000766760.0736349,
			"retransmits":	645363,
			"sender":	true
		},
		"sum_received":	{
			"start":	0,
			"end":	120.127174,
			"seconds":	120.127174,
			"bytes":	14840102912,
			"bits_per_second":	988292817.87649477,
			"sender":	true
		},
		"cpu_utilization_percent":	{
			"host_total":	3.1848953378368487,
			"host_user":	0.028268663488392822,
			"host_system":	3.1566266743484563,
			"remote_total":	6.5684185163722448,
			"remote_user":	0.0466697041696167,
			"remote_system":	6.52175047710476
		},
		"sender_tcp_congestion":	"bbr",
		"receiver_tcp_congestion":	"cubic"
	}
}
