{
	"start":	{
		"connected":	[{
				"socket":	7,
				"local_host":	"172.16.0.6",
				"local_port":	51212,
				"remote_host":	"172.17.0.6",
				"remote_port":	5201
			}],
		"version":	"iperf 3.16",
		"system_info":	"Linux h1 6.8.0-63-generic #66-Ubuntu SMP PREEMPT_DYNAMIC Fri Jun 13 20:25:30 UTC 2025 x86_64",
		"timestamp":	{
			"time":	"Fri, 30 Jan 2026 05:09:52 GMT",
			"timesecs":	1769749792
		},
		"connecting_to":	{
			"host":	"172.17.0.6",
			"port":	5201
		},
		"cookie":	"i7poak2cwvkwlps32r2ptxrgg5hfrcpx7rrf",
		"tcp_mss_default":	1448,
		"target_bitrate":	0,
		"fq_rate":	0,
		"sock_bufsize":	0,
		"sndbuf_actual":	1000000,
		"rcvbuf_actual":	1000000,
		"test_start":	{
			"protocol":	"TCP",
			"num_streams":	1,
			"blksize":	131072,
			"omit":	0,
			"duration":	120,
			"bytes":	0,
			"blocks":	0,
			"reverse":	0,
			"tos":	0,
			"target_bitrate":	0,
			"bidir":	0,
			"fqrate":	0
		}
	},
	"intervals":	[{
			"streams":	[{
					"socket":	7,
					"start":	0,
					"end":	1.001046,
					"seconds":	1.0010459423065186,
					"bytes":	85983232,
					"bits_per_second":	687147139.73574722,
					"retransmits":	1880,
					"snd_cwnd":	7435480,
					"snd_wnd":	20541440,
					"rtt":	126268,
					"rttvar":	200,
					"pmtu":	1500,
					"omitted":	false,
					"sender":	true
				}],
			"sum":	{
				"start":	0,
				"end":	1.001046,
				"seconds":	1.0010459423065186,
				"bytes":	85983232,
				"bits_per_second":	687147139.73574722,
				"retransmits":	1880,
				"omitted":	false,
				"sender":	true
			}
		}, {
			"streams":	[{
					"socket":	7,
					"start":	1.001046,
					"end":	2.001051,
					"seconds":	1.0000050067901611,
					"bytes":	28966912,
					"bits_per_second":	231734135.7558091,
					"retransmits":	2556,
					"snd_cwnd":	7219728,
					"snd_wnd":	102658048,
					"rtt":	125662,
					"rttvar":	86,
					"pmtu":	1500,
					"omitted":	false,
					"sender":	true
				}],
			"sum":	{
				"start":	1.001046,
				"end":	2.001051,
				"seconds":	1.0000050067901611,
				"bytes":	28966912,
				"bits_per_second":	231734135.7558091,
				"retransmits":	2556,
				"omitted":	false,
				"sender":	true
			}
		}, {
			"streams":	[{
					"socket":	7,
					"start":	2.001051,
					"end":	3.001048,
					"seconds":	0.99999701976776123,
					"bytes":	66060288,
					"bits_per_second":	528483879.00469387,
					"retransmits":	3618,
					"snd_cwnd":	6805600,
					"snd_wnd":	115965952,
					"rtt":	126883,
					"rttvar":	146,
					"pmtu":	1500,
					"omitted":	false,
					"sender":	true
				}],
			"sum":	{
				"start":	2.001051,
				"end":	3.001048,
				"seconds":	0.99999701976776123,
				"bytes":	66060288,
				"bits_per_second":	528483879.00469387,
				"retransmits":	3618,
				"omitted":	false,
				"sender":	true
			}
		}, {
			"streams":	[{
					"socket":	7,
					"start":	3.001048,
					"end":	4.000663,
					"seconds":	0.99961501359939575,
					"bytes":	31326208,
					"bits_per_second":	250706182.47079867,
					"retransmits":	2393,
					"snd_cwnd":	6924336,
					"snd_wnd":	119226368,
					"rtt":	126878,
					"rttvar":	160,
					"pmtu":	1500,
					"omitted":	false,
					"sender":	true
				}],
			"sum":	{
				"start":	3.001048,
				"end":	4.000663,
				"seconds":	0.99961501359939575,
				"bytes":	31326208,
				"bits_per_second":	250706182.47079867,
				"retransmits":	2393,
				"omitted":	false,
				"sender":	true
			}
		}, {
			"streams":	[{
					"socket":	7,
					"start":	4.000663,
					"end":	5.001046,
					"seconds":	1.0003830194473267,
					"bytes":	64749568,
					"bits_per_second":	517798217.21301633,
					"retransmits":	3196,
					"snd_cwnd":	6724512,
					"snd_wnd":	119345152,
					"rtt":	126189,
					"rttvar":	433,
					"pmtu":	1500,
					"omitted":	false,
					"sender":	true
				}],
			"sum":	{
				"start":	4.000663,
				"end":	5.001046,
				"seconds":	1.0003830194473267,
				"bytes":	64749568,
				"bits_per_second":	517798217.21301633,
				"retransmits":	3196,
				"omitted":	false,
				"sender":	true
			}
		}, {
			"streams":	[{
					"socket":	7,
					"start":	5.001046,
					"end":	6.000515,
					"seconds":	0.999468982219696,
					"bytes":	29753344,
					"bits_per_second":	238153215.59191588,
					"retransmits":	1951,
					"snd_cwnd":	6721616,
					"snd_wnd":	116031488,
					"rtt":	126290,
					"rttvar":	580,
					"pmtu":	1500,
					"omitted":	false,
					"sender":	true
				}],
			"sum":	{
				"start":	5.001046,
				"end":	6.000515,
				"seconds":	0.999468982219696,
				"bytes":	29753344,
				"bits_per_second":	238153215.59191588,
				"retransmits":	1951,
				"omitted":	false,
				"sender":	true
			}
		}, {
			"streams":	[{
					"socket":	7,
					"start":	6.000515,
					"end":	7.000284,
					"seconds":	0.99976897239685059,
					"bytes":	60162048,
					"bits_per_second":	481407602.44453067,
					"retransmits":	1997,
					"snd_cwnd":	6547856,
					"snd_wnd":	119545856,
					"rtt":	126804,
					"rttvar":	201,
					"pmtu":	1500,
					"omitted":	false,
					"sender":	true
				}],
			"sum":	{
				"start":	6.000515,
				"end":	7.000284,
				"seconds":	0.99976897239685059,
				"bytes":	60162048,
				"bits_per_second":	481407602.44453067,
				"retransmits":	1997,
				"omitted":	false,
				"sender":	true
			}
		}, {
			"streams":	[{
					"socket":	7,
					"start":	7.000284,
					"end":	8.001868,
					"seconds":	1.0015840530395508,
					"bytes":	30670848,
					"bits_per_second":	244978724.70650339,
					"retransmits":	2296,
					"snd_cwnd":	6178616,
					"snd_wnd":	116219904,
					"rtt":	131026,
					"rttvar":	2888,
					"pmtu":	1500,
					"omitted":	false,
					"sender":	true
				}],
			"sum":	{
				"start":	7.000284,
				"end":	8.001868,
				"seconds":	1.0015840530395508,
				"bytes":	30670848,
				"bits_per_second":	244978724.70650339,
				"retransmits":	2296,
				"omitted":	false,
				"sender":	true
			}
		}, {
			"streams":	[{
					"socket":	7,
					"start":	8.001868,
					"end":	9.000573,
					"seconds":	0.99870502948761,
					"bytes":	64487424,
					"bits_per_second":	516568332.75855684,
					"retransmits":	1232,
					"snd_cwnd":	6301696,
					"snd_wnd":	116240384,
					"rtt":	126310,
					"rttvar":	253,
					"pmtu":	1500,
					"omitted":	false,
					"sender":	true
				}],
			"sum":	{
				"start":	8.001868,
				"end":	9.000573,
				"seconds":	0.99870502948761,
				"bytes":	64487424,
				"bits_per_second":	516568332.75855684,
				"retransmits":	1232,
				"omitted":	false,
				"sender":	true
			}
		}, {
			"streams":	[{
					"socket":	7,
					"start":	9.000573,
					"end":	10.000113,
					"seconds":	0.99953997135162354,
					"bytes":	29491200,
					"bits_per_second":	236038184.32690114,
					"retransmits":	1709,
					"snd_cwnd":	6316176,
					"snd_wnd":	116748288,
					"rtt":	126453,
					"rttvar":	333,
					"pmtu":	1500,
					"omitted":	false,
					"sender":	true
				}],
			"sum":	{
				"start":	9.000573,
				"end":	10.000113,
				"seconds":	0.99953997135162354,
				"bytes":	29491200,
				"bits_per_second":	236038184.32690114,
				"retransmits":	1709,
				"omitted":	false,
				"sender":	true
			}
		}, {
			"streams":	[{
					"socket":	7,
					"start":	10.000113,
					"end":	11.001051,
					"seconds":	1.0009380578994751,
					"bytes":	30670848,
					"bits_per_second":	245136831.45879778,
					"retransmits":	392,
					"snd_cwnd":	5962864,
					"snd_wnd":	121057280,
					"rtt":	78837,
					"rttvar":	773,
					"pmtu":	1500,
					"omitted":	false,
					"sender":	true
				}],
			"sum":	{
				"start":	10.000113,
				"end":	11.001051,
				"seconds":	1.0009380578994751,
				"bytes":	30670848,
				"bits_per_second":	245136831.45879778,
				"retransmits":	392,
				"omitted":	false,
				"sender":	true
			}
		}, {
			"streams":	[{
					"socket":	7,
					"start":	11.001051,
					"end":	12.001057,
					"seconds":	1.0000059604644775,
					"bytes":	60293120,
					"bits_per_second":	482342085.01713622,
					"retransmits":	1012,
					"snd_cwnd":	5595072,
					"snd_wnd":	121057280,
					"rtt":	126607,
					"rttvar":	60,
					"pmtu":	1500,
					"omitted":	false,
					"sender":	true
				}],
			"sum":	{
				"start":	11.001051,
				"end":	12.001057,
				"seconds":	1.0000059604644775,
				"bytes":	60293120,
				"bits_per_second":	482342085.01713622,
				"retransmits":	1012,
				"omitted":	false,
				"sender":	true
			}
		}, {
			"streams":	[{
					"socket":	7,
					"start":	12.001057,
					"end":	13.000362,
					"seconds":	0.999305009841919,
					"bytes":	33554432,
					"bits_per_second":	268622145.74753714,
					"retransmits":	1229,
					"snd_cwnd":	6414640,
					"snd_wnd":	116994048,
					"rtt":	126328,
					"rttvar":	98,
					"pmtu":	1500,
					"omitted":	false,
					"sender":	true
				}],
			"sum":	{
				"start":	12.001057,
				"end":	13.000362,
				"seconds":	0.999305009841919,
				"bytes":	33554432,
				"bits_per_second":	268622145.74753714,
				"retransmits":	1229,
				"omitted":	false,
				"sender":	true
			}
		}, {
			"streams":	[{
					"socket":	7,
					"start":	13.000362,
					"end":	14.001056,
					"seconds":	1.0006940364837646,
					"bytes":	29360128,
					"bits_per_second":	234718121.06058326,
					"retransmits":	1055,
					"snd_cwnd":	7526704,
					"snd_wnd":	116969472,
					"rtt":	126219,
					"rttvar":	119,
					"pmtu":	1500,
					"omitted":	false,
					"sender":	true
				}],
			"sum":	{
				"start":	13.000362,
				"end":	14.001056,
				"seconds":	1.0006940364837646,
				"bytes":	29360128,
				"bits_per_second":	234718121.06058326,
				"retransmits":	1055,
				"omitted":	false,
				"sender":	true
			}
		}, {
			"streams":	[{
					"socket":	7,
					"start":	14.001056,
					"end":	15.00106,
					"seconds":	1.0000040531158447,
					"bytes":	61079552,
					"bits_per_second":	488634435.50802714,
					"retransmits":	1698,
					"snd_cwnd":	7816304,
					"snd_wnd":	120905728,
					"rtt":	126350,
					"rttvar":	61,
					"pmtu":	1500,
					"omitted":	false,
					"sender":	true
				}],
			"sum":	{
				"start":	14.001056,
				"end":	15.00106,
				"seconds":	1.0000040531158447,
				"bytes":	61079552,
				"bits_per_second":	488634435.50802714,
				"retransmits":	1698,
				"omitted":	false,
				"sender":	true
			}
		}, {
			"streams":	[{
					"socket":	7,
					"start":	15.00106,
					"end":	16.001063,
					"seconds":	1.0000029802322388,
					"bytes":	61734912,
					"bits_per_second":	493877824.12938654,
					"retransmits":	1573,
					"snd_cwnd":	7491952,
					"snd_wnd":	110411776,
					"rtt":	126490,
					"rttvar":	75,
					"pmtu":	1500,
					"omitted":	false,
					"sender":	true
				}],
			"sum":	{
				"start":	15.00106,
				"end":	16.001063,
				"seconds":	1.0000029802322388,
				"bytes":	61734912,
				"bits_per_second":	493877824.12938654,
				"retransmits":	1573,
				"omitted":	false,
				"sender":	true
			}
		}, {
			"streams":	[{
					"socket":	7,
					"start":	16.001063,
					"end":	17.001075,
					"seconds":	1.0000120401382446,
					"bytes":	59375616,
					"bits_per_second":	474999208.94385821,
					"retransmits":	2023,
					"snd_cwnd":	8155136,
					"snd_wnd":	115236864,
					"rtt":	126403,
					"rttvar":	193,
					"pmtu":	1500,
					"omitted":	false,
					"sender":	true
				}],
			"sum":	{
				"start":	16.001063,
				"end":	17.001075,
				"seconds":	1.0000120401382446,
				"bytes":	59375616,
				"bits_per_second":	474999208.94385821,
				"retransmits":	2023,
				"omitted":	false,
				"sender":	true
			}
		}, {
			"streams":	[{
					"socket":	7,
					"start":	17.001075,
					"end":	18.000702,
					"seconds":	0.99962699413299561,
					"bytes":	35127296,
					"bits_per_second":	281123228.6136241,
					"retransmits":	2094,
					"snd_cwnd":	8068256,
					"snd_wnd":	117952512,
					"rtt":	127484,
					"rttvar":	1416,
					"pmtu":	1500,
					"omitted":	false,
					"sender":	true
				}],
			"sum":	{
				"start":	17.001075,
				"end":	18.000702,
				"seconds":	0.99962699413299561,
				"bytes":	35127296,
				"bits_per_second":	281123228.6136241,
				"retransmits":	2094,
				"omitted":	false,
				"sender":	true
			}
		}, {
			"streams":	[{
					"socket":	7,
					"start":	18.000702,
					"end":	19.000245,
					"seconds":	0.999543011188507,
					"bytes":	59899904,
					"bits_per_second":	479418320.80863428,
					"retransmits":	1948,
					"snd_cwnd":	8548992,
					"snd_wnd":	118013952,
					"rtt":	125960,
					"rttvar":	405,
					"pmtu":	1500,
					"omitted":	false,
					"sender":	true
				}],
			"sum":	{
				"start":	18.000702,
				"end":	19.000245,
				"seconds":	0.999543011188507,
				"bytes":	59899904,
				"bits_per_second":	479418320.80863428,
				"retransmits":	1948,
				"omitted":	false,
				"sender":	true
			}
		}, {
			"streams":	[{
					"socket":	7,
					"start":	19.000245,
					"end":	20.001073,
					"seconds":	1.00082802772522,
					"bytes":	60162048,
					"bits_per_second":	480898186.96818244,
					"retransmits":	2007,
					"snd_cwnd":	8855968,
					"snd_wnd":	121057280,
					"rtt":	125181,
					"rttvar":	201,
					"pmtu":	1500,
					"omitted":	false,
					"sender":	true
				}],
			"sum":	{
				"start":	19.000245,
				"end":	20.001073,
				"seconds":	1.00082802772522,
				"bytes":	60162048,
				"bits_per_second":	480898186.96818244,
				"retransmits":	2007,
				"omitted":	false,
				"sender":	true
			}
		}, {
			"streams":	[{
					"socket":	7,
					"start":	20.001073,
					"end":	21.001059,
					"seconds":	0.99998599290847778,
					"bytes":	59244544,
					"bits_per_second":	473962990.84299088,
					"retransmits":	2113,
					"snd_cwnd":	5792,
					"snd_wnd":	116604928,
					"rtt":	101451,
					"rttvar":	5889,
					"pmtu":	1500,
					"omitted":	false,
					"sender":	true
				}],
			"sum":	{
				"start":	20.001073,
				"end":	21.001059,
				"seconds":	0.99998599290847778,
				"bytes":	59244544,
				"bits_per_second":	473962990.84299088,
				"retransmits":	2113,
				"omitted":	false,
				"sender":	true
			}
		}, {
			"streams":	[{
					"socket":	7,
					"start":	21.001059,
					"end":	22.001081,
					"seconds":	1.0000220537185669,
					"bytes":	61734912,
					"bits_per_second":	493868404.365201,
					"retransmits":	2134,
					"snd_cwnd":	7051760,
					"snd_wnd":	120995840,
					"rtt":	126970,
					"rttvar":	308,
					"pmtu":	1500,
					"omitted":	false,
					"sender":	true
				}],
			"sum":	{
				"start":	21.001059,
				"end":	22.001081,
				"seconds":	1.0000220537185669,
				"bytes":	61734912,
				"bits_per_second":	493868404.365201,
				"retransmits":	2134,
				"omitted":	false,
				"sender":	true
			}
		}, {
			"streams":	[{
					"socket":	7,
					"start":	22.001081,
					"end":	23.000378,
					"seconds":	0.999297022819519,
					"bytes":	29753344,
					"bits_per_second":	238194197.0850738,
					"retransmits":	2931,
					"snd_cwnd":	8482384,
					"snd_wnd":	117624832,
					"rtt":	126695,
					"rttvar":	128,
					"pmtu":	1500,
					"omitted":	false,
					"sender":	true
				}],
			"sum":	{
				"start":	22.001081,
				"end":	23.000378,
				"seconds":	0.999297022819519,
				"bytes":	29753344,
				"bits_per_second":	238194197.0850738,
				"retransmits":	2931,
				"omitted":	false,
				"sender":	true
			}
		}, {
			"streams":	[{
					"socket":	7,
					"start":	23.000378,
					"end":	24.001056,
					"seconds":	1.0006779432296753,
					"bytes":	60555264,
					"bits_per_second":	484113910.252153,
					"retransmits":	3060,
					"snd_cwnd":	6660800,
					"snd_wnd":	121057280,
					"rtt":	126948,
					"rttvar":	259,
					"pmtu":	1500,
					"omitted":	false,
					"sender":	true
				}],
			"sum":	{
				"start":	23.000378,
				"end":	24.001056,
				"seconds":	1.0006779432296753,
				"bytes":	60555264,
				"bits_per_second":	484113910.252153,
				"retransmits":	3060,
				"omitted":	false,
				"sender":	true
			}
		}, {
			"streams":	[{
					"socket":	7,
					"start":	24.001056,
					"end":	25.001048,
					"seconds":	0.9999920129776,
					"bytes":	59375616,
					"bits_per_second":	475008721.905302,
					"retransmits":	2522,
					"snd_cwnd":	8789360,
					"snd_wnd":	114982912,
					"rtt":	127148,
					"rttvar":	183,
					"pmtu":	1500,
					"omitted":	false,
					"sender":	true
				}],
			"sum":	{
				"start":	24.001056,
				"end":	25.001048,
				"seconds":	0.9999920129776,
				"bytes":	59375616,
				"bits_per_second":	475008721.905302,
				"retransmits":	2522,
				"omitted":	false,
				"sender":	true
			}
		}, {
			"streams":	[{
					"socket":	7,
					"start":	25.001048,
					"end":	26.001044,
					"seconds":	0.9999960064888,
					"bytes":	59506688,
					"bits_per_second":	476055405.1325922,
					"retransmits":	2053,
					"snd_cwnd":	8395504,
					"snd_wnd":	114851840,
					"rtt":	126473,
					"rttvar":	97,
					"pmtu":	1500,
					"omitted":	false,
					"sender":	true
				}],
			"sum":	{
				"start":	25.001048,
				"end":	26.001044,
				"seconds":	0.9999960064888,
				"bytes":	59506688,
				"bits_per_second":	476055405.1325922,
				"retransmits":	2053,
				"omitted":	false,
				"sender":	true
			}
		}, {
			"streams":	[{
					"socket":	7,
					"start":	26.001044,
					"end":	27.001051,
					"seconds":	1.0000070333480835,
					"bytes":	67239936,
					"bits_per_second":	537915704.65160966,
					"retransmits":	2663,
					"snd_cwnd":	9991200,
					"snd_wnd":	114917376,
					"rtt":	126287,
					"rttvar":	340,
					"pmtu":	1500,
					"omitted":	false,
					"sender":	true
				}],
			"sum":	{
				"start":	26.001044,
				"end":	27.001051,
				"seconds":	1.0000070333480835,
				"bytes":	67239936,
				"bits_per_second":	537915704.65160966,
				"retransmits":	2663,
				"omitted":	false,
				"sender":	true
			}
		}, {
			"streams":	[{
					"socket":	7,
					"start":	27.001051,
					"end":	28.001047,
					"seconds":	0.9999960064888,
					"bytes":	60424192,
					"bits_per_second":	483395466.44520926,
					"retransmits":	3465,
					"snd_cwnd":	8934160,
					"snd_wnd":	115429376,
					"rtt":	126392,
					"rttvar":	245,
					"pmtu":	1500,
					"omitted":	false,
					"sender":	true
				}],
			"sum":	{
				"start":	27.001051,
				"end":	28.001047,
				"seconds":	0.9999960064888,
				"bytes":	60424192,
				"bits_per_second":	483395466.44520926,
				"retransmits":	3465,
				"omitted":	false,
				"sender":	true
			}
		}, {
			"streams":	[{
					"socket":	7,
					"start":	28.001047,
					"end":	29.001048,
					"seconds":	1.0000009536743164,
					"bytes":	66191360,
					"bits_per_second":	529530375.00048161,
					"retransmits":	2259,
					"snd_cwnd":	8812528,
					"snd_wnd":	119205888,
					"rtt":	126192,
					"rttvar":	178,
					"pmtu":	1500,
					"omitted":	false,
					"sender":	true
				}],
			"sum":	{
				"start":	28.001047,
				"end":	29.001048,
				"seconds":	1.0000009536743164,
				"bytes":	66191360,
				"bits_per_second":	529530375.00048161,
				"retransmits":	2259,
				"omitted":	false,
				"sender":	true
			}
		}, {
			"streams":	[{
					"socket":	7,
					"start":	29.001048,
					"end":	30.001042,
					"seconds":	0.99999397993087769,
					"bytes":	77201408,
					"bits_per_second":	617614982.084883,
					"retransmits":	2229,
					"snd_cwnd":	8632976,
					"snd_wnd":	120750080,
					"rtt":	126747,
					"rttvar":	65,
					"pmtu":	1500,
					"omitted":	false,
					"sender":	true
				}],
			"sum":	{
				"start":	29.001048,
				"end":	30.001042,
				"seconds":	0.99999397993087769,
				"bytes":	77201408,
				"bits_per_second":	617614982.084883,
				"retransmits":	2229,
				"omitted":	false,
				"sender":	true
			}
		}, {
			"streams":	[{
					"socket":	7,
					"start":	30.001042,
					"end":	31.001046,
					"seconds":	1.0000040531158447,
					"bytes":	33030144,
					"bits_per_second":	264240081.00434086,
					"retransmits":	1841,
					"snd_cwnd":	8314416,
					"snd_wnd":	132358144,
					"rtt":	126140,
					"rttvar":	77,
					"pmtu":	1500,
					"omitted":	false,
					"sender":	true
				}],
			"sum":	{
				"start":	30.001042,
				"end":	31.001046,
				"seconds":	1.0000040531158447,
				"bytes":	33030144,
				"bits_per_second":	264240081.00434086,
				"retransmits":	1841,
				"omitted":	false,
				"sender":	true
			}
		}, {
			"streams":	[{
					"socket":	7,
					"start":	31.001046,
					"end":	32.001047,
					"seconds":	1.0000009536743164,
					"bytes":	59768832,
					"bits_per_second":	478150200.00043488,
					"retransmits":	0,
					"snd_cwnd":	8569264,
					"snd_wnd":	138199040,
					"rtt":	121755,
					"rttvar":	505,
					"pmtu":	1500,
					"omitted":	false,
					"sender":	true
				}],
			"sum":	{
				"start":	31.001046,
				"end":	32.001047,
				"seconds":	1.0000009536743164,
				"bytes":	59768832,
				"bits_per_second":	478150200.00043488,
				"retransmits":	0,
				"omitted":	false,
				"sender":	true
			}
		}, {
			"streams":	[{
					"socket":	7,
					"start":	32.001047,
					"end":	33.001047,
					"seconds":	1,
					"bytes":	64225280,
					"bits_per_second":	513802240,
					"retransmits":	2678,
					"snd_cwnd":	7813408,
					"snd_wnd":	137080832,
					"rtt":	125937,
					"rttvar":	748,
					"pmtu":	1500,
					"omitted":	false,
					"sender":	true
				}],
			"sum":	{
				"start":	32.001047,
				"end":	33.001047,
				"seconds":	1,
				"bytes":	64225280,
				"bits_per_second":	513802240,
				"retransmits":	2678,
				"omitted":	false,
				"sender":	true
			}
		}, {
			"streams":	[{
					"socket":	7,
					"start":	33.001047,
					"end":	34.001054,
					"seconds":	1.0000070333480835,
					"bytes":	30146560,
					"bits_per_second":	241170783.76193023,
					"retransmits":	2107,
					"snd_cwnd":	8505552,
					"snd_wnd":	128483328,
					"rtt":	126439,
					"rttvar":	241,
					"pmtu":	1500,
					"omitted":	false,
					"sender":	true
				}],
			"sum":	{
				"start":	33.001047,
				"end":	34.001054,
				"seconds":	1.0000070333480835,
				"bytes":	30146560,
				"bits_per_second":	241170783.76193023,
				"retransmits":	2107,
				"omitted":	false,
				"sender":	true
			}
		}, {
			"streams":	[{
					"socket":	7,
					"start":	34.001054,
					"end":	35.000887,
					"seconds":	0.99983298778533936,
					"bytes":	71434240,
					"bits_per_second":	571569379.06783032,
					"retransmits":	1964,
					"snd_cwnd":	8491072,
					"snd_wnd":	133369856,
					"rtt":	126186,
					"rttvar":	360,
					"pmtu":	1500,
					"omitted":	false,
					"sender":	true
				}],
			"sum":	{
				"start":	34.001054,
				"end":	35.000887,
				"seconds":	0.99983298778533936,
				"bytes":	71434240,
				"bits_per_second":	571569379.06783032,
				"retransmits":	1964,
				"omitted":	false,
				"sender":	true
			}
		}, {
			"streams":	[{
					"socket":	7,
					"start":	35.000887,
					"end":	36.001077,
					"seconds":	1.0001900196075439,
					"bytes":	58589184,
					"bits_per_second":	468624424.17083353,
					"retransmits":	1576,
					"snd_cwnd":	8693792,
					"snd_wnd":	132759552,
					"rtt":	126390,
					"rttvar":	427,
					"pmtu":	1500,
					"omitted":	false,
					"sender":	true
				}],
			"sum":	{
				"start":	35.000887,
				"end":	36.001077,
				"seconds":	1.0001900196075439,
				"bytes":	58589184,
				"bits_per_second":	468624424.17083353,
				"retransmits":	1576,
				"omitted":	false,
				"sender":	true
			}
		}, {
			"streams":	[{
					"socket":	7,
					"start":	36.001077,
					"end":	37.001059,
					"seconds":	0.99998199939727783,
					"bytes":	61997056,
					"bits_per_second":	495985376.03571,
					"retransmits":	2351,
					"snd_cwnd":	8806736,
					"snd_wnd":	133742592,
					"rtt":	126065,
					"rttvar":	194,
					"pmtu":	1500,
					"omitted":	false,
					"sender":	true
				}],
			"sum":	{
				"start":	36.001077,
				"end":	37.001059,
				"seconds":	0.99998199939727783,
				"bytes":	61997056,
				"bits_per_second":	495985376.03571,
				"retransmits":	2351,
				"omitted":	false,
				"sender":	true
			}
		}, {
			"streams":	[{
					"socket":	7,
					"start":	37.001059,
					"end":	38.001045,
					"seconds":	0.99998599290847778,
					"bytes":	66322432,
					"bits_per_second":	530586887.97910041,
					"retransmits":	2861,
					"snd_cwnd":	9339600,
					"snd_wnd":	133206016,
					"rtt":	126524,
					"rttvar":	97,
					"pmtu":	1500,
					"omitted":	false,
					"sender":	true
				}],
			"sum":	{
				"start":	37.001059,
				"end":	38.001045,
				"seconds":	0.99998599290847778,
				"bytes":	66322432,
				"bits_per_second":	530586887.97910041,
				"retransmits":	2861,
				"omitted":	false,
				"sender":	true
			}
		}, {
			"streams":	[{
					"socket":	7,
					"start":	38.001045,
					"end":	39.001063,
					"seconds":	1.0000180006027222,
					"bytes":	60424192,
					"bits_per_second":	483384834.78162718,
					"retransmits":	2732,
					"snd_cwnd":	9924592,
					"snd_wnd":	133165056,
					"rtt":	126839,
					"rttvar":	79,
					"pmtu":	1500,
					"omitted":	false,
					"sender":	true
				}],
			"sum":	{
				"start":	38.001045,
				"end":	39.001063,
				"seconds":	1.0000180006027222,
				"bytes":	60424192,
				"bits_per_second":	483384834.78162718,
				"retransmits":	2732,
				"omitted":	false,
				"sender":	true
			}
		}, {
			"streams":	[{
					"socket":	7,
					"start":	39.001063,
					"end":	40.001055,
					"seconds":	0.9999920129776,
					"bytes":	66060288,
					"bits_per_second":	528486525.03371352,
					"retransmits":	3042,
					"snd_cwnd":	10095456,
					"snd_wnd":	130617344,
					"rtt":	126667,
					"rttvar":	80,
					"pmtu":	1500,
					"omitted":	false,
					"sender":	true
				}],
			"sum":	{
				"start":	39.001063,
				"end":	40.001055,
				"seconds":	0.9999920129776,
				"bytes":	66060288,
				"bits_per_second":	528486525.03371352,
				"retransmits":	3042,
				"omitted":	false,
				"sender":	true
			}
		}, {
			"streams":	[{
					"socket":	7,
					"start":	40.001055,
					"end":	41.001053,
					"seconds":	0.99999797344207764,
					"bytes":	93323264,
					"bits_per_second":	746587625.00306618,
					"retransmits":	2598,
					"snd_cwnd":	10107040,
					"snd_wnd":	131661824,
					"rtt":	126716,
					"rttvar":	200,
					"pmtu":	1500,
					"omitted":	false,
					"sender":	true
				}],
			"sum":	{
				"start":	40.001055,
				"end":	41.001053,
				"seconds":	0.99999797344207764,
				"bytes":	93323264,
				"bits_per_second":	746587625.00306618,
				"retransmits":	2598,
				"omitted":	false,
				"sender":	true
			}
		}, {
			"streams":	[{
					"socket":	7,
					"start":	41.001053,
					"end":	42.001075,
					"seconds":	1.0000220537185669,
					"bytes":	58982400,
					"bits_per_second":	471848793.97949147,
					"retransmits":	1596,
					"snd_cwnd":	9640784,
					"snd_wnd":	138203136,
					"rtt":	75904,
					"rttvar":	385,
					"pmtu":	1500,
					"omitted":	false,
					"sender":	true
				}],
			"sum":	{
				"start":	41.001053,
				"end":	42.001075,
				"seconds":	1.0000220537185669,
				"bytes":	58982400,
				"bits_per_second":	471848793.97949147,
				"retransmits":	1596,
				"omitted":	false,
				"sender":	true
			}
		}, {
			"streams":	[{
					"socket":	7,
					"start":	42.001075,
					"end":	43.001069,
					"seconds":	0.99999397993087769,
					"bytes":	60686336,
					"bits_per_second":	485493610.70509487,
					"retransmits":	1617,
					"snd_cwnd":	9750832,
					"snd_wnd":	134594560,
					"rtt":	126163,
					"rttvar":	370,
					"pmtu":	1500,
					"omitted":	false,
					"sender":	true
				}],
			"sum":	{
				"start":	42.001075,
				"end":	43.001069,
				"seconds":	0.99999397993087769,
				"bytes":	60686336,
				"bits_per_second":	485493610.70509487,
				"retransmits":	1617,
				"omitted":	false,
				"sender":	true
			}
		}, {
			"streams":	[{
					"socket":	7,
					"start":	43.001069,
					"end":	44.00107,
					"seconds":	1.0000009536743164,
					"bytes":	32636928,
					"bits_per_second":	261095175.00023746,
					"retransmits":	5568,
					"snd_cwnd":	9189008,
					"snd_wnd":	132567040,
					"rtt":	126550,
					"rttvar":	416,
					"pmtu":	1500,
					"omitted":	false,
					"sender":	true
				}],
			"sum":	{
				"start":	43.001069,
				"end":	44.00107,
				"seconds":	1.0000009536743164,
				"bytes":	32636928,
				"bits_per_second":	261095175.00023746,
				"retransmits":	5568,
				"omitted":	false,
				"sender":	true
			}
		}, {
			"streams":	[{
					"socket":	7,
					"start":	44.00107,
					"end":	45.001056,
					"seconds":	0.99998599290847778,
					"bytes":	68550656,
					"bits_per_second":	548412929.670098,
					"retransmits":	3964,
					"snd_cwnd":	8612704,
					"snd_wnd":	137154560,
					"rtt":	126582,
					"rttvar":	147,
					"pmtu":	1500,
					"omitted":	false,
					"sender":	true
				}],
			"sum":	{
				"start":	44.00107,
				"end":	45.001056,
				"seconds":	0.99998599290847778,
				"bytes":	68550656,
				"bits_per_second":	548412929.670098,
				"retransmits":	3964,
				"omitted":	false,
				"sender":	true
			}
		}, {
			"streams":	[{
					"socket":	7,
					"start":	45.001056,
					"end":	46.00019,
					"seconds":	0.99913400411605835,
					"bytes":	72482816,
					"bits_per_second":	580365121.806668,
					"retransmits":	2924,
					"snd_cwnd":	8548992,
					"snd_wnd":	132640768,
					"rtt":	126180,
					"rttvar":	296,
					"pmtu":	1500,
					"omitted":	false,
					"sender":	true
				}],
			"sum":	{
				"start":	45.001056,
				"end":	46.00019,
				"seconds":	0.99913400411605835,
				"bytes":	72482816,
				"bits_per_second":	580365121.806668,
				"retransmits":	2924,
				"omitted":	false,
				"sender":	true
			}
		}, {
			"streams":	[{
					"socket":	7,
					"start":	46.00019,
					"end":	47.000294,
					"seconds":	1.0001039505004883,
					"bytes":	63438848,
					"bits_per_second":	507458033.4834426,
					"retransmits":	3333,
					"snd_cwnd":	8453424,
					"snd_wnd":	131809280,
					"rtt":	126492,
					"rttvar":	108,
					"pmtu":	1500,
					"omitted":	false,
					"sender":	true
				}],
			"sum":	{
				"start":	46.00019,
				"end":	47.000294,
				"seconds":	1.0001039505004883,
				"bytes":	63438848,
				"bits_per_second":	507458033.4834426,
				"retransmits":	3333,
				"omitted":	false,
				"sender":	true
			}
		}, {
			"streams":	[{
					"socket":	7,
					"start":	47.000294,
					"end":	48.000216,
					"seconds":	0.999921977519989,
					"bytes":	41680896,
					"bits_per_second":	333473186.40502048,
					"retransmits":	3378,
					"snd_cwnd":	8071152,
					"snd_wnd":	133660672,
					"rtt":	126320,
					"rttvar":	460,
					"pmtu":	1500,
					"omitted":	false,
					"sender":	true
				}],
			"sum":	{
				"start":	47.000294,
				"end":	48.000216,
				"seconds":	0.999921977519989,
				"bytes":	41680896,
				"bits_per_second":	333473186.40502048,
				"retransmits":	3378,
				"omitted":	false,
				"sender":	true
			}
		}, {
			"streams":	[{
					"socket":	7,
					"start":	48.000216,
					"end":	49.001065,
					"seconds":	1.0008490085601807,
					"bytes":	61603840,
					"bits_per_second":	492412657.43869323,
					"retransmits":	3962,
					"snd_cwnd":	7813408,
					"snd_wnd":	132648960,
					"rtt":	126722,
					"rttvar":	231,
					"pmtu":	1500,
					"omitted":	false,
					"sender":	true
				}],
			"sum":	{
				"start":	48.000216,
				"end":	49.001065,
				"seconds":	1.0008490085601807,
				"bytes":	61603840,
				"bits_per_second":	492412657.43869323,
				"retransmits":	3962,
				"omitted":	false,
				"sender":	true
			}
		}, {
			"streams":	[{
					"socket":	7,
					"start":	49.001065,
					"end":	50.001073,
					"seconds":	1.0000079870224,
					"bytes":	65011712,
					"bits_per_second":	520089542.03317785,
					"retransmits":	2675,
					"snd_cwnd":	7471680,
					"snd_wnd":	133419008,
					"rtt":	126789,
					"rttvar":	102,
					"pmtu":	1500,
					"omitted":	false,
					"sender":	true
				}],
			"sum":	{
				"start":	49.001065,
				"end":	50.001073,
				"seconds":	1.0000079870224,
				"bytes":	65011712,
				"bits_per_second":	520089542.03317785,
				"retransmits":	2675,
				"omitted":	false,
				"sender":	true
			}
		}, {
			"streams":	[{
					"socket":	7,
					"start":	50.001073,
					"end":	51.001075,
					"seconds":	1.0000020265579224,
					"bytes":	29622272,
					"bits_per_second":	236977695.75097325,
					"retransmits":	1921,
					"snd_cwnd":	7460096,
					"snd_wnd":	137760768,
					"rtt":	126671,
					"rttvar":	64,
					"pmtu":	1500,
					"omitted":	false,
					"sender":	true
				}],
			"sum":	{
				"start":	50.001073,
				"end":	51.001075,
				"seconds":	1.0000020265579224,
				"bytes":	29622272,
				"bits_per_second":	236977695.75097325,
				"retransmits":	1921,
				"omitted":	false,
				"sender":	true
			}
		}, {
			"streams":	[{
					"socket":	7,
					"start":	51.001075,
					"end":	52.001061,
					"seconds":	0.99998599290847778,
					"bytes":	60424192,
					"bits_per_second":	483400307.03234249,
					"retransmits":	719,
					"snd_cwnd":	5792,
					"snd_wnd":	138203136,
					"rtt":	99155,
					"rttvar":	3320,
					"pmtu":	1500,
					"omitted":	false,
					"sender":	true
				}],
			"sum":	{
				"start":	51.001075,
				"end":	52.001061,
				"seconds":	0.99998599290847778,
				"bytes":	60424192,
				"bits_per_second":	483400307.03234249,
				"retransmits":	719,
				"omitted":	false,
				"sender":	true
			}
		}, {
			"streams":	[{
					"socket":	7,
					"start":	52.001061,
					"end":	53.00106,
					"seconds":	0.99999898672103882,
					"bytes":	29622272,
					"bits_per_second":	236978416.12524331,
					"retransmits":	771,
					"snd_cwnd":	7924904,
					"snd_wnd":	136597504,
					"rtt":	124891,
					"rttvar":	324,
					"pmtu":	1500,
					"omitted":	false,
					"sender":	true
				}],
			"sum":	{
				"start":	52.001061,
				"end":	53.00106,
				"seconds":	0.99999898672103882,
				"bytes":	29622272,
				"bits_per_second":	236978416.12524331,
				"retransmits":	771,
				"omitted":	false,
				"sender":	true
			}
		}, {
			"streams":	[{
					"socket":	7,
					"start":	53.00106,
					"end":	54.002005,
					"seconds":	1.000944972038269,
					"bytes":	61603840,
					"bits_per_second":	492365448.41863459,
					"retransmits":	2960,
					"snd_cwnd":	7712048,
					"snd_wnd":	130535424,
					"rtt":	126224,
					"rttvar":	437,
					"pmtu":	1500,
					"omitted":	false,
					"sender":	true
				}],
			"sum":	{
				"start":	53.00106,
				"end":	54.002005,
				"seconds":	1.000944972038269,
				"bytes":	61603840,
				"bits_per_second":	492365448.41863459,
				"retransmits":	2960,
				"omitted":	false,
				"sender":	true
			}
		}, {
			"streams":	[{
					"socket":	7,
					"start":	54.002005,
					"end":	55.000403,
					"seconds":	0.99839800596237183,
					"bytes":	62390272,
					"bits_per_second":	499923049.7449643,
					"retransmits":	1745,
					"snd_cwnd":	7865536,
					"snd_wnd":	132161536,
					"rtt":	126340,
					"rttvar":	327,
					"pmtu":	1500,
					"omitted":	false,
					"sender":	true
				}],
			"sum":	{
				"start":	54.002005,
				"end":	55.000403,
				"seconds":	0.99839800596237183,
				"bytes":	62390272,
				"bits_per_second":	499923049.7449643,
				"retransmits":	1745,
				"omitted":	false,
				"sender":	true
			}
		}, {
			"streams":	[{
					"socket":	7,
					"start":	55.000403,
					"end":	56.000074,
					"seconds":	0.99967098236084,
					"bytes":	59506688,
					"bits_per_second":	476210185.550994,
					"retransmits":	1650,
					"snd_cwnd":	8001648,
					"snd_wnd":	135684096,
					"rtt":	126271,
					"rttvar":	423,
					"pmtu":	1500,
					"omitted":	false,
					"sender":	true
				}],
			"sum":	{
				"start":	55.000403,
				"end":	56.000074,
				"seconds":	0.99967098236084,
				"bytes":	59506688,
				"bits_per_second":	476210185.550994,
				"retransmits":	1650,
				"omitted":	false,
				"sender":	true
			}
		}, {
			"streams":	[{
					"socket":	7,
					"start":	56.000074,
					"end":	57.000238,
					"seconds":	1.0001640319824219,
					"bytes":	62390272,
					"bits_per_second":	499040317.427424,
					"retransmits":	1427,
					"snd_cwnd":	8349168,
					"snd_wnd":	134045696,
					"rtt":	126546,
					"rttvar":	131,
					"pmtu":	1500,
					"omitted":	false,
					"sender":	true
				}],
			"sum":	{
				"start":	56.000074,
				"end":	57.000238,
				"seconds":	1.0001640319824219,
				"bytes":	62390272,
				"bits_per_second":	499040317.427424,
				"retransmits":	1427,
				"omitted":	false,
				"sender":	true
			}
		}, {
			"streams":	[{
					"socket":	7,
					"start":	57.000238,
					"end":	58.000172,
					"seconds":	0.99993401765823364,
					"bytes":	58327040,
					"bits_per_second":	466647110.46912724,
					"retransmits":	1570,
					"snd_cwnd":	8508448,
					"snd_wnd":	138203136,
					"rtt":	125718,
					"rttvar":	160,
					"pmtu":	1500,
					"omitted":	false,
					"sender":	true
				}],
			"sum":	{
				"start":	57.000238,
				"end":	58.000172,
				"seconds":	0.99993401765823364,
				"bytes":	58327040,
				"bits_per_second":	466647110.46912724,
				"retransmits":	1570,
				"omitted":	false,
				"sender":	true
			}
		}, {
			"streams":	[{
					"socket":	7,
					"start":	58.000172,
					"end":	59.000098,
					"seconds":	0.999925971031189,
					"bytes":	35651584,
					"bits_per_second":	285233787.56316334,
					"retransmits":	1583,
					"snd_cwnd":	9165840,
					"snd_wnd":	134746112,
					"rtt":	126577,
					"rttvar":	141,
					"pmtu":	1500,
					"omitted":	false,
					"sender":	true
				}],
			"sum":	{
				"start":	58.000172,
				"end":	59.000098,
				"seconds":	0.999925971031189,
				"bytes":	35651584,
				"bits_per_second":	285233787.56316334,
				"retransmits":	1583,
				"omitted":	false,
				"sender":	true
			}
		}, {
			"streams":	[{
					"socket":	7,
					"start":	59.000098,
					"end":	60.000094,
					"seconds":	0.9999960064888,
					"bytes":	64487424,
					"bits_per_second":	515901452.25822765,
					"retransmits":	2050,
					"snd_cwnd":	9513360,
					"snd_wnd":	136597504,
					"rtt":	126672,
					"rttvar":	61,
					"pmtu":	1500,
					"omitted":	false,
					"sender":	true
				}],
			"sum":	{
				"start":	59.000098,
				"end":	60.000094,
				"seconds":	0.9999960064888,
				"bytes":	64487424,
				"bits_per_second":	515901452.25822765,
				"retransmits":	2050,
				"omitted":	false,
				"sender":	true
			}
		}, {
			"streams":	[{
					"socket":	7,
					"start":	60.000094,
					"end":	61.000099,
					"seconds":	1.0000050067901611,
					"bytes":	65011712,
					"bits_per_second":	520091092.01303762,
					"retransmits":	2059,
					"snd_cwnd":	9551008,
					"snd_wnd":	135155712,
					"rtt":	126676,
					"rttvar":	139,
					"pmtu":	1500,
					"omitted":	false,
					"sender":	true
				}],
			"sum":	{
				"start":	60.000094,
				"end":	61.000099,
				"seconds":	1.0000050067901611,
				"bytes":	65011712,
				"bits_per_second":	520091092.01303762,
				"retransmits":	2059,
				"omitted":	false,
				"sender":	true
			}
		}, {
			"streams":	[{
					"socket":	7,
					"start":	61.000099,
					"end":	62.000239,
					"seconds":	1.0001399517059326,
					"bytes":	89128960,
					"bits_per_second":	712931903.96382642,
					"retransmits":	2529,
					"snd_cwnd":	9823232,
					"snd_wnd":	133836800,
					"rtt":	126739,
					"rttvar":	109,
					"pmtu":	1500,
					"omitted":	false,
					"sender":	true
				}],
			"sum":	{
				"start":	61.000099,
				"end":	62.000239,
				"seconds":	1.0001399517059326,
				"bytes":	89128960,
				"bits_per_second":	712931903.96382642,
				"retransmits":	2529,
				"omitted":	false,
				"sender":	true
			}
		}, {
			"streams":	[{
					"socket":	7,
					"start":	62.000239,
					"end":	63.000195,
					"seconds":	0.99995601177215576,
					"bytes":	37093376,
					"bits_per_second":	296760061.94922012,
					"retransmits":	135,
					"snd_cwnd":	10634112,
					"snd_wnd":	138141696,
					"rtt":	99398,
					"rttvar":	588,
					"pmtu":	1500,
					"omitted":	false,
					"sender":	true
				}],
			"sum":	{
				"start":	62.000239,
				"end":	63.000195,
				"seconds":	0.99995601177215576,
				"bytes":	37093376,
				"bits_per_second":	296760061.94922012,
				"retransmits":	135,
				"omitted":	false,
				"sender":	true
			}
		}, {
			"streams":	[{
					"socket":	7,
					"start":	63.000195,
					"end":	64.000442,
					"seconds":	1.0002470016479492,
					"bytes":	59637760,
					"bits_per_second":	476984264.1007213,
					"retransmits":	2470,
					"snd_cwnd":	10275008,
					"snd_wnd":	131403776,
					"rtt":	126239,
					"rttvar":	492,
					"pmtu":	1500,
					"omitted":	false,
					"sender":	true
				}],
			"sum":	{
				"start":	63.000195,
				"end":	64.000442,
				"seconds":	1.0002470016479492,
				"bytes":	59637760,
				"bits_per_second":	476984264.1007213,
				"retransmits":	2470,
				"omitted":	false,
				"sender":	true
			}
		}, {
			"streams":	[{
					"socket":	7,
					"start":	64.000442,
					"end":	65.000166,
					"seconds":	0.999723970890045,
					"bytes":	94371840,
					"bits_per_second":	755183172.5389688,
					"retransmits":	3802,
					"snd_cwnd":	9944864,
					"snd_wnd":	133337088,
					"rtt":	126649,
					"rttvar":	198,
					"pmtu":	1500,
					"omitted":	false,
					"sender":	true
				}],
			"sum":	{
				"start":	64.000442,
				"end":	65.000166,
				"seconds":	0.999723970890045,
				"bytes":	94371840,
				"bits_per_second":	755183172.5389688,
				"retransmits":	3802,
				"omitted":	false,
				"sender":	true
			}
		}, {
			"streams":	[{
					"socket":	7,
					"start":	65.000166,
					"end":	66.000103,
					"seconds":	0.99993699789047241,
					"bytes":	60555264,
					"bits_per_second":	484472634.79800063,
					"retransmits":	2201,
					"snd_cwnd":	9924592,
					"snd_wnd":	133976064,
					"rtt":	126722,
					"rttvar":	93,
					"pmtu":	1500,
					"omitted":	false,
					"sender":	true
				}],
			"sum":	{
				"start":	65.000166,
				"end":	66.000103,
				"seconds":	0.99993699789047241,
				"bytes":	60555264,
				"bits_per_second":	484472634.79800063,
				"retransmits":	2201,
				"omitted":	false,
				"sender":	true
			}
		}, {
			"streams":	[{
					"socket":	7,
					"start":	66.000103,
					"end":	67.000279,
					"seconds":	1.000175952911377,
					"bytes":	66453504,
					"bits_per_second":	531534506.95600379,
					"retransmits":	2111,
					"snd_cwnd":	9687120,
					"snd_wnd":	131657728,
					"rtt":	126785,
					"rttvar":	220,
					"pmtu":	1500,
					"omitted":	false,
					"sender":	true
				}],
			"sum":	{
				"start":	66.000103,
				"end":	67.000279,
				"seconds":	1.000175952911377,
				"bytes":	66453504,
				"bits_per_second":	531534506.95600379,
				"retransmits":	2111,
				"omitted":	false,
				"sender":	true
			}
		}, {
			"streams":	[{
					"socket":	7,
					"start":	67.000279,
					"end":	68.000219,
					"seconds":	0.99993997812271118,
					"bytes":	77070336,
					"bits_per_second":	616599697.471378,
					"retransmits":	2042,
					"snd_cwnd":	9678432,
					"snd_wnd":	134541312,
					"rtt":	126637,
					"rttvar":	110,
					"pmtu":	1500,
					"omitted":	false,
					"sender":	true
				}],
			"sum":	{
				"start":	67.000279,
				"end":	68.000219,
				"seconds":	0.99993997812271118,
				"bytes":	77070336,
				"bits_per_second":	616599697.471378,
				"retransmits":	2042,
				"omitted":	false,
				"sender":	true
			}
		}, {
			"streams":	[{
					"socket":	7,
					"start":	68.000219,
					"end":	69.000145,
					"seconds":	0.999925971031189,
					"bytes":	72351744,
					"bits_per_second":	578856804.172302,
					"retransmits":	2227,
					"snd_cwnd":	9921696,
					"snd_wnd":	131342336,
					"rtt":	126664,
					"rttvar":	168,
					"pmtu":	1500,
					"omitted":	false,
					"sender":	true
				}],
			"sum":	{
				"start":	68.000219,
				"end":	69.000145,
				"seconds":	0.999925971031189,
				"bytes":	72351744,
				"bits_per_second":	578856804.172302,
				"retransmits":	2227,
				"omitted":	false,
				"sender":	true
			}
		}, {
			"streams":	[{
					"socket":	7,
					"start":	69.000145,
					"end":	70.000071,
					"seconds":	0.999925971031189,
					"bytes":	69861376,
					"bits_per_second":	558932385.18811059,
					"retransmits":	1887,
					"snd_cwnd":	10240256,
					"snd_wnd":	134316032,
					"rtt":	126494,
					"rttvar":	73,
					"pmtu":	1500,
					"omitted":	false,
					"sender":	true
				}],
			"sum":	{
				"start":	69.000145,
				"end":	70.000071,
				"seconds":	0.999925971031189,
				"bytes":	69861376,
				"bits_per_second":	558932385.18811059,
				"retransmits":	1887,
				"omitted":	false,
				"sender":	true
			}
		}, {
			"streams":	[{
					"socket":	7,
					"start":	70.000071,
					"end":	71.000453,
					"seconds":	1.0003819465637207,
					"bytes":	62521344,
					"bits_per_second":	499979786.43864,
					"retransmits":	2126,
					"snd_cwnd":	10335824,
					"snd_wnd":	134873088,
					"rtt":	126626,
					"rttvar":	79,
					"pmtu":	1500,
					"omitted":	false,
					"sender":	true
				}],
			"sum":	{
				"start":	70.000071,
				"end":	71.000453,
				"seconds":	1.0003819465637207,
				"bytes":	62521344,
				"bits_per_second":	499979786.43864,
				"retransmits":	2126,
				"omitted":	false,
				"sender":	true
			}
		}, {
			"streams":	[{
					"socket":	7,
					"start":	71.000453,
					"end":	72.000182,
					"seconds":	0.9997289776802063,
					"bytes":	93454336,
					"bits_per_second":	747837368.61847138,
					"retransmits":	2232,
					"snd_cwnd":	10393744,
					"snd_wnd":	135426048,
					"rtt":	126785,
					"rttvar":	101,
					"pmtu":	1500,
					"omitted":	false,
					"sender":	true
				}],
			"sum":	{
				"start":	71.000453,
				"end":	72.000182,
				"seconds":	0.9997289776802063,
				"bytes":	93454336,
				"bits_per_second":	747837368.61847138,
				"retransmits":	2232,
				"omitted":	false,
				"sender":	true
			}
		}, {
			"streams":	[{
					"socket":	7,
					"start":	72.000182,
					"end":	73.000214,
					"seconds":	1.0000319480895996,
					"bytes":	60162048,
					"bits_per_second":	481281007.99123412,
					"retransmits":	1140,
					"snd_cwnd":	10005680,
					"snd_wnd":	138141696,
					"rtt":	61655,
					"rttvar":	1348,
					"pmtu":	1500,
					"omitted":	false,
					"sender":	true
				}],
			"sum":	{
				"start":	72.000182,
				"end":	73.000214,
				"seconds":	1.0000319480895996,
				"bytes":	60162048,
				"bits_per_second":	481281007.99123412,
				"retransmits":	1140,
				"omitted":	false,
				"sender":	true
			}
		}, {
			"streams":	[{
					"socket":	7,
					"start":	73.000214,
					"end":	74.000029,
					"seconds":	0.99981498718261719,
					"bytes":	63832064,
					"bits_per_second":	510751007.48287553,
					"retransmits":	1273,
					"snd_cwnd":	9970928,
					"snd_wnd":	138203136,
					"rtt":	126736,
					"rttvar":	135,
					"pmtu":	1500,
					"omitted":	false,
					"sender":	true
				}],
			"sum":	{
				"start":	73.000214,
				"end":	74.000029,
				"seconds":	0.99981498718261719,
				"bytes":	63832064,
				"bits_per_second":	510751007.48287553,
				"retransmits":	1273,
				"omitted":	false,
				"sender":	true
			}
		}, {
			"streams":	[{
					"socket":	7,
					"start":	74.000029,
					"end":	75.000339,
					"seconds":	1.000309944152832,
					"bytes":	66715648,
					"bits_per_second":	533559810.25662482,
					"retransmits":	4830,
					"snd_cwnd":	10671760,
					"snd_wnd":	130306048,
					"rtt":	126747,
					"rttvar":	160,
					"pmtu":	1500,
					"omitted":	false,
					"sender":	true
				}],
			"sum":	{
				"start":	74.000029,
				"end":	75.000339,
				"seconds":	1.000309944152832,
				"bytes":	66715648,
				"bits_per_second":	533559810.25662482,
				"retransmits":	4830,
				"omitted":	false,
				"sender":	true
			}
		}, {
			"streams":	[{
					"socket":	7,
					"start":	75.000339,
					"end":	76.000231,
					"seconds":	0.999891996383667,
					"bytes":	83099648,
					"bits_per_second":	664868992.25555134,
					"retransmits":	4112,
					"snd_cwnd":	10301072,
					"snd_wnd":	132804608,
					"rtt":	126670,
					"rttvar":	102,
					"pmtu":	1500,
					"omitted":	false,
					"sender":	true
				}],
			"sum":	{
				"start":	75.000339,
				"end":	76.000231,
				"seconds":	0.999891996383667,
				"bytes":	83099648,
				"bits_per_second":	664868992.25555134,
				"retransmits":	4112,
				"omitted":	false,
				"sender":	true
			}
		}, {
			"streams":	[{
					"socket":	7,
					"start":	76.000231,
					"end":	77.000339,
					"seconds":	1.000108003616333,
					"bytes":	65667072,
					"bits_per_second":	525279843.87727439,
					"retransmits":	1745,
					"snd_cwnd":	10576192,
					"snd_wnd":	137523200,
					"rtt":	126624,
					"rttvar":	90,
					"pmtu":	1500,
					"omitted":	false,
					"sender":	true
				}],
			"sum":	{
				"start":	76.000231,
				"end":	77.000339,
				"seconds":	1.000108003616333,
				"bytes":	65667072,
				"bits_per_second":	525279843.87727439,
				"retransmits":	1745,
				"omitted":	false,
				"sender":	true
			}
		}, {
			"streams":	[{
					"socket":	7,
					"start":	77.000339,
					"end":	78.000434,
					"seconds":	1.000095009803772,
					"bytes":	70254592,
					"bits_per_second":	561983342.07294655,
					"retransmits":	2226,
					"snd_cwnd":	10686240,
					"snd_wnd":	133021696,
					"rtt":	126637,
					"rttvar":	61,
					"pmtu":	1500,
					"omitted":	false,
					"sender":	true
				}],
			"sum":	{
				"start":	77.000339,
				"end":	78.000434,
				"seconds":	1.000095009803772,
				"bytes":	70254592,
				"bits_per_second":	561983342.07294655,
				"retransmits":	2226,
				"omitted":	false,
				"sender":	true
			}
		}, {
			"streams":	[{
					"socket":	7,
					"start":	78.000434,
					"end":	79.000068,
					"seconds":	0.999634027481079,
					"bytes":	66322432,
					"bits_per_second":	530773704.58964562,
					"retransmits":	2053,
					"snd_cwnd":	10558816,
					"snd_wnd":	133390336,
					"rtt":	126628,
					"rttvar":	306,
					"pmtu":	1500,
					"omitted":	false,
					"sender":	true
				}],
			"sum":	{
				"start":	78.000434,
				"end":	79.000068,
				"seconds":	0.999634027481079,
				"bytes":	66322432,
				"bits_per_second":	530773704.58964562,
				"retransmits":	2053,
				"omitted":	false,
				"sender":	true
			}
		}, {
			"streams":	[{
					"socket":	7,
					"start":	79.000068,
					"end":	80.000958,
					"seconds":	1.0008900165557861,
					"bytes":	85983232,
					"bits_per_second":	687254188.39429569,
					"retransmits":	2120,
					"snd_cwnd":	10454560,
					"snd_wnd":	129748992,
					"rtt":	126521,
					"rttvar":	627,
					"pmtu":	1500,
					"omitted":	false,
					"sender":	true
				}],
			"sum":	{
				"start":	79.000068,
				"end":	80.000958,
				"seconds":	1.0008900165557861,
				"bytes":	85983232,
				"bits_per_second":	687254188.39429569,
				"retransmits":	2120,
				"omitted":	false,
				"sender":	true
			}
		}, {
			"streams":	[{
					"socket":	7,
					"start":	80.000958,
					"end":	81.000164,
					"seconds":	0.999206006526947,
					"bytes":	81395712,
					"bits_per_second":	651683128.15025,
					"retransmits":	2056,
					"snd_cwnd":	10703616,
					"snd_wnd":	130031616,
					"rtt":	126510,
					"rttvar":	328,
					"pmtu":	1500,
					"omitted":	false,
					"sender":	true
				}],
			"sum":	{
				"start":	80.000958,
				"end":	81.000164,
				"seconds":	0.999206006526947,
				"bytes":	81395712,
				"bits_per_second":	651683128.15025,
				"retransmits":	2056,
				"omitted":	false,
				"sender":	true
			}
		}, {
			"streams":	[{
					"socket":	7,
					"start":	81.000164,
					"end":	82.000315,
					"seconds":	1.0001510381698608,
					"bytes":	61472768,
					"bits_per_second":	491707877.3421,
					"retransmits":	2803,
					"snd_cwnd":	10402432,
					"snd_wnd":	136351744,
					"rtt":	126907,
					"rttvar":	204,
					"pmtu":	1500,
					"omitted":	false,
					"sender":	true
				}],
			"sum":	{
				"start":	81.000164,
				"end":	82.000315,
				"seconds":	1.0001510381698608,
				"bytes":	61472768,
				"bits_per_second":	491707877.3421,
				"retransmits":	2803,
				"omitted":	false,
				"sender":	true
			}
		}, {
			"streams":	[{
					"socket":	7,
					"start":	82.000315,
					"end":	83.001043,
					"seconds":	1.0007280111312866,
					"bytes":	95682560,
					"bits_per_second":	764903621.649078,
					"retransmits":	1720,
					"snd_cwnd":	5792,
					"snd_wnd":	133271552,
					"rtt":	123095,
					"rttvar":	479,
					"pmtu":	1500,
					"omitted":	false,
					"sender":	true
				}],
			"sum":	{
				"start":	82.000315,
				"end":	83.001043,
				"seconds":	1.0007280111312866,
				"bytes":	95682560,
				"bits_per_second":	764903621.649078,
				"retransmits":	1720,
				"omitted":	false,
				"sender":	true
			}
		}, {
			"streams":	[{
					"socket":	7,
					"start":	83.001043,
					"end":	84.000179,
					"seconds":	0.999135971069336,
					"bytes":	30146560,
					"bits_per_second":	241381040.20204836,
					"retransmits":	571,
					"snd_cwnd":	9272992,
					"snd_wnd":	138194944,
					"rtt":	127260,
					"rttvar":	181,
					"pmtu":	1500,
					"omitted":	false,
					"sender":	true
				}],
			"sum":	{
				"start":	83.001043,
				"end":	84.000179,
				"seconds":	0.999135971069336,
				"bytes":	30146560,
				"bits_per_second":	241381040.20204836,
				"retransmits":	571,
				"omitted":	false,
				"sender":	true
			}
		}, {
			"streams":	[{
					"socket":	7,
					"start":	84.000179,
					"end":	85.000244,
					"seconds":	1.0000649690628052,
					"bytes":	63438848,
					"bits_per_second":	507477813.64205325,
					"retransmits":	3378,
					"snd_cwnd":	10440080,
					"snd_wnd":	127913984,
					"rtt":	126456,
					"rttvar":	213,
					"pmtu":	1500,
					"omitted":	false,
					"sender":	true
				}],
			"sum":	{
				"start":	84.000179,
				"end":	85.000244,
				"seconds":	1.0000649690628052,
				"bytes":	63438848,
				"bits_per_second":	507477813.64205325,
				"retransmits":	3378,
				"omitted":	false,
				"sender":	true
			}
		}, {
			"streams":	[{
					"socket":	7,
					"start":	85.000244,
					"end":	86.00028,
					"seconds":	1.0000360012054443,
					"bytes":	93585408,
					"bits_per_second":	748656311.47032356,
					"retransmits":	4495,
					"snd_cwnd":	10266320,
					"snd_wnd":	129372160,
					"rtt":	126629,
					"rttvar":	90,
					"pmtu":	1500,
					"omitted":	false,
					"sender":	true
				}],
			"sum":	{
				"start":	85.000244,
				"end":	86.00028,
				"seconds":	1.0000360012054443,
				"bytes":	93585408,
				"bits_per_second":	748656311.47032356,
				"retransmits":	4495,
				"omitted":	false,
				"sender":	true
			}
		}, {
			"streams":	[{
					"socket":	7,
					"start":	86.00028,
					"end":	87.000149,
					"seconds":	0.99986898899078369,
					"bytes":	73269248,
					"bits_per_second":	586230786.68699753,
					"retransmits":	2614,
					"snd_cwnd":	10086768,
					"snd_wnd":	137883648,
					"rtt":	126519,
					"rttvar":	114,
					"pmtu":	1500,
					"omitted":	false,
					"sender":	true
				}],
			"sum":	{
				"start":	86.00028,
				"end":	87.000149,
				"seconds":	0.99986898899078369,
				"bytes":	73269248,
				"bits_per_second":	586230786.68699753,
				"retransmits":	2614,
				"omitted":	false,
				"sender":	true
			}
		}, {
			"streams":	[{
					"socket":	7,
					"start":	87.000149,
					"end":	88.000506,
					"seconds":	1.0003570318222046,
					"bytes":	61210624,
					"bits_per_second":	489510221.27371085,
					"retransmits":	3114,
					"snd_cwnd":	10054912,
					"snd_wnd":	136282112,
					"rtt":	127010,
					"rttvar":	71,
					"pmtu":	1500,
					"omitted":	false,
					"sender":	true
				}],
			"sum":	{
				"start":	87.000149,
				"end":	88.000506,
				"seconds":	1.0003570318222046,
				"bytes":	61210624,
				"bits_per_second":	489510221.27371085,
				"retransmits":	3114,
				"omitted":	false,
				"sender":	true
			}
		}, {
			"streams":	[{
					"socket":	7,
					"start":	88.000506,
					"end":	89.000152,
					"seconds":	0.999646008014679,
					"bytes":	60686336,
					"bits_per_second":	485662608.67103964,
					"retransmits":	2733,
					"snd_cwnd":	9663952,
					"snd_wnd":	131637248,
					"rtt":	126771,
					"rttvar":	127,
					"pmtu":	1500,
					"omitted":	false,
					"sender":	true
				}],
			"sum":	{
				"start":	88.000506,
				"end":	89.000152,
				"seconds":	0.999646008014679,
				"bytes":	60686336,
				"bits_per_second":	485662608.67103964,
				"retransmits":	2733,
				"omitted":	false,
				"sender":	true
			}
		}, {
			"streams":	[{
					"socket":	7,
					"start":	89.000152,
					"end":	90.00016,
					"seconds":	1.0000079870224,
					"bytes":	64094208,
					"bits_per_second":	512749568.6577096,
					"retransmits":	2475,
					"snd_cwnd":	9377248,
					"snd_wnd":	133849088,
					"rtt":	126482,
					"rttvar":	324,
					"pmtu":	1500,
					"omitted":	false,
					"sender":	true
				}],
			"sum":	{
				"start":	89.000152,
				"end":	90.00016,
				"seconds":	1.0000079870224,
				"bytes":	64094208,
				"bits_per_second":	512749568.6577096,
				"retransmits":	2475,
				"omitted":	false,
				"sender":	true
			}
		}, {
			"streams":	[{
					"socket":	7,
					"start":	90.00016,
					"end":	91.000245,
					"seconds":	1.00008499622345,
					"bytes":	90832896,
					"bits_per_second":	726601409.62422872,
					"retransmits":	1905,
					"snd_cwnd":	9154256,
					"snd_wnd":	133144576,
					"rtt":	126565,
					"rttvar":	63,
					"pmtu":	1500,
					"omitted":	false,
					"sender":	true
				}],
			"sum":	{
				"start":	90.00016,
				"end":	91.000245,
				"seconds":	1.00008499622345,
				"bytes":	90832896,
				"bits_per_second":	726601409.62422872,
				"retransmits":	1905,
				"omitted":	false,
				"sender":	true
			}
		}, {
			"streams":	[{
					"socket":	7,
					"start":	91.000245,
					"end":	92.001042,
					"seconds":	1.0007970333099365,
					"bytes":	59768832,
					"bits_per_second":	477769857.50908166,
					"retransmits":	2276,
					"snd_cwnd":	9081856,
					"snd_wnd":	137523200,
					"rtt":	126618,
					"rttvar":	69,
					"pmtu":	1500,
					"omitted":	false,
					"sender":	true
				}],
			"sum":	{
				"start":	91.000245,
				"end":	92.001042,
				"seconds":	1.0007970333099365,
				"bytes":	59768832,
				"bits_per_second":	477769857.50908166,
				"retransmits":	2276,
				"omitted":	false,
				"sender":	true
			}
		}, {
			"streams":	[{
					"socket":	7,
					"start":	92.001042,
					"end":	93.000062,
					"seconds":	0.999019980430603,
					"bytes":	71958528,
					"bits_per_second":	576232943.56122124,
					"retransmits":	2995,
					"snd_cwnd":	9067376,
					"snd_wnd":	131510272,
					"rtt":	133148,
					"rttvar":	5174,
					"pmtu":	1500,
					"omitted":	false,
					"sender":	true
				}],
			"sum":	{
				"start":	92.001042,
				"end":	93.000062,
				"seconds":	0.999019980430603,
				"bytes":	71958528,
				"bits_per_second":	576232943.56122124,
				"retransmits":	2995,
				"omitted":	false,
				"sender":	true
			}
		}, {
			"streams":	[{
					"socket":	7,
					"start":	93.000062,
					"end":	94.001047,
					"seconds":	1.0009850263595581,
					"bytes":	33816576,
					"bits_per_second":	270266388.48324144,
					"retransmits":	1243,
					"snd_cwnd":	8922576,
					"snd_wnd":	138186752,
					"rtt":	85236,
					"rttvar":	148,
					"pmtu":	1500,
					"omitted":	false,
					"sender":	true
				}],
			"sum":	{
				"start":	93.000062,
				"end":	94.001047,
				"seconds":	1.0009850263595581,
				"bytes":	33816576,
				"bits_per_second":	270266388.48324144,
				"retransmits":	1243,
				"omitted":	false,
				"sender":	true
			}
		}, {
			"streams":	[{
					"socket":	7,
					"start":	94.001047,
					"end":	95.001064,
					"seconds":	1.0000170469284058,
					"bytes":	61210624,
					"bits_per_second":	489676644.517299,
					"retransmits":	2132,
					"snd_cwnd":	9388832,
					"snd_wnd":	138178560,
					"rtt":	126685,
					"rttvar":	168,
					"pmtu":	1500,
					"omitted":	false,
					"sender":	true
				}],
			"sum":	{
				"start":	94.001047,
				"end":	95.001064,
				"seconds":	1.0000170469284058,
				"bytes":	61210624,
				"bits_per_second":	489676644.517299,
				"retransmits":	2132,
				"omitted":	false,
				"sender":	true
			}
		}, {
			"streams":	[{
					"socket":	7,
					"start":	95.001064,
					"end":	96.000523,
					"seconds":	0.99945902824401855,
					"bytes":	69861376,
					"bits_per_second":	559193515.898229,
					"retransmits":	3387,
					"snd_cwnd":	9275888,
					"snd_wnd":	131416064,
					"rtt":	126640,
					"rttvar":	115,
					"pmtu":	1500,
					"omitted":	false,
					"sender":	true
				}],
			"sum":	{
				"start":	95.001064,
				"end":	96.000523,
				"seconds":	0.99945902824401855,
				"bytes":	69861376,
				"bits_per_second":	559193515.898229,
				"retransmits":	3387,
				"omitted":	false,
				"sender":	true
			}
		}, {
			"streams":	[{
					"socket":	7,
					"start":	96.000523,
					"end":	97.001074,
					"seconds":	1.0005509853363037,
					"bytes":	69074944,
					"bits_per_second":	552295245.41846418,
					"retransmits":	2532,
					"snd_cwnd":	9788480,
					"snd_wnd":	138129408,
					"rtt":	126588,
					"rttvar":	99,
					"pmtu":	1500,
					"omitted":	false,
					"sender":	true
				}],
			"sum":	{
				"start":	96.000523,
				"end":	97.001074,
				"seconds":	1.0005509853363037,
				"bytes":	69074944,
				"bits_per_second":	552295245.41846418,
				"retransmits":	2532,
				"omitted":	false,
				"sender":	true
			}
		}, {
			"streams":	[{
					"socket":	7,
					"start":	97.001074,
					"end":	98.000366,
					"seconds":	0.999292016029358,
					"bytes":	69730304,
					"bits_per_second":	558237655.3117696,
					"retransmits":	1960,
					"snd_cwnd":	10495104,
					"snd_wnd":	131907584,
					"rtt":	126355,
					"rttvar":	483,
					"pmtu":	1500,
					"omitted":	false,
					"sender":	true
				}],
			"sum":	{
				"start":	97.001074,
				"end":	98.000366,
				"seconds":	0.999292016029358,
				"bytes":	69730304,
				"bits_per_second":	558237655.3117696,
				"retransmits":	1960,
				"omitted":	false,
				"sender":	true
			}
		}, {
			"streams":	[{
					"socket":	7,
					"start":	98.000366,
					"end":	99.001939,
					"seconds":	1.0015729665756226,
					"bytes":	67371008,
					"bits_per_second":	538121616.683337,
					"retransmits":	2766,
					"snd_cwnd":	10495104,
					"snd_wnd":	134000640,
					"rtt":	126824,
					"rttvar":	94,
					"pmtu":	1500,
					"omitted":	false,
					"sender":	true
				}],
			"sum":	{
				"start":	98.000366,
				"end":	99.001939,
				"seconds":	1.0015729665756226,
				"bytes":	67371008,
				"bits_per_second":	538121616.683337,
				"retransmits":	2766,
				"omitted":	false,
				"sender":	true
			}
		}, {
			"streams":	[{
					"socket":	7,
					"start":	99.001939,
					"end":	100.000214,
					"seconds":	0.99827498197555542,
					"bytes":	68026368,
					"bits_per_second":	545151339.8873558,
					"retransmits":	3682,
					"snd_cwnd":	10225776,
					"snd_wnd":	126849024,
					"rtt":	126817,
					"rttvar":	111,
					"pmtu":	1500,
					"omitted":	false,
					"sender":	true
				}],
			"sum":	{
				"start":	99.001939,
				"end":	100.000214,
				"seconds":	0.99827498197555542,
				"bytes":	68026368,
				"bits_per_second":	545151339.8873558,
				"retransmits":	3682,
				"omitted":	false,
				"sender":	true
			}
		}, {
			"streams":	[{
					"socket":	7,
					"start":	100.000214,
					"end":	101.000146,
					"seconds":	0.99993199110031128,
					"bytes":	91095040,
					"bits_per_second":	728809885.558399,
					"retransmits":	2102,
					"snd_cwnd":	10011472,
					"snd_wnd":	133767168,
					"rtt":	126812,
					"rttvar":	301,
					"pmtu":	1500,
					"omitted":	false,
					"sender":	true
				}],
			"sum":	{
				"start":	100.000214,
				"end":	101.000146,
				"seconds":	0.99993199110031128,
				"bytes":	91095040,
				"bits_per_second":	728809885.558399,
				"retransmits":	2102,
				"omitted":	false,
				"sender":	true
			}
		}, {
			"streams":	[{
					"socket":	7,
					"start":	101.000146,
					"end":	102.001067,
					"seconds":	1.0009210109710693,
					"bytes":	62783488,
					"bits_per_second":	501805735.41233975,
					"retransmits":	2128,
					"snd_cwnd":	9692912,
					"snd_wnd":	137216000,
					"rtt":	126679,
					"rttvar":	130,
					"pmtu":	1500,
					"omitted":	false,
					"sender":	true
				}],
			"sum":	{
				"start":	101.000146,
				"end":	102.001067,
				"seconds":	1.0009210109710693,
				"bytes":	62783488,
				"bits_per_second":	501805735.41233975,
				"retransmits":	2128,
				"omitted":	false,
				"sender":	true
			}
		}, {
			"streams":	[{
					"socket":	7,
					"start":	102.001067,
					"end":	103.001098,
					"seconds":	1.0000309944152832,
					"bytes":	60817408,
					"bits_per_second":	486524184.4673813,
					"retransmits":	2240,
					"snd_cwnd":	9849296,
					"snd_wnd":	138141696,
					"rtt":	126349,
					"rttvar":	796,
					"pmtu":	1500,
					"omitted":	false,
					"sender":	true
				}],
			"sum":	{
				"start":	102.001067,
				"end":	103.001098,
				"seconds":	1.0000309944152832,
				"bytes":	60817408,
				"bits_per_second":	486524184.4673813,
				"retransmits":	2240,
				"omitted":	false,
				"sender":	true
			}
		}, {
			"streams":	[{
					"socket":	7,
					"start":	103.001098,
					"end":	104.001077,
					"seconds":	0.999979019165039,
					"bytes":	64356352,
					"bits_per_second":	514861618.22663975,
					"retransmits":	1576,
					"snd_cwnd":	5792,
					"snd_wnd":	138199040,
					"rtt":	82891,
					"rttvar":	6614,
					"pmtu":	1500,
					"omitted":	false,
					"sender":	true
				}],
			"sum":	{
				"start":	103.001098,
				"end":	104.001077,
				"seconds":	0.999979019165039,
				"bytes":	64356352,
				"bits_per_second":	514861618.22663975,
				"retransmits":	1576,
				"omitted":	false,
				"sender":	true
			}
		}, {
			"streams":	[{
					"socket":	7,
					"start":	104.001077,
					"end":	105.001094,
					"seconds":	1.0000170469284058,
					"bytes":	60293120,
					"bits_per_second":	482336737.640166,
					"retransmits":	490,
					"snd_cwnd":	10689136,
					"snd_wnd":	138141696,
					"rtt":	121272,
					"rttvar":	192,
					"pmtu":	1500,
					"omitted":	false,
					"sender":	true
				}],
			"sum":	{
				"start":	104.001077,
				"end":	105.001094,
				"seconds":	1.0000170469284058,
				"bytes":	60293120,
				"bits_per_second":	482336737.640166,
				"retransmits":	490,
				"omitted":	false,
				"sender":	true
			}
		}, {
			"streams":	[{
					"socket":	7,
					"start":	105.001094,
					"end":	106.001058,
					"seconds":	0.99996399879455566,
					"bytes":	60030976,
					"bits_per_second":	480265098.12246525,
					"retransmits":	3164,
					"snd_cwnd":	10726784,
					"snd_wnd":	131424256,
					"rtt":	126657,
					"rttvar":	67,
					"pmtu":	1500,
					"omitted":	false,
					"sender":	true
				}],
			"sum":	{
				"start":	105.001094,
				"end":	106.001058,
				"seconds":	0.99996399879455566,
				"bytes":	60030976,
				"bits_per_second":	480265098.12246525,
				"retransmits":	3164,
				"omitted":	false,
				"sender":	true
			}
		}, {
			"streams":	[{
					"socket":	7,
					"start":	106.001058,
					"end":	107.001067,
					"seconds":	1.0000089406967163,
					"bytes":	105512960,
					"bits_per_second":	844096133.19247377,
					"retransmits":	2824,
					"snd_cwnd":	10295280,
					"snd_wnd":	137461760,
					"rtt":	127040,
					"rttvar":	43,
					"pmtu":	1500,
					"omitted":	false,
					"sender":	true
				}],
			"sum":	{
				"start":	106.001058,
				"end":	107.001067,
				"seconds":	1.0000089406967163,
				"bytes":	105512960,
				"bits_per_second":	844096133.19247377,
				"retransmits":	2824,
				"omitted":	false,
				"sender":	true
			}
		}, {
			"streams":	[{
					"socket":	7,
					"start":	107.001067,
					"end":	108.001081,
					"seconds":	1.0000139474868774,
					"bytes":	60948480,
					"bits_per_second":	487581039.4698503,
					"retransmits":	2530,
					"snd_cwnd":	10060704,
					"snd_wnd":	135671808,
					"rtt":	126673,
					"rttvar":	83,
					"pmtu":	1500,
					"omitted":	false,
					"sender":	true
				}],
			"sum":	{
				"start":	107.001067,
				"end":	108.001081,
				"seconds":	1.0000139474868774,
				"bytes":	60948480,
				"bits_per_second":	487581039.4698503,
				"retransmits":	2530,
				"omitted":	false,
				"sender":	true
			}
		}, {
			"streams":	[{
					"socket":	7,
					"start":	108.001081,
					"end":	109.000254,
					"seconds":	0.99917298555374146,
					"bytes":	61210624,
					"bits_per_second":	490090303.76118171,
					"retransmits":	2358,
					"snd_cwnd":	9956448,
					"snd_wnd":	135426048,
					"rtt":	126876,
					"rttvar":	106,
					"pmtu":	1500,
					"omitted":	false,
					"sender":	true
				}],
			"sum":	{
				"start":	108.001081,
				"end":	109.000254,
				"seconds":	0.99917298555374146,
				"bytes":	61210624,
				"bits_per_second":	490090303.76118171,
				"retransmits":	2358,
				"omitted":	false,
				"sender":	true
			}
		}, {
			"streams":	[{
					"socket":	7,
					"start":	109.000254,
					"end":	110.001059,
					"seconds":	1.0008050203323364,
					"bytes":	80609280,
					"bits_per_second":	644355520.70457959,
					"retransmits":	2791,
					"snd_cwnd":	10037536,
					"snd_wnd":	131047424,
					"rtt":	126058,
					"rttvar":	383,
					"pmtu":	1500,
					"omitted":	false,
					"sender":	true
				}],
			"sum":	{
				"start":	109.000254,
				"end":	110.001059,
				"seconds":	1.0008050203323364,
				"bytes":	80609280,
				"bits_per_second":	644355520.70457959,
				"retransmits":	2791,
				"omitted":	false,
				"sender":	true
			}
		}, {
			"streams":	[{
					"socket":	7,
					"start":	110.001059,
					"end":	111.000391,
					"seconds":	0.9993320107460022,
					"bytes":	69074944,
					"bits_per_second":	552968929.30256879,
					"retransmits":	2951,
					"snd_cwnd":	10127312,
					"snd_wnd":	131751936,
					"rtt":	126682,
					"rttvar":	242,
					"pmtu":	1500,
					"omitted":	false,
					"sender":	true
				}],
			"sum":	{
				"start":	110.001059,
				"end":	111.000391,
				"seconds":	0.9993320107460022,
				"bytes":	69074944,
				"bits_per_second":	552968929.30256879,
				"retransmits":	2951,
				"omitted":	false,
				"sender":	true
			}
		}, {
			"streams":	[{
					"socket":	7,
					"start":	111.000391,
					"end":	112.001054,
					"seconds":	1.0006630420684814,
					"bytes":	68419584,
					"bits_per_second":	546993991.972116,
					"retransmits":	4323,
					"snd_cwnd":	10303968,
					"snd_wnd":	132395008,
					"rtt":	128974,
					"rttvar":	1973,
					"pmtu":	1500,
					"omitted":	false,
					"sender":	true
				}],
			"sum":	{
				"start":	111.000391,
				"end":	112.001054,
				"seconds":	1.0006630420684814,
				"bytes":	68419584,
				"bits_per_second":	546993991.972116,
				"retransmits":	4323,
				"omitted":	false,
				"sender":	true
			}
		}, {
			"streams":	[{
					"socket":	7,
					"start":	112.001054,
					"end":	113.001106,
					"seconds":	1.0000519752502441,
					"bytes":	63569920,
					"bits_per_second":	508532928.8737644,
					"retransmits":	4065,
					"snd_cwnd":	10188128,
					"snd_wnd":	130555904,
					"rtt":	126342,
					"rttvar":	589,
					"pmtu":	1500,
					"omitted":	false,
					"sender":	true
				}],
			"sum":	{
				"start":	112.001054,
				"end":	113.001106,
				"seconds":	1.0000519752502441,
				"bytes":	63569920,
				"bits_per_second":	508532928.8737644,
				"retransmits":	4065,
				"omitted":	false,
				"sender":	true
			}
		}, {
			"streams":	[{
					"socket":	7,
					"start":	113.001106,
					"end":	114.001046,
					"seconds":	0.99993997812271118,
					"bytes":	71434240,
					"bits_per_second":	571508222.99643028,
					"retransmits":	3897,
					"snd_cwnd":	10729680,
					"snd_wnd":	128593920,
					"rtt":	126366,
					"rttvar":	185,
					"pmtu":	1500,
					"omitted":	false,
					"sender":	true
				}],
			"sum":	{
				"start":	113.001106,
				"end":	114.001046,
				"seconds":	0.99993997812271118,
				"bytes":	71434240,
				"bits_per_second":	571508222.99643028,
				"retransmits":	3897,
				"omitted":	false,
				"sender":	true
			}
		}, {
			"streams":	[{
					"socket":	7,
					"start":	114.001046,
					"end":	115.00105,
					"seconds":	1.0000040531158447,
					"bytes":	61079552,
					"bits_per_second":	488634435.50802714,
					"retransmits":	225,
					"snd_cwnd":	10888960,
					"snd_wnd":	138203136,
					"rtt":	119220,
					"rttvar":	325,
					"pmtu":	1500,
					"omitted":	false,
					"sender":	true
				}],
			"sum":	{
				"start":	114.001046,
				"end":	115.00105,
				"seconds":	1.0000040531158447,
				"bytes":	61079552,
				"bits_per_second":	488634435.50802714,
				"retransmits":	225,
				"omitted":	false,
				"sender":	true
			}
		}, {
			"streams":	[{
					"socket":	7,
					"start":	115.00105,
					"end":	116.000085,
					"seconds":	0.99903500080108643,
					"bytes":	61472768,
					"bits_per_second":	492257171.77642369,
					"retransmits":	3768,
					"snd_cwnd":	10425600,
					"snd_wnd":	138203136,
					"rtt":	126619,
					"rttvar":	166,
					"pmtu":	1500,
					"omitted":	false,
					"sender":	true
				}],
			"sum":	{
				"start":	115.00105,
				"end":	116.000085,
				"seconds":	0.99903500080108643,
				"bytes":	61472768,
				"bits_per_second":	492257171.77642369,
				"retransmits":	3768,
				"omitted":	false,
				"sender":	true
			}
		}, {
			"streams":	[{
					"socket":	7,
					"start":	116.000085,
					"end":	117.000976,
					"seconds":	1.0008909702301025,
					"bytes":	67895296,
					"bits_per_second":	542678857.29364526,
					"retransmits":	4307,
					"snd_cwnd":	10978736,
					"snd_wnd":	125280256,
					"rtt":	126948,
					"rttvar":	76,
					"pmtu":	1500,
					"omitted":	false,
					"sender":	true
				}],
			"sum":	{
				"start":	116.000085,
				"end":	117.000976,
				"seconds":	1.0008909702301025,
				"bytes":	67895296,
				"bits_per_second":	542678857.29364526,
				"retransmits":	4307,
				"omitted":	false,
				"sender":	true
			}
		}, {
			"streams":	[{
					"socket":	7,
					"start":	117.000976,
					"end":	118.001242,
					"seconds":	1.0002659559249878,
					"bytes":	74973184,
					"bits_per_second":	599625997.91307831,
					"retransmits":	3362,
					"snd_cwnd":	10975840,
					"snd_wnd":	129564672,
					"rtt":	123320,
					"rttvar":	1120,
					"pmtu":	1500,
					"omitted":	false,
					"sender":	true
				}],
			"sum":	{
				"start":	117.000976,
				"end":	118.001242,
				"seconds":	1.0002659559249878,
				"bytes":	74973184,
				"bits_per_second":	599625997.91307831,
				"retransmits":	3362,
				"omitted":	false,
				"sender":	true
			}
		}, {
			"streams":	[{
					"socket":	7,
					"start":	118.001242,
					"end":	119.001052,
					"seconds":	0.999809980392456,
					"bytes":	63832064,
					"bits_per_second":	510753565.19200945,
					"retransmits":	3911,
					"snd_cwnd":	10784704,
					"snd_wnd":	128819200,
					"rtt":	126724,
					"rttvar":	213,
					"pmtu":	1500,
					"omitted":	false,
					"sender":	true
				}],
			"sum":	{
				"start":	118.001242,
				"end":	119.001052,
				"seconds":	0.999809980392456,
				"bytes":	63832064,
				"bits_per_second":	510753565.19200945,
				"retransmits":	3911,
				"omitted":	false,
				"sender":	true
			}
		}, {
			"streams":	[{
					"socket":	7,
					"start":	119.001052,
					"end":	120.001334,
					"seconds":	1.0002820491790771,
					"bytes":	93847552,
					"bits_per_second":	750568718.709047,
					"retransmits":	3508,
					"snd_cwnd":	10353200,
					"snd_wnd":	130011136,
					"rtt":	126652,
					"rttvar":	174,
					"pmtu":	1500,
					"omitted":	false,
					"sender":	true
				}],
			"sum":	{
				"start":	119.001052,
				"end":	120.001334,
				"seconds":	1.0002820491790771,
				"bytes":	93847552,
				"bits_per_second":	750568718.709047,
				"retransmits":	3508,
				"omitted":	false,
				"sender":	true
			}
		}],
	"end":	{
		"streams":	[{
				"sender":	{
					"socket":	7,
					"start":	0,
					"end":	120.001334,
					"seconds":	120.001334,
					"bytes":	7462060032,
					"bits_per_second":	497465138.64587539,
					"retransmits":	285128,
					"max_snd_cwnd":	10978736,
					"max_snd_wnd":	138203136,
					"max_rtt":	133148,
					"min_rtt":	61655,
					"mean_rtt":	123710,
					"sender":	true
				},
				"receiver":	{
					"socket":	7,
					"start":	0,
					"end":	120.130806,
					"seconds":	120.001334,
					"bytes":	7393116160,
					"bits_per_second":	492337737.91545188,
					"sender":	true
				}
			}],
		"sum_sent":	{
			"start":	0,
			"end":	120.001334,
			"seconds":	120.001334,
			"bytes":	7462060032,
			"bits_per_second":	497465138.64587539,
			"retransmits":	285128,
			"sender":	true
		},
		"sum_received":	{
			"start":	0,
			"end":	120.130806,
			"seconds":	120.130806,
			"bytes":	7393116160,
			"bits_per_second":	492337737.91545188,
			"sender":	true
		},
		"cpu_utilization_percent":	{
			"host_total":	1.5097704478565823,
			"host_user":	0.015120622828957183,
			"host_system":	1.4946481618672196,
			"remote_total":	3.6849245154983916,
			"remote_user":	0.027465891163199346,
			"remote_system":	3.65745945676105
		},
		"sender_tcp_congestion":	"bbr",
		"receiver_tcp_congestion":	"cubic"
	}
}
