{
	"start":	{
		"connected":	[{
				"socket":	7,
				"local_host":	"172.16.0.7",
				"local_port":	46422,
				"remote_host":	"172.17.0.7",
				"remote_port":	5201
			}],
		"version":	"iperf 3.16",
		"system_info":	"Linux h1 6.8.0-63-generic #66-Ubuntu SMP PREEMPT_DYNAMIC Fri Jun 13 20:25:30 UTC 2025 x86_64",
		"timestamp":	{
			"time":	"Fri, 30 Jan 2026 05:09:52 GMT",
			"timesecs":	1769749792
		},
		"connecting_to":	{
			"host":	"172.17.0.7",
			"port":	5201
		},
		"cookie":	"wrr7balqqvuifxffgyiqymv62dzw4sfoo3wv",
		"tcp_mss_default":	1448,
		"target_bitrate":	0,
		"fq_rate":	0,
		"sock_bufsize":	0,
		"sndbuf_actual":	1000000,
		"rcvbuf_actual":	1000000,
		"test_start":	{
			"protocol":	"TCP",
			"num_streams":	1,
			"blksize":	131072,
			"omit":	0,
			"duration":	120,
			"bytes":	0,
			"blocks":	0,
			"reverse":	0,
			"tos":	0,
			"target_bitrate":	0,
			"bidir":	0,
			"fqrate":	0
		}
	},
	"intervals":	[{
			"streams":	[{
					"socket":	7,
					"start":	0,
					"end":	1.001062,
					"seconds":	1.0010620355606079,
					"bytes":	88211456,
					"bits_per_second":	704942973.4939487,
					"retransmits":	2312,
					"snd_cwnd":	8320208,
					"snd_wnd":	21536768,
					"rtt":	125902,
					"rttvar":	110,
					"pmtu":	1500,
					"omitted":	false,
					"sender":	true
				}],
			"sum":	{
				"start":	0,
				"end":	1.001062,
				"seconds":	1.0010620355606079,
				"bytes":	88211456,
				"bits_per_second":	704942973.4939487,
				"retransmits":	2312,
				"omitted":	false,
				"sender":	true
			}
		}, {
			"streams":	[{
					"socket":	7,
					"start":	1.001062,
					"end":	2.000258,
					"seconds":	0.99919599294662476,
					"bytes":	67502080,
					"bits_per_second":	540451166.549911,
					"retransmits":	6057,
					"snd_cwnd":	10576192,
					"snd_wnd":	85557248,
					"rtt":	126717,
					"rttvar":	54,
					"pmtu":	1500,
					"omitted":	false,
					"sender":	true
				}],
			"sum":	{
				"start":	1.001062,
				"end":	2.000258,
				"seconds":	0.99919599294662476,
				"bytes":	67502080,
				"bits_per_second":	540451166.549911,
				"retransmits":	6057,
				"omitted":	false,
				"sender":	true
			}
		}, {
			"streams":	[{
					"socket":	7,
					"start":	2.000258,
					"end":	3.001046,
					"seconds":	1.0007879734039307,
					"bytes":	90046464,
					"bits_per_second":	719804525.17813075,
					"retransmits":	6253,
					"snd_cwnd":	7749696,
					"snd_wnd":	80871424,
					"rtt":	126819,
					"rttvar":	302,
					"pmtu":	1500,
					"omitted":	false,
					"sender":	true
				}],
			"sum":	{
				"start":	2.000258,
				"end":	3.001046,
				"seconds":	1.0007879734039307,
				"bytes":	90046464,
				"bits_per_second":	719804525.17813075,
				"retransmits":	6253,
				"omitted":	false,
				"sender":	true
			}
		}, {
			"streams":	[{
					"socket":	7,
					"start":	3.001046,
					"end":	4.00109,
					"seconds":	1.0000439882278442,
					"bytes":	42729472,
					"bits_per_second":	341820739.91141087,
					"retransmits":	3121,
					"snd_cwnd":	7158912,
					"snd_wnd":	83734528,
					"rtt":	126890,
					"rttvar":	326,
					"pmtu":	1500,
					"omitted":	false,
					"sender":	true
				}],
			"sum":	{
				"start":	3.001046,
				"end":	4.00109,
				"seconds":	1.0000439882278442,
				"bytes":	42729472,
				"bits_per_second":	341820739.91141087,
				"retransmits":	3121,
				"omitted":	false,
				"sender":	true
			}
		}, {
			"streams":	[{
					"socket":	7,
					"start":	4.00109,
					"end":	5.001068,
					"seconds":	0.999978005886078,
					"bytes":	42074112,
					"bits_per_second":	336600299.22532737,
					"retransmits":	3831,
					"snd_cwnd":	6964880,
					"snd_wnd":	84975616,
					"rtt":	126688,
					"rttvar":	175,
					"pmtu":	1500,
					"omitted":	false,
					"sender":	true
				}],
			"sum":	{
				"start":	4.00109,
				"end":	5.001068,
				"seconds":	0.999978005886078,
				"bytes":	42074112,
				"bits_per_second":	336600299.22532737,
				"retransmits":	3831,
				"omitted":	false,
				"sender":	true
			}
		}, {
			"streams":	[{
					"socket":	7,
					"start":	5.001068,
					"end":	6.001055,
					"seconds":	0.999987006187439,
					"bytes":	42991616,
					"bits_per_second":	343937397.05807012,
					"retransmits":	2507,
					"snd_cwnd":	6964880,
					"snd_wnd":	82337792,
					"rtt":	126676,
					"rttvar":	161,
					"pmtu":	1500,
					"omitted":	false,
					"sender":	true
				}],
			"sum":	{
				"start":	5.001068,
				"end":	6.001055,
				"seconds":	0.999987006187439,
				"bytes":	42991616,
				"bits_per_second":	343937397.05807012,
				"retransmits":	2507,
				"omitted":	false,
				"sender":	true
			}
		}, {
			"streams":	[{
					"socket":	7,
					"start":	6.001055,
					"end":	7.001093,
					"seconds":	1.0000380277633667,
					"bytes":	42598400,
					"bits_per_second":	340774241.11779732,
					"retransmits":	1956,
					"snd_cwnd":	6901168,
					"snd_wnd":	85610496,
					"rtt":	126819,
					"rttvar":	144,
					"pmtu":	1500,
					"omitted":	false,
					"sender":	true
				}],
			"sum":	{
				"start":	6.001055,
				"end":	7.001093,
				"seconds":	1.0000380277633667,
				"bytes":	42598400,
				"bits_per_second":	340774241.11779732,
				"retransmits":	1956,
				"omitted":	false,
				"sender":	true
			}
		}, {
			"streams":	[{
					"socket":	7,
					"start":	7.001093,
					"end":	8.001059,
					"seconds":	0.999966025352478,
					"bytes":	47972352,
					"bits_per_second":	383791855.193002,
					"retransmits":	2204,
					"snd_cwnd":	6970672,
					"snd_wnd":	83640320,
					"rtt":	143084,
					"rttvar":	571,
					"pmtu":	1500,
					"omitted":	false,
					"sender":	true
				}],
			"sum":	{
				"start":	7.001093,
				"end":	8.001059,
				"seconds":	0.999966025352478,
				"bytes":	47972352,
				"bits_per_second":	383791855.193002,
				"retransmits":	2204,
				"omitted":	false,
				"sender":	true
			}
		}, {
			"streams":	[{
					"socket":	7,
					"start":	8.001059,
					"end":	9.001078,
					"seconds":	1.0000189542770386,
					"bytes":	43384832,
					"bits_per_second":	347072077.49969071,
					"retransmits":	2886,
					"snd_cwnd":	6895376,
					"snd_wnd":	83566592,
					"rtt":	126687,
					"rttvar":	383,
					"pmtu":	1500,
					"omitted":	false,
					"sender":	true
				}],
			"sum":	{
				"start":	8.001059,
				"end":	9.001078,
				"seconds":	1.0000189542770386,
				"bytes":	43384832,
				"bits_per_second":	347072077.49969071,
				"retransmits":	2886,
				"omitted":	false,
				"sender":	true
			}
		}, {
			"streams":	[{
					"socket":	7,
					"start":	9.001078,
					"end":	10.001054,
					"seconds":	0.99997597932815552,
					"bytes":	45088768,
					"bits_per_second":	360718808.708132,
					"retransmits":	2296,
					"snd_cwnd":	6950400,
					"snd_wnd":	83251200,
					"rtt":	126051,
					"rttvar":	513,
					"pmtu":	1500,
					"omitted":	false,
					"sender":	true
				}],
			"sum":	{
				"start":	9.001078,
				"end":	10.001054,
				"seconds":	0.99997597932815552,
				"bytes":	45088768,
				"bits_per_second":	360718808.708132,
				"retransmits":	2296,
				"omitted":	false,
				"sender":	true
			}
		}, {
			"streams":	[{
					"socket":	7,
					"start":	10.001054,
					"end":	11.000055,
					"seconds":	0.99900102615356445,
					"bytes":	45350912,
					"bits_per_second":	363170093.42513925,
					"retransmits":	788,
					"snd_cwnd":	6715824,
					"snd_wnd":	87805952,
					"rtt":	76338,
					"rttvar":	1070,
					"pmtu":	1500,
					"omitted":	false,
					"sender":	true
				}],
			"sum":	{
				"start":	10.001054,
				"end":	11.000055,
				"seconds":	0.99900102615356445,
				"bytes":	45350912,
				"bits_per_second":	363170093.42513925,
				"retransmits":	788,
				"omitted":	false,
				"sender":	true
			}
		}, {
			"streams":	[{
					"socket":	7,
					"start":	11.000055,
					"end":	12.001051,
					"seconds":	1.0009959936141968,
					"bytes":	42205184,
					"bits_per_second":	337305517.85818,
					"retransmits":	1947,
					"snd_cwnd":	5835440,
					"snd_wnd":	87793664,
					"rtt":	126794,
					"rttvar":	104,
					"pmtu":	1500,
					"omitted":	false,
					"sender":	true
				}],
			"sum":	{
				"start":	11.000055,
				"end":	12.001051,
				"seconds":	1.0009959936141968,
				"bytes":	42205184,
				"bits_per_second":	337305517.85818,
				"retransmits":	1947,
				"omitted":	false,
				"sender":	true
			}
		}, {
			"streams":	[{
					"socket":	7,
					"start":	12.001051,
					"end":	13.001039,
					"seconds":	0.9999880194664,
					"bytes":	42205184,
					"bits_per_second":	337645517.17346334,
					"retransmits":	1935,
					"snd_cwnd":	6536272,
					"snd_wnd":	82673664,
					"rtt":	126182,
					"rttvar":	233,
					"pmtu":	1500,
					"omitted":	false,
					"sender":	true
				}],
			"sum":	{
				"start":	12.001051,
				"end":	13.001039,
				"seconds":	0.9999880194664,
				"bytes":	42205184,
				"bits_per_second":	337645517.17346334,
				"retransmits":	1935,
				"omitted":	false,
				"sender":	true
			}
		}, {
			"streams":	[{
					"socket":	7,
					"start":	13.001039,
					"end":	14.001054,
					"seconds":	1.0000150203704834,
					"bytes":	42598400,
					"bits_per_second":	340782081.32688439,
					"retransmits":	1154,
					"snd_cwnd":	6516000,
					"snd_wnd":	84262912,
					"rtt":	126620,
					"rttvar":	202,
					"pmtu":	1500,
					"omitted":	false,
					"sender":	true
				}],
			"sum":	{
				"start":	13.001039,
				"end":	14.001054,
				"seconds":	1.0000150203704834,
				"bytes":	42598400,
				"bits_per_second":	340782081.32688439,
				"retransmits":	1154,
				"omitted":	false,
				"sender":	true
			}
		}, {
			"streams":	[{
					"socket":	7,
					"start":	14.001054,
					"end":	15.001063,
					"seconds":	1.0000089406967163,
					"bytes":	84803584,
					"bits_per_second":	678422606.42923045,
					"retransmits":	1425,
					"snd_cwnd":	6533376,
					"snd_wnd":	85590016,
					"rtt":	125901,
					"rttvar":	279,
					"pmtu":	1500,
					"omitted":	false,
					"sender":	true
				}],
			"sum":	{
				"start":	14.001054,
				"end":	15.001063,
				"seconds":	1.0000089406967163,
				"bytes":	84803584,
				"bits_per_second":	678422606.42923045,
				"retransmits":	1425,
				"omitted":	false,
				"sender":	true
			}
		}, {
			"streams":	[{
					"socket":	7,
					"start":	15.001063,
					"end":	16.001078,
					"seconds":	1.0000150203704834,
					"bytes":	46923776,
					"bits_per_second":	375384569.58469111,
					"retransmits":	1443,
					"snd_cwnd":	6556544,
					"snd_wnd":	83779584,
					"rtt":	126624,
					"rttvar":	135,
					"pmtu":	1500,
					"omitted":	false,
					"sender":	true
				}],
			"sum":	{
				"start":	15.001063,
				"end":	16.001078,
				"seconds":	1.0000150203704834,
				"bytes":	46923776,
				"bits_per_second":	375384569.58469111,
				"retransmits":	1443,
				"omitted":	false,
				"sender":	true
			}
		}, {
			"streams":	[{
					"socket":	7,
					"start":	16.001078,
					"end":	17.001064,
					"seconds":	0.99998599290847778,
					"bytes":	42205184,
					"bits_per_second":	337646201.44124573,
					"retransmits":	1487,
					"snd_cwnd":	6605776,
					"snd_wnd":	84185088,
					"rtt":	126441,
					"rttvar":	172,
					"pmtu":	1500,
					"omitted":	false,
					"sender":	true
				}],
			"sum":	{
				"start":	16.001078,
				"end":	17.001064,
				"seconds":	0.99998599290847778,
				"bytes":	42205184,
				"bits_per_second":	337646201.44124573,
				"retransmits":	1487,
				"omitted":	false,
				"sender":	true
			}
		}, {
			"streams":	[{
					"socket":	7,
					"start":	17.001064,
					"end":	18.001061,
					"seconds":	0.99999701976776123,
					"bytes":	43646976,
					"bits_per_second":	349176848.62810129,
					"retransmits":	1342,
					"snd_cwnd":	6756368,
					"snd_wnd":	86941696,
					"rtt":	129080,
					"rttvar":	1756,
					"pmtu":	1500,
					"omitted":	false,
					"sender":	true
				}],
			"sum":	{
				"start":	17.001064,
				"end":	18.001061,
				"seconds":	0.99999701976776123,
				"bytes":	43646976,
				"bits_per_second":	349176848.62810129,
				"retransmits":	1342,
				"omitted":	false,
				"sender":	true
			}
		}, {
			"streams":	[{
					"socket":	7,
					"start":	18.001061,
					"end":	19.001066,
					"seconds":	1.0000050067901611,
					"bytes":	44433408,
					"bits_per_second":	355465484.25891078,
					"retransmits":	1615,
					"snd_cwnd":	6756368,
					"snd_wnd":	82886656,
					"rtt":	126039,
					"rttvar":	861,
					"pmtu":	1500,
					"omitted":	false,
					"sender":	true
				}],
			"sum":	{
				"start":	18.001061,
				"end":	19.001066,
				"seconds":	1.0000050067901611,
				"bytes":	44433408,
				"bits_per_second":	355465484.25891078,
				"retransmits":	1615,
				"omitted":	false,
				"sender":	true
			}
		}, {
			"streams":	[{
					"socket":	7,
					"start":	19.001066,
					"end":	20.00106,
					"seconds":	0.99999397993087769,
					"bytes":	42860544,
					"bits_per_second":	342886416.19992661,
					"retransmits":	1797,
					"snd_cwnd":	7237104,
					"snd_wnd":	83259392,
					"rtt":	125671,
					"rttvar":	496,
					"pmtu":	1500,
					"omitted":	false,
					"sender":	true
				}],
			"sum":	{
				"start":	19.001066,
				"end":	20.00106,
				"seconds":	0.99999397993087769,
				"bytes":	42860544,
				"bits_per_second":	342886416.19992661,
				"retransmits":	1797,
				"omitted":	false,
				"sender":	true
			}
		}, {
			"streams":	[{
					"socket":	7,
					"start":	20.00106,
					"end":	21.001068,
					"seconds":	1.0000079870224,
					"bytes":	43646976,
					"bits_per_second":	349173019.14727461,
					"retransmits":	974,
					"snd_cwnd":	5792,
					"snd_wnd":	83173376,
					"rtt":	107385,
					"rttvar":	4474,
					"pmtu":	1500,
					"omitted":	false,
					"sender":	true
				}],
			"sum":	{
				"start":	20.00106,
				"end":	21.001068,
				"seconds":	1.0000079870224,
				"bytes":	43646976,
				"bits_per_second":	349173019.14727461,
				"retransmits":	974,
				"omitted":	false,
				"sender":	true
			}
		}, {
			"streams":	[{
					"socket":	7,
					"start":	21.001068,
					"end":	22.001074,
					"seconds":	1.0000059604644775,
					"bytes":	42336256,
					"bits_per_second":	338688029.26203263,
					"retransmits":	2086,
					"snd_cwnd":	6117800,
					"snd_wnd":	87805952,
					"rtt":	126916,
					"rttvar":	99,
					"pmtu":	1500,
					"omitted":	false,
					"sender":	true
				}],
			"sum":	{
				"start":	21.001068,
				"end":	22.001074,
				"seconds":	1.0000059604644775,
				"bytes":	42336256,
				"bits_per_second":	338688029.26203263,
				"retransmits":	2086,
				"omitted":	false,
				"sender":	true
			}
		}, {
			"streams":	[{
					"socket":	7,
					"start":	22.001074,
					"end":	23.001059,
					"seconds":	0.9999849796295166,
					"bytes":	41943040,
					"bits_per_second":	335549360.0757038,
					"retransmits":	2343,
					"snd_cwnd":	7202352,
					"snd_wnd":	83951616,
					"rtt":	126585,
					"rttvar":	110,
					"pmtu":	1500,
					"omitted":	false,
					"sender":	true
				}],
			"sum":	{
				"start":	22.001074,
				"end":	23.001059,
				"seconds":	0.9999849796295166,
				"bytes":	41943040,
				"bits_per_second":	335549360.0757038,
				"retransmits":	2343,
				"omitted":	false,
				"sender":	true
			}
		}, {
			"streams":	[{
					"socket":	7,
					"start":	23.001059,
					"end":	24.000213,
					"seconds":	0.999153971672058,
					"bytes":	49414144,
					"bits_per_second":	395647881.31548309,
					"retransmits":	2240,
					"snd_cwnd":	7216832,
					"snd_wnd":	87552000,
					"rtt":	126893,
					"rttvar":	215,
					"pmtu":	1500,
					"omitted":	false,
					"sender":	true
				}],
			"sum":	{
				"start":	23.001059,
				"end":	24.000213,
				"seconds":	0.999153971672058,
				"bytes":	49414144,
				"bits_per_second":	395647881.31548309,
				"retransmits":	2240,
				"omitted":	false,
				"sender":	true
			}
		}, {
			"streams":	[{
					"socket":	7,
					"start":	24.000213,
					"end":	25.001044,
					"seconds":	1.0008310079574585,
					"bytes":	41943040,
					"bits_per_second":	335265711.525859,
					"retransmits":	2167,
					"snd_cwnd":	6979360,
					"snd_wnd":	83345408,
					"rtt":	126908,
					"rttvar":	197,
					"pmtu":	1500,
					"omitted":	false,
					"sender":	true
				}],
			"sum":	{
				"start":	24.000213,
				"end":	25.001044,
				"seconds":	1.0008310079574585,
				"bytes":	41943040,
				"bits_per_second":	335265711.525859,
				"retransmits":	2167,
				"omitted":	false,
				"sender":	true
			}
		}, {
			"streams":	[{
					"socket":	7,
					"start":	25.001044,
					"end":	26.001046,
					"seconds":	1.0000020265579224,
					"bytes":	42336256,
					"bits_per_second":	338689361.626391,
					"retransmits":	2024,
					"snd_cwnd":	6866416,
					"snd_wnd":	83353600,
					"rtt":	126534,
					"rttvar":	167,
					"pmtu":	1500,
					"omitted":	false,
					"sender":	true
				}],
			"sum":	{
				"start":	25.001044,
				"end":	26.001046,
				"seconds":	1.0000020265579224,
				"bytes":	42336256,
				"bits_per_second":	338689361.626391,
				"retransmits":	2024,
				"omitted":	false,
				"sender":	true
			}
		}, {
			"streams":	[{
					"socket":	7,
					"start":	26.001046,
					"end":	27.001048,
					"seconds":	1.0000020265579224,
					"bytes":	84279296,
					"bits_per_second":	674233001.627769,
					"retransmits":	1041,
					"snd_cwnd":	7231312,
					"snd_wnd":	85835776,
					"rtt":	126654,
					"rttvar":	35,
					"pmtu":	1500,
					"omitted":	false,
					"sender":	true
				}],
			"sum":	{
				"start":	26.001046,
				"end":	27.001048,
				"seconds":	1.0000020265579224,
				"bytes":	84279296,
				"bits_per_second":	674233001.627769,
				"retransmits":	1041,
				"omitted":	false,
				"sender":	true
			}
		}, {
			"streams":	[{
					"socket":	7,
					"start":	27.001048,
					"end":	28.000208,
					"seconds":	0.99915999174118042,
					"bytes":	42860544,
					"bits_per_second":	343172619.834862,
					"retransmits":	2494,
					"snd_cwnd":	7095200,
					"snd_wnd":	82374656,
					"rtt":	126398,
					"rttvar":	190,
					"pmtu":	1500,
					"omitted":	false,
					"sender":	true
				}],
			"sum":	{
				"start":	27.001048,
				"end":	28.000208,
				"seconds":	0.99915999174118042,
				"bytes":	42860544,
				"bits_per_second":	343172619.834862,
				"retransmits":	2494,
				"omitted":	false,
				"sender":	true
			}
		}, {
			"streams":	[{
					"socket":	7,
					"start":	28.000208,
					"end":	29.000688,
					"seconds":	1.000480055809021,
					"bytes":	41811968,
					"bits_per_second":	334335244.423754,
					"retransmits":	1690,
					"snd_cwnd":	7118368,
					"snd_wnd":	82460672,
					"rtt":	125656,
					"rttvar":	443,
					"pmtu":	1500,
					"omitted":	false,
					"sender":	true
				}],
			"sum":	{
				"start":	28.000208,
				"end":	29.000688,
				"seconds":	1.000480055809021,
				"bytes":	41811968,
				"bits_per_second":	334335244.423754,
				"retransmits":	1690,
				"omitted":	false,
				"sender":	true
			}
		}, {
			"streams":	[{
					"socket":	7,
					"start":	29.000688,
					"end":	30.000677,
					"seconds":	0.99998897314071655,
					"bytes":	45088768,
					"bits_per_second":	360714121.54385984,
					"retransmits":	1449,
					"snd_cwnd":	6912752,
					"snd_wnd":	85180416,
					"rtt":	126785,
					"rttvar":	85,
					"pmtu":	1500,
					"omitted":	false,
					"sender":	true
				}],
			"sum":	{
				"start":	29.000688,
				"end":	30.000677,
				"seconds":	0.99998897314071655,
				"bytes":	45088768,
				"bits_per_second":	360714121.54385984,
				"retransmits":	1449,
				"omitted":	false,
				"sender":	true
			}
		}, {
			"streams":	[{
					"socket":	7,
					"start":	30.000677,
					"end":	31.000066,
					"seconds":	0.99938899278640747,
					"bytes":	43778048,
					"bits_per_second":	350438504.454142,
					"retransmits":	1090,
					"snd_cwnd":	6857728,
					"snd_wnd":	84729856,
					"rtt":	126272,
					"rttvar":	102,
					"pmtu":	1500,
					"omitted":	false,
					"sender":	true
				}],
			"sum":	{
				"start":	30.000677,
				"end":	31.000066,
				"seconds":	0.99938899278640747,
				"bytes":	43778048,
				"bits_per_second":	350438504.454142,
				"retransmits":	1090,
				"omitted":	false,
				"sender":	true
			}
		}, {
			"streams":	[{
					"socket":	7,
					"start":	31.000066,
					"end":	32.000203,
					"seconds":	1.0001369714736938,
					"bytes":	43253760,
					"bits_per_second":	345982690.24104512,
					"retransmits":	252,
					"snd_cwnd":	7535392,
					"snd_wnd":	87760896,
					"rtt":	120144,
					"rttvar":	508,
					"pmtu":	1500,
					"omitted":	false,
					"sender":	true
				}],
			"sum":	{
				"start":	31.000066,
				"end":	32.000203,
				"seconds":	1.0001369714736938,
				"bytes":	43253760,
				"bits_per_second":	345982690.24104512,
				"retransmits":	252,
				"omitted":	false,
				"sender":	true
			}
		}, {
			"streams":	[{
					"socket":	7,
					"start":	32.000203,
					"end":	33.000155,
					"seconds":	0.99995201826095581,
					"bytes":	46268416,
					"bits_per_second":	370165089.16471159,
					"retransmits":	1831,
					"snd_cwnd":	7384800,
					"snd_wnd":	86048768,
					"rtt":	125986,
					"rttvar":	217,
					"pmtu":	1500,
					"omitted":	false,
					"sender":	true
				}],
			"sum":	{
				"start":	32.000203,
				"end":	33.000155,
				"seconds":	0.99995201826095581,
				"bytes":	46268416,
				"bits_per_second":	370165089.16471159,
				"retransmits":	1831,
				"omitted":	false,
				"sender":	true
			}
		}, {
			"streams":	[{
					"socket":	7,
					"start":	33.000155,
					"end":	34.000286,
					"seconds":	1.0001310110092163,
					"bytes":	43909120,
					"bits_per_second":	351226945.40341872,
					"retransmits":	1804,
					"snd_cwnd":	7465888,
					"snd_wnd":	83132416,
					"rtt":	126434,
					"rttvar":	83,
					"pmtu":	1500,
					"omitted":	false,
					"sender":	true
				}],
			"sum":	{
				"start":	33.000155,
				"end":	34.000286,
				"seconds":	1.0001310110092163,
				"bytes":	43909120,
				"bits_per_second":	351226945.40341872,
				"retransmits":	1804,
				"omitted":	false,
				"sender":	true
			}
		}, {
			"streams":	[{
					"socket":	7,
					"start":	34.000286,
					"end":	35.00029,
					"seconds":	1.0000040531158447,
					"bytes":	86900736,
					"bits_per_second":	695203070.26142061,
					"retransmits":	1722,
					"snd_cwnd":	7335568,
					"snd_wnd":	87805952,
					"rtt":	125483,
					"rttvar":	111,
					"pmtu":	1500,
					"omitted":	false,
					"sender":	true
				}],
			"sum":	{
				"start":	34.000286,
				"end":	35.00029,
				"seconds":	1.0000040531158447,
				"bytes":	86900736,
				"bits_per_second":	695203070.26142061,
				"retransmits":	1722,
				"omitted":	false,
				"sender":	true
			}
		}, {
			"streams":	[{
					"socket":	7,
					"start":	35.00029,
					"end":	36.00049,
					"seconds":	1.0002000331878662,
					"bytes":	42336256,
					"bits_per_second":	338622312.29938811,
					"retransmits":	1631,
					"snd_cwnd":	7439824,
					"snd_wnd":	83443712,
					"rtt":	125784,
					"rttvar":	302,
					"pmtu":	1500,
					"omitted":	false,
					"sender":	true
				}],
			"sum":	{
				"start":	35.00029,
				"end":	36.00049,
				"seconds":	1.0002000331878662,
				"bytes":	42336256,
				"bits_per_second":	338622312.29938811,
				"retransmits":	1631,
				"omitted":	false,
				"sender":	true
			}
		}, {
			"streams":	[{
					"socket":	7,
					"start":	36.00049,
					"end":	37.000284,
					"seconds":	0.99979400634765625,
					"bytes":	45219840,
					"bits_per_second":	361833255.35380977,
					"retransmits":	2101,
					"snd_cwnd":	7260272,
					"snd_wnd":	82497536,
					"rtt":	126446,
					"rttvar":	291,
					"pmtu":	1500,
					"omitted":	false,
					"sender":	true
				}],
			"sum":	{
				"start":	36.00049,
				"end":	37.000284,
				"seconds":	0.99979400634765625,
				"bytes":	45219840,
				"bits_per_second":	361833255.35380977,
				"retransmits":	2101,
				"omitted":	false,
				"sender":	true
			}
		}, {
			"streams":	[{
					"socket":	7,
					"start":	37.000284,
					"end":	38.000453,
					"seconds":	1.000169038772583,
					"bytes":	49938432,
					"bits_per_second":	399439935.16363931,
					"retransmits":	2088,
					"snd_cwnd":	6970672,
					"snd_wnd":	83849216,
					"rtt":	126570,
					"rttvar":	146,
					"pmtu":	1500,
					"omitted":	false,
					"sender":	true
				}],
			"sum":	{
				"start":	37.000284,
				"end":	38.000453,
				"seconds":	1.000169038772583,
				"bytes":	49938432,
				"bits_per_second":	399439935.16363931,
				"retransmits":	2088,
				"omitted":	false,
				"sender":	true
			}
		}, {
			"streams":	[{
					"socket":	7,
					"start":	38.000453,
					"end":	39.000048,
					"seconds":	0.99959498643875122,
					"bytes":	41680896,
					"bits_per_second":	333582273.34449673,
					"retransmits":	1605,
					"snd_cwnd":	6744784,
					"snd_wnd":	86388736,
					"rtt":	126840,
					"rttvar":	96,
					"pmtu":	1500,
					"omitted":	false,
					"sender":	true
				}],
			"sum":	{
				"start":	38.000453,
				"end":	39.000048,
				"seconds":	0.99959498643875122,
				"bytes":	41680896,
				"bits_per_second":	333582273.34449673,
				"retransmits":	1605,
				"omitted":	false,
				"sender":	true
			}
		}, {
			"streams":	[{
					"socket":	7,
					"start":	39.000048,
					"end":	40.00011,
					"seconds":	1.0000619888305664,
					"bytes":	44433408,
					"bits_per_second":	355445230.36583924,
					"retransmits":	1590,
					"snd_cwnd":	6686864,
					"snd_wnd":	82911232,
					"rtt":	126426,
					"rttvar":	290,
					"pmtu":	1500,
					"omitted":	false,
					"sender":	true
				}],
			"sum":	{
				"start":	39.000048,
				"end":	40.00011,
				"seconds":	1.0000619888305664,
				"bytes":	44433408,
				"bits_per_second":	355445230.36583924,
				"retransmits":	1590,
				"omitted":	false,
				"sender":	true
			}
		}, {
			"streams":	[{
					"socket":	7,
					"start":	40.00011,
					"end":	41.000916,
					"seconds":	1.0008059740066528,
					"bytes":	47054848,
					"bits_per_second":	376135628.4604848,
					"retransmits":	1459,
					"snd_cwnd":	6652112,
					"snd_wnd":	83673088,
					"rtt":	126165,
					"rttvar":	423,
					"pmtu":	1500,
					"omitted":	false,
					"sender":	true
				}],
			"sum":	{
				"start":	40.00011,
				"end":	41.000916,
				"seconds":	1.0008059740066528,
				"bytes":	47054848,
				"bits_per_second":	376135628.4604848,
				"retransmits":	1459,
				"omitted":	false,
				"sender":	true
			}
		}, {
			"streams":	[{
					"socket":	7,
					"start":	41.000916,
					"end":	42.000473,
					"seconds":	0.9995570182800293,
					"bytes":	43253760,
					"bits_per_second":	346183432.93254584,
					"retransmits":	333,
					"snd_cwnd":	6692656,
					"snd_wnd":	87785472,
					"rtt":	74599,
					"rttvar":	590,
					"pmtu":	1500,
					"omitted":	false,
					"sender":	true
				}],
			"sum":	{
				"start":	41.000916,
				"end":	42.000473,
				"seconds":	0.9995570182800293,
				"bytes":	43253760,
				"bits_per_second":	346183432.93254584,
				"retransmits":	333,
				"omitted":	false,
				"sender":	true
			}
		}, {
			"streams":	[{
					"socket":	7,
					"start":	42.000473,
					"end":	43.000137,
					"seconds":	0.999664008617401,
					"bytes":	42205184,
					"bits_per_second":	337754954.75422752,
					"retransmits":	313,
					"snd_cwnd":	6841800,
					"snd_wnd":	87805952,
					"rtt":	126359,
					"rttvar":	68,
					"pmtu":	1500,
					"omitted":	false,
					"sender":	true
				}],
			"sum":	{
				"start":	42.000473,
				"end":	43.000137,
				"seconds":	0.999664008617401,
				"bytes":	42205184,
				"bits_per_second":	337754954.75422752,
				"retransmits":	313,
				"omitted":	false,
				"sender":	true
			}
		}, {
			"streams":	[{
					"socket":	7,
					"start":	43.000137,
					"end":	44.000091,
					"seconds":	0.9999539852142334,
					"bytes":	43646976,
					"bits_per_second":	349191875.9893651,
					"retransmits":	3901,
					"snd_cwnd":	7231312,
					"snd_wnd":	83652608,
					"rtt":	126866,
					"rttvar":	190,
					"pmtu":	1500,
					"omitted":	false,
					"sender":	true
				}],
			"sum":	{
				"start":	43.000137,
				"end":	44.000091,
				"seconds":	0.9999539852142334,
				"bytes":	43646976,
				"bits_per_second":	349191875.9893651,
				"retransmits":	3901,
				"omitted":	false,
				"sender":	true
			}
		}, {
			"streams":	[{
					"socket":	7,
					"start":	44.000091,
					"end":	45.000389,
					"seconds":	1.000298023223877,
					"bytes":	89391104,
					"bits_per_second":	714915770.497276,
					"retransmits":	2008,
					"snd_cwnd":	6363960,
					"snd_wnd":	87797760,
					"rtt":	126413,
					"rttvar":	73,
					"pmtu":	1500,
					"omitted":	false,
					"sender":	true
				}],
			"sum":	{
				"start":	44.000091,
				"end":	45.000389,
				"seconds":	1.000298023223877,
				"bytes":	89391104,
				"bits_per_second":	714915770.497276,
				"retransmits":	2008,
				"omitted":	false,
				"sender":	true
			}
		}, {
			"streams":	[{
					"socket":	7,
					"start":	45.000389,
					"end":	46.000124,
					"seconds":	0.99973499774932861,
					"bytes":	42860544,
					"bits_per_second":	342975241.21084541,
					"retransmits":	1944,
					"snd_cwnd":	6970672,
					"snd_wnd":	83787776,
					"rtt":	126027,
					"rttvar":	672,
					"pmtu":	1500,
					"omitted":	false,
					"sender":	true
				}],
			"sum":	{
				"start":	45.000389,
				"end":	46.000124,
				"seconds":	0.99973499774932861,
				"bytes":	42860544,
				"bits_per_second":	342975241.21084541,
				"retransmits":	1944,
				"omitted":	false,
				"sender":	true
			}
		}, {
			"streams":	[{
					"socket":	7,
					"start":	46.000124,
					"end":	47.000555,
					"seconds":	1.0004309415817261,
					"bytes":	44171264,
					"bits_per_second":	353217895.72132391,
					"retransmits":	2122,
					"snd_cwnd":	7150224,
					"snd_wnd":	82509824,
					"rtt":	126051,
					"rttvar":	183,
					"pmtu":	1500,
					"omitted":	false,
					"sender":	true
				}],
			"sum":	{
				"start":	46.000124,
				"end":	47.000555,
				"seconds":	1.0004309415817261,
				"bytes":	44171264,
				"bits_per_second":	353217895.72132391,
				"retransmits":	2122,
				"omitted":	false,
				"sender":	true
			}
		}, {
			"streams":	[{
					"socket":	7,
					"start":	47.000555,
					"end":	48.000261,
					"seconds":	0.999705970287323,
					"bytes":	42205184,
					"bits_per_second":	337740777.82386285,
					"retransmits":	2423,
					"snd_cwnd":	7054656,
					"snd_wnd":	82472960,
					"rtt":	126019,
					"rttvar":	271,
					"pmtu":	1500,
					"omitted":	false,
					"sender":	true
				}],
			"sum":	{
				"start":	47.000555,
				"end":	48.000261,
				"seconds":	0.999705970287323,
				"bytes":	42205184,
				"bits_per_second":	337740777.82386285,
				"retransmits":	2423,
				"omitted":	false,
				"sender":	true
			}
		}, {
			"streams":	[{
					"socket":	7,
					"start":	48.000261,
					"end":	49.000206,
					"seconds":	0.99994498491287231,
					"bytes":	42205184,
					"bits_per_second":	337660048.396982,
					"retransmits":	2479,
					"snd_cwnd":	6982256,
					"snd_wnd":	83656704,
					"rtt":	126617,
					"rttvar":	523,
					"pmtu":	1500,
					"omitted":	false,
					"sender":	true
				}],
			"sum":	{
				"start":	48.000261,
				"end":	49.000206,
				"seconds":	0.99994498491287231,
				"bytes":	42205184,
				"bits_per_second":	337660048.396982,
				"retransmits":	2479,
				"omitted":	false,
				"sender":	true
			}
		}, {
			"streams":	[{
					"socket":	7,
					"start":	49.000206,
					"end":	50.000457,
					"seconds":	1.0002510547637939,
					"bytes":	41943040,
					"bits_per_second":	335460101.14354509,
					"retransmits":	2369,
					"snd_cwnd":	6776640,
					"snd_wnd":	82763776,
					"rtt":	126745,
					"rttvar":	250,
					"pmtu":	1500,
					"omitted":	false,
					"sender":	true
				}],
			"sum":	{
				"start":	49.000206,
				"end":	50.000457,
				"seconds":	1.0002510547637939,
				"bytes":	41943040,
				"bits_per_second":	335460101.14354509,
				"retransmits":	2369,
				"omitted":	false,
				"sender":	true
			}
		}, {
			"streams":	[{
					"socket":	7,
					"start":	50.000457,
					"end":	51.001044,
					"seconds":	1.000586986541748,
					"bytes":	42598400,
					"bits_per_second":	340587279.85043722,
					"retransmits":	1232,
					"snd_cwnd":	6849040,
					"snd_wnd":	86929408,
					"rtt":	126907,
					"rttvar":	81,
					"pmtu":	1500,
					"omitted":	false,
					"sender":	true
				}],
			"sum":	{
				"start":	50.000457,
				"end":	51.001044,
				"seconds":	1.000586986541748,
				"bytes":	42598400,
				"bits_per_second":	340587279.85043722,
				"retransmits":	1232,
				"omitted":	false,
				"sender":	true
			}
		}, {
			"streams":	[{
					"socket":	7,
					"start":	51.001044,
					"end":	52.001051,
					"seconds":	1.0000070333480835,
					"bytes":	48103424,
					"bits_per_second":	384824685.39403653,
					"retransmits":	945,
					"snd_cwnd":	5792,
					"snd_wnd":	87764992,
					"rtt":	79874,
					"rttvar":	2021,
					"pmtu":	1500,
					"omitted":	false,
					"sender":	true
				}],
			"sum":	{
				"start":	51.001044,
				"end":	52.001051,
				"seconds":	1.0000070333480835,
				"bytes":	48103424,
				"bits_per_second":	384824685.39403653,
				"retransmits":	945,
				"omitted":	false,
				"sender":	true
			}
		}, {
			"streams":	[{
					"socket":	7,
					"start":	52.001051,
					"end":	53.001048,
					"seconds":	0.99999701976776123,
					"bytes":	42074112,
					"bits_per_second":	336593899.12798953,
					"retransmits":	640,
					"snd_cwnd":	7377560,
					"snd_wnd":	86462464,
					"rtt":	125967,
					"rttvar":	312,
					"pmtu":	1500,
					"omitted":	false,
					"sender":	true
				}],
			"sum":	{
				"start":	52.001051,
				"end":	53.001048,
				"seconds":	0.99999701976776123,
				"bytes":	42074112,
				"bits_per_second":	336593899.12798953,
				"retransmits":	640,
				"omitted":	false,
				"sender":	true
			}
		}, {
			"streams":	[{
					"socket":	7,
					"start":	53.001048,
					"end":	54.001056,
					"seconds":	1.0000079870224,
					"bytes":	42336256,
					"bits_per_second":	338687342.89660573,
					"retransmits":	3020,
					"snd_cwnd":	7958208,
					"snd_wnd":	82923520,
					"rtt":	125994,
					"rttvar":	550,
					"pmtu":	1500,
					"omitted":	false,
					"sender":	true
				}],
			"sum":	{
				"start":	53.001048,
				"end":	54.001056,
				"seconds":	1.0000079870224,
				"bytes":	42336256,
				"bits_per_second":	338687342.89660573,
				"retransmits":	3020,
				"omitted":	false,
				"sender":	true
			}
		}, {
			"streams":	[{
					"socket":	7,
					"start":	54.001056,
					"end":	55.001051,
					"seconds":	0.999994993209839,
					"bytes":	85065728,
					"bits_per_second":	680529231.26705945,
					"retransmits":	2817,
					"snd_cwnd":	7642544,
					"snd_wnd":	81817600,
					"rtt":	126642,
					"rttvar":	163,
					"pmtu":	1500,
					"omitted":	false,
					"sender":	true
				}],
			"sum":	{
				"start":	54.001056,
				"end":	55.001051,
				"seconds":	0.999994993209839,
				"bytes":	85065728,
				"bits_per_second":	680529231.26705945,
				"retransmits":	2817,
				"omitted":	false,
				"sender":	true
			}
		}, {
			"streams":	[{
					"socket":	7,
					"start":	55.001051,
					"end":	56.000422,
					"seconds":	0.9993709921836853,
					"bytes":	42467328,
					"bits_per_second":	339952456.7524727,
					"retransmits":	1553,
					"snd_cwnd":	7787344,
					"snd_wnd":	85368832,
					"rtt":	125828,
					"rttvar":	500,
					"pmtu":	1500,
					"omitted":	false,
					"sender":	true
				}],
			"sum":	{
				"start":	55.001051,
				"end":	56.000422,
				"seconds":	0.9993709921836853,
				"bytes":	42467328,
				"bits_per_second":	339952456.7524727,
				"retransmits":	1553,
				"omitted":	false,
				"sender":	true
			}
		}, {
			"streams":	[{
					"socket":	7,
					"start":	56.000422,
					"end":	57.000397,
					"seconds":	0.999975025653839,
					"bytes":	41943040,
					"bits_per_second":	335552700.20929027,
					"retransmits":	1851,
					"snd_cwnd":	7923456,
					"snd_wnd":	82743296,
					"rtt":	126305,
					"rttvar":	406,
					"pmtu":	1500,
					"omitted":	false,
					"sender":	true
				}],
			"sum":	{
				"start":	56.000422,
				"end":	57.000397,
				"seconds":	0.999975025653839,
				"bytes":	41943040,
				"bits_per_second":	335552700.20929027,
				"retransmits":	1851,
				"omitted":	false,
				"sender":	true
			}
		}, {
			"streams":	[{
					"socket":	7,
					"start":	57.000397,
					"end":	58.000554,
					"seconds":	1.0001569986343384,
					"bytes":	91357184,
					"bits_per_second":	730742746.38676465,
					"retransmits":	1237,
					"snd_cwnd":	7868432,
					"snd_wnd":	82853888,
					"rtt":	126660,
					"rttvar":	187,
					"pmtu":	1500,
					"omitted":	false,
					"sender":	true
				}],
			"sum":	{
				"start":	57.000397,
				"end":	58.000554,
				"seconds":	1.0001569986343384,
				"bytes":	91357184,
				"bits_per_second":	730742746.38676465,
				"retransmits":	1237,
				"omitted":	false,
				"sender":	true
			}
		}, {
			"streams":	[{
					"socket":	7,
					"start":	58.000554,
					"end":	59.001052,
					"seconds":	1.0004980564117432,
					"bytes":	42074112,
					"bits_per_second":	336425337.20373285,
					"retransmits":	1534,
					"snd_cwnd":	7862640,
					"snd_wnd":	81731584,
					"rtt":	126609,
					"rttvar":	173,
					"pmtu":	1500,
					"omitted":	false,
					"sender":	true
				}],
			"sum":	{
				"start":	58.000554,
				"end":	59.001052,
				"seconds":	1.0004980564117432,
				"bytes":	42074112,
				"bits_per_second":	336425337.20373285,
				"retransmits":	1534,
				"omitted":	false,
				"sender":	true
			}
		}, {
			"streams":	[{
					"socket":	7,
					"start":	59.001052,
					"end":	60.001047,
					"seconds":	0.999994993209839,
					"bytes":	42598400,
					"bits_per_second":	340788906.2585429,
					"retransmits":	2241,
					"snd_cwnd":	7258824,
					"snd_wnd":	87805952,
					"rtt":	126732,
					"rttvar":	154,
					"pmtu":	1500,
					"omitted":	false,
					"sender":	true
				}],
			"sum":	{
				"start":	59.001052,
				"end":	60.001047,
				"seconds":	0.999994993209839,
				"bytes":	42598400,
				"bits_per_second":	340788906.2585429,
				"retransmits":	2241,
				"omitted":	false,
				"sender":	true
			}
		}, {
			"streams":	[{
					"socket":	7,
					"start":	60.001047,
					"end":	61.001068,
					"seconds":	1.0000209808349609,
					"bytes":	41811968,
					"bits_per_second":	334488726.1472404,
					"retransmits":	1584,
					"snd_cwnd":	8074048,
					"snd_wnd":	82374656,
					"rtt":	126840,
					"rttvar":	123,
					"pmtu":	1500,
					"omitted":	false,
					"sender":	true
				}],
			"sum":	{
				"start":	60.001047,
				"end":	61.001068,
				"seconds":	1.0000209808349609,
				"bytes":	41811968,
				"bits_per_second":	334488726.1472404,
				"retransmits":	1584,
				"omitted":	false,
				"sender":	true
			}
		}, {
			"streams":	[{
					"socket":	7,
					"start":	61.001068,
					"end":	62.000387,
					"seconds":	0.999319016933441,
					"bytes":	88342528,
					"bits_per_second":	707221830.0905925,
					"retransmits":	1248,
					"snd_cwnd":	8056672,
					"snd_wnd":	83267584,
					"rtt":	126704,
					"rttvar":	145,
					"pmtu":	1500,
					"omitted":	false,
					"sender":	true
				}],
			"sum":	{
				"start":	61.001068,
				"end":	62.000387,
				"seconds":	0.999319016933441,
				"bytes":	88342528,
				"bits_per_second":	707221830.0905925,
				"retransmits":	1248,
				"omitted":	false,
				"sender":	true
			}
		}, {
			"streams":	[{
					"socket":	7,
					"start":	62.000387,
					"end":	63.00029,
					"seconds":	0.99990302324295044,
					"bytes":	42205184,
					"bits_per_second":	337674218.55065429,
					"retransmits":	570,
					"snd_cwnd":	7920560,
					"snd_wnd":	87805952,
					"rtt":	98188,
					"rttvar":	462,
					"pmtu":	1500,
					"omitted":	false,
					"sender":	true
				}],
			"sum":	{
				"start":	62.000387,
				"end":	63.00029,
				"seconds":	0.99990302324295044,
				"bytes":	42205184,
				"bits_per_second":	337674218.55065429,
				"retransmits":	570,
				"omitted":	false,
				"sender":	true
			}
		}, {
			"streams":	[{
					"socket":	7,
					"start":	63.00029,
					"end":	64.000665,
					"seconds":	1.0003750324249268,
					"bytes":	42205184,
					"bits_per_second":	337514892.9712401,
					"retransmits":	1936,
					"snd_cwnd":	7758384,
					"snd_wnd":	87027712,
					"rtt":	126528,
					"rttvar":	176,
					"pmtu":	1500,
					"omitted":	false,
					"sender":	true
				}],
			"sum":	{
				"start":	63.00029,
				"end":	64.000665,
				"seconds":	1.0003750324249268,
				"bytes":	42205184,
				"bits_per_second":	337514892.9712401,
				"retransmits":	1936,
				"omitted":	false,
				"sender":	true
			}
		}, {
			"streams":	[{
					"socket":	7,
					"start":	64.000665,
					"end":	65.000409,
					"seconds":	0.9997439980506897,
					"bytes":	48889856,
					"bits_per_second":	391219000.82681888,
					"retransmits":	2419,
					"snd_cwnd":	7616480,
					"snd_wnd":	83243008,
					"rtt":	126237,
					"rttvar":	431,
					"pmtu":	1500,
					"omitted":	false,
					"sender":	true
				}],
			"sum":	{
				"start":	64.000665,
				"end":	65.000409,
				"seconds":	0.9997439980506897,
				"bytes":	48889856,
				"bits_per_second":	391219000.82681888,
				"retransmits":	2419,
				"omitted":	false,
				"sender":	true
			}
		}, {
			"streams":	[{
					"socket":	7,
					"start":	65.000409,
					"end":	66.000908,
					"seconds":	1.0004990100860596,
					"bytes":	42205184,
					"bits_per_second":	337473069.53452879,
					"retransmits":	1486,
					"snd_cwnd":	7570144,
					"snd_wnd":	85291008,
					"rtt":	126989,
					"rttvar":	66,
					"pmtu":	1500,
					"omitted":	false,
					"sender":	true
				}],
			"sum":	{
				"start":	65.000409,
				"end":	66.000908,
				"seconds":	1.0004990100860596,
				"bytes":	42205184,
				"bits_per_second":	337473069.53452879,
				"retransmits":	1486,
				"omitted":	false,
				"sender":	true
			}
		}, {
			"streams":	[{
					"socket":	7,
					"start":	66.000908,
					"end":	67.001049,
					"seconds":	1.0001410245895386,
					"bytes":	87293952,
					"bits_per_second":	698253145.136813,
					"retransmits":	1451,
					"snd_cwnd":	7312400,
					"snd_wnd":	83038208,
					"rtt":	126730,
					"rttvar":	328,
					"pmtu":	1500,
					"omitted":	false,
					"sender":	true
				}],
			"sum":	{
				"start":	66.000908,
				"end":	67.001049,
				"seconds":	1.0001410245895386,
				"bytes":	87293952,
				"bits_per_second":	698253145.136813,
				"retransmits":	1451,
				"omitted":	false,
				"sender":	true
			}
		}, {
			"streams":	[{
					"socket":	7,
					"start":	67.001049,
					"end":	68.00106,
					"seconds":	1.0000109672546387,
					"bytes":	43253760,
					"bits_per_second":	346026285.04162025,
					"retransmits":	1071,
					"snd_cwnd":	7260272,
					"snd_wnd":	84226048,
					"rtt":	126859,
					"rttvar":	87,
					"pmtu":	1500,
					"omitted":	false,
					"sender":	true
				}],
			"sum":	{
				"start":	67.001049,
				"end":	68.00106,
				"seconds":	1.0000109672546387,
				"bytes":	43253760,
				"bits_per_second":	346026285.04162025,
				"retransmits":	1071,
				"omitted":	false,
				"sender":	true
			}
		}, {
			"streams":	[{
					"socket":	7,
					"start":	68.00106,
					"end":	69.000565,
					"seconds":	0.99950498342514038,
					"bytes":	47841280,
					"bits_per_second":	382919791.64370543,
					"retransmits":	1198,
					"snd_cwnd":	7460096,
					"snd_wnd":	84955136,
					"rtt":	126822,
					"rttvar":	154,
					"pmtu":	1500,
					"omitted":	false,
					"sender":	true
				}],
			"sum":	{
				"start":	68.00106,
				"end":	69.000565,
				"seconds":	0.99950498342514038,
				"bytes":	47841280,
				"bits_per_second":	382919791.64370543,
				"retransmits":	1198,
				"omitted":	false,
				"sender":	true
			}
		}, {
			"streams":	[{
					"socket":	7,
					"start":	69.000565,
					"end":	70.00106,
					"seconds":	1.0004949569702148,
					"bytes":	42336256,
					"bits_per_second":	338522493.9320538,
					"retransmits":	1111,
					"snd_cwnd":	6566680,
					"snd_wnd":	87797760,
					"rtt":	126655,
					"rttvar":	124,
					"pmtu":	1500,
					"omitted":	false,
					"sender":	true
				}],
			"sum":	{
				"start":	69.000565,
				"end":	70.00106,
				"seconds":	1.0004949569702148,
				"bytes":	42336256,
				"bits_per_second":	338522493.9320538,
				"retransmits":	1111,
				"omitted":	false,
				"sender":	true
			}
		}, {
			"streams":	[{
					"socket":	7,
					"start":	70.00106,
					"end":	71.001057,
					"seconds":	0.99999701976776123,
					"bytes":	85065728,
					"bits_per_second":	680527852.13104427,
					"retransmits":	1319,
					"snd_cwnd":	7199456,
					"snd_wnd":	87756800,
					"rtt":	126620,
					"rttvar":	126,
					"pmtu":	1500,
					"omitted":	false,
					"sender":	true
				}],
			"sum":	{
				"start":	70.00106,
				"end":	71.001057,
				"seconds":	0.99999701976776123,
				"bytes":	85065728,
				"bits_per_second":	680527852.13104427,
				"retransmits":	1319,
				"omitted":	false,
				"sender":	true
			}
		}, {
			"streams":	[{
					"socket":	7,
					"start":	71.001057,
					"end":	72.001051,
					"seconds":	0.99999397993087769,
					"bytes":	45350912,
					"bits_per_second":	362809480.13814867,
					"retransmits":	1416,
					"snd_cwnd":	7425344,
					"snd_wnd":	83398656,
					"rtt":	126837,
					"rttvar":	104,
					"pmtu":	1500,
					"omitted":	false,
					"sender":	true
				}],
			"sum":	{
				"start":	71.001057,
				"end":	72.001051,
				"seconds":	0.99999397993087769,
				"bytes":	45350912,
				"bits_per_second":	362809480.13814867,
				"retransmits":	1416,
				"omitted":	false,
				"sender":	true
			}
		}, {
			"streams":	[{
					"socket":	7,
					"start":	72.001051,
					"end":	73.001045,
					"seconds":	0.99999397993087769,
					"bytes":	41680896,
					"bits_per_second":	333449175.3870846,
					"retransmits":	699,
					"snd_cwnd":	7393488,
					"snd_wnd":	87805952,
					"rtt":	70202,
					"rttvar":	8651,
					"pmtu":	1500,
					"omitted":	false,
					"sender":	true
				}],
			"sum":	{
				"start":	72.001051,
				"end":	73.001045,
				"seconds":	0.99999397993087769,
				"bytes":	41680896,
				"bits_per_second":	333449175.3870846,
				"retransmits":	699,
				"omitted":	false,
				"sender":	true
			}
		}, {
			"streams":	[{
					"socket":	7,
					"start":	73.001045,
					"end":	74.001032,
					"seconds":	0.999987006187439,
					"bytes":	42205184,
					"bits_per_second":	337645859.30700785,
					"retransmits":	603,
					"snd_cwnd":	7024248,
					"snd_wnd":	87805952,
					"rtt":	126813,
					"rttvar":	111,
					"pmtu":	1500,
					"omitted":	false,
					"sender":	true
				}],
			"sum":	{
				"start":	73.001045,
				"end":	74.001032,
				"seconds":	0.999987006187439,
				"bytes":	42205184,
				"bits_per_second":	337645859.30700785,
				"retransmits":	603,
				"omitted":	false,
				"sender":	true
			}
		}, {
			"streams":	[{
					"socket":	7,
					"start":	74.001032,
					"end":	75.001078,
					"seconds":	1.0000460147857666,
					"bytes":	41943040,
					"bits_per_second":	335528880.71043563,
					"retransmits":	2235,
					"snd_cwnd":	7208144,
					"snd_wnd":	82395136,
					"rtt":	126765,
					"rttvar":	117,
					"pmtu":	1500,
					"omitted":	false,
					"sender":	true
				}],
			"sum":	{
				"start":	74.001032,
				"end":	75.001078,
				"seconds":	1.0000460147857666,
				"bytes":	41943040,
				"bits_per_second":	335528880.71043563,
				"retransmits":	2235,
				"omitted":	false,
				"sender":	true
			}
		}, {
			"streams":	[{
					"socket":	7,
					"start":	75.001078,
					"end":	76.001046,
					"seconds":	0.99996799230575562,
					"bytes":	49414144,
					"bits_per_second":	395325805.46750832,
					"retransmits":	1639,
					"snd_cwnd":	7451408,
					"snd_wnd":	83566592,
					"rtt":	126693,
					"rttvar":	340,
					"pmtu":	1500,
					"omitted":	false,
					"sender":	true
				}],
			"sum":	{
				"start":	75.001078,
				"end":	76.001046,
				"seconds":	0.99996799230575562,
				"bytes":	49414144,
				"bits_per_second":	395325805.46750832,
				"retransmits":	1639,
				"omitted":	false,
				"sender":	true
			}
		}, {
			"streams":	[{
					"socket":	7,
					"start":	76.001046,
					"end":	77.001037,
					"seconds":	0.999990999698639,
					"bytes":	42598400,
					"bits_per_second":	340790267.21510583,
					"retransmits":	1514,
					"snd_cwnd":	7775760,
					"snd_wnd":	83173376,
					"rtt":	126591,
					"rttvar":	79,
					"pmtu":	1500,
					"omitted":	false,
					"sender":	true
				}],
			"sum":	{
				"start":	76.001046,
				"end":	77.001037,
				"seconds":	0.999990999698639,
				"bytes":	42598400,
				"bits_per_second":	340790267.21510583,
				"retransmits":	1514,
				"omitted":	false,
				"sender":	true
			}
		}, {
			"streams":	[{
					"socket":	7,
					"start":	77.001037,
					"end":	78.00104,
					"seconds":	1.0000029802322388,
					"bytes":	84410368,
					"bits_per_second":	675280931.50599766,
					"retransmits":	1412,
					"snd_cwnd":	7738112,
					"snd_wnd":	83099648,
					"rtt":	126394,
					"rttvar":	204,
					"pmtu":	1500,
					"omitted":	false,
					"sender":	true
				}],
			"sum":	{
				"start":	77.001037,
				"end":	78.00104,
				"seconds":	1.0000029802322388,
				"bytes":	84410368,
				"bits_per_second":	675280931.50599766,
				"retransmits":	1412,
				"omitted":	false,
				"sender":	true
			}
		}, {
			"streams":	[{
					"socket":	7,
					"start":	78.00104,
					"end":	79.001045,
					"seconds":	1.0000050067901611,
					"bytes":	42074112,
					"bits_per_second":	336591210.75843763,
					"retransmits":	1219,
					"snd_cwnd":	8074048,
					"snd_wnd":	81580032,
					"rtt":	126514,
					"rttvar":	251,
					"pmtu":	1500,
					"omitted":	false,
					"sender":	true
				}],
			"sum":	{
				"start":	78.00104,
				"end":	79.001045,
				"seconds":	1.0000050067901611,
				"bytes":	42074112,
				"bits_per_second":	336591210.75843763,
				"retransmits":	1219,
				"omitted":	false,
				"sender":	true
			}
		}, {
			"streams":	[{
					"socket":	7,
					"start":	79.001045,
					"end":	80.00105,
					"seconds":	1.0000050067901611,
					"bytes":	43646976,
					"bits_per_second":	349174059.758753,
					"retransmits":	2006,
					"snd_cwnd":	8589536,
					"snd_wnd":	81915904,
					"rtt":	126657,
					"rttvar":	470,
					"pmtu":	1500,
					"omitted":	false,
					"sender":	true
				}],
			"sum":	{
				"start":	79.001045,
				"end":	80.00105,
				"seconds":	1.0000050067901611,
				"bytes":	43646976,
				"bits_per_second":	349174059.758753,
				"retransmits":	2006,
				"omitted":	false,
				"sender":	true
			}
		}, {
			"streams":	[{
					"socket":	7,
					"start":	80.00105,
					"end":	81.001051,
					"seconds":	1.0000009536743164,
					"bytes":	92798976,
					"bits_per_second":	742391100.0006752,
					"retransmits":	1471,
					"snd_cwnd":	9029728,
					"snd_wnd":	82792448,
					"rtt":	126318,
					"rttvar":	551,
					"pmtu":	1500,
					"omitted":	false,
					"sender":	true
				}],
			"sum":	{
				"start":	80.00105,
				"end":	81.001051,
				"seconds":	1.0000009536743164,
				"bytes":	92798976,
				"bits_per_second":	742391100.0006752,
				"retransmits":	1471,
				"omitted":	false,
				"sender":	true
			}
		}, {
			"streams":	[{
					"socket":	7,
					"start":	81.001051,
					"end":	82.001052,
					"seconds":	1.0000009536743164,
					"bytes":	44433408,
					"bits_per_second":	355466925.0003233,
					"retransmits":	2020,
					"snd_cwnd":	9203488,
					"snd_wnd":	85823488,
					"rtt":	126707,
					"rttvar":	229,
					"pmtu":	1500,
					"omitted":	false,
					"sender":	true
				}],
			"sum":	{
				"start":	81.001051,
				"end":	82.001052,
				"seconds":	1.0000009536743164,
				"bytes":	44433408,
				"bits_per_second":	355466925.0003233,
				"retransmits":	2020,
				"omitted":	false,
				"sender":	true
			}
		}, {
			"streams":	[{
					"socket":	7,
					"start":	82.001052,
					"end":	83.001049,
					"seconds":	0.99999701976776123,
					"bytes":	84803584,
					"bits_per_second":	678430693.88102567,
					"retransmits":	2015,
					"snd_cwnd":	8957328,
					"snd_wnd":	81334272,
					"rtt":	124072,
					"rttvar":	318,
					"pmtu":	1500,
					"omitted":	false,
					"sender":	true
				}],
			"sum":	{
				"start":	82.001052,
				"end":	83.001049,
				"seconds":	0.99999701976776123,
				"bytes":	84803584,
				"bits_per_second":	678430693.88102567,
				"retransmits":	2015,
				"omitted":	false,
				"sender":	true
			}
		}, {
			"streams":	[{
					"socket":	7,
					"start":	83.001049,
					"end":	84.001053,
					"seconds":	1.0000040531158447,
					"bytes":	42336256,
					"bits_per_second":	338688675.255564,
					"retransmits":	495,
					"snd_cwnd":	8145000,
					"snd_wnd":	87805952,
					"rtt":	127156,
					"rttvar":	151,
					"pmtu":	1500,
					"omitted":	false,
					"sender":	true
				}],
			"sum":	{
				"start":	83.001049,
				"end":	84.001053,
				"seconds":	1.0000040531158447,
				"bytes":	42336256,
				"bits_per_second":	338688675.255564,
				"retransmits":	495,
				"omitted":	false,
				"sender":	true
			}
		}, {
			"streams":	[{
					"socket":	7,
					"start":	84.001053,
					"end":	85.000727,
					"seconds":	0.99967402219772339,
					"bytes":	47316992,
					"bits_per_second":	378659370.54942316,
					"retransmits":	3330,
					"snd_cwnd":	9157152,
					"snd_wnd":	81899520,
					"rtt":	126423,
					"rttvar":	234,
					"pmtu":	1500,
					"omitted":	false,
					"sender":	true
				}],
			"sum":	{
				"start":	84.001053,
				"end":	85.000727,
				"seconds":	0.99967402219772339,
				"bytes":	47316992,
				"bits_per_second":	378659370.54942316,
				"retransmits":	3330,
				"omitted":	false,
				"sender":	true
			}
		}, {
			"streams":	[{
					"socket":	7,
					"start":	85.000727,
					"end":	86.000559,
					"seconds":	0.99983197450637817,
					"bytes":	53215232,
					"bits_per_second":	425793400.14624047,
					"retransmits":	3110,
					"snd_cwnd":	8433152,
					"snd_wnd":	83140608,
					"rtt":	126298,
					"rttvar":	260,
					"pmtu":	1500,
					"omitted":	false,
					"sender":	true
				}],
			"sum":	{
				"start":	85.000727,
				"end":	86.000559,
				"seconds":	0.99983197450637817,
				"bytes":	53215232,
				"bits_per_second":	425793400.14624047,
				"retransmits":	3110,
				"omitted":	false,
				"sender":	true
			}
		}, {
			"streams":	[{
					"socket":	7,
					"start":	86.000559,
					"end":	87.001446,
					"seconds":	1.0008870363235474,
					"bytes":	88342528,
					"bits_per_second":	706113875.344009,
					"retransmits":	2411,
					"snd_cwnd":	8354960,
					"snd_wnd":	82411520,
					"rtt":	126381,
					"rttvar":	248,
					"pmtu":	1500,
					"omitted":	false,
					"sender":	true
				}],
			"sum":	{
				"start":	86.000559,
				"end":	87.001446,
				"seconds":	1.0008870363235474,
				"bytes":	88342528,
				"bits_per_second":	706113875.344009,
				"retransmits":	2411,
				"omitted":	false,
				"sender":	true
			}
		}, {
			"streams":	[{
					"socket":	7,
					"start":	87.001446,
					"end":	88.001007,
					"seconds":	0.99956101179122925,
					"bytes":	42336256,
					"bits_per_second":	338838794.2353434,
					"retransmits":	1569,
					"snd_cwnd":	8184096,
					"snd_wnd":	82690048,
					"rtt":	126790,
					"rttvar":	371,
					"pmtu":	1500,
					"omitted":	false,
					"sender":	true
				}],
			"sum":	{
				"start":	87.001446,
				"end":	88.001007,
				"seconds":	0.99956101179122925,
				"bytes":	42336256,
				"bits_per_second":	338838794.2353434,
				"retransmits":	1569,
				"omitted":	false,
				"sender":	true
			}
		}, {
			"streams":	[{
					"socket":	7,
					"start":	88.001007,
					"end":	89.000388,
					"seconds":	0.99938100576400757,
					"bytes":	45219840,
					"bits_per_second":	361982785.257603,
					"retransmits":	1734,
					"snd_cwnd":	8065360,
					"snd_wnd":	82493440,
					"rtt":	126434,
					"rttvar":	160,
					"pmtu":	1500,
					"omitted":	false,
					"sender":	true
				}],
			"sum":	{
				"start":	88.001007,
				"end":	89.000388,
				"seconds":	0.99938100576400757,
				"bytes":	45219840,
				"bits_per_second":	361982785.257603,
				"retransmits":	1734,
				"omitted":	false,
				"sender":	true
			}
		}, {
			"streams":	[{
					"socket":	7,
					"start":	89.000388,
					"end":	90.00012,
					"seconds":	0.99973201751709,
					"bytes":	85852160,
					"bits_per_second":	687001384.33673728,
					"retransmits":	1967,
					"snd_cwnd":	7949520,
					"snd_wnd":	85413888,
					"rtt":	126663,
					"rttvar":	180,
					"pmtu":	1500,
					"omitted":	false,
					"sender":	true
				}],
			"sum":	{
				"start":	89.000388,
				"end":	90.00012,
				"seconds":	0.99973201751709,
				"bytes":	85852160,
				"bits_per_second":	687001384.33673728,
				"retransmits":	1967,
				"omitted":	false,
				"sender":	true
			}
		}, {
			"streams":	[{
					"socket":	7,
					"start":	90.00012,
					"end":	91.000063,
					"seconds":	0.99994301795959473,
					"bytes":	42860544,
					"bits_per_second":	342903891.36339277,
					"retransmits":	1835,
					"snd_cwnd":	7888704,
					"snd_wnd":	86228992,
					"rtt":	126668,
					"rttvar":	91,
					"pmtu":	1500,
					"omitted":	false,
					"sender":	true
				}],
			"sum":	{
				"start":	90.00012,
				"end":	91.000063,
				"seconds":	0.99994301795959473,
				"bytes":	42860544,
				"bits_per_second":	342903891.36339277,
				"retransmits":	1835,
				"omitted":	false,
				"sender":	true
			}
		}, {
			"streams":	[{
					"socket":	7,
					"start":	91.000063,
					"end":	92.000942,
					"seconds":	1.0008790493011475,
					"bytes":	43122688,
					"bits_per_second":	344678514.59262681,
					"retransmits":	1402,
					"snd_cwnd":	7885808,
					"snd_wnd":	86626304,
					"rtt":	126688,
					"rttvar":	156,
					"pmtu":	1500,
					"omitted":	false,
					"sender":	true
				}],
			"sum":	{
				"start":	91.000063,
				"end":	92.000942,
				"seconds":	1.0008790493011475,
				"bytes":	43122688,
				"bits_per_second":	344678514.59262681,
				"retransmits":	1402,
				"omitted":	false,
				"sender":	true
			}
		}, {
			"streams":	[{
					"socket":	7,
					"start":	92.000942,
					"end":	93.000296,
					"seconds":	0.99935400485992432,
					"bytes":	85983232,
					"bits_per_second":	688310501.2386632,
					"retransmits":	1765,
					"snd_cwnd":	7871328,
					"snd_wnd":	83566592,
					"rtt":	126808,
					"rttvar":	72,
					"pmtu":	1500,
					"omitted":	false,
					"sender":	true
				}],
			"sum":	{
				"start":	92.000942,
				"end":	93.000296,
				"seconds":	0.99935400485992432,
				"bytes":	85983232,
				"bits_per_second":	688310501.2386632,
				"retransmits":	1765,
				"omitted":	false,
				"sender":	true
			}
		}, {
			"streams":	[{
					"socket":	7,
					"start":	93.000296,
					"end":	94.00012,
					"seconds":	0.99982398748397827,
					"bytes":	41943040,
					"bits_per_second":	335603390.39712924,
					"retransmits":	1491,
					"snd_cwnd":	7295024,
					"snd_wnd":	87756800,
					"rtt":	84650,
					"rttvar":	622,
					"pmtu":	1500,
					"omitted":	false,
					"sender":	true
				}],
			"sum":	{
				"start":	93.000296,
				"end":	94.00012,
				"seconds":	0.99982398748397827,
				"bytes":	41943040,
				"bits_per_second":	335603390.39712924,
				"retransmits":	1491,
				"omitted":	false,
				"sender":	true
			}
		}, {
			"streams":	[{
					"socket":	7,
					"start":	94.00012,
					"end":	95.00006,
					"seconds":	0.99993997812271118,
					"bytes":	42205184,
					"bits_per_second":	337661739.09146887,
					"retransmits":	1067,
					"snd_cwnd":	7493400,
					"snd_wnd":	87801856,
					"rtt":	126733,
					"rttvar":	182,
					"pmtu":	1500,
					"omitted":	false,
					"sender":	true
				}],
			"sum":	{
				"start":	94.00012,
				"end":	95.00006,
				"seconds":	0.99993997812271118,
				"bytes":	42205184,
				"bits_per_second":	337661739.09146887,
				"retransmits":	1067,
				"omitted":	false,
				"sender":	true
			}
		}, {
			"streams":	[{
					"socket":	7,
					"start":	95.00006,
					"end":	96.000079,
					"seconds":	1.0000189542770386,
					"bytes":	43253760,
					"bits_per_second":	346023521.374314,
					"retransmits":	2613,
					"snd_cwnd":	7807616,
					"snd_wnd":	84406272,
					"rtt":	125983,
					"rttvar":	257,
					"pmtu":	1500,
					"omitted":	false,
					"sender":	true
				}],
			"sum":	{
				"start":	95.00006,
				"end":	96.000079,
				"seconds":	1.0000189542770386,
				"bytes":	43253760,
				"bits_per_second":	346023521.374314,
				"retransmits":	2613,
				"omitted":	false,
				"sender":	true
			}
		}, {
			"streams":	[{
					"socket":	7,
					"start":	96.000079,
					"end":	97.00018,
					"seconds":	1.0001009702682495,
					"bytes":	42991616,
					"bits_per_second":	343898204.50604051,
					"retransmits":	1489,
					"snd_cwnd":	7518016,
					"snd_wnd":	82411520,
					"rtt":	126341,
					"rttvar":	177,
					"pmtu":	1500,
					"omitted":	false,
					"sender":	true
				}],
			"sum":	{
				"start":	96.000079,
				"end":	97.00018,
				"seconds":	1.0001009702682495,
				"bytes":	42991616,
				"bits_per_second":	343898204.50604051,
				"retransmits":	1489,
				"omitted":	false,
				"sender":	true
			}
		}, {
			"streams":	[{
					"socket":	7,
					"start":	97.00018,
					"end":	98.00054,
					"seconds":	1.0003600120544434,
					"bytes":	87293952,
					"bits_per_second":	698100291.479857,
					"retransmits":	1154,
					"snd_cwnd":	7515120,
					"snd_wnd":	85409792,
					"rtt":	126719,
					"rttvar":	144,
					"pmtu":	1500,
					"omitted":	false,
					"sender":	true
				}],
			"sum":	{
				"start":	97.00018,
				"end":	98.00054,
				"seconds":	1.0003600120544434,
				"bytes":	87293952,
				"bits_per_second":	698100291.479857,
				"retransmits":	1154,
				"omitted":	false,
				"sender":	true
			}
		}, {
			"streams":	[{
					"socket":	7,
					"start":	98.00054,
					"end":	99.000161,
					"seconds":	0.99962097406387329,
					"bytes":	47841280,
					"bits_per_second":	382875359.691627,
					"retransmits":	1556,
					"snd_cwnd":	7520912,
					"snd_wnd":	84082688,
					"rtt":	126787,
					"rttvar":	98,
					"pmtu":	1500,
					"omitted":	false,
					"sender":	true
				}],
			"sum":	{
				"start":	98.00054,
				"end":	99.000161,
				"seconds":	0.99962097406387329,
				"bytes":	47841280,
				"bits_per_second":	382875359.691627,
				"retransmits":	1556,
				"omitted":	false,
				"sender":	true
			}
		}, {
			"streams":	[{
					"socket":	7,
					"start":	99.000161,
					"end":	100.000265,
					"seconds":	1.0001039505004883,
					"bytes":	42729472,
					"bits_per_second":	341800245.69339317,
					"retransmits":	2776,
					"snd_cwnd":	7370320,
					"snd_wnd":	82157568,
					"rtt":	126476,
					"rttvar":	225,
					"pmtu":	1500,
					"omitted":	false,
					"sender":	true
				}],
			"sum":	{
				"start":	99.000161,
				"end":	100.000265,
				"seconds":	1.0001039505004883,
				"bytes":	42729472,
				"bits_per_second":	341800245.69339317,
				"retransmits":	2776,
				"omitted":	false,
				"sender":	true
			}
		}, {
			"streams":	[{
					"socket":	7,
					"start":	100.000265,
					"end":	101.000473,
					"seconds":	1.0002080202102661,
					"bytes":	42205184,
					"bits_per_second":	337571250.35752082,
					"retransmits":	1758,
					"snd_cwnd":	7387696,
					"snd_wnd":	84381696,
					"rtt":	126881,
					"rttvar":	281,
					"pmtu":	1500,
					"omitted":	false,
					"sender":	true
				}],
			"sum":	{
				"start":	100.000265,
				"end":	101.000473,
				"seconds":	1.0002080202102661,
				"bytes":	42205184,
				"bits_per_second":	337571250.35752082,
				"retransmits":	1758,
				"omitted":	false,
				"sender":	true
			}
		}, {
			"streams":	[{
					"socket":	7,
					"start":	101.000473,
					"end":	102.000252,
					"seconds":	0.999778985977173,
					"bytes":	44957696,
					"bits_per_second":	359741075.82234365,
					"retransmits":	1311,
					"snd_cwnd":	6303144,
					"snd_wnd":	87785472,
					"rtt":	126677,
					"rttvar":	129,
					"pmtu":	1500,
					"omitted":	false,
					"sender":	true
				}],
			"sum":	{
				"start":	101.000473,
				"end":	102.000252,
				"seconds":	0.999778985977173,
				"bytes":	44957696,
				"bits_per_second":	359741075.82234365,
				"retransmits":	1311,
				"omitted":	false,
				"sender":	true
			}
		}, {
			"streams":	[{
					"socket":	7,
					"start":	102.000252,
					"end":	103.000396,
					"seconds":	1.0001440048217773,
					"bytes":	43646976,
					"bits_per_second":	349125532.23995185,
					"retransmits":	1342,
					"snd_cwnd":	7764176,
					"snd_wnd":	87298048,
					"rtt":	126547,
					"rttvar":	153,
					"pmtu":	1500,
					"omitted":	false,
					"sender":	true
				}],
			"sum":	{
				"start":	102.000252,
				"end":	103.000396,
				"seconds":	1.0001440048217773,
				"bytes":	43646976,
				"bits_per_second":	349125532.23995185,
				"retransmits":	1342,
				"omitted":	false,
				"sender":	true
			}
		}, {
			"streams":	[{
					"socket":	7,
					"start":	103.000396,
					"end":	104.001055,
					"seconds":	1.0006589889526367,
					"bytes":	92798976,
					"bits_per_second":	741902902.183532,
					"retransmits":	995,
					"snd_cwnd":	5792,
					"snd_wnd":	87805952,
					"rtt":	87298,
					"rttvar":	5913,
					"pmtu":	1500,
					"omitted":	false,
					"sender":	true
				}],
			"sum":	{
				"start":	103.000396,
				"end":	104.001055,
				"seconds":	1.0006589889526367,
				"bytes":	92798976,
				"bits_per_second":	741902902.183532,
				"retransmits":	995,
				"omitted":	false,
				"sender":	true
			}
		}, {
			"streams":	[{
					"socket":	7,
					"start":	104.001055,
					"end":	105.000064,
					"seconds":	0.99900901317596436,
					"bytes":	42205184,
					"bits_per_second":	337976402.16137689,
					"retransmits":	240,
					"snd_cwnd":	7561456,
					"snd_wnd":	82530304,
					"rtt":	121761,
					"rttvar":	268,
					"pmtu":	1500,
					"omitted":	false,
					"sender":	true
				}],
			"sum":	{
				"start":	104.001055,
				"end":	105.000064,
				"seconds":	0.99900901317596436,
				"bytes":	42205184,
				"bits_per_second":	337976402.16137689,
				"retransmits":	240,
				"omitted":	false,
				"sender":	true
			}
		}, {
			"streams":	[{
					"socket":	7,
					"start":	105.000064,
					"end":	106.000261,
					"seconds":	1.0001970529556274,
					"bytes":	41811968,
					"bits_per_second":	334429843.61086643,
					"retransmits":	1889,
					"snd_cwnd":	7462992,
					"snd_wnd":	82300928,
					"rtt":	126787,
					"rttvar":	119,
					"pmtu":	1500,
					"omitted":	false,
					"sender":	true
				}],
			"sum":	{
				"start":	105.000064,
				"end":	106.000261,
				"seconds":	1.0001970529556274,
				"bytes":	41811968,
				"bits_per_second":	334429843.61086643,
				"retransmits":	1889,
				"omitted":	false,
				"sender":	true
			}
		}, {
			"streams":	[{
					"socket":	7,
					"start":	106.000261,
					"end":	107.000289,
					"seconds":	1.0000280141830444,
					"bytes":	43778048,
					"bits_per_second":	350214573.02484643,
					"retransmits":	2203,
					"snd_cwnd":	7402176,
					"snd_wnd":	84090880,
					"rtt":	126903,
					"rttvar":	231,
					"pmtu":	1500,
					"omitted":	false,
					"sender":	true
				}],
			"sum":	{
				"start":	106.000261,
				"end":	107.000289,
				"seconds":	1.0000280141830444,
				"bytes":	43778048,
				"bits_per_second":	350214573.02484643,
				"retransmits":	2203,
				"omitted":	false,
				"sender":	true
			}
		}, {
			"streams":	[{
					"socket":	7,
					"start":	107.000289,
					"end":	108.000311,
					"seconds":	1.0000220537185669,
					"bytes":	45088768,
					"bits_per_second":	360702189.17543346,
					"retransmits":	1206,
					"snd_cwnd":	7266064,
					"snd_wnd":	85401600,
					"rtt":	126302,
					"rttvar":	197,
					"pmtu":	1500,
					"omitted":	false,
					"sender":	true
				}],
			"sum":	{
				"start":	107.000289,
				"end":	108.000311,
				"seconds":	1.0000220537185669,
				"bytes":	45088768,
				"bits_per_second":	360702189.17543346,
				"retransmits":	1206,
				"omitted":	false,
				"sender":	true
			}
		}, {
			"streams":	[{
					"socket":	7,
					"start":	108.000311,
					"end":	109.000089,
					"seconds":	0.99977797269821167,
					"bytes":	42205184,
					"bits_per_second":	337716454.27311176,
					"retransmits":	1426,
					"snd_cwnd":	7526704,
					"snd_wnd":	82132992,
					"rtt":	126779,
					"rttvar":	143,
					"pmtu":	1500,
					"omitted":	false,
					"sender":	true
				}],
			"sum":	{
				"start":	108.000311,
				"end":	109.000089,
				"seconds":	0.99977797269821167,
				"bytes":	42205184,
				"bits_per_second":	337716454.27311176,
				"retransmits":	1426,
				"omitted":	false,
				"sender":	true
			}
		}, {
			"streams":	[{
					"socket":	7,
					"start":	109.000089,
					"end":	110.001034,
					"seconds":	1.000944972038269,
					"bytes":	91095040,
					"bits_per_second":	728072312.0233,
					"retransmits":	2099,
					"snd_cwnd":	7842368,
					"snd_wnd":	81711104,
					"rtt":	125635,
					"rttvar":	413,
					"pmtu":	1500,
					"omitted":	false,
					"sender":	true
				}],
			"sum":	{
				"start":	109.000089,
				"end":	110.001034,
				"seconds":	1.000944972038269,
				"bytes":	91095040,
				"bits_per_second":	728072312.0233,
				"retransmits":	2099,
				"omitted":	false,
				"sender":	true
			}
		}, {
			"streams":	[{
					"socket":	7,
					"start":	110.001034,
					"end":	111.000376,
					"seconds":	0.99934202432632446,
					"bytes":	47710208,
					"bits_per_second":	381932966.60099816,
					"retransmits":	2195,
					"snd_cwnd":	7984272,
					"snd_wnd":	82898944,
					"rtt":	126296,
					"rttvar":	501,
					"pmtu":	1500,
					"omitted":	false,
					"sender":	true
				}],
			"sum":	{
				"start":	110.001034,
				"end":	111.000376,
				"seconds":	0.99934202432632446,
				"bytes":	47710208,
				"bits_per_second":	381932966.60099816,
				"retransmits":	2195,
				"omitted":	false,
				"sender":	true
			}
		}, {
			"streams":	[{
					"socket":	7,
					"start":	111.000376,
					"end":	112.000092,
					"seconds":	0.99971598386764526,
					"bytes":	43122688,
					"bits_per_second":	345079512.14839524,
					"retransmits":	2711,
					"snd_cwnd":	7532496,
					"snd_wnd":	84566016,
					"rtt":	133155,
					"rttvar":	1083,
					"pmtu":	1500,
					"omitted":	false,
					"sender":	true
				}],
			"sum":	{
				"start":	111.000376,
				"end":	112.000092,
				"seconds":	0.99971598386764526,
				"bytes":	43122688,
				"bits_per_second":	345079512.14839524,
				"retransmits":	2711,
				"omitted":	false,
				"sender":	true
			}
		}, {
			"streams":	[{
					"socket":	7,
					"start":	112.000092,
					"end":	113.001046,
					"seconds":	1.0009540319442749,
					"bytes":	41943040,
					"bits_per_second":	335224505.11361784,
					"retransmits":	2644,
					"snd_cwnd":	7645440,
					"snd_wnd":	82817024,
					"rtt":	126628,
					"rttvar":	199,
					"pmtu":	1500,
					"omitted":	false,
					"sender":	true
				}],
			"sum":	{
				"start":	112.000092,
				"end":	113.001046,
				"seconds":	1.0009540319442749,
				"bytes":	41943040,
				"bits_per_second":	335224505.11361784,
				"retransmits":	2644,
				"omitted":	false,
				"sender":	true
			}
		}, {
			"streams":	[{
					"socket":	7,
					"start":	113.001046,
					"end":	114.00053,
					"seconds":	0.99948400259017944,
					"bytes":	41811968,
					"bits_per_second":	334668432.04408348,
					"retransmits":	2111,
					"snd_cwnd":	7796032,
					"snd_wnd":	83283968,
					"rtt":	126622,
					"rttvar":	136,
					"pmtu":	1500,
					"omitted":	false,
					"sender":	true
				}],
			"sum":	{
				"start":	113.001046,
				"end":	114.00053,
				"seconds":	0.99948400259017944,
				"bytes":	41811968,
				"bits_per_second":	334668432.04408348,
				"retransmits":	2111,
				"omitted":	false,
				"sender":	true
			}
		}, {
			"streams":	[{
					"socket":	7,
					"start":	114.00053,
					"end":	115.00008,
					"seconds":	0.9995499849319458,
					"bytes":	47579136,
					"bits_per_second":	380804455.74306655,
					"retransmits":	38,
					"snd_cwnd":	7935040,
					"snd_wnd":	87752704,
					"rtt":	117616,
					"rttvar":	667,
					"pmtu":	1500,
					"omitted":	false,
					"sender":	true
				}],
			"sum":	{
				"start":	114.00053,
				"end":	115.00008,
				"seconds":	0.9995499849319458,
				"bytes":	47579136,
				"bits_per_second":	380804455.74306655,
				"retransmits":	38,
				"omitted":	false,
				"sender":	true
			}
		}, {
			"streams":	[{
					"socket":	7,
					"start":	115.00008,
					"end":	116.000335,
					"seconds":	1.0002549886703491,
					"bytes":	83886080,
					"bits_per_second":	670917563.622538,
					"retransmits":	2719,
					"snd_cwnd":	7462992,
					"snd_wnd":	87797760,
					"rtt":	126661,
					"rttvar":	106,
					"pmtu":	1500,
					"omitted":	false,
					"sender":	true
				}],
			"sum":	{
				"start":	115.00008,
				"end":	116.000335,
				"seconds":	1.0002549886703491,
				"bytes":	83886080,
				"bits_per_second":	670917563.622538,
				"retransmits":	2719,
				"omitted":	false,
				"sender":	true
			}
		}, {
			"streams":	[{
					"socket":	7,
					"start":	116.000335,
					"end":	117.000565,
					"seconds":	1.0002299547195435,
					"bytes":	42336256,
					"bits_per_second":	338612182.53053218,
					"retransmits":	2787,
					"snd_cwnd":	7144432,
					"snd_wnd":	83525632,
					"rtt":	126912,
					"rttvar":	149,
					"pmtu":	1500,
					"omitted":	false,
					"sender":	true
				}],
			"sum":	{
				"start":	116.000335,
				"end":	117.000565,
				"seconds":	1.0002299547195435,
				"bytes":	42336256,
				"bits_per_second":	338612182.53053218,
				"retransmits":	2787,
				"omitted":	false,
				"sender":	true
			}
		}, {
			"streams":	[{
					"socket":	7,
					"start":	117.000565,
					"end":	118.000953,
					"seconds":	1.0003880262374878,
					"bytes":	41811968,
					"bits_per_second":	334366001.21860331,
					"retransmits":	2670,
					"snd_cwnd":	7428240,
					"snd_wnd":	82243584,
					"rtt":	122224,
					"rttvar":	641,
					"pmtu":	1500,
					"omitted":	false,
					"sender":	true
				}],
			"sum":	{
				"start":	117.000565,
				"end":	118.000953,
				"seconds":	1.0003880262374878,
				"bytes":	41811968,
				"bits_per_second":	334366001.21860331,
				"retransmits":	2670,
				"omitted":	false,
				"sender":	true
			}
		}, {
			"streams":	[{
					"socket":	7,
					"start":	118.000953,
					"end":	119.000282,
					"seconds":	0.99932897090911865,
					"bytes":	41811968,
					"bits_per_second":	334720351.09289336,
					"retransmits":	2133,
					"snd_cwnd":	7625168,
					"snd_wnd":	83652608,
					"rtt":	126520,
					"rttvar":	185,
					"pmtu":	1500,
					"omitted":	false,
					"sender":	true
				}],
			"sum":	{
				"start":	118.000953,
				"end":	119.000282,
				"seconds":	0.99932897090911865,
				"bytes":	41811968,
				"bits_per_second":	334720351.09289336,
				"retransmits":	2133,
				"omitted":	false,
				"sender":	true
			}
		}, {
			"streams":	[{
					"socket":	7,
					"start":	119.000282,
					"end":	120.000667,
					"seconds":	1.000385046005249,
					"bytes":	41943040,
					"bits_per_second":	335415169.728796,
					"retransmits":	2223,
					"snd_cwnd":	7297920,
					"snd_wnd":	83378176,
					"rtt":	126677,
					"rttvar":	113,
					"pmtu":	1500,
					"omitted":	false,
					"sender":	true
				}],
			"sum":	{
				"start":	119.000282,
				"end":	120.000667,
				"seconds":	1.000385046005249,
				"bytes":	41943040,
				"bits_per_second":	335415169.728796,
				"retransmits":	2223,
				"omitted":	false,
				"sender":	true
			}
		}],
	"end":	{
		"streams":	[{
				"sender":	{
					"socket":	7,
					"start":	0,
					"end":	120.000667,
					"seconds":	120.000667,
					"bytes":	6188171264,
					"bits_per_second":	412542457.88483822,
					"retransmits":	221105,
					"max_snd_cwnd":	10576192,
					"max_snd_wnd":	87805952,
					"max_rtt":	143084,
					"min_rtt":	70202,
					"mean_rtt":	123725,
					"sender":	true
				},
				"receiver":	{
					"socket":	7,
					"start":	0,
					"end":	120.122733,
					"seconds":	120.000667,
					"bytes":	6093668352,
					"bits_per_second":	405829484.54894048,
					"sender":	true
				}
			}],
		"sum_sent":	{
			"start":	0,
			"end":	120.000667,
			"seconds":	120.000667,
			"bytes":	6188171264,
			"bits_per_second":	412542457.88483822,
			"retransmits":	221105,
			"sender":	true
		},
		"sum_received":	{
			"start":	0,
			"end":	120.122733,
			"seconds":	120.122733,
			"bytes":	6093668352,
			"bits_per_second":	405829484.54894048,
			"sender":	true
		},
		"cpu_utilization_percent":	{
			"host_total":	1.3677833770578407,
			"host_user":	0.016696097263353717,
			"host_system":	1.3510864481084466,
			"remote_total":	3.1196769081148052,
			"remote_user":	0.030482125733007879,
			"remote_system":	3.089196447343876
		},
		"sender_tcp_congestion":	"bbr",
		"receiver_tcp_congestion":	"cubic"
	}
}
